{
  "generated_at": "2026-05-31T17:04:06.600549Z",
  "lookbacks": {
    "30": {
      "lookback_days": 30,
      "corr": 0.8934700957701303,
      "stats": {
        "mean": {
          "btc": -8.600124384943707e-05,
          "eth": -0.00018789384145064393
        },
        "std": {
          "btc": 0.0032860203760513708,
          "eth": 0.004409653316337573
        },
        "min": {
          "btc": -0.020668693538518745,
          "eth": -0.02232136709767152
        },
        "max": {
          "btc": 0.018403612886388032,
          "eth": 0.032926153475484776
        }
      },
      "hedge_table": [
        {
          "target": "BTC",
          "hedge": "ETH",
          "hedge_ratio_units": 0.6658031208974209,
          "target_w": 0.6003110376340682,
          "hedge_w": -0.3996889623659317
        },
        {
          "target": "ETH",
          "hedge": "BTC",
          "hedge_ratio_units": 1.198986287356975,
          "target_w": 0.45475499585853657,
          "hedge_w": -0.5452450041414633
        }
      ],
      "examples": [
        {
          "target": "BTC",
          "hedge": "ETH",
          "target_dollars": 60.031103763406826,
          "hedge_dollars": -39.968896236593174,
          "hedge_units_per_target_unit": -0.6658031208974209
        },
        {
          "target": "ETH",
          "hedge": "BTC",
          "target_dollars": 45.475499585853655,
          "hedge_dollars": -54.524500414146324,
          "hedge_units_per_target_unit": -1.198986287356975
        }
      ]
    },
    "60": {
      "lookback_days": 60,
      "corr": 0.9029655952885569,
      "stats": {
        "mean": {
          "btc": 5.949310839391417e-05,
          "eth": -3.156154289884425e-05
        },
        "std": {
          "btc": 0.0036396897769073147,
          "eth": 0.004912145541301826
        },
        "min": {
          "btc": -0.020668693538518745,
          "eth": -0.02913186092280784
        },
        "max": {
          "btc": 0.022681960554355562,
          "eth": 0.0410922552310693
        }
      },
      "hedge_table": [
        {
          "target": "BTC",
          "hedge": "ETH",
          "hedge_ratio_units": 0.6690588905474063,
          "target_w": 0.5991400337420252,
          "hedge_w": -0.40085996625797493
        },
        {
          "target": "ETH",
          "hedge": "BTC",
          "hedge_ratio_units": 1.2186473833532392,
          "target_w": 0.4507250712768115,
          "hedge_w": -0.5492749287231885
        }
      ],
      "examples": [
        {
          "target": "BTC",
          "hedge": "ETH",
          "target_dollars": 59.914003374202515,
          "hedge_dollars": -40.08599662579749,
          "hedge_units_per_target_unit": -0.6690588905474063
        },
        {
          "target": "ETH",
          "hedge": "BTC",
          "target_dollars": 45.07250712768115,
          "hedge_dollars": -54.92749287231885,
          "hedge_units_per_target_unit": -1.2186473833532392
        }
      ]
    },
    "120": {
      "lookback_days": 120,
      "corr": 0.9050832816767005,
      "stats": {
        "mean": {
          "btc": -8.05966693582419e-06,
          "eth": -3.875125746484124e-05
        },
        "std": {
          "btc": 0.005024191784748777,
          "eth": 0.006574274303552347
        },
        "min": {
          "btc": -0.03612262483146145,
          "eth": -0.04170398539552955
        },
        "max": {
          "btc": 0.0349913262434709,
          "eth": 0.04260060177264258
        }
      },
      "hedge_table": [
        {
          "target": "BTC",
          "hedge": "ETH",
          "hedge_ratio_units": 0.6916827285190161,
          "target_w": 0.5911273923541503,
          "hedge_w": -0.4088726076458497
        },
        {
          "target": "ETH",
          "hedge": "BTC",
          "hedge_ratio_units": 1.1843229749637219,
          "target_w": 0.4578077562072103,
          "hedge_w": -0.5421922437927896
        }
      ],
      "examples": [
        {
          "target": "BTC",
          "hedge": "ETH",
          "target_dollars": 59.112739235415034,
          "hedge_dollars": -40.88726076458497,
          "hedge_units_per_target_unit": -0.6916827285190161
        },
        {
          "target": "ETH",
          "hedge": "BTC",
          "target_dollars": 45.78077562072103,
          "hedge_dollars": -54.21922437927896,
          "hedge_units_per_target_unit": -1.1843229749637219
        }
      ]
    },
    "150": {
      "lookback_days": 150,
      "corr": 0.9009573477987001,
      "stats": {
        "mean": {
          "btc": -3.8709725159066047e-05,
          "eth": -9.077099357890763e-05
        },
        "std": {
          "btc": 0.004853694127191209,
          "eth": 0.006442134388722649
        },
        "min": {
          "btc": -0.03612262483146145,
          "eth": -0.04170398539552955
        },
        "max": {
          "btc": 0.0349913262434709,
          "eth": 0.04377388676562077
        }
      },
      "hedge_table": [
        {
          "target": "BTC",
          "hedge": "ETH",
          "hedge_ratio_units": 0.6788078490749079,
          "target_w": 0.5956607842589258,
          "hedge_w": -0.4043392157410742
        },
        {
          "target": "ETH",
          "hedge": "BTC",
          "hedge_ratio_units": 1.1958084215712896,
          "target_w": 0.4554131363083188,
          "hedge_w": -0.5445868636916813
        }
      ],
      "examples": [
        {
          "target": "BTC",
          "hedge": "ETH",
          "target_dollars": 59.56607842589258,
          "hedge_dollars": -40.433921574107416,
          "hedge_units_per_target_unit": -0.6788078490749079
        },
        {
          "target": "ETH",
          "hedge": "BTC",
          "target_dollars": 45.54131363083188,
          "hedge_dollars": -54.45868636916813,
          "hedge_units_per_target_unit": -1.1958084215712896
        }
      ]
    },
    "180": {
      "lookback_days": 180,
      "corr": 0.899774560735729,
      "stats": {
        "mean": {
          "btc": -4.064480228607356e-05,
          "eth": -7.446833373313314e-05
        },
        "std": {
          "btc": 0.0047856528567472335,
          "eth": 0.0064212142275485405
        },
        "min": {
          "btc": -0.03612262483146145,
          "eth": -0.04988725258205495
        },
        "max": {
          "btc": 0.0349913262434709,
          "eth": 0.04377388676562077
        }
      },
      "hedge_table": [
        {
          "target": "BTC",
          "hedge": "ETH",
          "hedge_ratio_units": 0.6705910353433817,
          "target_w": 0.5985905460066443,
          "hedge_w": -0.40140945399335576
        },
        {
          "target": "ETH",
          "hedge": "BTC",
          "hedge_ratio_units": 1.2072846451527863,
          "target_w": 0.45304532978834766,
          "hedge_w": -0.5469546702116523
        }
      ],
      "examples": [
        {
          "target": "BTC",
          "hedge": "ETH",
          "target_dollars": 59.85905460066443,
          "hedge_dollars": -40.14094539933558,
          "hedge_units_per_target_unit": -0.6705910353433817
        },
        {
          "target": "ETH",
          "hedge": "BTC",
          "target_dollars": 45.304532978834764,
          "hedge_dollars": -54.695467021165236,
          "hedge_units_per_target_unit": -1.2072846451527863
        }
      ]
    }
  },
  "example_notional": 100.0,
  "provider": "cryptocompare"
}