{
  "generated_at": "2026-02-01T02:09:14.606635Z",
  "lookbacks": {
    "30": {
      "lookback_days": 30,
      "corr": 0.8792671983292145,
      "stats": {
        "mean": {
          "btc": -0.00016445880484458727,
          "eth": -0.00027502095869597596
        },
        "std": {
          "btc": 0.004119734525751207,
          "eth": 0.005932281969564134
        },
        "min": {
          "btc": -0.02980180309593028,
          "eth": -0.0369709977803403
        },
        "max": {
          "btc": 0.02131176803153334,
          "eth": 0.04377388676562077
        }
      },
      "hedge_table": [
        {
          "target": "BTC",
          "hedge": "ETH",
          "hedge_ratio_units": 0.6106161933809,
          "target_w": 0.6208803836132216,
          "hedge_w": -0.3791196163867783
        },
        {
          "target": "ETH",
          "hedge": "BTC",
          "hedge_ratio_units": 1.2661157932564733,
          "target_w": 0.44128371682321293,
          "hedge_w": -0.5587162831767871
        }
      ],
      "examples": [
        {
          "target": "BTC",
          "hedge": "ETH",
          "target_dollars": 62.08803836132216,
          "hedge_dollars": -37.91196163867783,
          "hedge_units_per_target_unit": -0.6106161933809
        },
        {
          "target": "ETH",
          "hedge": "BTC",
          "target_dollars": 44.128371682321294,
          "hedge_dollars": -55.87162831767871,
          "hedge_units_per_target_unit": -1.2661157932564733
        }
      ]
    },
    "60": {
      "lookback_days": 60,
      "corr": 0.8876116528826323,
      "stats": {
        "mean": {
          "btc": -0.00010653014602532196,
          "eth": -0.00013032780550435933
        },
        "std": {
          "btc": 0.0042573245807290185,
          "eth": 0.006113826524636269
        },
        "min": {
          "btc": -0.02980180309593028,
          "eth": -0.04988725258205495
        },
        "max": {
          "btc": 0.026004133739085944,
          "eth": 0.04377388676562077
        }
      },
      "hedge_table": [
        {
          "target": "BTC",
          "hedge": "ETH",
          "hedge_ratio_units": 0.6180827821547586,
          "target_w": 0.6180153518896766,
          "hedge_w": -0.38198464811032345
        },
        {
          "target": "ETH",
          "hedge": "BTC",
          "hedge_ratio_units": 1.274674637572693,
          "target_w": 0.43962331292667894,
          "hedge_w": -0.5603766870733211
        }
      ],
      "examples": [
        {
          "target": "BTC",
          "hedge": "ETH",
          "target_dollars": 61.80153518896766,
          "hedge_dollars": -38.198464811032345,
          "hedge_units_per_target_unit": -0.6180827821547586
        },
        {
          "target": "ETH",
          "hedge": "BTC",
          "target_dollars": 43.9623312926679,
          "hedge_dollars": -56.03766870733211,
          "hedge_units_per_target_unit": -1.274674637572693
        }
      ]
    },
    "120": {
      "lookback_days": 120,
      "corr": 0.8724256064668883,
      "stats": {
        "mean": {
          "btc": -0.00014302921924832325,
          "eth": -0.00018573729118665901
        },
        "std": {
          "btc": 0.004743535404809536,
          "eth": 0.007094557372457618
        },
        "min": {
          "btc": -0.03714671634653788,
          "eth": -0.05178573218862892
        },
        "max": {
          "btc": 0.03468753462614105,
          "eth": 0.04377388676562077
        }
      },
      "hedge_table": [
        {
          "target": "BTC",
          "hedge": "ETH",
          "hedge_ratio_units": 0.5833178216873794,
          "target_w": 0.6315851349000015,
          "hedge_w": -0.3684148650999985
        },
        {
          "target": "ETH",
          "hedge": "BTC",
          "hedge_ratio_units": 1.3048228778907982,
          "target_w": 0.4338728192923551,
          "hedge_w": -0.566127180707645
        }
      ],
      "examples": [
        {
          "target": "BTC",
          "hedge": "ETH",
          "target_dollars": 63.158513490000146,
          "hedge_dollars": -36.84148650999985,
          "hedge_units_per_target_unit": -0.5833178216873794
        },
        {
          "target": "ETH",
          "hedge": "BTC",
          "target_dollars": 43.38728192923551,
          "hedge_dollars": -56.6127180707645,
          "hedge_units_per_target_unit": -1.3048228778907982
        }
      ]
    },
    "150": {
      "lookback_days": 150,
      "corr": 0.8664046180704587,
      "stats": {
        "mean": {
          "btc": -8.704532948095304e-05,
          "eth": -0.00014033718039677335
        },
        "std": {
          "btc": 0.004434906228141337,
          "eth": 0.006736205157983861
        },
        "min": {
          "btc": -0.03714671634653788,
          "eth": -0.05178573218862892
        },
        "max": {
          "btc": 0.03468753462614105,
          "eth": 0.04377388676562077
        }
      },
      "hedge_table": [
        {
          "target": "BTC",
          "hedge": "ETH",
          "hedge_ratio_units": 0.5704136300268395,
          "target_w": 0.636774911322509,
          "hedge_w": -0.36322508867749115
        },
        {
          "target": "ETH",
          "hedge": "BTC",
          "hedge_ratio_units": 1.3159870709584849,
          "target_w": 0.43178133960227333,
          "hedge_w": -0.5682186603977265
        }
      ],
      "examples": [
        {
          "target": "BTC",
          "hedge": "ETH",
          "target_dollars": 63.67749113225089,
          "hedge_dollars": -36.322508867749114,
          "hedge_units_per_target_unit": -0.5704136300268395
        },
        {
          "target": "ETH",
          "hedge": "BTC",
          "target_dollars": 43.178133960227335,
          "hedge_dollars": -56.82186603977265,
          "hedge_units_per_target_unit": -1.3159870709584849
        }
      ]
    },
    "180": {
      "lookback_days": 180,
      "corr": 0.8416710819448112,
      "stats": {
        "mean": {
          "btc": -7.772392067214432e-05,
          "eth": -6.889358367901558e-05
        },
        "std": {
          "btc": 0.004309940179130484,
          "eth": 0.006907714129509972
        },
        "min": {
          "btc": -0.03714671634653788,
          "eth": -0.05178573218862892
        },
        "max": {
          "btc": 0.03468753462614105,
          "eth": 0.0757825447476439
        }
      },
      "hedge_table": [
        {
          "target": "BTC",
          "hedge": "ETH",
          "hedge_ratio_units": 0.5251450690741748,
          "target_w": 0.6556753323190696,
          "hedge_w": -0.34432466768093034
        },
        {
          "target": "ETH",
          "hedge": "BTC",
          "hedge_ratio_units": 1.3489800283778133,
          "target_w": 0.4257166889113962,
          "hedge_w": -0.5742833110886039
        }
      ],
      "examples": [
        {
          "target": "BTC",
          "hedge": "ETH",
          "target_dollars": 65.56753323190696,
          "hedge_dollars": -34.432466768093036,
          "hedge_units_per_target_unit": -0.5251450690741748
        },
        {
          "target": "ETH",
          "hedge": "BTC",
          "target_dollars": 42.571668891139616,
          "hedge_dollars": -57.428331108860384,
          "hedge_units_per_target_unit": -1.3489800283778133
        }
      ]
    }
  },
  "example_notional": 100.0,
  "provider": "cryptocompare"
}