{
  "generated_at": "2026-01-24T01:27:23.012859Z",
  "lookbacks": {
    "30": {
      "lookback_days": 30,
      "corr": 0.8838299243145714,
      "stats": {
        "mean": {
          "btc": 3.264026971805853e-05,
          "eth": 1.45708940181784e-05
        },
        "std": {
          "btc": 0.0036972557703822606,
          "eth": 0.005034357595753641
        },
        "min": {
          "btc": -0.02980180309593028,
          "eth": -0.0369709977803403
        },
        "max": {
          "btc": 0.02131176803153334,
          "eth": 0.04377388676562077
        }
      },
      "hedge_table": [
        {
          "target": "BTC",
          "hedge": "ETH",
          "hedge_ratio_units": 0.6490888312075468,
          "target_w": 0.6063954718968955,
          "hedge_w": -0.39360452810310464
        },
        {
          "target": "ETH",
          "hedge": "BTC",
          "hedge_ratio_units": 1.2034644528710523,
          "target_w": 0.45383078392620685,
          "hedge_w": -0.5461692160737933
        }
      ],
      "examples": [
        {
          "target": "BTC",
          "hedge": "ETH",
          "target_dollars": 60.639547189689544,
          "hedge_dollars": -39.36045281031046,
          "hedge_units_per_target_unit": -0.6490888312075468
        },
        {
          "target": "ETH",
          "hedge": "BTC",
          "target_dollars": 45.38307839262068,
          "hedge_dollars": -54.61692160737933,
          "hedge_units_per_target_unit": -1.2034644528710523
        }
      ]
    },
    "60": {
      "lookback_days": 60,
      "corr": 0.8919362570348723,
      "stats": {
        "mean": {
          "btc": 2.19220953123451e-05,
          "eth": 2.491919128726864e-05
        },
        "std": {
          "btc": 0.004352489405830962,
          "eth": 0.006174133287117879
        },
        "min": {
          "btc": -0.03714671634653788,
          "eth": -0.05178573218862892
        },
        "max": {
          "btc": 0.026004133739085944,
          "eth": 0.04377388676562077
        }
      },
      "hedge_table": [
        {
          "target": "BTC",
          "hedge": "ETH",
          "hedge_ratio_units": 0.6287753971105167,
          "target_w": 0.6139581932377061,
          "hedge_w": -0.386041806762294
        },
        {
          "target": "ETH",
          "hedge": "BTC",
          "hedge_ratio_units": 1.2652376194572195,
          "target_w": 0.4414547910605568,
          "hedge_w": -0.5585452089394431
        }
      ],
      "examples": [
        {
          "target": "BTC",
          "hedge": "ETH",
          "target_dollars": 61.39581932377061,
          "hedge_dollars": -38.6041806762294,
          "hedge_units_per_target_unit": -0.6287753971105167
        },
        {
          "target": "ETH",
          "hedge": "BTC",
          "target_dollars": 44.14547910605568,
          "hedge_dollars": -55.85452089394431,
          "hedge_units_per_target_unit": -1.2652376194572195
        }
      ]
    },
    "120": {
      "lookback_days": 120,
      "corr": 0.8706421804532782,
      "stats": {
        "mean": {
          "btc": -5.991453494668972e-05,
          "eth": -7.730274862575966e-05
        },
        "std": {
          "btc": 0.0046441370258506216,
          "eth": 0.006994484188719373
        },
        "min": {
          "btc": -0.03714671634653788,
          "eth": -0.05178573218862892
        },
        "max": {
          "btc": 0.03468753462614105,
          "eth": 0.04377388676562077
        }
      },
      "hedge_table": [
        {
          "target": "BTC",
          "hedge": "ETH",
          "hedge_ratio_units": 0.5780814535304132,
          "target_w": 0.6336808520009184,
          "hedge_w": -0.36631914799908155
        },
        {
          "target": "ETH",
          "hedge": "BTC",
          "hedge_ratio_units": 1.3112647045760293,
          "target_w": 0.43266355343034446,
          "hedge_w": -0.5673364465696557
        }
      ],
      "examples": [
        {
          "target": "BTC",
          "hedge": "ETH",
          "target_dollars": 63.36808520009184,
          "hedge_dollars": -36.63191479990815,
          "hedge_units_per_target_unit": -0.5780814535304132
        },
        {
          "target": "ETH",
          "hedge": "BTC",
          "target_dollars": 43.26635534303445,
          "hedge_dollars": -56.733644656965566,
          "hedge_units_per_target_unit": -1.3112647045760293
        }
      ]
    },
    "150": {
      "lookback_days": 150,
      "corr": 0.862924203927189,
      "stats": {
        "mean": {
          "btc": -5.070079118826977e-05,
          "eth": -9.918237834588275e-05
        },
        "std": {
          "btc": 0.004381027713330801,
          "eth": 0.006696316199814825
        },
        "min": {
          "btc": -0.03714671634653788,
          "eth": -0.05178573218862892
        },
        "max": {
          "btc": 0.03468753462614105,
          "eth": 0.04377388676562077
        }
      },
      "hedge_table": [
        {
          "target": "BTC",
          "hedge": "ETH",
          "hedge_ratio_units": 0.5645633717257076,
          "target_w": 0.6391559575480817,
          "hedge_w": -0.3608440424519182
        },
        {
          "target": "ETH",
          "hedge": "BTC",
          "hedge_ratio_units": 1.3189629703521655,
          "target_w": 0.43122723941044067,
          "hedge_w": -0.5687727605895593
        }
      ],
      "examples": [
        {
          "target": "BTC",
          "hedge": "ETH",
          "target_dollars": 63.91559575480817,
          "hedge_dollars": -36.08440424519182,
          "hedge_units_per_target_unit": -0.5645633717257076
        },
        {
          "target": "ETH",
          "hedge": "BTC",
          "target_dollars": 43.122723941044065,
          "hedge_dollars": -56.87727605895593,
          "hedge_units_per_target_unit": -1.3189629703521655
        }
      ]
    },
    "180": {
      "lookback_days": 180,
      "corr": 0.8397695494949274,
      "stats": {
        "mean": {
          "btc": -5.791052785888496e-05,
          "eth": -3.992905789702738e-05
        },
        "std": {
          "btc": 0.0042366494778339325,
          "eth": 0.006856674943261054
        },
        "min": {
          "btc": -0.03714671634653788,
          "eth": -0.05178573218862892
        },
        "max": {
          "btc": 0.03468753462614105,
          "eth": 0.0757825447476439
        }
      },
      "hedge_table": [
        {
          "target": "BTC",
          "hedge": "ETH",
          "hedge_ratio_units": 0.518882585627782,
          "target_w": 0.6583787380686057,
          "hedge_w": -0.34162126193139436
        },
        {
          "target": "ETH",
          "hedge": "BTC",
          "hedge_ratio_units": 1.3590991792597846,
          "target_w": 0.42389061417662416,
          "hedge_w": -0.5761093858233759
        }
      ],
      "examples": [
        {
          "target": "BTC",
          "hedge": "ETH",
          "target_dollars": 65.83787380686057,
          "hedge_dollars": -34.162126193139436,
          "hedge_units_per_target_unit": -0.518882585627782
        },
        {
          "target": "ETH",
          "hedge": "BTC",
          "target_dollars": 42.38906141766242,
          "hedge_dollars": -57.61093858233759,
          "hedge_units_per_target_unit": -1.3590991792597846
        }
      ]
    }
  },
  "example_notional": 100.0,
  "provider": "cryptocompare"
}