{
  "generated_at": "2026-01-13T01:25:59.282324Z",
  "lookbacks": {
    "30": {
      "lookback_days": 30,
      "corr": 0.8932796723708643,
      "stats": {
        "mean": {
          "btc": 2.2604491006058883e-05,
          "eth": 3.98112341436124e-06
        },
        "std": {
          "btc": 0.0038920082001724725,
          "eth": 0.005027719424542676
        },
        "min": {
          "btc": -0.027310019462305046,
          "eth": -0.033430869773559135
        },
        "max": {
          "btc": 0.023396335129270085,
          "eth": 0.03218906547200184
        }
      },
      "hedge_table": [
        {
          "target": "BTC",
          "hedge": "ETH",
          "hedge_ratio_units": 0.6914967834011584,
          "target_w": 0.5911923745957477,
          "hedge_w": -0.40880762540425225
        },
        {
          "target": "ETH",
          "hedge": "BTC",
          "hedge_ratio_units": 1.1539440127924419,
          "target_w": 0.46426462064980417,
          "hedge_w": -0.5357353793501958
        }
      ],
      "examples": [
        {
          "target": "BTC",
          "hedge": "ETH",
          "target_dollars": 59.11923745957477,
          "hedge_dollars": -40.88076254042522,
          "hedge_units_per_target_unit": -0.6914967834011584
        },
        {
          "target": "ETH",
          "hedge": "BTC",
          "target_dollars": 46.42646206498042,
          "hedge_dollars": -53.57353793501958,
          "hedge_units_per_target_unit": -1.1539440127924419
        }
      ]
    },
    "60": {
      "lookback_days": 60,
      "corr": 0.894012241493184,
      "stats": {
        "mean": {
          "btc": -4.8858275331748454e-05,
          "eth": -5.9398239360960305e-06
        },
        "std": {
          "btc": 0.0048215032785419495,
          "eth": 0.006799937065764816
        },
        "min": {
          "btc": -0.03714671634653788,
          "eth": -0.05178573218862892
        },
        "max": {
          "btc": 0.026004133739085944,
          "eth": 0.04132265866066209
        }
      },
      "hedge_table": [
        {
          "target": "BTC",
          "hedge": "ETH",
          "hedge_ratio_units": 0.6339004187432441,
          "target_w": 0.6120324032777807,
          "hedge_w": -0.38796759672221925
        },
        {
          "target": "ETH",
          "hedge": "BTC",
          "hedge_ratio_units": 1.2608571698442113,
          "target_w": 0.4423101173033885,
          "hedge_w": -0.5576898826966115
        }
      ],
      "examples": [
        {
          "target": "BTC",
          "hedge": "ETH",
          "target_dollars": 61.203240327778076,
          "hedge_dollars": -38.796759672221924,
          "hedge_units_per_target_unit": -0.6339004187432441
        },
        {
          "target": "ETH",
          "hedge": "BTC",
          "target_dollars": 44.23101173033885,
          "hedge_dollars": -55.76898826966114,
          "hedge_units_per_target_unit": -1.2608571698442113
        }
      ]
    },
    "120": {
      "lookback_days": 120,
      "corr": 0.8663422130874976,
      "stats": {
        "mean": {
          "btc": -7.122656531805817e-05,
          "eth": -0.00011448493497663151
        },
        "std": {
          "btc": 0.004536654288905313,
          "eth": 0.006899190100022831
        },
        "min": {
          "btc": -0.03714671634653788,
          "eth": -0.05178573218862892
        },
        "max": {
          "btc": 0.03468753462614105,
          "eth": 0.04368288914132212
        }
      },
      "hedge_table": [
        {
          "target": "BTC",
          "hedge": "ETH",
          "hedge_ratio_units": 0.569674854538377,
          "target_w": 0.6370746126872806,
          "hedge_w": -0.3629253873127194
        },
        {
          "target": "ETH",
          "hedge": "BTC",
          "hedge_ratio_units": 1.3175038782175723,
          "target_w": 0.43149873853463205,
          "hedge_w": -0.568501261465368
        }
      ],
      "examples": [
        {
          "target": "BTC",
          "hedge": "ETH",
          "target_dollars": 63.70746126872806,
          "hedge_dollars": -36.29253873127194,
          "hedge_units_per_target_unit": -0.569674854538377
        },
        {
          "target": "ETH",
          "hedge": "BTC",
          "target_dollars": 43.149873853463205,
          "hedge_dollars": -56.850126146536795,
          "hedge_units_per_target_unit": -1.3175038782175723
        }
      ]
    },
    "150": {
      "lookback_days": 150,
      "corr": 0.8531184523920636,
      "stats": {
        "mean": {
          "btc": -6.094189526310073e-05,
          "eth": -7.624522560767402e-05
        },
        "std": {
          "btc": 0.004346226890172539,
          "eth": 0.006892926536827344
        },
        "min": {
          "btc": -0.03714671634653788,
          "eth": -0.05178573218862892
        },
        "max": {
          "btc": 0.03468753462614105,
          "eth": 0.0757825447476439
        }
      },
      "hedge_table": [
        {
          "target": "BTC",
          "hedge": "ETH",
          "hedge_ratio_units": 0.5379204810146438,
          "target_w": 0.6502286771941872,
          "hedge_w": -0.34977132280581275
        },
        {
          "target": "ETH",
          "hedge": "BTC",
          "hedge_ratio_units": 1.3530087057458897,
          "target_w": 0.42498780287470544,
          "hedge_w": -0.5750121971252945
        }
      ],
      "examples": [
        {
          "target": "BTC",
          "hedge": "ETH",
          "target_dollars": 65.02286771941871,
          "hedge_dollars": -34.97713228058127,
          "hedge_units_per_target_unit": -0.5379204810146438
        },
        {
          "target": "ETH",
          "hedge": "BTC",
          "target_dollars": 42.498780287470545,
          "hedge_dollars": -57.50121971252945,
          "hedge_units_per_target_unit": -1.3530087057458897
        }
      ]
    },
    "180": {
      "lookback_days": 180,
      "corr": 0.8285692714345111,
      "stats": {
        "mean": {
          "btc": -5.142883200020616e-05,
          "eth": 6.097818975096737e-06
        },
        "std": {
          "btc": 0.004176941772524928,
          "eth": 0.006895724949988845
        },
        "min": {
          "btc": -0.03714671634653788,
          "eth": -0.05178573218862892
        },
        "max": {
          "btc": 0.03468753462614105,
          "eth": 0.0757825447476439
        }
      },
      "hedge_table": [
        {
          "target": "BTC",
          "hedge": "ETH",
          "hedge_ratio_units": 0.5018885797193742,
          "target_w": 0.6658283533834771,
          "hedge_w": -0.3341716466165229
        },
        {
          "target": "ETH",
          "hedge": "BTC",
          "hedge_ratio_units": 1.3678873465289465,
          "target_w": 0.42231738831067545,
          "hedge_w": -0.5776826116893246
        }
      ],
      "examples": [
        {
          "target": "BTC",
          "hedge": "ETH",
          "target_dollars": 66.5828353383477,
          "hedge_dollars": -33.417164661652286,
          "hedge_units_per_target_unit": -0.5018885797193742
        },
        {
          "target": "ETH",
          "hedge": "BTC",
          "target_dollars": 42.231738831067545,
          "hedge_dollars": -57.768261168932455,
          "hedge_units_per_target_unit": -1.3678873465289465
        }
      ]
    }
  },
  "example_notional": 100.0,
  "provider": "cryptocompare"
}