{
  "generated_at": "2026-07-09T17:53:04.587620Z",
  "lookbacks": {
    "30": {
      "lookback_days": 30,
      "corr": 0.9045767812329671,
      "stats": {
        "mean": {
          "btc": 0.000466405947759531,
          "eth": 0.0024029154734825997
        },
        "std": {
          "btc": 0.01688080408466783,
          "eth": 0.02345971096138934
        },
        "min": {
          "btc": -0.02781940606821942,
          "eth": -0.03574371340405036
        },
        "max": {
          "btc": 0.033496540202375025,
          "eth": 0.05593861591100735
        }
      },
      "hedge_table": [
        {
          "target": "BTC",
          "hedge": "ETH",
          "hedge_ratio_units": 0.6509024535155152,
          "target_w": 0.6057293075496674,
          "hedge_w": -0.3942706924503326
        },
        {
          "target": "ETH",
          "hedge": "BTC",
          "hedge_ratio_units": 1.2571148698647374,
          "target_w": 0.4430434681686924,
          "hedge_w": -0.5569565318313077
        }
      ],
      "examples": [
        {
          "target": "BTC",
          "hedge": "ETH",
          "target_dollars": 60.572930754966734,
          "hedge_dollars": -39.42706924503326,
          "hedge_units_per_target_unit": -0.6509024535155152
        },
        {
          "target": "ETH",
          "hedge": "BTC",
          "target_dollars": 44.30434681686924,
          "hedge_dollars": -55.695653183130766,
          "hedge_units_per_target_unit": -1.2571148698647374
        }
      ]
    },
    "60": {
      "lookback_days": 60,
      "corr": 0.8826109808470979,
      "stats": {
        "mean": {
          "btc": -0.004505704912787654,
          "eth": -0.004809551650344236
        },
        "std": {
          "btc": 0.01925822761587303,
          "eth": 0.02765928452134174
        },
        "min": {
          "btc": -0.06600964303204149,
          "eth": -0.10658012901637759
        },
        "max": {
          "btc": 0.039313475306052226,
          "eth": 0.07539563557614826
        }
      },
      "hedge_table": [
        {
          "target": "BTC",
          "hedge": "ETH",
          "hedge_ratio_units": 0.6145322794704676,
          "target_w": 0.6193744236120066,
          "hedge_w": -0.3806255763879934
        },
        {
          "target": "ETH",
          "hedge": "BTC",
          "hedge_ratio_units": 1.2676342147285242,
          "target_w": 0.4409882305994919,
          "hedge_w": -0.5590117694005082
        }
      ],
      "examples": [
        {
          "target": "BTC",
          "hedge": "ETH",
          "target_dollars": 61.93744236120066,
          "hedge_dollars": -38.06255763879934,
          "hedge_units_per_target_unit": -0.6145322794704676
        },
        {
          "target": "ETH",
          "hedge": "BTC",
          "target_dollars": 44.09882305994919,
          "hedge_dollars": -55.901176940050824,
          "hedge_units_per_target_unit": -1.2676342147285242
        }
      ]
    },
    "120": {
      "lookback_days": 120,
      "corr": 0.9067736452426794,
      "stats": {
        "mean": {
          "btc": -0.0008222088842185557,
          "eth": -0.0009883226349276613
        },
        "std": {
          "btc": 0.019580884984056083,
          "eth": 0.027791957498855185
        },
        "min": {
          "btc": -0.06600964303204149,
          "eth": -0.10658012901637759
        },
        "max": {
          "btc": 0.05310982988222279,
          "eth": 0.08197502974334592
        }
      },
      "hedge_table": [
        {
          "target": "BTC",
          "hedge": "ETH",
          "hedge_ratio_units": 0.6388693727241619,
          "target_w": 0.610176757612951,
          "hedge_w": -0.38982324238704896
        },
        {
          "target": "ETH",
          "hedge": "BTC",
          "hedge_ratio_units": 1.287021226578201,
          "target_w": 0.437249986304754,
          "hedge_w": -0.5627500136952461
        }
      ],
      "examples": [
        {
          "target": "BTC",
          "hedge": "ETH",
          "target_dollars": 61.017675761295095,
          "hedge_dollars": -38.9823242387049,
          "hedge_units_per_target_unit": -0.6388693727241619
        },
        {
          "target": "ETH",
          "hedge": "BTC",
          "target_dollars": 43.7249986304754,
          "hedge_dollars": -56.27500136952462,
          "hedge_units_per_target_unit": -1.287021226578201
        }
      ]
    },
    "150": {
      "lookback_days": 150,
      "corr": 0.9124774200803042,
      "stats": {
        "mean": {
          "btc": -0.0005714653056753139,
          "eth": -0.0008276856456593721
        },
        "std": {
          "btc": 0.021316416144330576,
          "eth": 0.029773897191940034
        },
        "min": {
          "btc": -0.06600964303204149,
          "eth": -0.10658012901637759
        },
        "max": {
          "btc": 0.06364240856302605,
          "eth": 0.10814835249280486
        }
      },
      "hedge_table": [
        {
          "target": "BTC",
          "hedge": "ETH",
          "hedge_ratio_units": 0.6532819094304637,
          "target_w": 0.6048575226619932,
          "hedge_w": -0.3951424773380069
        },
        {
          "target": "ETH",
          "hedge": "BTC",
          "hedge_ratio_units": 1.274511095649791,
          "target_w": 0.4396549227271702,
          "hedge_w": -0.5603450772728299
        }
      ],
      "examples": [
        {
          "target": "BTC",
          "hedge": "ETH",
          "target_dollars": 60.48575226619932,
          "hedge_dollars": -39.51424773380069,
          "hedge_units_per_target_unit": -0.6532819094304637
        },
        {
          "target": "ETH",
          "hedge": "BTC",
          "target_dollars": 43.96549227271702,
          "hedge_dollars": -56.03450772728299,
          "hedge_units_per_target_unit": -1.274511095649791
        }
      ]
    },
    "180": {
      "lookback_days": 180,
      "corr": 0.9259070460358716,
      "stats": {
        "mean": {
          "btc": -0.0017485743586495414,
          "eth": -0.0025795273576448537
        },
        "std": {
          "btc": 0.025897943258929402,
          "eth": 0.03469754503738441
        },
        "min": {
          "btc": -0.14101788206180332,
          "eth": -0.15404474276243008
        },
        "max": {
          "btc": 0.12203362664914996,
          "eth": 0.13191787874605776
        }
      },
      "hedge_table": [
        {
          "target": "BTC",
          "hedge": "ETH",
          "hedge_ratio_units": 0.6910888973685022,
          "target_w": 0.5913349685850913,
          "hedge_w": -0.4086650314149086
        },
        {
          "target": "ETH",
          "hedge": "BTC",
          "hedge_ratio_units": 1.2405116927261854,
          "target_w": 0.44632661514175404,
          "hedge_w": -0.553673384858246
        }
      ],
      "examples": [
        {
          "target": "BTC",
          "hedge": "ETH",
          "target_dollars": 59.133496858509126,
          "hedge_dollars": -40.86650314149086,
          "hedge_units_per_target_unit": -0.6910888973685022
        },
        {
          "target": "ETH",
          "hedge": "BTC",
          "target_dollars": 44.6326615141754,
          "hedge_dollars": -55.367338485824604,
          "hedge_units_per_target_unit": -1.2405116927261854
        }
      ]
    }
  },
  "example_notional": 100.0,
  "provider": "coingecko"
}