{
  "generated_at": "2026-06-24T17:51:56.161808Z",
  "lookbacks": {
    "30": {
      "lookback_days": 30,
      "corr": 0.8702725752688661,
      "stats": {
        "mean": {
          "btc": -0.006958592680350898,
          "eth": -0.00761248263037059
        },
        "std": {
          "btc": 0.02255304070469504,
          "eth": 0.03313901458438091
        },
        "min": {
          "btc": -0.06600964303204149,
          "eth": -0.10658012901637759
        },
        "max": {
          "btc": 0.039313475306052226,
          "eth": 0.07539563557614826
        }
      },
      "hedge_table": [
        {
          "target": "BTC",
          "hedge": "ETH",
          "hedge_ratio_units": 0.5922714679473075,
          "target_w": 0.6280336111838768,
          "hedge_w": -0.37196638881612326
        },
        {
          "target": "ETH",
          "hedge": "BTC",
          "hedge_ratio_units": 1.2787621829733076,
          "target_w": 0.43883473557350744,
          "hedge_w": -0.5611652644264926
        }
      ],
      "examples": [
        {
          "target": "BTC",
          "hedge": "ETH",
          "target_dollars": 62.80336111838768,
          "hedge_dollars": -37.19663888161232,
          "hedge_units_per_target_unit": -0.5922714679473075
        },
        {
          "target": "ETH",
          "hedge": "BTC",
          "target_dollars": 43.88347355735075,
          "hedge_dollars": -56.11652644264926,
          "hedge_units_per_target_unit": -1.2787621829733076
        }
      ]
    },
    "60": {
      "lookback_days": 60,
      "corr": 0.8691749974776347,
      "stats": {
        "mean": {
          "btc": -0.003449735315219935,
          "eth": -0.005267541644297883
        },
        "std": {
          "btc": 0.018740394081632875,
          "eth": 0.02578425108201889
        },
        "min": {
          "btc": -0.06600964303204149,
          "eth": -0.10658012901637759
        },
        "max": {
          "btc": 0.039313475306052226,
          "eth": 0.07539563557614826
        }
      },
      "hedge_table": [
        {
          "target": "BTC",
          "hedge": "ETH",
          "hedge_ratio_units": 0.6317298853016654,
          "target_w": 0.6128465311616974,
          "hedge_w": -0.38715346883830265
        },
        {
          "target": "ETH",
          "hedge": "BTC",
          "hedge_ratio_units": 1.1958674012699186,
          "target_w": 0.4554009041810439,
          "hedge_w": -0.5445990958189562
        }
      ],
      "examples": [
        {
          "target": "BTC",
          "hedge": "ETH",
          "target_dollars": 61.28465311616974,
          "hedge_dollars": -38.715346883830264,
          "hedge_units_per_target_unit": -0.6317298853016654
        },
        {
          "target": "ETH",
          "hedge": "BTC",
          "target_dollars": 45.54009041810439,
          "hedge_dollars": -54.459909581895616,
          "hedge_units_per_target_unit": -1.1958674012699186
        }
      ]
    },
    "120": {
      "lookback_days": 120,
      "corr": 0.9167920336085025,
      "stats": {
        "mean": {
          "btc": 4.9618397761306726e-05,
          "eth": -0.0004417715306999035
        },
        "std": {
          "btc": 0.021957577326323807,
          "eth": 0.030423366021651986
        },
        "min": {
          "btc": -0.06600964303204149,
          "eth": -0.10658012901637759
        },
        "max": {
          "btc": 0.06364240856302605,
          "eth": 0.10814835249280486
        }
      },
      "hedge_table": [
        {
          "target": "BTC",
          "hedge": "ETH",
          "hedge_ratio_units": 0.6616799717621535,
          "target_w": 0.6018005975841033,
          "hedge_w": -0.39819940241589663
        },
        {
          "target": "ETH",
          "hedge": "BTC",
          "hedge_ratio_units": 1.2702630709066423,
          "target_w": 0.44047758729592706,
          "hedge_w": -0.5595224127040729
        }
      ],
      "examples": [
        {
          "target": "BTC",
          "hedge": "ETH",
          "target_dollars": 60.18005975841033,
          "hedge_dollars": -39.81994024158966,
          "hedge_units_per_target_unit": -0.6616799717621535
        },
        {
          "target": "ETH",
          "hedge": "BTC",
          "target_dollars": 44.04775872959271,
          "hedge_dollars": -55.952241270407285,
          "hedge_units_per_target_unit": -1.2702630709066423
        }
      ]
    },
    "150": {
      "lookback_days": 150,
      "corr": 0.925161870351905,
      "stats": {
        "mean": {
          "btc": -0.0017966284809925299,
          "eth": -0.0028739202656600923
        },
        "std": {
          "btc": 0.027158736037355406,
          "eth": 0.0358246858731251
        },
        "min": {
          "btc": -0.14101788206180332,
          "eth": -0.15404474276243008
        },
        "max": {
          "btc": 0.12203362664914996,
          "eth": 0.13191787874605776
        }
      },
      "hedge_table": [
        {
          "target": "BTC",
          "hedge": "ETH",
          "hedge_ratio_units": 0.7013662902083548,
          "target_w": 0.5877629089956501,
          "hedge_w": -0.41223709100434996
        },
        {
          "target": "ETH",
          "hedge": "BTC",
          "hedge_ratio_units": 1.2203673006565023,
          "target_w": 0.4503759354158779,
          "hedge_w": -0.5496240645841222
        }
      ],
      "examples": [
        {
          "target": "BTC",
          "hedge": "ETH",
          "target_dollars": 58.77629089956501,
          "hedge_dollars": -41.223709100434995,
          "hedge_units_per_target_unit": -0.7013662902083548
        },
        {
          "target": "ETH",
          "hedge": "BTC",
          "target_dollars": 45.03759354158779,
          "hedge_dollars": -54.96240645841222,
          "hedge_units_per_target_unit": -1.2203673006565023
        }
      ]
    },
    "180": {
      "lookback_days": 180,
      "corr": 0.9234350260207457,
      "stats": {
        "mean": {
          "btc": -0.0015203635832274816,
          "eth": -0.00255283454529673
        },
        "std": {
          "btc": 0.025720137135939555,
          "eth": 0.034411276720392396
        },
        "min": {
          "btc": -0.14101788206180332,
          "eth": -0.15404474276243008
        },
        "max": {
          "btc": 0.12203362664914996,
          "eth": 0.13191787874605776
        }
      },
      "hedge_table": [
        {
          "target": "BTC",
          "hedge": "ETH",
          "hedge_ratio_units": 0.6902061698660699,
          "target_w": 0.5916437993355798,
          "hedge_w": -0.40835620066442013
        },
        {
          "target": "ETH",
          "hedge": "BTC",
          "hedge_ratio_units": 1.2354746806268082,
          "target_w": 0.44733228636685274,
          "hedge_w": -0.5526677136331473
        }
      ],
      "examples": [
        {
          "target": "BTC",
          "hedge": "ETH",
          "target_dollars": 59.164379933557974,
          "hedge_dollars": -40.83562006644201,
          "hedge_units_per_target_unit": -0.6902061698660699
        },
        {
          "target": "ETH",
          "hedge": "BTC",
          "target_dollars": 44.733228636685276,
          "hedge_dollars": -55.266771363314724,
          "hedge_units_per_target_unit": -1.2354746806268082
        }
      ]
    }
  },
  "example_notional": 100.0,
  "provider": "coingecko"
}