{
  "generated_at": "2026-04-13T17:02:11.159246Z",
  "lookbacks": {
    "30": {
      "lookback_days": 30,
      "corr": 0.915191051816657,
      "stats": {
        "mean": {
          "btc": 3.9929984569208934e-05,
          "eth": 0.00011441741805490311
        },
        "std": {
          "btc": 0.004419164139530081,
          "eth": 0.006057915418697695
        },
        "min": {
          "btc": -0.019619547762256384,
          "eth": -0.030096491146448856
        },
        "max": {
          "btc": 0.022874680739771724,
          "eth": 0.041842617860856635
        }
      },
      "hedge_table": [
        {
          "target": "BTC",
          "hedge": "ETH",
          "hedge_ratio_units": 0.6676190071132473,
          "target_w": 0.5996573532290583,
          "hedge_w": -0.4003426467709417
        },
        {
          "target": "ETH",
          "hedge": "BTC",
          "hedge_ratio_units": 1.2545698256059425,
          "target_w": 0.44354359250383296,
          "hedge_w": -0.556456407496167
        }
      ],
      "examples": [
        {
          "target": "BTC",
          "hedge": "ETH",
          "target_dollars": 59.965735322905836,
          "hedge_dollars": -40.03426467709417,
          "hedge_units_per_target_unit": -0.6676190071132473
        },
        {
          "target": "ETH",
          "hedge": "BTC",
          "target_dollars": 44.3543592503833,
          "hedge_dollars": -55.645640749616696,
          "hedge_units_per_target_unit": -1.2545698256059425
        }
      ]
    },
    "60": {
      "lookback_days": 60,
      "corr": 0.9165337699771703,
      "stats": {
        "mean": {
          "btc": 8.062101568608463e-05,
          "eth": 0.0001257712887738534
        },
        "std": {
          "btc": 0.005138927749041798,
          "eth": 0.006650880316151649
        },
        "min": {
          "btc": -0.03612262483146145,
          "eth": -0.04038541666666662
        },
        "max": {
          "btc": 0.029223763595974894,
          "eth": 0.041842617860856635
        }
      },
      "hedge_table": [
        {
          "target": "BTC",
          "hedge": "ETH",
          "hedge_ratio_units": 0.708177053198709,
          "target_w": 0.5854194084432955,
          "hedge_w": -0.41458059155670446
        },
        {
          "target": "ETH",
          "hedge": "BTC",
          "hedge_ratio_units": 1.1861922773609799,
          "target_w": 0.45741630795948607,
          "hedge_w": -0.542583692040514
        }
      ],
      "examples": [
        {
          "target": "BTC",
          "hedge": "ETH",
          "target_dollars": 58.54194084432955,
          "hedge_dollars": -41.45805915567045,
          "hedge_units_per_target_unit": -0.708177053198709
        },
        {
          "target": "ETH",
          "hedge": "BTC",
          "target_dollars": 45.74163079594861,
          "hedge_dollars": -54.258369204051405,
          "hedge_units_per_target_unit": -1.1861922773609799
        }
      ]
    },
    "120": {
      "lookback_days": 120,
      "corr": 0.9024767269597123,
      "stats": {
        "mean": {
          "btc": -5.894572095915322e-05,
          "eth": -9.144813321228572e-05
        },
        "std": {
          "btc": 0.005222301242349857,
          "eth": 0.006910115481274885
        },
        "min": {
          "btc": -0.03612262483146145,
          "eth": -0.04170398539552955
        },
        "max": {
          "btc": 0.0349913262434709,
          "eth": 0.04377388676562077
        }
      },
      "hedge_table": [
        {
          "target": "BTC",
          "hedge": "ETH",
          "hedge_ratio_units": 0.682044365997196,
          "target_w": 0.5945146395750105,
          "hedge_w": -0.4054853604249895
        },
        {
          "target": "ETH",
          "hedge": "BTC",
          "hedge_ratio_units": 1.1941514120025198,
          "target_w": 0.455757061490728,
          "hedge_w": -0.5442429385092721
        }
      ],
      "examples": [
        {
          "target": "BTC",
          "hedge": "ETH",
          "target_dollars": 59.45146395750105,
          "hedge_dollars": -40.54853604249895,
          "hedge_units_per_target_unit": -0.682044365997196
        },
        {
          "target": "ETH",
          "hedge": "BTC",
          "target_dollars": 45.5757061490728,
          "hedge_dollars": -54.42429385092721,
          "hedge_units_per_target_unit": -1.1941514120025198
        }
      ]
    },
    "150": {
      "lookback_days": 150,
      "corr": 0.9008624555393934,
      "stats": {
        "mean": {
          "btc": -6.225872286696084e-05,
          "eth": -7.24087758980934e-05
        },
        "std": {
          "btc": 0.005280365295524072,
          "eth": 0.007149789087519584
        },
        "min": {
          "btc": -0.03714671634653788,
          "eth": -0.05178573218862892
        },
        "max": {
          "btc": 0.0349913262434709,
          "eth": 0.04377388676562077
        }
      },
      "hedge_table": [
        {
          "target": "BTC",
          "hedge": "ETH",
          "hedge_ratio_units": 0.6653179258915839,
          "target_w": 0.6004859399232231,
          "hedge_w": -0.39951406007677703
        },
        {
          "target": "ETH",
          "hedge": "BTC",
          "hedge_ratio_units": 1.2197975317032284,
          "target_w": 0.45049153615046594,
          "hedge_w": -0.549508463849534
        }
      ],
      "examples": [
        {
          "target": "BTC",
          "hedge": "ETH",
          "target_dollars": 60.04859399232231,
          "hedge_dollars": -39.951406007677704,
          "hedge_units_per_target_unit": -0.6653179258915839
        },
        {
          "target": "ETH",
          "hedge": "BTC",
          "target_dollars": 45.04915361504659,
          "hedge_dollars": -54.9508463849534,
          "hedge_units_per_target_unit": -1.2197975317032284
        }
      ]
    },
    "180": {
      "lookback_days": 180,
      "corr": 0.8954288852882649,
      "stats": {
        "mean": {
          "btc": -8.693042096194126e-05,
          "eth": -0.00011040984899560847
        },
        "std": {
          "btc": 0.005212971411537814,
          "eth": 0.0071924291623135204
        },
        "min": {
          "btc": -0.03714671634653788,
          "eth": -0.05178573218862892
        },
        "max": {
          "btc": 0.0349913262434709,
          "eth": 0.04377388676562077
        }
      },
      "hedge_table": [
        {
          "target": "BTC",
          "hedge": "ETH",
          "hedge_ratio_units": 0.6489942514180336,
          "target_w": 0.6064302523432459,
          "hedge_w": -0.39356974765675407
        },
        {
          "target": "ETH",
          "hedge": "BTC",
          "hedge_ratio_units": 1.2354391226989923,
          "target_w": 0.44733940184093873,
          "hedge_w": -0.5526605981590613
        }
      ],
      "examples": [
        {
          "target": "BTC",
          "hedge": "ETH",
          "target_dollars": 60.64302523432459,
          "hedge_dollars": -39.3569747656754,
          "hedge_units_per_target_unit": -0.6489942514180336
        },
        {
          "target": "ETH",
          "hedge": "BTC",
          "target_dollars": 44.733940184093875,
          "hedge_dollars": -55.26605981590613,
          "hedge_units_per_target_unit": -1.2354391226989923
        }
      ]
    }
  },
  "example_notional": 100.0,
  "provider": "cryptocompare"
}