{
  "generated_at": "2026-03-06T08:36:05.589739Z",
  "lookbacks": {
    "30": {
      "lookback_days": 30,
      "corr": 0.9094318672741707,
      "stats": {
        "mean": {
          "btc": -7.176601072803004e-05,
          "eth": -7.875783681001511e-05
        },
        "std": {
          "btc": 0.006847493604614078,
          "eth": 0.00838611449507194
        },
        "min": {
          "btc": -0.03612262483146145,
          "eth": -0.04170398539552955
        },
        "max": {
          "btc": 0.0349913262434709,
          "eth": 0.035902309432658264
        }
      },
      "hedge_table": [
        {
          "target": "BTC",
          "hedge": "ETH",
          "hedge_ratio_units": 0.742576183362579,
          "target_w": 0.5738630021158331,
          "hedge_w": -0.4261369978841669
        },
        {
          "target": "ETH",
          "hedge": "BTC",
          "hedge_ratio_units": 1.113779757207688,
          "target_w": 0.47308618440031064,
          "hedge_w": -0.5269138155996894
        }
      ],
      "examples": [
        {
          "target": "BTC",
          "hedge": "ETH",
          "target_dollars": 57.386300211583304,
          "hedge_dollars": -42.613699788416696,
          "hedge_units_per_target_unit": -0.742576183362579
        },
        {
          "target": "ETH",
          "hedge": "BTC",
          "target_dollars": 47.30861844003106,
          "hedge_dollars": -52.69138155996894,
          "hedge_units_per_target_unit": -1.113779757207688
        }
      ]
    },
    "60": {
      "lookback_days": 60,
      "corr": 0.8995856168511437,
      "stats": {
        "mean": {
          "btc": -0.00016751911970257007,
          "eth": -0.00026114959165581843
        },
        "std": {
          "btc": 0.0059281160148648825,
          "eth": 0.007852514586185362
        },
        "min": {
          "btc": -0.03612262483146145,
          "eth": -0.04170398539552955
        },
        "max": {
          "btc": 0.0349913262434709,
          "eth": 0.04377388676562077
        }
      },
      "hedge_table": [
        {
          "target": "BTC",
          "hedge": "ETH",
          "hedge_ratio_units": 0.6791261376806929,
          "target_w": 0.5955478731224197,
          "hedge_w": -0.40445212687758025
        },
        {
          "target": "ETH",
          "hedge": "BTC",
          "hedge_ratio_units": 1.191611156079436,
          "target_w": 0.456285321064388,
          "hedge_w": -0.543714678935612
        }
      ],
      "examples": [
        {
          "target": "BTC",
          "hedge": "ETH",
          "target_dollars": 59.55478731224198,
          "hedge_dollars": -40.44521268775802,
          "hedge_units_per_target_unit": -0.6791261376806929
        },
        {
          "target": "ETH",
          "hedge": "BTC",
          "target_dollars": 45.628532106438804,
          "hedge_dollars": -54.371467893561196,
          "hedge_units_per_target_unit": -1.191611156079436
        }
      ]
    },
    "120": {
      "lookback_days": 120,
      "corr": 0.8953136529589939,
      "stats": {
        "mean": {
          "btc": -0.00011378647829267506,
          "eth": -0.00014075538694875074
        },
        "std": {
          "btc": 0.005461811946354804,
          "eth": 0.0074968504719333294
        },
        "min": {
          "btc": -0.03714671634653788,
          "eth": -0.05178573218862892
        },
        "max": {
          "btc": 0.0349913262434709,
          "eth": 0.04377388676562077
        }
      },
      "hedge_table": [
        {
          "target": "BTC",
          "hedge": "ETH",
          "hedge_ratio_units": 0.6522785566783383,
          "target_w": 0.6052248248082043,
          "hedge_w": -0.39477517519179567
        },
        {
          "target": "ETH",
          "hedge": "BTC",
          "hedge_ratio_units": 1.228902175255883,
          "target_w": 0.44865136348354884,
          "hedge_w": -0.551348636516451
        }
      ],
      "examples": [
        {
          "target": "BTC",
          "hedge": "ETH",
          "target_dollars": 60.52248248082043,
          "hedge_dollars": -39.477517519179564,
          "hedge_units_per_target_unit": -0.6522785566783383
        },
        {
          "target": "ETH",
          "hedge": "BTC",
          "target_dollars": 44.86513634835488,
          "hedge_dollars": -55.134863651645105,
          "hedge_units_per_target_unit": -1.228902175255883
        }
      ]
    },
    "150": {
      "lookback_days": 150,
      "corr": 0.8835510704095426,
      "stats": {
        "mean": {
          "btc": -0.00014113803064758678,
          "eth": -0.000196515855077595
        },
        "std": {
          "btc": 0.005345778584552808,
          "eth": 0.007601133396840749
        },
        "min": {
          "btc": -0.03714671634653788,
          "eth": -0.05178573218862892
        },
        "max": {
          "btc": 0.0349913262434709,
          "eth": 0.04377388676562077
        }
      },
      "hedge_table": [
        {
          "target": "BTC",
          "hedge": "ETH",
          "hedge_ratio_units": 0.621390014351961,
          "target_w": 0.6167547543455676,
          "hedge_w": -0.3832452456544324
        },
        {
          "target": "ETH",
          "hedge": "BTC",
          "hedge_ratio_units": 1.2563164453744733,
          "target_w": 0.44320024438506156,
          "hedge_w": -0.5567997556149384
        }
      ],
      "examples": [
        {
          "target": "BTC",
          "hedge": "ETH",
          "target_dollars": 61.67547543455676,
          "hedge_dollars": -38.32452456544324,
          "hedge_units_per_target_unit": -0.621390014351961
        },
        {
          "target": "ETH",
          "hedge": "BTC",
          "target_dollars": 44.32002443850615,
          "hedge_dollars": -55.67997556149385,
          "hedge_units_per_target_unit": -1.2563164453744733
        }
      ]
    },
    "180": {
      "lookback_days": 180,
      "corr": 0.8767839011537946,
      "stats": {
        "mean": {
          "btc": -9.119148235552136e-05,
          "eth": -0.00014203127459882494
        },
        "std": {
          "btc": 0.005013341588460015,
          "eth": 0.007212491556681244
        },
        "min": {
          "btc": -0.03714671634653788,
          "eth": -0.05178573218862892
        },
        "max": {
          "btc": 0.0349913262434709,
          "eth": 0.04377388676562077
        }
      },
      "hedge_table": [
        {
          "target": "BTC",
          "hedge": "ETH",
          "hedge_ratio_units": 0.6094450386807985,
          "target_w": 0.6213321834336526,
          "hedge_w": -0.37866781656634735
        },
        {
          "target": "ETH",
          "hedge": "BTC",
          "hedge_ratio_units": 1.2613934982332438,
          "target_w": 0.4422052158464543,
          "hedge_w": -0.5577947841535457
        }
      ],
      "examples": [
        {
          "target": "BTC",
          "hedge": "ETH",
          "target_dollars": 62.13321834336526,
          "hedge_dollars": -37.866781656634735,
          "hedge_units_per_target_unit": -0.6094450386807985
        },
        {
          "target": "ETH",
          "hedge": "BTC",
          "target_dollars": 44.220521584645425,
          "hedge_dollars": -55.77947841535457,
          "hedge_units_per_target_unit": -1.2613934982332438
        }
      ]
    }
  },
  "example_notional": 100.0,
  "provider": "cryptocompare"
}