{
  "generated_at": "2026-05-03T09:20:26.745224Z",
  "lookbacks": {
    "30": {
      "lookback_days": 30,
      "corr": 0.9069894409147217,
      "stats": {
        "mean": {
          "btc": 0.00022853557663472834,
          "eth": 0.0001720766322625795
        },
        "std": {
          "btc": 0.0038406390379198546,
          "eth": 0.0051928157420934274
        },
        "min": {
          "btc": -0.019619547762256384,
          "eth": -0.02913186092280784
        },
        "max": {
          "btc": 0.022681960554355562,
          "eth": 0.0410922552310693
        }
      },
      "hedge_table": [
        {
          "target": "BTC",
          "hedge": "ETH",
          "hedge_ratio_units": 0.6708150696588902,
          "target_w": 0.5985102828909472,
          "hedge_w": -0.4014897171090528
        },
        {
          "target": "ETH",
          "hedge": "BTC",
          "hedge_ratio_units": 1.22631390250238,
          "target_w": 0.4491729575402636,
          "hedge_w": -0.5508270424597365
        }
      ],
      "examples": [
        {
          "target": "BTC",
          "hedge": "ETH",
          "target_dollars": 59.85102828909472,
          "hedge_dollars": -40.14897171090528,
          "hedge_units_per_target_unit": -0.6708150696588902
        },
        {
          "target": "ETH",
          "hedge": "BTC",
          "target_dollars": 44.91729575402636,
          "hedge_dollars": -55.082704245973645,
          "hedge_units_per_target_unit": -1.22631390250238
        }
      ]
    },
    "60": {
      "lookback_days": 60,
      "corr": 0.9086222361863285,
      "stats": {
        "mean": {
          "btc": 7.519516720685348e-05,
          "eth": 9.203000420090527e-05
        },
        "std": {
          "btc": 0.00437813418193286,
          "eth": 0.005826505924793251
        },
        "min": {
          "btc": -0.019619547762256384,
          "eth": -0.030096491146448856
        },
        "max": {
          "btc": 0.02490195224471292,
          "eth": 0.041842617860856635
        }
      },
      "hedge_table": [
        {
          "target": "BTC",
          "hedge": "ETH",
          "hedge_ratio_units": 0.6827539733176872,
          "target_w": 0.5942639362951069,
          "hedge_w": -0.4057360637048931
        },
        {
          "target": "ETH",
          "hedge": "BTC",
          "hedge_ratio_units": 1.2092121032711927,
          "target_w": 0.4526500640292956,
          "hedge_w": -0.5473499359707046
        }
      ],
      "examples": [
        {
          "target": "BTC",
          "hedge": "ETH",
          "target_dollars": 59.426393629510684,
          "hedge_dollars": -40.573606370489316,
          "hedge_units_per_target_unit": -0.6827539733176872
        },
        {
          "target": "ETH",
          "hedge": "BTC",
          "target_dollars": 45.26500640292956,
          "hedge_dollars": -54.734993597070456,
          "hedge_units_per_target_unit": -1.2092121032711927
        }
      ]
    },
    "120": {
      "lookback_days": 120,
      "corr": 0.9018487833905393,
      "stats": {
        "mean": {
          "btc": -3.349014864019652e-05,
          "eth": -7.857541334112505e-05
        },
        "std": {
          "btc": 0.00516612254550793,
          "eth": 0.006846644009855215
        },
        "min": {
          "btc": -0.03612262483146145,
          "eth": -0.04170398539552955
        },
        "max": {
          "btc": 0.0349913262434709,
          "eth": 0.04377388676562077
        }
      },
      "hedge_table": [
        {
          "target": "BTC",
          "hedge": "ETH",
          "hedge_ratio_units": 0.6804883276838117,
          "target_w": 0.5950651269195562,
          "hedge_w": -0.40493487308044396
        },
        {
          "target": "ETH",
          "hedge": "BTC",
          "hedge_ratio_units": 1.1952170155090587,
          "target_w": 0.45553582763575,
          "hedge_w": -0.54446417236425
        }
      ],
      "examples": [
        {
          "target": "BTC",
          "hedge": "ETH",
          "target_dollars": 59.50651269195561,
          "hedge_dollars": -40.493487308044394,
          "hedge_units_per_target_unit": -0.6804883276838117
        },
        {
          "target": "ETH",
          "hedge": "BTC",
          "target_dollars": 45.553582763575,
          "hedge_dollars": -54.446417236425006,
          "hedge_units_per_target_unit": -1.1952170155090587
        }
      ]
    },
    "150": {
      "lookback_days": 150,
      "corr": 0.901181822881668,
      "stats": {
        "mean": {
          "btc": -3.5687849037694635e-05,
          "eth": -6.706767339453161e-05
        },
        "std": {
          "btc": 0.005013697184686247,
          "eth": 0.0067349082441676015
        },
        "min": {
          "btc": -0.03612262483146145,
          "eth": -0.04988725258205495
        },
        "max": {
          "btc": 0.0349913262434709,
          "eth": 0.04377388676562077
        }
      },
      "hedge_table": [
        {
          "target": "BTC",
          "hedge": "ETH",
          "hedge_ratio_units": 0.670870723767473,
          "target_w": 0.5984903474430409,
          "hedge_w": -0.4015096525569592
        },
        {
          "target": "ETH",
          "hedge": "BTC",
          "hedge_ratio_units": 1.2105591272959078,
          "target_w": 0.45237423765419094,
          "hedge_w": -0.547625762345809
        }
      ],
      "examples": [
        {
          "target": "BTC",
          "hedge": "ETH",
          "target_dollars": 59.849034744304085,
          "hedge_dollars": -40.15096525569592,
          "hedge_units_per_target_unit": -0.670870723767473
        },
        {
          "target": "ETH",
          "hedge": "BTC",
          "target_dollars": 45.237423765419095,
          "hedge_dollars": -54.7625762345809,
          "hedge_units_per_target_unit": -1.2105591272959078
        }
      ]
    },
    "180": {
      "lookback_days": 180,
      "corr": 0.8955464973394375,
      "stats": {
        "mean": {
          "btc": -5.183084250803153e-05,
          "eth": -7.069877044040744e-05
        },
        "std": {
          "btc": 0.005116832031557643,
          "eth": 0.007011990519072496
        },
        "min": {
          "btc": -0.03714671634653788,
          "eth": -0.05178573218862892
        },
        "max": {
          "btc": 0.0349913262434709,
          "eth": 0.04377388676562077
        }
      },
      "hedge_table": [
        {
          "target": "BTC",
          "hedge": "ETH",
          "hedge_ratio_units": 0.6535035937187508,
          "target_w": 0.6047764297572449,
          "hedge_w": -0.3952235702427552
        },
        {
          "target": "ETH",
          "hedge": "BTC",
          "hedge_ratio_units": 1.2272366006943405,
          "target_w": 0.44898687444712887,
          "hedge_w": -0.5510131255528711
        }
      ],
      "examples": [
        {
          "target": "BTC",
          "hedge": "ETH",
          "target_dollars": 60.477642975724486,
          "hedge_dollars": -39.522357024275514,
          "hedge_units_per_target_unit": -0.6535035937187508
        },
        {
          "target": "ETH",
          "hedge": "BTC",
          "target_dollars": 44.898687444712884,
          "hedge_dollars": -55.10131255528711,
          "hedge_units_per_target_unit": -1.2272366006943405
        }
      ]
    }
  },
  "example_notional": 100.0,
  "provider": "cryptocompare"
}