{
  "generated_at": "2026-05-29T18:30:04.937717Z",
  "lookbacks": {
    "30": {
      "lookback_days": 30,
      "corr": 0.8953145262947397,
      "stats": {
        "mean": {
          "btc": -2.853650267363402e-05,
          "eth": -0.00012813288101475582
        },
        "std": {
          "btc": 0.0033648149037328713,
          "eth": 0.0044770923431259185
        },
        "min": {
          "btc": -0.020668693538518745,
          "eth": -0.02232136709767152
        },
        "max": {
          "btc": 0.018403612886388032,
          "eth": 0.032926153475484776
        }
      },
      "hedge_table": [
        {
          "target": "BTC",
          "hedge": "ETH",
          "hedge_ratio_units": 0.672884861584448,
          "target_w": 0.5977697706301586,
          "hedge_w": -0.4022302293698415
        },
        {
          "target": "ETH",
          "hedge": "BTC",
          "hedge_ratio_units": 1.1912708202512796,
          "target_w": 0.45635618872765665,
          "hedge_w": -0.5436438112723433
        }
      ],
      "examples": [
        {
          "target": "BTC",
          "hedge": "ETH",
          "target_dollars": 59.776977063015856,
          "hedge_dollars": -40.22302293698415,
          "hedge_units_per_target_unit": -0.672884861584448
        },
        {
          "target": "ETH",
          "hedge": "BTC",
          "target_dollars": 45.63561887276567,
          "hedge_dollars": -54.36438112723433,
          "hedge_units_per_target_unit": -1.1912708202512796
        }
      ]
    },
    "60": {
      "lookback_days": 60,
      "corr": 0.9041170598814882,
      "stats": {
        "mean": {
          "btc": 7.844926700603026e-05,
          "eth": 1.2666551537616783e-05
        },
        "std": {
          "btc": 0.003749305976439155,
          "eth": 0.005043303844008675
        },
        "min": {
          "btc": -0.020668693538518745,
          "eth": -0.02913186092280784
        },
        "max": {
          "btc": 0.022681960554355562,
          "eth": 0.0410922552310693
        }
      },
      "hedge_table": [
        {
          "target": "BTC",
          "hedge": "ETH",
          "hedge_ratio_units": 0.6721410410442108,
          "target_w": 0.5980356772868421,
          "hedge_w": -0.4019643227131578
        },
        {
          "target": "ETH",
          "hedge": "BTC",
          "hedge_ratio_units": 1.2161549556605327,
          "target_w": 0.4512319851307269,
          "hedge_w": -0.5487680148692733
        }
      ],
      "examples": [
        {
          "target": "BTC",
          "hedge": "ETH",
          "target_dollars": 59.803567728684214,
          "hedge_dollars": -40.19643227131578,
          "hedge_units_per_target_unit": -0.6721410410442108
        },
        {
          "target": "ETH",
          "hedge": "BTC",
          "target_dollars": 45.12319851307269,
          "hedge_dollars": -54.87680148692733,
          "hedge_units_per_target_unit": -1.2161549556605327
        }
      ]
    },
    "120": {
      "lookback_days": 120,
      "corr": 0.9042257705900525,
      "stats": {
        "mean": {
          "btc": -3.1934218163092825e-05,
          "eth": -8.982486716303467e-05
        },
        "std": {
          "btc": 0.00507919051067069,
          "eth": 0.006688063243665596
        },
        "min": {
          "btc": -0.03612262483146145,
          "eth": -0.04170398539552955
        },
        "max": {
          "btc": 0.0349913262434709,
          "eth": 0.04260060177264258
        }
      },
      "hedge_table": [
        {
          "target": "BTC",
          "hedge": "ETH",
          "hedge_ratio_units": 0.6867062684903229,
          "target_w": 0.5928714552623584,
          "hedge_w": -0.4071285447376416
        },
        {
          "target": "ETH",
          "hedge": "BTC",
          "hedge_ratio_units": 1.1906462511208258,
          "target_w": 0.4564862991860774,
          "hedge_w": -0.5435137008139227
        }
      ],
      "examples": [
        {
          "target": "BTC",
          "hedge": "ETH",
          "target_dollars": 59.28714552623584,
          "hedge_dollars": -40.71285447376416,
          "hedge_units_per_target_unit": -0.6867062684903229
        },
        {
          "target": "ETH",
          "hedge": "BTC",
          "target_dollars": 45.64862991860774,
          "hedge_dollars": -54.35137008139227,
          "hedge_units_per_target_unit": -1.1906462511208258
        }
      ]
    },
    "150": {
      "lookback_days": 150,
      "corr": 0.9007016899875238,
      "stats": {
        "mean": {
          "btc": -3.796171386842716e-05,
          "eth": -8.603195454881406e-05
        },
        "std": {
          "btc": 0.004855818960464715,
          "eth": 0.006442647352511408
        },
        "min": {
          "btc": -0.03612262483146145,
          "eth": -0.04170398539552955
        },
        "max": {
          "btc": 0.0349913262434709,
          "eth": 0.04377388676562077
        }
      },
      "hedge_table": [
        {
          "target": "BTC",
          "hedge": "ETH",
          "hedge_ratio_units": 0.6788582557229583,
          "target_w": 0.595642899923898,
          "hedge_w": -0.40435710007610204
        },
        {
          "target": "ETH",
          "hedge": "BTC",
          "hedge_ratio_units": 1.1950411260483478,
          "target_w": 0.45557232989081325,
          "hedge_w": -0.5444276701091868
        }
      ],
      "examples": [
        {
          "target": "BTC",
          "hedge": "ETH",
          "target_dollars": 59.564289992389796,
          "hedge_dollars": -40.435710007610204,
          "hedge_units_per_target_unit": -0.6788582557229583
        },
        {
          "target": "ETH",
          "hedge": "BTC",
          "target_dollars": 45.55723298908133,
          "hedge_dollars": -54.44276701091868,
          "hedge_units_per_target_unit": -1.1950411260483478
        }
      ]
    },
    "180": {
      "lookback_days": 180,
      "corr": 0.9005753574735939,
      "stats": {
        "mean": {
          "btc": -3.8231441840020734e-05,
          "eth": -7.27616212269299e-05
        },
        "std": {
          "btc": 0.004855921611879215,
          "eth": 0.006524088831404859
        },
        "min": {
          "btc": -0.03714671634653788,
          "eth": -0.05178573218862892
        },
        "max": {
          "btc": 0.0349913262434709,
          "eth": 0.04377388676562077
        }
      },
      "hedge_table": [
        {
          "target": "BTC",
          "hedge": "ETH",
          "hedge_ratio_units": 0.6703040768591423,
          "target_w": 0.5986933839498318,
          "hedge_w": -0.4013066160501681
        },
        {
          "target": "ETH",
          "hedge": "BTC",
          "hedge_ratio_units": 1.2099523223683488,
          "target_w": 0.45249844979837656,
          "hedge_w": -0.5475015502016234
        }
      ],
      "examples": [
        {
          "target": "BTC",
          "hedge": "ETH",
          "target_dollars": 59.86933839498319,
          "hedge_dollars": -40.13066160501681,
          "hedge_units_per_target_unit": -0.6703040768591423
        },
        {
          "target": "ETH",
          "hedge": "BTC",
          "target_dollars": 45.249844979837654,
          "hedge_dollars": -54.75015502016234,
          "hedge_units_per_target_unit": -1.2099523223683488
        }
      ]
    }
  },
  "example_notional": 100.0,
  "provider": "cryptocompare"
}