{
  "generated_at": "2026-06-09T02:54:08.391599Z",
  "lookbacks": {
    "30": {
      "lookback_days": 30,
      "corr": 0.8884259362804282,
      "stats": {
        "mean": {
          "btc": -0.00034084246848892767,
          "eth": -0.00044847557159234636
        },
        "std": {
          "btc": 0.004719659479516952,
          "eth": 0.0061919259627920085
        },
        "min": {
          "btc": -0.022992854112727557,
          "eth": -0.03439786519755539
        },
        "max": {
          "btc": 0.02212668221855041,
          "eth": 0.0384557017519207
        }
      },
      "hedge_table": [
        {
          "target": "BTC",
          "hedge": "ETH",
          "hedge_ratio_units": 0.6771831441802231,
          "target_w": 0.5962378071053068,
          "hedge_w": -0.40376219289469306
        },
        {
          "target": "ETH",
          "hedge": "BTC",
          "hedge_ratio_units": 1.1655645168357793,
          "target_w": 0.4617733585056855,
          "hedge_w": -0.5382266414943144
        }
      ],
      "examples": [
        {
          "target": "BTC",
          "hedge": "ETH",
          "target_dollars": 59.62378071053068,
          "hedge_dollars": -40.376219289469304,
          "hedge_units_per_target_unit": -0.6771831441802231
        },
        {
          "target": "ETH",
          "hedge": "BTC",
          "target_dollars": 46.177335850568554,
          "hedge_dollars": -53.822664149431446,
          "hedge_units_per_target_unit": -1.1655645168357793
        }
      ]
    },
    "60": {
      "lookback_days": 60,
      "corr": 0.8892773174610332,
      "stats": {
        "mean": {
          "btc": -8.610500709829564e-05,
          "eth": -0.0001749523895710735
        },
        "std": {
          "btc": 0.0042155249739429775,
          "eth": 0.005541999730232397
        },
        "min": {
          "btc": -0.022992854112727557,
          "eth": -0.03439786519755539
        },
        "max": {
          "btc": 0.02212668221855041,
          "eth": 0.0410922552310693
        }
      },
      "hedge_table": [
        {
          "target": "BTC",
          "hedge": "ETH",
          "hedge_ratio_units": 0.6764292535179902,
          "target_w": 0.5965059353990023,
          "hedge_w": -0.4034940646009976
        },
        {
          "target": "ETH",
          "hedge": "BTC",
          "hedge_ratio_units": 1.1691010452871535,
          "target_w": 0.46102047766410825,
          "hedge_w": -0.5389795223358917
        }
      ],
      "examples": [
        {
          "target": "BTC",
          "hedge": "ETH",
          "target_dollars": 59.65059353990023,
          "hedge_dollars": -40.349406460099765,
          "hedge_units_per_target_unit": -0.6764292535179902
        },
        {
          "target": "ETH",
          "hedge": "BTC",
          "target_dollars": 46.10204776641083,
          "hedge_dollars": -53.89795223358917,
          "hedge_units_per_target_unit": -1.1691010452871535
        }
      ]
    },
    "120": {
      "lookback_days": 120,
      "corr": 0.9029439736991117,
      "stats": {
        "mean": {
          "btc": -3.308329152324846e-05,
          "eth": -6.179666601956935e-05
        },
        "std": {
          "btc": 0.004778423169991816,
          "eth": 0.00618480587848958
        },
        "min": {
          "btc": -0.03612262483146145,
          "eth": -0.04038541666666662
        },
        "max": {
          "btc": 0.029223763595974894,
          "eth": 0.041842617860856635
        }
      },
      "hedge_table": [
        {
          "target": "BTC",
          "hedge": "ETH",
          "hedge_ratio_units": 0.6976206674706525,
          "target_w": 0.5890597464803116,
          "hedge_w": -0.4109402535196883
        },
        {
          "target": "ETH",
          "hedge": "BTC",
          "hedge_ratio_units": 1.1686979151514896,
          "target_w": 0.4611061748220232,
          "hedge_w": -0.5388938251779768
        }
      ],
      "examples": [
        {
          "target": "BTC",
          "hedge": "ETH",
          "target_dollars": 58.905974648031155,
          "hedge_dollars": -41.09402535196883,
          "hedge_units_per_target_unit": -0.6976206674706525
        },
        {
          "target": "ETH",
          "hedge": "BTC",
          "target_dollars": 46.11061748220232,
          "hedge_dollars": -53.88938251779768,
          "hedge_units_per_target_unit": -1.1686979151514896
        }
      ]
    },
    "150": {
      "lookback_days": 150,
      "corr": 0.8991110647764831,
      "stats": {
        "mean": {
          "btc": -8.916286229839577e-05,
          "eth": -0.00014907635979457046
        },
        "std": {
          "btc": 0.005069516804828342,
          "eth": 0.006700721985861497
        },
        "min": {
          "btc": -0.03612262483146145,
          "eth": -0.04170398539552955
        },
        "max": {
          "btc": 0.0349913262434709,
          "eth": 0.04377388676562077
        }
      },
      "hedge_table": [
        {
          "target": "BTC",
          "hedge": "ETH",
          "hedge_ratio_units": 0.6802339601477235,
          "target_w": 0.5951552127372082,
          "hedge_w": -0.40484478726279194
        },
        {
          "target": "ETH",
          "hedge": "BTC",
          "hedge_ratio_units": 1.1884156836685194,
          "target_w": 0.45695157801266734,
          "hedge_w": -0.5430484219873328
        }
      ],
      "examples": [
        {
          "target": "BTC",
          "hedge": "ETH",
          "target_dollars": 59.515521273720815,
          "hedge_dollars": -40.48447872627919,
          "hedge_units_per_target_unit": -0.6802339601477235
        },
        {
          "target": "ETH",
          "hedge": "BTC",
          "target_dollars": 45.69515780126673,
          "hedge_dollars": -54.30484219873328,
          "hedge_units_per_target_unit": -1.1884156836685194
        }
      ]
    },
    "180": {
      "lookback_days": 180,
      "corr": 0.8989933931314316,
      "stats": {
        "mean": {
          "btc": -7.135240607833561e-05,
          "eth": -0.00012987220958509435
        },
        "std": {
          "btc": 0.004914858987576729,
          "eth": 0.006504898981956524
        },
        "min": {
          "btc": -0.03612262483146145,
          "eth": -0.04988725258205495
        },
        "max": {
          "btc": 0.0349913262434709,
          "eth": 0.04377388676562077
        }
      },
      "hedge_table": [
        {
          "target": "BTC",
          "hedge": "ETH",
          "hedge_ratio_units": 0.6792458684231796,
          "target_w": 0.5955054103774602,
          "hedge_w": -0.40449458962253987
        },
        {
          "target": "ETH",
          "hedge": "BTC",
          "hedge_ratio_units": 1.1898329580864695,
          "target_w": 0.45665583591993464,
          "hedge_w": -0.5433441640800653
        }
      ],
      "examples": [
        {
          "target": "BTC",
          "hedge": "ETH",
          "target_dollars": 59.550541037746015,
          "hedge_dollars": -40.449458962253985,
          "hedge_units_per_target_unit": -0.6792458684231796
        },
        {
          "target": "ETH",
          "hedge": "BTC",
          "target_dollars": 45.66558359199347,
          "hedge_dollars": -54.334416408006526,
          "hedge_units_per_target_unit": -1.1898329580864695
        }
      ]
    }
  },
  "example_notional": 100.0,
  "provider": "cryptocompare"
}