{
  "generated_at": "2026-05-13T17:59:25.399072Z",
  "lookbacks": {
    "30": {
      "lookback_days": 30,
      "corr": 0.8875442285558482,
      "stats": {
        "mean": {
          "btc": 0.00013560580318902997,
          "eth": 2.6159581452725044e-05
        },
        "std": {
          "btc": 0.003596123984129014,
          "eth": 0.004664931294830418
        },
        "min": {
          "btc": -0.014486935649736465,
          "eth": -0.025174966013795874
        },
        "max": {
          "btc": 0.019739125410830338,
          "eth": 0.0410922552310693
        }
      },
      "hedge_table": [
        {
          "target": "BTC",
          "hedge": "ETH",
          "hedge_ratio_units": 0.6841942325757225,
          "target_w": 0.5937557442354199,
          "hedge_w": -0.4062442557645801
        },
        {
          "target": "ETH",
          "hedge": "BTC",
          "hedge_ratio_units": 1.1513320635242479,
          "target_w": 0.4648282879965215,
          "hedge_w": -0.5351717120034785
        }
      ],
      "examples": [
        {
          "target": "BTC",
          "hedge": "ETH",
          "target_dollars": 59.37557442354199,
          "hedge_dollars": -40.62442557645801,
          "hedge_units_per_target_unit": -0.6841942325757225
        },
        {
          "target": "ETH",
          "hedge": "BTC",
          "target_dollars": 46.48282879965215,
          "hedge_dollars": -53.517171200347846,
          "hedge_units_per_target_unit": -1.1513320635242479
        }
      ]
    },
    "60": {
      "lookback_days": 60,
      "corr": 0.9040239735900276,
      "stats": {
        "mean": {
          "btc": 9.000895258933576e-05,
          "eth": 7.250923799624429e-05
        },
        "std": {
          "btc": 0.004027424258447963,
          "eth": 0.005403564738252604
        },
        "min": {
          "btc": -0.019619547762256384,
          "eth": -0.030096491146448856
        },
        "max": {
          "btc": 0.022874680739771724,
          "eth": 0.041842617860856635
        }
      },
      "hedge_table": [
        {
          "target": "BTC",
          "hedge": "ETH",
          "hedge_ratio_units": 0.6737937376192854,
          "target_w": 0.5974451794892879,
          "hedge_w": -0.40255482051071206
        },
        {
          "target": "ETH",
          "hedge": "BTC",
          "hedge_ratio_units": 1.2129221439681592,
          "target_w": 0.4518911805034514,
          "hedge_w": -0.5481088194965487
        }
      ],
      "examples": [
        {
          "target": "BTC",
          "hedge": "ETH",
          "target_dollars": 59.74451794892879,
          "hedge_dollars": -40.255482051071205,
          "hedge_units_per_target_unit": -0.6737937376192854
        },
        {
          "target": "ETH",
          "hedge": "BTC",
          "target_dollars": 45.18911805034514,
          "hedge_dollars": -54.81088194965486,
          "hedge_units_per_target_unit": -1.2129221439681592
        }
      ]
    },
    "120": {
      "lookback_days": 120,
      "corr": 0.9017127937557163,
      "stats": {
        "mean": {
          "btc": -4.330452099669224e-05,
          "eth": -9.767476548448651e-05
        },
        "std": {
          "btc": 0.005164528985911913,
          "eth": 0.0068433627171869335
        },
        "min": {
          "btc": -0.03612262483146145,
          "eth": -0.04170398539552955
        },
        "max": {
          "btc": 0.0349913262434709,
          "eth": 0.04377388676562077
        }
      },
      "hedge_table": [
        {
          "target": "BTC",
          "hedge": "ETH",
          "hedge_ratio_units": 0.6805019772842473,
          "target_w": 0.595060293601104,
          "hedge_w": -0.40493970639889604
        },
        {
          "target": "ETH",
          "hedge": "BTC",
          "hedge_ratio_units": 1.1948326229228736,
          "target_w": 0.4556156080222159,
          "hedge_w": -0.5443843919777841
        }
      ],
      "examples": [
        {
          "target": "BTC",
          "hedge": "ETH",
          "target_dollars": 59.506029360110404,
          "hedge_dollars": -40.4939706398896,
          "hedge_units_per_target_unit": -0.6805019772842473
        },
        {
          "target": "ETH",
          "hedge": "BTC",
          "target_dollars": 45.56156080222159,
          "hedge_dollars": -54.43843919777841,
          "hedge_units_per_target_unit": -1.1948326229228736
        }
      ]
    },
    "150": {
      "lookback_days": 150,
      "corr": 0.9008887277470213,
      "stats": {
        "mean": {
          "btc": -1.9141846838179823e-05,
          "eth": -6.701986819201178e-05
        },
        "std": {
          "btc": 0.0049402204781338905,
          "eth": 0.006522457493207516
        },
        "min": {
          "btc": -0.03612262483146145,
          "eth": -0.04170398539552955
        },
        "max": {
          "btc": 0.0349913262434709,
          "eth": 0.04377388676562077
        }
      },
      "hedge_table": [
        {
          "target": "BTC",
          "hedge": "ETH",
          "hedge_ratio_units": 0.68234847769735,
          "target_w": 0.594407171437342,
          "hedge_w": -0.40559282856265805
        },
        {
          "target": "ETH",
          "hedge": "BTC",
          "hedge_ratio_units": 1.1894223059168683,
          "target_w": 0.4567414871482403,
          "hedge_w": -0.5432585128517596
        }
      ],
      "examples": [
        {
          "target": "BTC",
          "hedge": "ETH",
          "target_dollars": 59.440717143734204,
          "hedge_dollars": -40.5592828562658,
          "hedge_units_per_target_unit": -0.68234847769735
        },
        {
          "target": "ETH",
          "hedge": "BTC",
          "target_dollars": 45.67414871482403,
          "hedge_dollars": -54.325851285175965,
          "hedge_units_per_target_unit": -1.1894223059168683
        }
      ]
    },
    "180": {
      "lookback_days": 180,
      "corr": 0.8996861770053957,
      "stats": {
        "mean": {
          "btc": -2.853806893433645e-05,
          "eth": -5.52267919801153e-05
        },
        "std": {
          "btc": 0.005039079503301498,
          "eth": 0.006798390364417097
        },
        "min": {
          "btc": -0.03714671634653788,
          "eth": -0.05178573218862892
        },
        "max": {
          "btc": 0.0349913262434709,
          "eth": 0.04377388676562077
        }
      },
      "hedge_table": [
        {
          "target": "BTC",
          "hedge": "ETH",
          "hedge_ratio_units": 0.6668622910623768,
          "target_w": 0.5999295834826575,
          "hedge_w": -0.40007041651734243
        },
        {
          "target": "ETH",
          "hedge": "BTC",
          "hedge_ratio_units": 1.2137966532866549,
          "target_w": 0.4517126713130478,
          "hedge_w": -0.5482873286869522
        }
      ],
      "examples": [
        {
          "target": "BTC",
          "hedge": "ETH",
          "target_dollars": 59.992958348265745,
          "hedge_dollars": -40.00704165173424,
          "hedge_units_per_target_unit": -0.6668622910623768
        },
        {
          "target": "ETH",
          "hedge": "BTC",
          "target_dollars": 45.17126713130478,
          "hedge_dollars": -54.82873286869522,
          "hedge_units_per_target_unit": -1.2137966532866549
        }
      ]
    }
  },
  "example_notional": 100.0,
  "provider": "cryptocompare"
}