{
  "generated_at": "2026-04-14T17:03:57.023903Z",
  "lookbacks": {
    "30": {
      "lookback_days": 30,
      "corr": 0.9119521349224622,
      "stats": {
        "mean": {
          "btc": 7.384314246156329e-05,
          "eth": 0.0001672198942713524
        },
        "std": {
          "btc": 0.004543039654643044,
          "eth": 0.006313539865311137
        },
        "min": {
          "btc": -0.019619547762256384,
          "eth": -0.030096491146448856
        },
        "max": {
          "btc": 0.022874680739771724,
          "eth": 0.041842617860856635
        }
      },
      "hedge_table": [
        {
          "target": "BTC",
          "hedge": "ETH",
          "hedge_ratio_units": 0.6562142317105583,
          "target_w": 0.6037866242504074,
          "hedge_w": -0.39621337574959264
        },
        {
          "target": "ETH",
          "hedge": "BTC",
          "hedge_ratio_units": 1.2673554705172292,
          "target_w": 0.44104244482312255,
          "hedge_w": -0.5589575551768775
        }
      ],
      "examples": [
        {
          "target": "BTC",
          "hedge": "ETH",
          "target_dollars": 60.378662425040744,
          "hedge_dollars": -39.62133757495926,
          "hedge_units_per_target_unit": -0.6562142317105583
        },
        {
          "target": "ETH",
          "hedge": "BTC",
          "target_dollars": 44.104244482312254,
          "hedge_dollars": -55.89575551768775,
          "hedge_units_per_target_unit": -1.2673554705172292
        }
      ]
    },
    "60": {
      "lookback_days": 60,
      "corr": 0.9150076402508657,
      "stats": {
        "mean": {
          "btc": 6.775562089019708e-05,
          "eth": 0.00011048041941321003
        },
        "std": {
          "btc": 0.005165354080266781,
          "eth": 0.00672116519391526
        },
        "min": {
          "btc": -0.03612262483146145,
          "eth": -0.04038541666666662
        },
        "max": {
          "btc": 0.029223763595974894,
          "eth": 0.041842617860856635
        }
      },
      "hedge_table": [
        {
          "target": "BTC",
          "hedge": "ETH",
          "hedge_ratio_units": 0.7032022442066875,
          "target_w": 0.5871293344060717,
          "hedge_w": -0.4128706655939284
        },
        {
          "target": "ETH",
          "hedge": "BTC",
          "hedge_ratio_units": 1.1906090866674957,
          "target_w": 0.4564940436366346,
          "hedge_w": -0.5435059563633654
        }
      ],
      "examples": [
        {
          "target": "BTC",
          "hedge": "ETH",
          "target_dollars": 58.71293344060717,
          "hedge_dollars": -41.28706655939284,
          "hedge_units_per_target_unit": -0.7032022442066875
        },
        {
          "target": "ETH",
          "hedge": "BTC",
          "target_dollars": 45.64940436366346,
          "hedge_dollars": -54.35059563633654,
          "hedge_units_per_target_unit": -1.1906090866674957
        }
      ]
    },
    "120": {
      "lookback_days": 120,
      "corr": 0.9018041676723799,
      "stats": {
        "mean": {
          "btc": -3.5812686555520845e-05,
          "eth": -5.5857532922671315e-05
        },
        "std": {
          "btc": 0.0052340873398562795,
          "eth": 0.006936220271347091
        },
        "min": {
          "btc": -0.03612262483146145,
          "eth": -0.04170398539552955
        },
        "max": {
          "btc": 0.0349913262434709,
          "eth": 0.04377388676562077
        }
      },
      "hedge_table": [
        {
          "target": "BTC",
          "hedge": "ETH",
          "hedge_ratio_units": 0.6805034431420866,
          "target_w": 0.5950597745460555,
          "hedge_w": -0.40494022545394454
        },
        {
          "target": "ETH",
          "hedge": "BTC",
          "hedge_ratio_units": 1.195072214589031,
          "target_w": 0.4555658776753382,
          "hedge_w": -0.5444341223246619
        }
      ],
      "examples": [
        {
          "target": "BTC",
          "hedge": "ETH",
          "target_dollars": 59.50597745460555,
          "hedge_dollars": -40.49402254539445,
          "hedge_units_per_target_unit": -0.6805034431420866
        },
        {
          "target": "ETH",
          "hedge": "BTC",
          "target_dollars": 45.55658776753382,
          "hedge_dollars": -54.443412232466194,
          "hedge_units_per_target_unit": -1.195072214589031
        }
      ]
    },
    "150": {
      "lookback_days": 150,
      "corr": 0.9004739362072066,
      "stats": {
        "mean": {
          "btc": -5.558693569606961e-05,
          "eth": -6.249941467643872e-05
        },
        "std": {
          "btc": 0.005291485331085476,
          "eth": 0.007169427570219023
        },
        "min": {
          "btc": -0.03714671634653788,
          "eth": -0.05178573218862892
        },
        "max": {
          "btc": 0.0349913262434709,
          "eth": 0.04377388676562077
        }
      },
      "hedge_table": [
        {
          "target": "BTC",
          "hedge": "ETH",
          "hedge_ratio_units": 0.6646060062393055,
          "target_w": 0.600742756094705,
          "hedge_w": -0.3992572439052951
        },
        {
          "target": "ETH",
          "hedge": "BTC",
          "hedge_ratio_units": 1.2200511313112261,
          "target_w": 0.4504400758595912,
          "hedge_w": -0.5495599241404088
        }
      ],
      "examples": [
        {
          "target": "BTC",
          "hedge": "ETH",
          "target_dollars": 60.0742756094705,
          "hedge_dollars": -39.92572439052951,
          "hedge_units_per_target_unit": -0.6646060062393055
        },
        {
          "target": "ETH",
          "hedge": "BTC",
          "target_dollars": 45.04400758595912,
          "hedge_dollars": -54.95599241404088,
          "hedge_units_per_target_unit": -1.2200511313112261
        }
      ]
    },
    "180": {
      "lookback_days": 180,
      "corr": 0.8952006382156584,
      "stats": {
        "mean": {
          "btc": -7.313198470881266e-05,
          "eth": -9.328899020925707e-05
        },
        "std": {
          "btc": 0.005218902079269628,
          "eth": 0.007206930998065577
        },
        "min": {
          "btc": -0.03714671634653788,
          "eth": -0.05178573218862892
        },
        "max": {
          "btc": 0.0349913262434709,
          "eth": 0.04377388676562077
        }
      },
      "hedge_table": [
        {
          "target": "BTC",
          "hedge": "ETH",
          "hedge_ratio_units": 0.6482599144353133,
          "target_w": 0.6067004307039741,
          "hedge_w": -0.39329956929602594
        },
        {
          "target": "ETH",
          "hedge": "BTC",
          "hedge_ratio_units": 1.2362081393846363,
          "target_w": 0.4471855648800124,
          "hedge_w": -0.5528144351199876
        }
      ],
      "examples": [
        {
          "target": "BTC",
          "hedge": "ETH",
          "target_dollars": 60.670043070397405,
          "hedge_dollars": -39.329956929602595,
          "hedge_units_per_target_unit": -0.6482599144353133
        },
        {
          "target": "ETH",
          "hedge": "BTC",
          "target_dollars": 44.71855648800124,
          "hedge_dollars": -55.28144351199876,
          "hedge_units_per_target_unit": -1.2362081393846363
        }
      ]
    }
  },
  "example_notional": 100.0,
  "provider": "cryptocompare"
}