{
  "generated_at": "2026-03-20T16:40:54.601919Z",
  "lookbacks": {
    "30": {
      "lookback_days": 30,
      "corr": 0.9150757045936925,
      "stats": {
        "mean": {
          "btc": 6.814266241854033e-05,
          "eth": 0.00013440506660254332
        },
        "std": {
          "btc": 0.0056692608336920275,
          "eth": 0.007168308890484647
        },
        "min": {
          "btc": -0.03612262483146145,
          "eth": -0.04038541666666662
        },
        "max": {
          "btc": 0.029223763595974894,
          "eth": 0.035902309432658264
        }
      },
      "hedge_table": [
        {
          "target": "BTC",
          "hedge": "ETH",
          "hedge_ratio_units": 0.7237136305332137,
          "target_w": 0.5801427698234654,
          "hedge_w": -0.41985723017653465
        },
        {
          "target": "ETH",
          "hedge": "BTC",
          "hedge_ratio_units": 1.1570371343160897,
          "target_w": 0.4635988801913047,
          "hedge_w": -0.5364011198086953
        }
      ],
      "examples": [
        {
          "target": "BTC",
          "hedge": "ETH",
          "target_dollars": 58.01427698234654,
          "hedge_dollars": -41.98572301765346,
          "hedge_units_per_target_unit": -0.7237136305332137
        },
        {
          "target": "ETH",
          "hedge": "BTC",
          "target_dollars": 46.359888019130466,
          "hedge_dollars": -53.640111980869534,
          "hedge_units_per_target_unit": -1.1570371343160897
        }
      ]
    },
    "60": {
      "lookback_days": 60,
      "corr": 0.9014599767136927,
      "stats": {
        "mean": {
          "btc": -0.00018273491462973029,
          "eth": -0.000252754099129126
        },
        "std": {
          "btc": 0.006138402515651808,
          "eth": 0.008103389675236591
        },
        "min": {
          "btc": -0.03612262483146145,
          "eth": -0.04170398539552955
        },
        "max": {
          "btc": 0.0349913262434709,
          "eth": 0.04377388676562077
        }
      },
      "hedge_table": [
        {
          "target": "BTC",
          "hedge": "ETH",
          "hedge_ratio_units": 0.6828653699980424,
          "target_w": 0.5942245992031812,
          "hedge_w": -0.40577540079681873
        },
        {
          "target": "ETH",
          "hedge": "BTC",
          "hedge_ratio_units": 1.1900297266780142,
          "target_w": 0.45661480655646985,
          "hedge_w": -0.5433851934435302
        }
      ],
      "examples": [
        {
          "target": "BTC",
          "hedge": "ETH",
          "target_dollars": 59.42245992031812,
          "hedge_dollars": -40.577540079681874,
          "hedge_units_per_target_unit": -0.6828653699980424
        },
        {
          "target": "ETH",
          "hedge": "BTC",
          "target_dollars": 45.66148065564698,
          "hedge_dollars": -54.33851934435302,
          "hedge_units_per_target_unit": -1.1900297266780142
        }
      ]
    },
    "120": {
      "lookback_days": 120,
      "corr": 0.8975239311053962,
      "stats": {
        "mean": {
          "btc": -6.290422295144383e-05,
          "eth": -7.184605084376506e-05
        },
        "std": {
          "btc": 0.005403236652073241,
          "eth": 0.007258546893358219
        },
        "min": {
          "btc": -0.03714671634653788,
          "eth": -0.05178573218862892
        },
        "max": {
          "btc": 0.0349913262434709,
          "eth": 0.04377388676562077
        }
      },
      "hedge_table": [
        {
          "target": "BTC",
          "hedge": "ETH",
          "hedge_ratio_units": 0.6681136420154563,
          "target_w": 0.5994795407294764,
          "hedge_w": -0.4005204592705236
        },
        {
          "target": "ETH",
          "hedge": "BTC",
          "hedge_ratio_units": 1.2057068681861285,
          "target_w": 0.4533694002695625,
          "hedge_w": -0.5466305997304375
        }
      ],
      "examples": [
        {
          "target": "BTC",
          "hedge": "ETH",
          "target_dollars": 59.94795407294764,
          "hedge_dollars": -40.05204592705236,
          "hedge_units_per_target_unit": -0.6681136420154563
        },
        {
          "target": "ETH",
          "hedge": "BTC",
          "target_dollars": 45.33694002695625,
          "hedge_dollars": -54.66305997304375,
          "hedge_units_per_target_unit": -1.2057068681861285
        }
      ]
    },
    "150": {
      "lookback_days": 150,
      "corr": 0.8913644585035335,
      "stats": {
        "mean": {
          "btc": -0.00011772778284442698,
          "eth": -0.0001486843590620454
        },
        "std": {
          "btc": 0.005316712305102007,
          "eth": 0.007352718994599047
        },
        "min": {
          "btc": -0.03714671634653788,
          "eth": -0.05178573218862892
        },
        "max": {
          "btc": 0.0349913262434709,
          "eth": 0.04377388676562077
        }
      },
      "hedge_table": [
        {
          "target": "BTC",
          "hedge": "ETH",
          "hedge_ratio_units": 0.6445409362628246,
          "target_w": 0.6080724279642885,
          "hedge_w": -0.39192757203571144
        },
        {
          "target": "ETH",
          "hedge": "BTC",
          "hedge_ratio_units": 1.2327077353536962,
          "target_w": 0.447886655367181,
          "hedge_w": -0.552113344632819
        }
      ],
      "examples": [
        {
          "target": "BTC",
          "hedge": "ETH",
          "target_dollars": 60.80724279642885,
          "hedge_dollars": -39.19275720357114,
          "hedge_units_per_target_unit": -0.6445409362628246
        },
        {
          "target": "ETH",
          "hedge": "BTC",
          "target_dollars": 44.7886655367181,
          "hedge_dollars": -55.2113344632819,
          "hedge_units_per_target_unit": -1.2327077353536962
        }
      ]
    },
    "180": {
      "lookback_days": 180,
      "corr": 0.8803816425732959,
      "stats": {
        "mean": {
          "btc": -0.00010391679047522083,
          "eth": -0.00014537586186766434
        },
        "std": {
          "btc": 0.005158199055174888,
          "eth": 0.007353824364879204
        },
        "min": {
          "btc": -0.03714671634653788,
          "eth": -0.05178573218862892
        },
        "max": {
          "btc": 0.0349913262434709,
          "eth": 0.04377388676562077
        }
      },
      "hedge_table": [
        {
          "target": "BTC",
          "hedge": "ETH",
          "hedge_ratio_units": 0.6175268175567157,
          "target_w": 0.6182277716486372,
          "hedge_w": -0.3817722283513628
        },
        {
          "target": "ETH",
          "hedge": "BTC",
          "hedge_ratio_units": 1.2551225542668347,
          "target_w": 0.4434348803385149,
          "hedge_w": -0.556565119661485
        }
      ],
      "examples": [
        {
          "target": "BTC",
          "hedge": "ETH",
          "target_dollars": 61.822777164863716,
          "hedge_dollars": -38.177222835136284,
          "hedge_units_per_target_unit": -0.6175268175567157
        },
        {
          "target": "ETH",
          "hedge": "BTC",
          "target_dollars": 44.34348803385149,
          "hedge_dollars": -55.6565119661485,
          "hedge_units_per_target_unit": -1.2551225542668347
        }
      ]
    }
  },
  "example_notional": 100.0,
  "provider": "cryptocompare"
}