{
  "generated_at": "2026-01-10T01:26:50.034822Z",
  "lookbacks": {
    "30": {
      "lookback_days": 30,
      "corr": 0.897986436624569,
      "stats": {
        "mean": {
          "btc": 1.5046192542030394e-05,
          "eth": -4.110060706688778e-05
        },
        "std": {
          "btc": 0.004059684278297399,
          "eth": 0.005432279396256081
        },
        "min": {
          "btc": -0.027358625956130256,
          "eth": -0.04988725258205495
        },
        "max": {
          "btc": 0.023396335129270085,
          "eth": 0.03218906547200184
        }
      },
      "hedge_table": [
        {
          "target": "BTC",
          "hedge": "ETH",
          "hedge_ratio_units": 0.6710887185592053,
          "target_w": 0.5984122739229485,
          "hedge_w": -0.4015877260770516
        },
        {
          "target": "ETH",
          "hedge": "BTC",
          "hedge_ratio_units": 1.201599159784639,
          "target_w": 0.45421528962511976,
          "hedge_w": -0.5457847103748803
        }
      ],
      "examples": [
        {
          "target": "BTC",
          "hedge": "ETH",
          "target_dollars": 59.84122739229485,
          "hedge_dollars": -40.15877260770516,
          "hedge_units_per_target_unit": -0.6710887185592053
        },
        {
          "target": "ETH",
          "hedge": "BTC",
          "target_dollars": 45.42152896251198,
          "hedge_dollars": -54.57847103748803,
          "hedge_units_per_target_unit": -1.201599159784639
        }
      ]
    },
    "60": {
      "lookback_days": 60,
      "corr": 0.8949050329200755,
      "stats": {
        "mean": {
          "btc": -0.00010153396993347042,
          "eth": -8.54135732347058e-05
        },
        "std": {
          "btc": 0.004926622850944618,
          "eth": 0.007011222938881411
        },
        "min": {
          "btc": -0.03714671634653788,
          "eth": -0.05178573218862892
        },
        "max": {
          "btc": 0.026004133739085944,
          "eth": 0.04132265866066209
        }
      },
      "hedge_table": [
        {
          "target": "BTC",
          "hedge": "ETH",
          "hedge_ratio_units": 0.628828896619395,
          "target_w": 0.6139380275457305,
          "hedge_w": -0.38606197245426943
        },
        {
          "target": "ETH",
          "hedge": "BTC",
          "hedge_ratio_units": 1.2735658654541873,
          "target_w": 0.4398377083305794,
          "hedge_w": -0.5601622916694207
        }
      ],
      "examples": [
        {
          "target": "BTC",
          "hedge": "ETH",
          "target_dollars": 61.393802754573045,
          "hedge_dollars": -38.60619724542694,
          "hedge_units_per_target_unit": -0.628828896619395
        },
        {
          "target": "ETH",
          "hedge": "BTC",
          "target_dollars": 43.98377083305794,
          "hedge_dollars": -56.01622916694207,
          "hedge_units_per_target_unit": -1.2735658654541873
        }
      ]
    },
    "120": {
      "lookback_days": 120,
      "corr": 0.8650708905847081,
      "stats": {
        "mean": {
          "btc": -7.414016605669615e-05,
          "eth": -0.00010786643522712112
        },
        "std": {
          "btc": 0.004526173690585434,
          "eth": 0.006910331568531716
        },
        "min": {
          "btc": -0.03714671634653788,
          "eth": -0.05178573218862892
        },
        "max": {
          "btc": 0.03468753462614105,
          "eth": 0.04368288914132212
        }
      },
      "hedge_table": [
        {
          "target": "BTC",
          "hedge": "ETH",
          "hedge_ratio_units": 0.566609730173593,
          "target_w": 0.6383210704871545,
          "hedge_w": -0.3616789295128456
        },
        {
          "target": "ETH",
          "hedge": "BTC",
          "hedge_ratio_units": 1.320746195988812,
          "target_w": 0.430895891040737,
          "hedge_w": -0.569104108959263
        }
      ],
      "examples": [
        {
          "target": "BTC",
          "hedge": "ETH",
          "target_dollars": 63.83210704871545,
          "hedge_dollars": -36.16789295128456,
          "hedge_units_per_target_unit": -0.566609730173593
        },
        {
          "target": "ETH",
          "hedge": "BTC",
          "target_dollars": 43.0895891040737,
          "hedge_dollars": -56.9104108959263,
          "hedge_units_per_target_unit": -1.320746195988812
        }
      ]
    },
    "150": {
      "lookback_days": 150,
      "corr": 0.8475247894659748,
      "stats": {
        "mean": {
          "btc": -6.768508617906382e-05,
          "eth": -8.80714194098741e-05
        },
        "std": {
          "btc": 0.004364665944084856,
          "eth": 0.006971119020186146
        },
        "min": {
          "btc": -0.03714671634653788,
          "eth": -0.05178573218862892
        },
        "max": {
          "btc": 0.03468753462614105,
          "eth": 0.0757825447476439
        }
      },
      "hedge_table": [
        {
          "target": "BTC",
          "hedge": "ETH",
          "hedge_ratio_units": 0.5306411459391567,
          "target_w": 0.6533209973173884,
          "hedge_w": -0.34667900268261165
        },
        {
          "target": "ETH",
          "hedge": "BTC",
          "hedge_ratio_units": 1.353642238745099,
          "target_w": 0.42487340834483583,
          "hedge_w": -0.5751265916551642
        }
      ],
      "examples": [
        {
          "target": "BTC",
          "hedge": "ETH",
          "target_dollars": 65.33209973173884,
          "hedge_dollars": -34.667900268261164,
          "hedge_units_per_target_unit": -0.5306411459391567
        },
        {
          "target": "ETH",
          "hedge": "BTC",
          "target_dollars": 42.48734083448358,
          "hedge_dollars": -57.512659165516425,
          "hedge_units_per_target_unit": -1.353642238745099
        }
      ]
    },
    "180": {
      "lookback_days": 180,
      "corr": 0.8248653885791443,
      "stats": {
        "mean": {
          "btc": -5.578642292011978e-05,
          "eth": 3.057181828159834e-05
        },
        "std": {
          "btc": 0.004203775199716225,
          "eth": 0.006956021545006323
        },
        "min": {
          "btc": -0.03714671634653788,
          "eth": -0.05178573218862892
        },
        "max": {
          "btc": 0.03468753462614105,
          "eth": 0.0757825447476439
        }
      },
      "hedge_table": [
        {
          "target": "BTC",
          "hedge": "ETH",
          "hedge_ratio_units": 0.49849596370250204,
          "target_w": 0.6673357981753838,
          "hedge_w": -0.3326642018246163
        },
        {
          "target": "ETH",
          "hedge": "BTC",
          "hedge_ratio_units": 1.3649115716449032,
          "target_w": 0.42284879146853455,
          "hedge_w": -0.5771512085314654
        }
      ],
      "examples": [
        {
          "target": "BTC",
          "hedge": "ETH",
          "target_dollars": 66.73357981753838,
          "hedge_dollars": -33.26642018246163,
          "hedge_units_per_target_unit": -0.49849596370250204
        },
        {
          "target": "ETH",
          "hedge": "BTC",
          "target_dollars": 42.284879146853456,
          "hedge_dollars": -57.71512085314654,
          "hedge_units_per_target_unit": -1.3649115716449032
        }
      ]
    }
  },
  "example_notional": 100.0,
  "provider": "cryptocompare"
}