{
  "generated_at": "2026-01-31T01:49:51.348673Z",
  "lookbacks": {
    "30": {
      "lookback_days": 30,
      "corr": 0.8752825865231488,
      "stats": {
        "mean": {
          "btc": -5.612338489928246e-05,
          "eth": -0.00012132352148408326
        },
        "std": {
          "btc": 0.003962049998760809,
          "eth": 0.005541063413774489
        },
        "min": {
          "btc": -0.02980180309593028,
          "eth": -0.0369709977803403
        },
        "max": {
          "btc": 0.02131176803153334,
          "eth": 0.04377388676562077
        }
      },
      "hedge_table": [
        {
          "target": "BTC",
          "hedge": "ETH",
          "hedge_ratio_units": 0.625857008282659,
          "target_w": 0.6150602389420877,
          "hedge_w": -0.3849397610579124
        },
        {
          "target": "ETH",
          "hedge": "BTC",
          "hedge_ratio_units": 1.2241128502704999,
          "target_w": 0.44961747326732027,
          "hedge_w": -0.5503825267326796
        }
      ],
      "examples": [
        {
          "target": "BTC",
          "hedge": "ETH",
          "target_dollars": 61.506023894208774,
          "hedge_dollars": -38.49397610579124,
          "hedge_units_per_target_unit": -0.625857008282659
        },
        {
          "target": "ETH",
          "hedge": "BTC",
          "target_dollars": 44.961747326732024,
          "hedge_dollars": -55.03825267326796,
          "hedge_units_per_target_unit": -1.2241128502704999
        }
      ]
    },
    "60": {
      "lookback_days": 60,
      "corr": 0.8864902906801445,
      "stats": {
        "mean": {
          "btc": -1.3111135656854812e-05,
          "eth": -7.4148658023944965e-06
        },
        "std": {
          "btc": 0.0042704551290040915,
          "eth": 0.006056034935729838
        },
        "min": {
          "btc": -0.02980180309593028,
          "eth": -0.04988725258205495
        },
        "max": {
          "btc": 0.026004133739085944,
          "eth": 0.04377388676562077
        }
      },
      "hedge_table": [
        {
          "target": "BTC",
          "hedge": "ETH",
          "hedge_ratio_units": 0.6251147902585734,
          "target_w": 0.6153411475880354,
          "hedge_w": -0.3846588524119646
        },
        {
          "target": "ETH",
          "hedge": "BTC",
          "hedge_ratio_units": 1.2571531624537322,
          "target_w": 0.44303595193908263,
          "hedge_w": -0.5569640480609175
        }
      ],
      "examples": [
        {
          "target": "BTC",
          "hedge": "ETH",
          "target_dollars": 61.53411475880354,
          "hedge_dollars": -38.46588524119646,
          "hedge_units_per_target_unit": -0.6251147902585734
        },
        {
          "target": "ETH",
          "hedge": "BTC",
          "target_dollars": 44.303595193908265,
          "hedge_dollars": -55.69640480609175,
          "hedge_units_per_target_unit": -1.2571531624537322
        }
      ]
    },
    "120": {
      "lookback_days": 120,
      "corr": 0.8711206280485041,
      "stats": {
        "mean": {
          "btc": -0.00011422837774668608,
          "eth": -0.00015389686012360785
        },
        "std": {
          "btc": 0.004715822907636032,
          "eth": 0.0070246320475945674
        },
        "min": {
          "btc": -0.03714671634653788,
          "eth": -0.05178573218862892
        },
        "max": {
          "btc": 0.03468753462614105,
          "eth": 0.04377388676562077
        }
      },
      "hedge_table": [
        {
          "target": "BTC",
          "hedge": "ETH",
          "hedge_ratio_units": 0.5848065187232313,
          "target_w": 0.6309918518038596,
          "hedge_w": -0.36900814819614025
        },
        {
          "target": "ETH",
          "hedge": "BTC",
          "hedge_ratio_units": 1.2976106187536502,
          "target_w": 0.4352347572899253,
          "hedge_w": -0.5647652427100748
        }
      ],
      "examples": [
        {
          "target": "BTC",
          "hedge": "ETH",
          "target_dollars": 63.099185180385966,
          "hedge_dollars": -36.90081481961403,
          "hedge_units_per_target_unit": -0.5848065187232313
        },
        {
          "target": "ETH",
          "hedge": "BTC",
          "target_dollars": 43.52347572899253,
          "hedge_dollars": -56.47652427100748,
          "hedge_units_per_target_unit": -1.2976106187536502
        }
      ]
    },
    "150": {
      "lookback_days": 150,
      "corr": 0.8650529557643928,
      "stats": {
        "mean": {
          "btc": -6.923590010100641e-05,
          "eth": -0.00010951825846737721
        },
        "std": {
          "btc": 0.0044095708746763,
          "eth": 0.0066809904099291405
        },
        "min": {
          "btc": -0.03714671634653788,
          "eth": -0.05178573218862892
        },
        "max": {
          "btc": 0.03468753462614105,
          "eth": 0.04377388676562077
        }
      },
      "hedge_table": [
        {
          "target": "BTC",
          "hedge": "ETH",
          "hedge_ratio_units": 0.5709501263648378,
          "target_w": 0.6365574458522051,
          "hedge_w": -0.36344255414779486
        },
        {
          "target": "ETH",
          "hedge": "BTC",
          "hedge_ratio_units": 1.310651459245912,
          "target_w": 0.4327783820439769,
          "hedge_w": -0.5672216179560231
        }
      ],
      "examples": [
        {
          "target": "BTC",
          "hedge": "ETH",
          "target_dollars": 63.65574458522051,
          "hedge_dollars": -36.34425541477949,
          "hedge_units_per_target_unit": -0.5709501263648378
        },
        {
          "target": "ETH",
          "hedge": "BTC",
          "target_dollars": 43.27783820439769,
          "hedge_dollars": -56.72216179560231,
          "hedge_units_per_target_unit": -1.310651459245912
        }
      ]
    },
    "180": {
      "lookback_days": 180,
      "corr": 0.8400247125068605,
      "stats": {
        "mean": {
          "btc": -6.366154600499542e-05,
          "eth": -4.132946165056158e-05
        },
        "std": {
          "btc": 0.00428581083197641,
          "eth": 0.00686262679768517
        },
        "min": {
          "btc": -0.03714671634653788,
          "eth": -0.05178573218862892
        },
        "max": {
          "btc": 0.03468753462614105,
          "eth": 0.0757825447476439
        }
      },
      "hedge_table": [
        {
          "target": "BTC",
          "hedge": "ETH",
          "hedge_ratio_units": 0.5246077221049162,
          "target_w": 0.6559064246502516,
          "hedge_w": -0.3440935753497484
        },
        {
          "target": "ETH",
          "hedge": "BTC",
          "hedge_ratio_units": 1.345084122648718,
          "target_w": 0.4264239352192293,
          "hedge_w": -0.5735760647807708
        }
      ],
      "examples": [
        {
          "target": "BTC",
          "hedge": "ETH",
          "target_dollars": 65.59064246502516,
          "hedge_dollars": -34.40935753497484,
          "hedge_units_per_target_unit": -0.5246077221049162
        },
        {
          "target": "ETH",
          "hedge": "BTC",
          "target_dollars": 42.642393521922926,
          "hedge_dollars": -57.35760647807708,
          "hedge_units_per_target_unit": -1.345084122648718
        }
      ]
    }
  },
  "example_notional": 100.0,
  "provider": "cryptocompare"
}