{
  "generated_at": "2026-04-12T08:45:07.460652Z",
  "lookbacks": {
    "30": {
      "lookback_days": 30,
      "corr": 0.9169657167922723,
      "stats": {
        "mean": {
          "btc": 5.151614945555481e-06,
          "eth": 8.608391023153337e-05
        },
        "std": {
          "btc": 0.004459358526160528,
          "eth": 0.006133389122656511
        },
        "min": {
          "btc": -0.019619547762256384,
          "eth": -0.030096491146448856
        },
        "max": {
          "btc": 0.022874680739771724,
          "eth": 0.041842617860856635
        }
      },
      "hedge_table": [
        {
          "target": "BTC",
          "hedge": "ETH",
          "hedge_ratio_units": 0.6666915803971437,
          "target_w": 0.5999910311910961,
          "hedge_w": -0.4000089688089038
        },
        {
          "target": "ETH",
          "hedge": "BTC",
          "hedge_ratio_units": 1.261192057160061,
          "target_w": 0.4422446102415324,
          "hedge_w": -0.5577553897584676
        }
      ],
      "examples": [
        {
          "target": "BTC",
          "hedge": "ETH",
          "target_dollars": 59.999103119109606,
          "hedge_dollars": -40.00089688089038,
          "hedge_units_per_target_unit": -0.6666915803971437
        },
        {
          "target": "ETH",
          "hedge": "BTC",
          "target_dollars": 44.224461024153236,
          "hedge_dollars": -55.775538975846764,
          "hedge_units_per_target_unit": -1.261192057160061
        }
      ]
    },
    "60": {
      "lookback_days": 60,
      "corr": 0.9148795808935594,
      "stats": {
        "mean": {
          "btc": 6.296640240892947e-05,
          "eth": 0.0001136656202274215
        },
        "std": {
          "btc": 0.005209683336231352,
          "eth": 0.0067001706541724455
        },
        "min": {
          "btc": -0.03612262483146145,
          "eth": -0.04038541666666662
        },
        "max": {
          "btc": 0.029223763595974894,
          "eth": 0.041842617860856635
        }
      },
      "hedge_table": [
        {
          "target": "BTC",
          "hedge": "ETH",
          "hedge_ratio_units": 0.7113599269701272,
          "target_w": 0.5843306158105779,
          "hedge_w": -0.4156693841894221
        },
        {
          "target": "ETH",
          "hedge": "BTC",
          "hedge_ratio_units": 1.1766260873043586,
          "target_w": 0.4594266354854037,
          "hedge_w": -0.5405733645145964
        }
      ],
      "examples": [
        {
          "target": "BTC",
          "hedge": "ETH",
          "target_dollars": 58.433061581057785,
          "hedge_dollars": -41.566938418942215,
          "hedge_units_per_target_unit": -0.7113599269701272
        },
        {
          "target": "ETH",
          "hedge": "BTC",
          "target_dollars": 45.94266354854037,
          "hedge_dollars": -54.05733645145963,
          "hedge_units_per_target_unit": -1.1766260873043586
        }
      ]
    },
    "120": {
      "lookback_days": 120,
      "corr": 0.9020253701435877,
      "stats": {
        "mean": {
          "btc": -6.670522127815883e-05,
          "eth": -9.444760740714299e-05
        },
        "std": {
          "btc": 0.0052099964525558085,
          "eth": 0.006897636412169251
        },
        "min": {
          "btc": -0.03612262483146145,
          "eth": -0.04170398539552955
        },
        "max": {
          "btc": 0.0349913262434709,
          "eth": 0.04377388676562077
        }
      },
      "hedge_table": [
        {
          "target": "BTC",
          "hedge": "ETH",
          "hedge_ratio_units": 0.6813274428719072,
          "target_w": 0.594768142421967,
          "hedge_w": -0.40523185757803304
        },
        {
          "target": "ETH",
          "hedge": "BTC",
          "hedge_ratio_units": 1.1942125286382257,
          "target_w": 0.4557443670329514,
          "hedge_w": -0.5442556329670485
        }
      ],
      "examples": [
        {
          "target": "BTC",
          "hedge": "ETH",
          "target_dollars": 59.476814242196696,
          "hedge_dollars": -40.523185757803304,
          "hedge_units_per_target_unit": -0.6813274428719072
        },
        {
          "target": "ETH",
          "hedge": "BTC",
          "target_dollars": 45.57443670329514,
          "hedge_dollars": -54.42556329670485,
          "hedge_units_per_target_unit": -1.1942125286382257
        }
      ]
    },
    "150": {
      "lookback_days": 150,
      "corr": 0.8998781923314864,
      "stats": {
        "mean": {
          "btc": -8.574047699489417e-05,
          "eth": -9.943956761184851e-05
        },
        "std": {
          "btc": 0.005310883549817039,
          "eth": 0.007215926123884307
        },
        "min": {
          "btc": -0.03714671634653788,
          "eth": -0.05178573218862892
        },
        "max": {
          "btc": 0.0349913262434709,
          "eth": 0.04377388676562077
        }
      },
      "hedge_table": [
        {
          "target": "BTC",
          "hedge": "ETH",
          "hedge_ratio_units": 0.6623056010334798,
          "target_w": 0.6015741024865014,
          "hedge_w": -0.39842589751349855
        },
        {
          "target": "ETH",
          "hedge": "BTC",
          "hedge_ratio_units": 1.2226693534981123,
          "target_w": 0.4499094741312585,
          "hedge_w": -0.5500905258687415
        }
      ],
      "examples": [
        {
          "target": "BTC",
          "hedge": "ETH",
          "target_dollars": 60.157410248650145,
          "hedge_dollars": -39.842589751349855,
          "hedge_units_per_target_unit": -0.6623056010334798
        },
        {
          "target": "ETH",
          "hedge": "BTC",
          "target_dollars": 44.990947413125845,
          "hedge_dollars": -55.009052586874155,
          "hedge_units_per_target_unit": -1.2226693534981123
        }
      ]
    },
    "180": {
      "lookback_days": 180,
      "corr": 0.8948083646224683,
      "stats": {
        "mean": {
          "btc": -8.814891489205178e-05,
          "eth": -0.00010974549675952906
        },
        "std": {
          "btc": 0.005213806006142336,
          "eth": 0.007213016044941153
        },
        "min": {
          "btc": -0.03714671634653788,
          "eth": -0.05178573218862892
        },
        "max": {
          "btc": 0.0349913262434709,
          "eth": 0.04377388676562077
        }
      },
      "hedge_table": [
        {
          "target": "BTC",
          "hedge": "ETH",
          "hedge_ratio_units": 0.6467970120608666,
          "target_w": 0.6072393820708726,
          "hedge_w": -0.39276061792912736
        },
        {
          "target": "ETH",
          "hedge": "BTC",
          "hedge_ratio_units": 1.2379185346684753,
          "target_w": 0.44684379011505876,
          "hedge_w": -0.5531562098849413
        }
      ],
      "examples": [
        {
          "target": "BTC",
          "hedge": "ETH",
          "target_dollars": 60.72393820708726,
          "hedge_dollars": -39.276061792912735,
          "hedge_units_per_target_unit": -0.6467970120608666
        },
        {
          "target": "ETH",
          "hedge": "BTC",
          "target_dollars": 44.684379011505875,
          "hedge_dollars": -55.31562098849413,
          "hedge_units_per_target_unit": -1.2379185346684753
        }
      ]
    }
  },
  "example_notional": 100.0,
  "provider": "cryptocompare"
}