{
  "generated_at": "2026-03-29T08:37:40.141320Z",
  "lookbacks": {
    "30": {
      "lookback_days": 30,
      "corr": 0.918594989698202,
      "stats": {
        "mean": {
          "btc": 1.1441047644770137e-06,
          "eth": 2.035804005600174e-05
        },
        "std": {
          "btc": 0.005486995747418418,
          "eth": 0.007027476401942488
        },
        "min": {
          "btc": -0.03612262483146145,
          "eth": -0.04038541666666662
        },
        "max": {
          "btc": 0.029223763595974894,
          "eth": 0.041842617860856635
        }
      },
      "hedge_table": [
        {
          "target": "BTC",
          "hedge": "ETH",
          "hedge_ratio_units": 0.7172314090845877,
          "target_w": 0.5823326982663767,
          "hedge_w": -0.4176673017336234
        },
        {
          "target": "ETH",
          "hedge": "BTC",
          "hedge_ratio_units": 1.176491637720683,
          "target_w": 0.4594550158930285,
          "hedge_w": -0.5405449841069716
        }
      ],
      "examples": [
        {
          "target": "BTC",
          "hedge": "ETH",
          "target_dollars": 58.23326982663767,
          "hedge_dollars": -41.76673017336234,
          "hedge_units_per_target_unit": -0.7172314090845877
        },
        {
          "target": "ETH",
          "hedge": "BTC",
          "target_dollars": 45.94550158930285,
          "hedge_dollars": -54.054498410697164,
          "hedge_units_per_target_unit": -1.176491637720683
        }
      ]
    },
    "60": {
      "lookback_days": 60,
      "corr": 0.9023186232838791,
      "stats": {
        "mean": {
          "btc": -0.0001848486994837177,
          "eth": -0.00025112661047653343
        },
        "std": {
          "btc": 0.006171799378439966,
          "eth": 0.008033659875013598
        },
        "min": {
          "btc": -0.03612262483146145,
          "eth": -0.04170398539552955
        },
        "max": {
          "btc": 0.0349913262434709,
          "eth": 0.04260060177264258
        }
      },
      "hedge_table": [
        {
          "target": "BTC",
          "hedge": "ETH",
          "hedge_ratio_units": 0.6931995634590922,
          "target_w": 0.590597837125039,
          "hedge_w": -0.409402162874961
        },
        {
          "target": "ETH",
          "hedge": "BTC",
          "hedge_ratio_units": 1.1745230967286409,
          "target_w": 0.4598709489471062,
          "hedge_w": -0.5401290510528939
        }
      ],
      "examples": [
        {
          "target": "BTC",
          "hedge": "ETH",
          "target_dollars": 59.0597837125039,
          "hedge_dollars": -40.9402162874961,
          "hedge_units_per_target_unit": -0.6931995634590922
        },
        {
          "target": "ETH",
          "hedge": "BTC",
          "target_dollars": 45.987094894710616,
          "hedge_dollars": -54.01290510528939,
          "hedge_units_per_target_unit": -1.1745230967286409
        }
      ]
    },
    "120": {
      "lookback_days": 120,
      "corr": 0.8992814309656322,
      "stats": {
        "mean": {
          "btc": -9.226208655554346e-05,
          "eth": -0.00011494816536841038
        },
        "std": {
          "btc": 0.005311508402975526,
          "eth": 0.007138308332149288
        },
        "min": {
          "btc": -0.03714671634653788,
          "eth": -0.05178573218862892
        },
        "max": {
          "btc": 0.0349913262434709,
          "eth": 0.04377388676562077
        }
      },
      "hedge_table": [
        {
          "target": "BTC",
          "hedge": "ETH",
          "hedge_ratio_units": 0.6691418547586936,
          "target_w": 0.5991102536605969,
          "hedge_w": -0.40088974633940316
        },
        {
          "target": "ETH",
          "hedge": "BTC",
          "hedge_ratio_units": 1.2085734681343938,
          "target_w": 0.45278095314832834,
          "hedge_w": -0.5472190468516717
        }
      ],
      "examples": [
        {
          "target": "BTC",
          "hedge": "ETH",
          "target_dollars": 59.91102536605969,
          "hedge_dollars": -40.08897463394032,
          "hedge_units_per_target_unit": -0.6691418547586936
        },
        {
          "target": "ETH",
          "hedge": "BTC",
          "target_dollars": 45.27809531483283,
          "hedge_dollars": -54.72190468516717,
          "hedge_units_per_target_unit": -1.2085734681343938
        }
      ]
    },
    "150": {
      "lookback_days": 150,
      "corr": 0.8943289047144563,
      "stats": {
        "mean": {
          "btc": -0.00012522264988801485,
          "eth": -0.00015784959170661564
        },
        "std": {
          "btc": 0.0053417986757145226,
          "eth": 0.00736403724739965
        },
        "min": {
          "btc": -0.03714671634653788,
          "eth": -0.05178573218862892
        },
        "max": {
          "btc": 0.0349913262434709,
          "eth": 0.04377388676562077
        }
      },
      "hedge_table": [
        {
          "target": "BTC",
          "hedge": "ETH",
          "hedge_ratio_units": 0.648737207371384,
          "target_w": 0.6065247969955871,
          "hedge_w": -0.3934752030044128
        },
        {
          "target": "ETH",
          "hedge": "BTC",
          "hedge_ratio_units": 1.2328939680345512,
          "target_w": 0.4478492997498779,
          "hedge_w": -0.5521507002501221
        }
      ],
      "examples": [
        {
          "target": "BTC",
          "hedge": "ETH",
          "target_dollars": 60.65247969955871,
          "hedge_dollars": -39.34752030044128,
          "hedge_units_per_target_unit": -0.648737207371384
        },
        {
          "target": "ETH",
          "hedge": "BTC",
          "target_dollars": 44.78492997498779,
          "hedge_dollars": -55.21507002501222,
          "hedge_units_per_target_unit": -1.2328939680345512
        }
      ]
    },
    "180": {
      "lookback_days": 180,
      "corr": 0.8829831696194264,
      "stats": {
        "mean": {
          "btc": -0.00010812872400102902,
          "eth": -0.00014093648190883004
        },
        "std": {
          "btc": 0.005214018148576212,
          "eth": 0.007368002818888791
        },
        "min": {
          "btc": -0.03714671634653788,
          "eth": -0.05178573218862892
        },
        "max": {
          "btc": 0.0349913262434709,
          "eth": 0.04377388676562077
        }
      },
      "hedge_table": [
        {
          "target": "BTC",
          "hedge": "ETH",
          "hedge_ratio_units": 0.6248491462951659,
          "target_w": 0.61544174871871,
          "hedge_w": -0.38455825128128995
        },
        {
          "target": "ETH",
          "hedge": "BTC",
          "hedge_ratio_units": 1.2477560103168863,
          "target_w": 0.4448881441803023,
          "hedge_w": -0.5551118558196977
        }
      ],
      "examples": [
        {
          "target": "BTC",
          "hedge": "ETH",
          "target_dollars": 61.54417487187101,
          "hedge_dollars": -38.45582512812899,
          "hedge_units_per_target_unit": -0.6248491462951659
        },
        {
          "target": "ETH",
          "hedge": "BTC",
          "target_dollars": 44.48881441803023,
          "hedge_dollars": -55.51118558196977,
          "hedge_units_per_target_unit": -1.2477560103168863
        }
      ]
    }
  },
  "example_notional": 100.0,
  "provider": "cryptocompare"
}