{
  "generated_at": "2026-07-01T17:52:24.126039Z",
  "lookbacks": {
    "30": {
      "lookback_days": 30,
      "corr": 0.8998647543731204,
      "stats": {
        "mean": {
          "btc": -0.006543935182964489,
          "eth": -0.007795251599795603
        },
        "std": {
          "btc": 0.02284369323591415,
          "eth": 0.03420070208008914
        },
        "min": {
          "btc": -0.06600964303204149,
          "eth": -0.10658012901637759
        },
        "max": {
          "btc": 0.039313475306052226,
          "eth": 0.07539563557614826
        }
      },
      "hedge_table": [
        {
          "target": "BTC",
          "hedge": "ETH",
          "hedge_ratio_units": 0.6010471467683163,
          "target_w": 0.6245912258227256,
          "hedge_w": -0.37540877417727436
        },
        {
          "target": "ETH",
          "hedge": "BTC",
          "hedge_ratio_units": 1.3472430249721001,
          "target_w": 0.4260317271629282,
          "hedge_w": -0.5739682728370719
        }
      ],
      "examples": [
        {
          "target": "BTC",
          "hedge": "ETH",
          "target_dollars": 62.45912258227256,
          "hedge_dollars": -37.54087741772744,
          "hedge_units_per_target_unit": -0.6010471467683163
        },
        {
          "target": "ETH",
          "hedge": "BTC",
          "target_dollars": 42.60317271629282,
          "hedge_dollars": -57.39682728370718,
          "hedge_units_per_target_unit": -1.3472430249721001
        }
      ]
    },
    "60": {
      "lookback_days": 60,
      "corr": 0.8715917350462289,
      "stats": {
        "mean": {
          "btc": -0.004816166155603569,
          "eth": -0.0062334236482716925
        },
        "std": {
          "btc": 0.01873111877086173,
          "eth": 0.02594438861588234
        },
        "min": {
          "btc": -0.06600964303204149,
          "eth": -0.10658012901637759
        },
        "max": {
          "btc": 0.039313475306052226,
          "eth": 0.07539563557614826
        }
      },
      "hedge_table": [
        {
          "target": "BTC",
          "hedge": "ETH",
          "hedge_ratio_units": 0.6292647150242795,
          "target_w": 0.6137738028562768,
          "hedge_w": -0.3862261971437233
        },
        {
          "target": "ETH",
          "hedge": "BTC",
          "hedge_ratio_units": 1.207237803841559,
          "target_w": 0.45305494417482467,
          "hedge_w": -0.5469450558251754
        }
      ],
      "examples": [
        {
          "target": "BTC",
          "hedge": "ETH",
          "target_dollars": 61.37738028562768,
          "hedge_dollars": -38.622619714372334,
          "hedge_units_per_target_unit": -0.6292647150242795
        },
        {
          "target": "ETH",
          "hedge": "BTC",
          "target_dollars": 45.305494417482464,
          "hedge_dollars": -54.694505582517536,
          "hedge_units_per_target_unit": -1.207237803841559
        }
      ]
    },
    "120": {
      "lookback_days": 120,
      "corr": 0.9117533935348509,
      "stats": {
        "mean": {
          "btc": -0.0010798375224799976,
          "eth": -0.0015604317278344825
        },
        "std": {
          "btc": 0.020887685178347253,
          "eth": 0.028336395643880692
        },
        "min": {
          "btc": -0.06600964303204149,
          "eth": -0.10658012901637759
        },
        "max": {
          "btc": 0.06364240856302605,
          "eth": 0.08197502974334592
        }
      },
      "hedge_table": [
        {
          "target": "BTC",
          "hedge": "ETH",
          "hedge_ratio_units": 0.6720832841193901,
          "target_w": 0.5980563345722665,
          "hedge_w": -0.4019436654277336
        },
        {
          "target": "ETH",
          "hedge": "BTC",
          "hedge_ratio_units": 1.2368917220006976,
          "target_w": 0.4470489072692309,
          "hedge_w": -0.5529510927307693
        }
      ],
      "examples": [
        {
          "target": "BTC",
          "hedge": "ETH",
          "target_dollars": 59.80563345722665,
          "hedge_dollars": -40.19436654277336,
          "hedge_units_per_target_unit": -0.6720832841193901
        },
        {
          "target": "ETH",
          "hedge": "BTC",
          "target_dollars": 44.70489072692309,
          "hedge_dollars": -55.295109273076925,
          "hedge_units_per_target_unit": -1.2368917220006976
        }
      ]
    },
    "150": {
      "lookback_days": 150,
      "corr": 0.9282867406793045,
      "stats": {
        "mean": {
          "btc": -0.0014814115157060631,
          "eth": -0.0018927493008031133
        },
        "std": {
          "btc": 0.026441559308915053,
          "eth": 0.03401402097784209
        },
        "min": {
          "btc": -0.14101788206180332,
          "eth": -0.15404474276243008
        },
        "max": {
          "btc": 0.12203362664914996,
          "eth": 0.13191787874605776
        }
      },
      "hedge_table": [
        {
          "target": "BTC",
          "hedge": "ETH",
          "hedge_ratio_units": 0.7216244420305664,
          "target_w": 0.5808467721453536,
          "hedge_w": -0.41915322785464637
        },
        {
          "target": "ETH",
          "hedge": "BTC",
          "hedge_ratio_units": 1.1941339881673603,
          "target_w": 0.4557606807026608,
          "hedge_w": -0.5442393192973392
        }
      ],
      "examples": [
        {
          "target": "BTC",
          "hedge": "ETH",
          "target_dollars": 58.08467721453536,
          "hedge_dollars": -41.91532278546464,
          "hedge_units_per_target_unit": -0.7216244420305664
        },
        {
          "target": "ETH",
          "hedge": "BTC",
          "target_dollars": 45.57606807026608,
          "hedge_dollars": -54.42393192973392,
          "hedge_units_per_target_unit": -1.1941339881673603
        }
      ]
    },
    "180": {
      "lookback_days": 180,
      "corr": 0.9246032766542421,
      "stats": {
        "mean": {
          "btc": -0.002060227423584112,
          "eth": -0.0032385893517177535
        },
        "std": {
          "btc": 0.025817193612647487,
          "eth": 0.034445090348651494
        },
        "min": {
          "btc": -0.14101788206180332,
          "eth": -0.15404474276243008
        },
        "max": {
          "btc": 0.12203362664914996,
          "eth": 0.13191787874605776
        }
      },
      "hedge_table": [
        {
          "target": "BTC",
          "hedge": "ETH",
          "hedge_ratio_units": 0.6930062184959651,
          "target_w": 0.590665284672363,
          "hedge_w": -0.409334715327637
        },
        {
          "target": "ETH",
          "hedge": "BTC",
          "hedge_ratio_units": 1.2335981934695126,
          "target_w": 0.4477080984949541,
          "hedge_w": -0.5522919015050459
        }
      ],
      "examples": [
        {
          "target": "BTC",
          "hedge": "ETH",
          "target_dollars": 59.0665284672363,
          "hedge_dollars": -40.9334715327637,
          "hedge_units_per_target_unit": -0.6930062184959651
        },
        {
          "target": "ETH",
          "hedge": "BTC",
          "target_dollars": 44.77080984949541,
          "hedge_dollars": -55.22919015050459,
          "hedge_units_per_target_unit": -1.2335981934695126
        }
      ]
    }
  },
  "example_notional": 100.0,
  "provider": "coingecko"
}