{
  "generated_at": "2026-04-20T09:56:16.514125Z",
  "lookbacks": {
    "30": {
      "lookback_days": 30,
      "corr": 0.9192204691051814,
      "stats": {
        "mean": {
          "btc": 9.58964436586932e-05,
          "eth": 0.00011696005835902938
        },
        "std": {
          "btc": 0.004437222628274486,
          "eth": 0.006053479761224224
        },
        "min": {
          "btc": -0.019619547762256384,
          "eth": -0.030096491146448856
        },
        "max": {
          "btc": 0.022874680739771724,
          "eth": 0.041842617860856635
        }
      },
      "hedge_table": [
        {
          "target": "BTC",
          "hedge": "ETH",
          "hedge_ratio_units": 0.6737919389791974,
          "target_w": 0.5974458214979063,
          "hedge_w": -0.4025541785020937
        },
        {
          "target": "ETH",
          "hedge": "BTC",
          "hedge_ratio_units": 1.2540462744361167,
          "target_w": 0.4436466151300132,
          "hedge_w": -0.5563533848699868
        }
      ],
      "examples": [
        {
          "target": "BTC",
          "hedge": "ETH",
          "target_dollars": 59.744582149790624,
          "hedge_dollars": -40.25541785020937,
          "hedge_units_per_target_unit": -0.6737919389791974
        },
        {
          "target": "ETH",
          "hedge": "BTC",
          "target_dollars": 44.364661513001316,
          "hedge_dollars": -55.63533848699868,
          "hedge_units_per_target_unit": -1.2540462744361167
        }
      ]
    },
    "60": {
      "lookback_days": 60,
      "corr": 0.9160982539145396,
      "stats": {
        "mean": {
          "btc": 9.415815732317191e-05,
          "eth": 0.00013716968316046743
        },
        "std": {
          "btc": 0.00508066198237136,
          "eth": 0.0066222483062240095
        },
        "min": {
          "btc": -0.03612262483146145,
          "eth": -0.04038541666666662
        },
        "max": {
          "btc": 0.029223763595974894,
          "eth": 0.041842617860856635
        }
      },
      "hedge_table": [
        {
          "target": "BTC",
          "hedge": "ETH",
          "hedge_ratio_units": 0.7028406902842799,
          "target_w": 0.587253996046486,
          "hedge_w": -0.41274600395351396
        },
        {
          "target": "ETH",
          "hedge": "BTC",
          "hedge_ratio_units": 1.194062925534121,
          "target_w": 0.45577544215444993,
          "hedge_w": -0.54422455784555
        }
      ],
      "examples": [
        {
          "target": "BTC",
          "hedge": "ETH",
          "target_dollars": 58.7253996046486,
          "hedge_dollars": -41.2746003953514,
          "hedge_units_per_target_unit": -0.7028406902842799
        },
        {
          "target": "ETH",
          "hedge": "BTC",
          "target_dollars": 45.577544215444995,
          "hedge_dollars": -54.422455784555,
          "hedge_units_per_target_unit": -1.194062925534121
        }
      ]
    },
    "120": {
      "lookback_days": 120,
      "corr": 0.9011483021421783,
      "stats": {
        "mean": {
          "btc": -4.422994394348918e-05,
          "eth": -6.657075248464128e-05
        },
        "std": {
          "btc": 0.005163109459246795,
          "eth": 0.006841868646869357
        },
        "min": {
          "btc": -0.03612262483146145,
          "eth": -0.04170398539552955
        },
        "max": {
          "btc": 0.0349913262434709,
          "eth": 0.04377388676562077
        }
      },
      "hedge_table": [
        {
          "target": "BTC",
          "hedge": "ETH",
          "hedge_ratio_units": 0.6800375106738457,
          "target_w": 0.5952248051883736,
          "hedge_w": -0.4047751948116263
        },
        {
          "target": "ETH",
          "hedge": "BTC",
          "hedge_ratio_units": 1.1941521602963587,
          "target_w": 0.455756906059301,
          "hedge_w": -0.5442430939406989
        }
      ],
      "examples": [
        {
          "target": "BTC",
          "hedge": "ETH",
          "target_dollars": 59.52248051883736,
          "hedge_dollars": -40.47751948116263,
          "hedge_units_per_target_unit": -0.6800375106738457
        },
        {
          "target": "ETH",
          "hedge": "BTC",
          "target_dollars": 45.575690605930106,
          "hedge_dollars": -54.424309394069894,
          "hedge_units_per_target_unit": -1.1941521602963587
        }
      ]
    },
    "150": {
      "lookback_days": 150,
      "corr": 0.9001393805146461,
      "stats": {
        "mean": {
          "btc": -1.3080047233302298e-05,
          "eth": -1.8103180910178083e-05
        },
        "std": {
          "btc": 0.005182020443115475,
          "eth": 0.006979294074248866
        },
        "min": {
          "btc": -0.03714671634653788,
          "eth": -0.05178573218862892
        },
        "max": {
          "btc": 0.0349913262434709,
          "eth": 0.04377388676562077
        }
      },
      "hedge_table": [
        {
          "target": "BTC",
          "hedge": "ETH",
          "hedge_ratio_units": 0.6683398953900948,
          "target_w": 0.5993982417870418,
          "hedge_w": -0.40060175821295824
        },
        {
          "target": "ETH",
          "hedge": "BTC",
          "hedge_ratio_units": 1.2123335894535607,
          "target_w": 0.4520113986277254,
          "hedge_w": -0.5479886013722746
        }
      ],
      "examples": [
        {
          "target": "BTC",
          "hedge": "ETH",
          "target_dollars": 59.939824178704185,
          "hedge_dollars": -40.06017582129582,
          "hedge_units_per_target_unit": -0.6683398953900948
        },
        {
          "target": "ETH",
          "hedge": "BTC",
          "target_dollars": 45.201139862772536,
          "hedge_dollars": -54.79886013722746,
          "hedge_units_per_target_unit": -1.2123335894535607
        }
      ]
    },
    "180": {
      "lookback_days": 180,
      "corr": 0.8947501857735618,
      "stats": {
        "mean": {
          "btc": -7.007835354992038e-05,
          "eth": -9.078744791106269e-05
        },
        "std": {
          "btc": 0.005173713549574326,
          "eth": 0.007146111346164224
        },
        "min": {
          "btc": -0.03714671634653788,
          "eth": -0.05178573218862892
        },
        "max": {
          "btc": 0.0349913262434709,
          "eth": 0.04377388676562077
        }
      },
      "hedge_table": [
        {
          "target": "BTC",
          "hedge": "ETH",
          "hedge_ratio_units": 0.6477902365886868,
          "target_w": 0.6068733615452383,
          "hedge_w": -0.3931266384547616
        },
        {
          "target": "ETH",
          "hedge": "BTC",
          "hedge_ratio_units": 1.235859773308298,
          "target_w": 0.4472552402158685,
          "hedge_w": -0.5527447597841316
        }
      ],
      "examples": [
        {
          "target": "BTC",
          "hedge": "ETH",
          "target_dollars": 60.68733615452383,
          "hedge_dollars": -39.31266384547616,
          "hedge_units_per_target_unit": -0.6477902365886868
        },
        {
          "target": "ETH",
          "hedge": "BTC",
          "target_dollars": 44.72552402158685,
          "hedge_dollars": -55.274475978413165,
          "hedge_units_per_target_unit": -1.235859773308298
        }
      ]
    }
  },
  "example_notional": 100.0,
  "provider": "cryptocompare"
}