{
  "generated_at": "2026-06-05T03:35:03.078377Z",
  "lookbacks": {
    "30": {
      "lookback_days": 30,
      "corr": 0.87673704216975,
      "stats": {
        "mean": {
          "btc": -0.00035233215489809746,
          "eth": -0.0004185649426317872
        },
        "std": {
          "btc": 0.003943525279593244,
          "eth": 0.005144718264302658
        },
        "min": {
          "btc": -0.020668693538518745,
          "eth": -0.02232136709767152
        },
        "max": {
          "btc": 0.01956138016199982,
          "eth": 0.0384557017519207
        }
      },
      "hedge_table": [
        {
          "target": "BTC",
          "hedge": "ETH",
          "hedge_ratio_units": 0.6720357678946401,
          "target_w": 0.5980733302488855,
          "hedge_w": -0.4019266697511145
        },
        {
          "target": "ETH",
          "hedge": "BTC",
          "hedge_ratio_units": 1.1437900746275034,
          "target_w": 0.46646358327494175,
          "hedge_w": -0.5335364167250582
        }
      ],
      "examples": [
        {
          "target": "BTC",
          "hedge": "ETH",
          "target_dollars": 59.80733302488856,
          "hedge_dollars": -40.19266697511145,
          "hedge_units_per_target_unit": -0.6720357678946401
        },
        {
          "target": "ETH",
          "hedge": "BTC",
          "target_dollars": 46.64635832749418,
          "hedge_dollars": -53.35364167250582,
          "hedge_units_per_target_unit": -1.1437900746275034
        }
      ]
    },
    "60": {
      "lookback_days": 60,
      "corr": 0.8915986095399947,
      "stats": {
        "mean": {
          "btc": -5.914858047528535e-05,
          "eth": -0.0001292764608407126
        },
        "std": {
          "btc": 0.003957644567575466,
          "eth": 0.005220184978602393
        },
        "min": {
          "btc": -0.020668693538518745,
          "eth": -0.02913186092280784
        },
        "max": {
          "btc": 0.022681960554355562,
          "eth": 0.0410922552310693
        }
      },
      "hedge_table": [
        {
          "target": "BTC",
          "hedge": "ETH",
          "hedge_ratio_units": 0.6759588803783203,
          "target_w": 0.5966733502281788,
          "hedge_w": -0.40332664977182114
        },
        {
          "target": "ETH",
          "hedge": "BTC",
          "hedge_ratio_units": 1.1760302343964115,
          "target_w": 0.45955243828557396,
          "hedge_w": -0.540447561714426
        }
      ],
      "examples": [
        {
          "target": "BTC",
          "hedge": "ETH",
          "target_dollars": 59.66733502281788,
          "hedge_dollars": -40.33266497718211,
          "hedge_units_per_target_unit": -0.6759588803783203
        },
        {
          "target": "ETH",
          "hedge": "BTC",
          "target_dollars": 45.95524382855739,
          "hedge_dollars": -54.0447561714426,
          "hedge_units_per_target_unit": -1.1760302343964115
        }
      ]
    },
    "120": {
      "lookback_days": 120,
      "corr": 0.9034206315911977,
      "stats": {
        "mean": {
          "btc": -2.9298564819799895e-05,
          "eth": -4.65245455425251e-05
        },
        "std": {
          "btc": 0.004955481096825192,
          "eth": 0.006316488727216852
        },
        "min": {
          "btc": -0.03612262483146145,
          "eth": -0.04170398539552955
        },
        "max": {
          "btc": 0.0349913262434709,
          "eth": 0.041842617860856635
        }
      },
      "hedge_table": [
        {
          "target": "BTC",
          "hedge": "ETH",
          "hedge_ratio_units": 0.7087614742415038,
          "target_w": 0.5852191865713069,
          "hedge_w": -0.4147808134286931
        },
        {
          "target": "ETH",
          "hedge": "BTC",
          "hedge_ratio_units": 1.1515423273507903,
          "target_w": 0.46478286171172256,
          "hedge_w": -0.5352171382882775
        }
      ],
      "examples": [
        {
          "target": "BTC",
          "hedge": "ETH",
          "target_dollars": 58.52191865713069,
          "hedge_dollars": -41.47808134286931,
          "hedge_units_per_target_unit": -0.7087614742415038
        },
        {
          "target": "ETH",
          "hedge": "BTC",
          "target_dollars": 46.47828617117226,
          "hedge_dollars": -53.52171382882776,
          "hedge_units_per_target_unit": -1.1515423273507903
        }
      ]
    },
    "150": {
      "lookback_days": 150,
      "corr": 0.8990669307111085,
      "stats": {
        "mean": {
          "btc": -9.925485868946852e-05,
          "eth": -0.0001506217174445304
        },
        "std": {
          "btc": 0.004963883281676799,
          "eth": 0.006557148191127228
        },
        "min": {
          "btc": -0.03612262483146145,
          "eth": -0.04170398539552955
        },
        "max": {
          "btc": 0.0349913262434709,
          "eth": 0.04377388676562077
        }
      },
      "hedge_table": [
        {
          "target": "BTC",
          "hedge": "ETH",
          "hedge_ratio_units": 0.6806104081198356,
          "target_w": 0.5950219010714917,
          "hedge_w": -0.4049780989285084
        },
        {
          "target": "ETH",
          "hedge": "BTC",
          "hedge_ratio_units": 1.1876417642969275,
          "target_w": 0.4571132332177722,
          "hedge_w": -0.5428867667822279
        }
      ],
      "examples": [
        {
          "target": "BTC",
          "hedge": "ETH",
          "target_dollars": 59.50219010714917,
          "hedge_dollars": -40.49780989285084,
          "hedge_units_per_target_unit": -0.6806104081198356
        },
        {
          "target": "ETH",
          "hedge": "BTC",
          "target_dollars": 45.71132332177722,
          "hedge_dollars": -54.28867667822279,
          "hedge_units_per_target_unit": -1.1876417642969275
        }
      ]
    },
    "180": {
      "lookback_days": 180,
      "corr": 0.898478938657834,
      "stats": {
        "mean": {
          "btc": -7.051853790437854e-05,
          "eth": -0.00010947434522729074
        },
        "std": {
          "btc": 0.00485233656220133,
          "eth": 0.006483135450498101
        },
        "min": {
          "btc": -0.03612262483146145,
          "eth": -0.04988725258205495
        },
        "max": {
          "btc": 0.0349913262434709,
          "eth": 0.04377388676562077
        }
      },
      "hedge_table": [
        {
          "target": "BTC",
          "hedge": "ETH",
          "hedge_ratio_units": 0.6724712506326389,
          "target_w": 0.5979176022438257,
          "hedge_w": -0.40208239775617427
        },
        {
          "target": "ETH",
          "hedge": "BTC",
          "hedge_ratio_units": 1.2004444836151138,
          "target_w": 0.45445363763829133,
          "hedge_w": -0.5455463623617087
        }
      ],
      "examples": [
        {
          "target": "BTC",
          "hedge": "ETH",
          "target_dollars": 59.79176022438257,
          "hedge_dollars": -40.20823977561743,
          "hedge_units_per_target_unit": -0.6724712506326389
        },
        {
          "target": "ETH",
          "hedge": "BTC",
          "target_dollars": 45.445363763829135,
          "hedge_dollars": -54.55463623617087,
          "hedge_units_per_target_unit": -1.2004444836151138
        }
      ]
    }
  },
  "example_notional": 100.0,
  "provider": "cryptocompare"
}