{
  "generated_at": "2026-05-08T17:14:00.157705Z",
  "lookbacks": {
    "30": {
      "lookback_days": 30,
      "corr": 0.8922918317876735,
      "stats": {
        "mean": {
          "btc": 0.0001670152817255223,
          "eth": 6.961532806456254e-05
        },
        "std": {
          "btc": 0.003727311614782338,
          "eth": 0.004902379933679397
        },
        "min": {
          "btc": -0.019619547762256384,
          "eth": -0.02913186092280784
        },
        "max": {
          "btc": 0.019739125410830338,
          "eth": 0.0410922552310693
        }
      },
      "hedge_table": [
        {
          "target": "BTC",
          "hedge": "ETH",
          "hedge_ratio_units": 0.678415331612506,
          "target_w": 0.5958000866443878,
          "hedge_w": -0.4041999133556122
        },
        {
          "target": "ETH",
          "hedge": "BTC",
          "hedge_ratio_units": 1.1735948112826005,
          "target_w": 0.46006734779143005,
          "hedge_w": -0.5399326522085699
        }
      ],
      "examples": [
        {
          "target": "BTC",
          "hedge": "ETH",
          "target_dollars": 59.58000866443878,
          "hedge_dollars": -40.419991335561214,
          "hedge_units_per_target_unit": -0.678415331612506
        },
        {
          "target": "ETH",
          "hedge": "BTC",
          "target_dollars": 46.006734779143,
          "hedge_dollars": -53.99326522085699,
          "hedge_units_per_target_unit": -1.1735948112826005
        }
      ]
    },
    "60": {
      "lookback_days": 60,
      "corr": 0.9057811675990628,
      "stats": {
        "mean": {
          "btc": 0.00011624922916748787,
          "eth": 0.00010707922274960951
        },
        "std": {
          "btc": 0.004239759181797773,
          "eth": 0.005615735951964158
        },
        "min": {
          "btc": -0.019619547762256384,
          "eth": -0.030096491146448856
        },
        "max": {
          "btc": 0.022874680739771724,
          "eth": 0.041842617860856635
        }
      },
      "hedge_table": [
        {
          "target": "BTC",
          "hedge": "ETH",
          "hedge_ratio_units": 0.6838451905283143,
          "target_w": 0.593878823080075,
          "hedge_w": -0.40612117691992494
        },
        {
          "target": "ETH",
          "hedge": "BTC",
          "hedge_ratio_units": 1.199744525428744,
          "target_w": 0.454598244678024,
          "hedge_w": -0.545401755321976
        }
      ],
      "examples": [
        {
          "target": "BTC",
          "hedge": "ETH",
          "target_dollars": 59.3878823080075,
          "hedge_dollars": -40.612117691992495,
          "hedge_units_per_target_unit": -0.6838451905283143
        },
        {
          "target": "ETH",
          "hedge": "BTC",
          "target_dollars": 45.4598244678024,
          "hedge_dollars": -54.5401755321976,
          "hedge_units_per_target_unit": -1.199744525428744
        }
      ]
    },
    "120": {
      "lookback_days": 120,
      "corr": 0.9015424274927305,
      "stats": {
        "mean": {
          "btc": -3.255829287185174e-05,
          "eth": -8.311199720319889e-05
        },
        "std": {
          "btc": 0.005164976659064058,
          "eth": 0.00683216988440004
        },
        "min": {
          "btc": -0.03612262483146145,
          "eth": -0.04170398539552955
        },
        "max": {
          "btc": 0.0349913262434709,
          "eth": 0.04377388676562077
        }
      },
      "hedge_table": [
        {
          "target": "BTC",
          "hedge": "ETH",
          "hedge_ratio_units": 0.6815471034741117,
          "target_w": 0.5946904478227099,
          "hedge_w": -0.40530955217729026
        },
        {
          "target": "ETH",
          "hedge": "BTC",
          "hedge_ratio_units": 1.1925496336591186,
          "target_w": 0.4560900171418754,
          "hedge_w": -0.5439099828581246
        }
      ],
      "examples": [
        {
          "target": "BTC",
          "hedge": "ETH",
          "target_dollars": 59.469044782270984,
          "hedge_dollars": -40.53095521772902,
          "hedge_units_per_target_unit": -0.6815471034741117
        },
        {
          "target": "ETH",
          "hedge": "BTC",
          "target_dollars": 45.60900171418754,
          "hedge_dollars": -54.390998285812465,
          "hedge_units_per_target_unit": -1.1925496336591186
        }
      ]
    },
    "150": {
      "lookback_days": 150,
      "corr": 0.9007408860159816,
      "stats": {
        "mean": {
          "btc": -3.308688648986777e-05,
          "eth": -8.56071204098359e-05
        },
        "std": {
          "btc": 0.004964359001819079,
          "eth": 0.006587861319888172
        },
        "min": {
          "btc": -0.03612262483146145,
          "eth": -0.04988725258205495
        },
        "max": {
          "btc": 0.0349913262434709,
          "eth": 0.04377388676562077
        }
      },
      "hedge_table": [
        {
          "target": "BTC",
          "hedge": "ETH",
          "hedge_ratio_units": 0.6787637001860622,
          "target_w": 0.5956764492162697,
          "hedge_w": -0.4043235507837303
        },
        {
          "target": "ETH",
          "hedge": "BTC",
          "hedge_ratio_units": 1.1953116283596974,
          "target_w": 0.4555161950958117,
          "hedge_w": -0.5444838049041882
        }
      ],
      "examples": [
        {
          "target": "BTC",
          "hedge": "ETH",
          "target_dollars": 59.56764492162697,
          "hedge_dollars": -40.43235507837303,
          "hedge_units_per_target_unit": -0.6787637001860622
        },
        {
          "target": "ETH",
          "hedge": "BTC",
          "target_dollars": 45.55161950958117,
          "hedge_dollars": -54.44838049041883,
          "hedge_units_per_target_unit": -1.1953116283596974
        }
      ]
    },
    "180": {
      "lookback_days": 180,
      "corr": 0.8986223135974107,
      "stats": {
        "mean": {
          "btc": -4.954526400483682e-05,
          "eth": -7.661587002138134e-05
        },
        "std": {
          "btc": 0.0050938392322257275,
          "eth": 0.0069061144021394395
        },
        "min": {
          "btc": -0.03714671634653788,
          "eth": -0.05178573218862892
        },
        "max": {
          "btc": 0.0349913262434709,
          "eth": 0.04377388676562077
        }
      },
      "hedge_table": [
        {
          "target": "BTC",
          "hedge": "ETH",
          "hedge_ratio_units": 0.662809407637079,
          "target_w": 0.6013918344502521,
          "hedge_w": -0.3986081655497479
        },
        {
          "target": "ETH",
          "hedge": "BTC",
          "hedge_ratio_units": 1.2183322282252844,
          "target_w": 0.45078910511074466,
          "hedge_w": -0.5492108948892555
        }
      ],
      "examples": [
        {
          "target": "BTC",
          "hedge": "ETH",
          "target_dollars": 60.13918344502521,
          "hedge_dollars": -39.86081655497479,
          "hedge_units_per_target_unit": -0.662809407637079
        },
        {
          "target": "ETH",
          "hedge": "BTC",
          "target_dollars": 45.07891051107447,
          "hedge_dollars": -54.921089488925546,
          "hedge_units_per_target_unit": -1.2183322282252844
        }
      ]
    }
  },
  "example_notional": 100.0,
  "provider": "cryptocompare"
}