{
  "generated_at": "2026-02-17T08:42:45.037540Z",
  "lookbacks": {
    "30": {
      "lookback_days": 30,
      "corr": 0.8917354415200576,
      "stats": {
        "mean": {
          "btc": -0.00044403649098423474,
          "eth": -0.0006835958956943147
        },
        "std": {
          "btc": 0.006532332843688947,
          "eth": 0.008893654065211047
        },
        "min": {
          "btc": -0.031142278584685545,
          "eth": -0.04170398539552955
        },
        "max": {
          "btc": 0.0349913262434709,
          "eth": 0.04377388676562077
        }
      },
      "hedge_table": [
        {
          "target": "BTC",
          "hedge": "ETH",
          "hedge_ratio_units": 0.654974060134495,
          "target_w": 0.6042390778733613,
          "hedge_w": -0.39576092212663877
        },
        {
          "target": "ETH",
          "hedge": "BTC",
          "hedge_ratio_units": 1.2140818179878514,
          "target_w": 0.45165449256468576,
          "hedge_w": -0.5483455074353142
        }
      ],
      "examples": [
        {
          "target": "BTC",
          "hedge": "ETH",
          "target_dollars": 60.42390778733613,
          "hedge_dollars": -39.57609221266388,
          "hedge_units_per_target_unit": -0.654974060134495
        },
        {
          "target": "ETH",
          "hedge": "BTC",
          "target_dollars": 45.16544925646858,
          "hedge_dollars": -54.834550743531416,
          "hedge_units_per_target_unit": -1.2140818179878514
        }
      ]
    },
    "60": {
      "lookback_days": 60,
      "corr": 0.8857848166812324,
      "stats": {
        "mean": {
          "btc": -0.0001647251307042229,
          "eth": -0.00025527804457106754
        },
        "std": {
          "btc": 0.005190595517574486,
          "eth": 0.00698567133158622
        },
        "min": {
          "btc": -0.031142278584685545,
          "eth": -0.04170398539552955
        },
        "max": {
          "btc": 0.0349913262434709,
          "eth": 0.04377388676562077
        }
      },
      "hedge_table": [
        {
          "target": "BTC",
          "hedge": "ETH",
          "hedge_ratio_units": 0.6581687687212078,
          "target_w": 0.6030749214817304,
          "hedge_w": -0.3969250785182695
        },
        {
          "target": "ETH",
          "hedge": "BTC",
          "hedge_ratio_units": 1.1921178560135504,
          "target_w": 0.4561798524001524,
          "hedge_w": -0.5438201475998475
        }
      ],
      "examples": [
        {
          "target": "BTC",
          "hedge": "ETH",
          "target_dollars": 60.30749214817304,
          "hedge_dollars": -39.69250785182695,
          "hedge_units_per_target_unit": -0.6581687687212078
        },
        {
          "target": "ETH",
          "hedge": "BTC",
          "target_dollars": 45.617985240015244,
          "hedge_dollars": -54.382014759984756,
          "hedge_units_per_target_unit": -1.1921178560135504
        }
      ]
    },
    "120": {
      "lookback_days": 120,
      "corr": 0.8868807701633304,
      "stats": {
        "mean": {
          "btc": -0.00015566343818203414,
          "eth": -0.0002214443394465352
        },
        "std": {
          "btc": 0.005255910073076362,
          "eth": 0.007432857554978144
        },
        "min": {
          "btc": -0.03714671634653788,
          "eth": -0.05178573218862892
        },
        "max": {
          "btc": 0.0349913262434709,
          "eth": 0.04377388676562077
        }
      },
      "hedge_table": [
        {
          "target": "BTC",
          "hedge": "ETH",
          "hedge_ratio_units": 0.6271296791362869,
          "target_w": 0.614579165276378,
          "hedge_w": -0.38542083472362204
        },
        {
          "target": "ETH",
          "hedge": "BTC",
          "hedge_ratio_units": 1.254218268809709,
          "target_w": 0.44361276538142347,
          "hedge_w": -0.5563872346185765
        }
      ],
      "examples": [
        {
          "target": "BTC",
          "hedge": "ETH",
          "target_dollars": 61.4579165276378,
          "hedge_dollars": -38.5420834723622,
          "hedge_units_per_target_unit": -0.6271296791362869
        },
        {
          "target": "ETH",
          "hedge": "BTC",
          "target_dollars": 44.36127653814235,
          "hedge_dollars": -55.63872346185765,
          "hedge_units_per_target_unit": -1.254218268809709
        }
      ]
    },
    "150": {
      "lookback_days": 150,
      "corr": 0.8738951568556731,
      "stats": {
        "mean": {
          "btc": -0.00013452029638079377,
          "eth": -0.00019968913072553255
        },
        "std": {
          "btc": 0.005026505697804815,
          "eth": 0.007364835868149594
        },
        "min": {
          "btc": -0.03714671634653788,
          "eth": -0.05178573218862892
        },
        "max": {
          "btc": 0.0349913262434709,
          "eth": 0.04377388676562077
        }
      },
      "hedge_table": [
        {
          "target": "BTC",
          "hedge": "ETH",
          "hedge_ratio_units": 0.5964340636857558,
          "target_w": 0.6263960552753787,
          "hedge_w": -0.3736039447246214
        },
        {
          "target": "ETH",
          "hedge": "BTC",
          "hedge_ratio_units": 1.2804311350972226,
          "target_w": 0.438513570793431,
          "hedge_w": -0.5614864292065691
        }
      ],
      "examples": [
        {
          "target": "BTC",
          "hedge": "ETH",
          "target_dollars": 62.63960552753787,
          "hedge_dollars": -37.36039447246214,
          "hedge_units_per_target_unit": -0.5964340636857558
        },
        {
          "target": "ETH",
          "hedge": "BTC",
          "target_dollars": 43.8513570793431,
          "hedge_dollars": -56.14864292065691,
          "hedge_units_per_target_unit": -1.2804311350972226
        }
      ]
    },
    "180": {
      "lookback_days": 180,
      "corr": 0.8630460556093749,
      "stats": {
        "mean": {
          "btc": -0.00010637393589111604,
          "eth": -0.0001528558365980756
        },
        "std": {
          "btc": 0.004791685343101025,
          "eth": 0.007215551747323692
        },
        "min": {
          "btc": -0.03714671634653788,
          "eth": -0.05178573218862892
        },
        "max": {
          "btc": 0.0349913262434709,
          "eth": 0.0757825447476439
        }
      },
      "hedge_table": [
        {
          "target": "BTC",
          "hedge": "ETH",
          "hedge_ratio_units": 0.5731294403949726,
          "target_w": 0.6356755994274225,
          "hedge_w": -0.3643244005725774
        },
        {
          "target": "ETH",
          "hedge": "BTC",
          "hedge_ratio_units": 1.2996165291903121,
          "target_w": 0.4348551105397111,
          "hedge_w": -0.5651448894602888
        }
      ],
      "examples": [
        {
          "target": "BTC",
          "hedge": "ETH",
          "target_dollars": 63.56755994274225,
          "hedge_dollars": -36.43244005725774,
          "hedge_units_per_target_unit": -0.5731294403949726
        },
        {
          "target": "ETH",
          "hedge": "BTC",
          "target_dollars": 43.48551105397111,
          "hedge_dollars": -56.514488946028884,
          "hedge_units_per_target_unit": -1.2996165291903121
        }
      ]
    }
  },
  "example_notional": 100.0,
  "provider": "cryptocompare"
}