{
  "generated_at": "2026-04-22T09:18:35.815126Z",
  "lookbacks": {
    "30": {
      "lookback_days": 30,
      "corr": 0.916701295795898,
      "stats": {
        "mean": {
          "btc": 0.00018957057058353565,
          "eth": 0.00023271149221708808
        },
        "std": {
          "btc": 0.004414968128822373,
          "eth": 0.006006210173676052
        },
        "min": {
          "btc": -0.019619547762256384,
          "eth": -0.02913186092280784
        },
        "max": {
          "btc": 0.022874680739771724,
          "eth": 0.041842617860856635
        }
      },
      "hedge_table": [
        {
          "target": "BTC",
          "hedge": "ETH",
          "hedge_ratio_units": 0.6738370599029504,
          "target_w": 0.5974297164014162,
          "hedge_w": -0.40257028359858377
        },
        {
          "target": "ETH",
          "hedge": "BTC",
          "hedge_ratio_units": 1.247098617334744,
          "target_w": 0.44501829705457596,
          "hedge_w": -0.554981702945424
        }
      ],
      "examples": [
        {
          "target": "BTC",
          "hedge": "ETH",
          "target_dollars": 59.74297164014162,
          "hedge_dollars": -40.257028359858374,
          "hedge_units_per_target_unit": -0.6738370599029504
        },
        {
          "target": "ETH",
          "hedge": "BTC",
          "target_dollars": 44.501829705457595,
          "hedge_dollars": -55.498170294542405,
          "hedge_units_per_target_unit": -1.247098617334744
        }
      ]
    },
    "60": {
      "lookback_days": 60,
      "corr": 0.9163599946743428,
      "stats": {
        "mean": {
          "btc": 0.00010621153395968187,
          "eth": 0.00015503715531412673
        },
        "std": {
          "btc": 0.0050923699425673655,
          "eth": 0.006638922194764991
        },
        "min": {
          "btc": -0.03612262483146145,
          "eth": -0.04038541666666662
        },
        "max": {
          "btc": 0.029223763595974894,
          "eth": 0.041842617860856635
        }
      },
      "hedge_table": [
        {
          "target": "BTC",
          "hedge": "ETH",
          "hedge_ratio_units": 0.702891818363297,
          "target_w": 0.5872363641755773,
          "hedge_w": -0.41276363582442277
        },
        {
          "target": "ETH",
          "hedge": "BTC",
          "hedge_ratio_units": 1.194658435198268,
          "target_w": 0.4556517697523436,
          "hedge_w": -0.5443482302476563
        }
      ],
      "examples": [
        {
          "target": "BTC",
          "hedge": "ETH",
          "target_dollars": 58.723636417557735,
          "hedge_dollars": -41.27636358244228,
          "hedge_units_per_target_unit": -0.702891818363297
        },
        {
          "target": "ETH",
          "hedge": "BTC",
          "target_dollars": 45.56517697523436,
          "hedge_dollars": -54.434823024765635,
          "hedge_units_per_target_unit": -1.194658435198268
        }
      ]
    },
    "120": {
      "lookback_days": 120,
      "corr": 0.9016283996028518,
      "stats": {
        "mean": {
          "btc": -2.6768818692755907e-05,
          "eth": -5.1474728843693266e-05
        },
        "std": {
          "btc": 0.0051784716522253705,
          "eth": 0.006852604578522558
        },
        "min": {
          "btc": -0.03612262483146145,
          "eth": -0.04170398539552955
        },
        "max": {
          "btc": 0.0349913262434709,
          "eth": 0.04377388676562077
        }
      },
      "hedge_table": [
        {
          "target": "BTC",
          "hedge": "ETH",
          "hedge_ratio_units": 0.6813551044253248,
          "target_w": 0.5947583573321311,
          "hedge_w": -0.40524164266786883
        },
        {
          "target": "ETH",
          "hedge": "BTC",
          "hedge_ratio_units": 1.1931132029252975,
          "target_w": 0.45597281465733003,
          "hedge_w": -0.54402718534267
        }
      ],
      "examples": [
        {
          "target": "BTC",
          "hedge": "ETH",
          "target_dollars": 59.47583573321311,
          "hedge_dollars": -40.52416426678688,
          "hedge_units_per_target_unit": -0.6813551044253248
        },
        {
          "target": "ETH",
          "hedge": "BTC",
          "target_dollars": 45.597281465733005,
          "hedge_dollars": -54.402718534267,
          "hedge_units_per_target_unit": -1.1931132029252975
        }
      ]
    },
    "150": {
      "lookback_days": 150,
      "corr": 0.8998647204850091,
      "stats": {
        "mean": {
          "btc": -1.4012874462703465e-05,
          "eth": -2.0601572042007382e-05
        },
        "std": {
          "btc": 0.005145744499763682,
          "eth": 0.006941642760443515
        },
        "min": {
          "btc": -0.03714671634653788,
          "eth": -0.05178573218862892
        },
        "max": {
          "btc": 0.0349913262434709,
          "eth": 0.04377388676562077
        }
      },
      "hedge_table": [
        {
          "target": "BTC",
          "hedge": "ETH",
          "hedge_ratio_units": 0.6670573660680961,
          "target_w": 0.5998593811792988,
          "hedge_w": -0.4001406188207011
        },
        {
          "target": "ETH",
          "hedge": "BTC",
          "hedge_ratio_units": 1.2139233540686218,
          "target_w": 0.4516868202154592,
          "hedge_w": -0.5483131797845409
        }
      ],
      "examples": [
        {
          "target": "BTC",
          "hedge": "ETH",
          "target_dollars": 59.985938117929884,
          "hedge_dollars": -40.01406188207011,
          "hedge_units_per_target_unit": -0.6670573660680961
        },
        {
          "target": "ETH",
          "hedge": "BTC",
          "target_dollars": 45.16868202154592,
          "hedge_dollars": -54.83131797845409,
          "hedge_units_per_target_unit": -1.2139233540686218
        }
      ]
    },
    "180": {
      "lookback_days": 180,
      "corr": 0.8959088641096229,
      "stats": {
        "mean": {
          "btc": -6.862399187248452e-05,
          "eth": -9.124524339895863e-05
        },
        "std": {
          "btc": 0.005179933063602457,
          "eth": 0.007140454353173203
        },
        "min": {
          "btc": -0.03714671634653788,
          "eth": -0.05178573218862892
        },
        "max": {
          "btc": 0.0349913262434709,
          "eth": 0.04377388676562077
        }
      },
      "hedge_table": [
        {
          "target": "BTC",
          "hedge": "ETH",
          "hedge_ratio_units": 0.6499233406784005,
          "target_w": 0.606088765062763,
          "hedge_w": -0.3939112349372371
        },
        {
          "target": "ETH",
          "hedge": "BTC",
          "hedge_ratio_units": 1.2349959488335545,
          "target_w": 0.44742810407414857,
          "hedge_w": -0.5525718959258514
        }
      ],
      "examples": [
        {
          "target": "BTC",
          "hedge": "ETH",
          "target_dollars": 60.608876506276296,
          "hedge_dollars": -39.39112349372371,
          "hedge_units_per_target_unit": -0.6499233406784005
        },
        {
          "target": "ETH",
          "hedge": "BTC",
          "target_dollars": 44.74281040741486,
          "hedge_dollars": -55.25718959258514,
          "hedge_units_per_target_unit": -1.2349959488335545
        }
      ]
    }
  },
  "example_notional": 100.0,
  "provider": "cryptocompare"
}