{
  "generated_at": "2026-02-09T02:03:20.158013Z",
  "lookbacks": {
    "30": {
      "lookback_days": 30,
      "corr": 0.8914527564864114,
      "stats": {
        "mean": {
          "btc": -0.00033508599539288503,
          "eth": -0.0005210191340826583
        },
        "std": {
          "btc": 0.00608628244271836,
          "eth": 0.008447217247453466
        },
        "min": {
          "btc": -0.031142278584685545,
          "eth": -0.04170398539552955
        },
        "max": {
          "btc": 0.0349913262434709,
          "eth": 0.04377388676562077
        }
      },
      "hedge_table": [
        {
          "target": "BTC",
          "hedge": "ETH",
          "hedge_ratio_units": 0.6422982979337682,
          "target_w": 0.6089027804864283,
          "hedge_w": -0.3910972195135718
        },
        {
          "target": "ETH",
          "hedge": "BTC",
          "hedge_ratio_units": 1.237256925020167,
          "target_w": 0.44697593236457894,
          "hedge_w": -0.5530240676354211
        }
      ],
      "examples": [
        {
          "target": "BTC",
          "hedge": "ETH",
          "target_dollars": 60.890278048642834,
          "hedge_dollars": -39.10972195135718,
          "hedge_units_per_target_unit": -0.6422982979337682
        },
        {
          "target": "ETH",
          "hedge": "BTC",
          "target_dollars": 44.69759323645789,
          "hedge_dollars": -55.30240676354211,
          "hedge_units_per_target_unit": -1.237256925020167
        }
      ]
    },
    "60": {
      "lookback_days": 60,
      "corr": 0.8934418998673672,
      "stats": {
        "mean": {
          "btc": -0.00015858285693390507,
          "eth": -0.0002772793687997183
        },
        "std": {
          "btc": 0.005172341647964124,
          "eth": 0.00709914953844302
        },
        "min": {
          "btc": -0.031142278584685545,
          "eth": -0.04988725258205495
        },
        "max": {
          "btc": 0.0349913262434709,
          "eth": 0.04377388676562077
        }
      },
      "hedge_table": [
        {
          "target": "BTC",
          "hedge": "ETH",
          "hedge_ratio_units": 0.6509493459316101,
          "target_w": 0.6057121028360276,
          "hedge_w": -0.39428789716397233
        },
        {
          "target": "ETH",
          "hedge": "BTC",
          "hedge_ratio_units": 1.2262681166016178,
          "target_w": 0.4491821953262722,
          "hedge_w": -0.5508178046737278
        }
      ],
      "examples": [
        {
          "target": "BTC",
          "hedge": "ETH",
          "target_dollars": 60.57121028360276,
          "hedge_dollars": -39.42878971639723,
          "hedge_units_per_target_unit": -0.6509493459316101
        },
        {
          "target": "ETH",
          "hedge": "BTC",
          "target_dollars": 44.91821953262722,
          "hedge_dollars": -55.081780467372774,
          "hedge_units_per_target_unit": -1.2262681166016178
        }
      ]
    },
    "120": {
      "lookback_days": 120,
      "corr": 0.8838437038125471,
      "stats": {
        "mean": {
          "btc": -0.00014513426584366265,
          "eth": -0.00018219596090202623
        },
        "std": {
          "btc": 0.005179733361669349,
          "eth": 0.007504548546266728
        },
        "min": {
          "btc": -0.03714671634653788,
          "eth": -0.05178573218862892
        },
        "max": {
          "btc": 0.0349913262434709,
          "eth": 0.04377388676562077
        }
      },
      "hedge_table": [
        {
          "target": "BTC",
          "hedge": "ETH",
          "hedge_ratio_units": 0.610039989869437,
          "target_w": 0.6211025852103791,
          "hedge_w": -0.3788974147896208
        },
        {
          "target": "ETH",
          "hedge": "BTC",
          "hedge_ratio_units": 1.2805384986913275,
          "target_w": 0.43849292637411896,
          "hedge_w": -0.5615070736258811
        }
      ],
      "examples": [
        {
          "target": "BTC",
          "hedge": "ETH",
          "target_dollars": 62.110258521037906,
          "hedge_dollars": -37.88974147896208,
          "hedge_units_per_target_unit": -0.610039989869437
        },
        {
          "target": "ETH",
          "hedge": "BTC",
          "target_dollars": 43.8492926374119,
          "hedge_dollars": -56.150707362588115,
          "hedge_units_per_target_unit": -1.2805384986913275
        }
      ]
    },
    "150": {
      "lookback_days": 150,
      "corr": 0.8719964635812923,
      "stats": {
        "mean": {
          "btc": -0.00012586841039683903,
          "eth": -0.0001904986422012879
        },
        "std": {
          "btc": 0.004877427378558864,
          "eth": 0.007243195273312008
        },
        "min": {
          "btc": -0.03714671634653788,
          "eth": -0.05178573218862892
        },
        "max": {
          "btc": 0.0349913262434709,
          "eth": 0.04377388676562077
        }
      },
      "hedge_table": [
        {
          "target": "BTC",
          "hedge": "ETH",
          "hedge_ratio_units": 0.5871855258615911,
          "target_w": 0.6300460681539783,
          "hedge_w": -0.36995393184602166
        },
        {
          "target": "ETH",
          "hedge": "BTC",
          "hedge_ratio_units": 1.2949532967158204,
          "target_w": 0.4357387147838887,
          "hedge_w": -0.5642612852161113
        }
      ],
      "examples": [
        {
          "target": "BTC",
          "hedge": "ETH",
          "target_dollars": 63.004606815397835,
          "hedge_dollars": -36.995393184602165,
          "hedge_units_per_target_unit": -0.5871855258615911
        },
        {
          "target": "ETH",
          "hedge": "BTC",
          "target_dollars": 43.57387147838887,
          "hedge_dollars": -56.42612852161113,
          "hedge_units_per_target_unit": -1.2949532967158204
        }
      ]
    },
    "180": {
      "lookback_days": 180,
      "corr": 0.8571428275742742,
      "stats": {
        "mean": {
          "btc": -0.00011212070967869086,
          "eth": -0.00016150431859869173
        },
        "std": {
          "btc": 0.00469503718330499,
          "eth": 0.007237289601886408
        },
        "min": {
          "btc": -0.03714671634653788,
          "eth": -0.05178573218862892
        },
        "max": {
          "btc": 0.0349913262434709,
          "eth": 0.0757825447476439
        }
      },
      "hedge_table": [
        {
          "target": "BTC",
          "hedge": "ETH",
          "hedge_ratio_units": 0.5560531177052044,
          "target_w": 0.6426515834335745,
          "hedge_w": -0.3573484165664254
        },
        {
          "target": "ETH",
          "hedge": "BTC",
          "hedge_ratio_units": 1.32126554724494,
          "target_w": 0.4307994840085739,
          "hedge_w": -0.5692005159914261
        }
      ],
      "examples": [
        {
          "target": "BTC",
          "hedge": "ETH",
          "target_dollars": 64.26515834335746,
          "hedge_dollars": -35.734841656642544,
          "hedge_units_per_target_unit": -0.5560531177052044
        },
        {
          "target": "ETH",
          "hedge": "BTC",
          "target_dollars": 43.07994840085739,
          "hedge_dollars": -56.92005159914261,
          "hedge_units_per_target_unit": -1.32126554724494
        }
      ]
    }
  },
  "example_notional": 100.0,
  "provider": "cryptocompare"
}