{
  "generated_at": "2026-04-06T16:43:43.279071Z",
  "lookbacks": {
    "30": {
      "lookback_days": 30,
      "corr": 0.9075427819577593,
      "stats": {
        "mean": {
          "btc": 5.71847145800568e-05,
          "eth": 0.00014192033520799179
        },
        "std": {
          "btc": 0.004636286624004283,
          "eth": 0.006058732234342292
        },
        "min": {
          "btc": -0.0193691951400623,
          "eth": -0.030096491146448856
        },
        "max": {
          "btc": 0.022874680739771724,
          "eth": 0.041842617860856635
        }
      },
      "hedge_table": [
        {
          "target": "BTC",
          "hedge": "ETH",
          "hedge_ratio_units": 0.694473414232203,
          "target_w": 0.5901538446108453,
          "hedge_w": -0.4098461553891547
        },
        {
          "target": "ETH",
          "hedge": "BTC",
          "hedge_ratio_units": 1.185983342492993,
          "target_w": 0.45746002751308945,
          "hedge_w": -0.5425399724869104
        }
      ],
      "examples": [
        {
          "target": "BTC",
          "hedge": "ETH",
          "target_dollars": 59.01538446108453,
          "hedge_dollars": -40.98461553891547,
          "hedge_units_per_target_unit": -0.694473414232203
        },
        {
          "target": "ETH",
          "hedge": "BTC",
          "target_dollars": 45.74600275130894,
          "hedge_dollars": -54.25399724869104,
          "hedge_units_per_target_unit": -1.185983342492993
        }
      ]
    },
    "60": {
      "lookback_days": 60,
      "corr": 0.9093905688019285,
      "stats": {
        "mean": {
          "btc": 5.7144156327039896e-05,
          "eth": 9.628596448410475e-05
        },
        "std": {
          "btc": 0.005656905697119188,
          "eth": 0.0070972680176601645
        },
        "min": {
          "btc": -0.03612262483146145,
          "eth": -0.04038541666666662
        },
        "max": {
          "btc": 0.0349913262434709,
          "eth": 0.041842617860856635
        }
      },
      "hedge_table": [
        {
          "target": "BTC",
          "hedge": "ETH",
          "hedge_ratio_units": 0.7248333692290346,
          "target_w": 0.5797661489161585,
          "hedge_w": -0.4202338510838414
        },
        {
          "target": "ETH",
          "hedge": "BTC",
          "hedge_ratio_units": 1.1409397548922453,
          "target_w": 0.4670846051202084,
          "hedge_w": -0.5329153948797918
        }
      ],
      "examples": [
        {
          "target": "BTC",
          "hedge": "ETH",
          "target_dollars": 57.97661489161585,
          "hedge_dollars": -42.02338510838414,
          "hedge_units_per_target_unit": -0.7248333692290346
        },
        {
          "target": "ETH",
          "hedge": "BTC",
          "target_dollars": 46.708460512020835,
          "hedge_dollars": -53.29153948797918,
          "hedge_units_per_target_unit": -1.1409397548922453
        }
      ]
    },
    "120": {
      "lookback_days": 120,
      "corr": 0.9007903590853038,
      "stats": {
        "mean": {
          "btc": -7.69207312498084e-05,
          "eth": -0.00010248541195308012
        },
        "std": {
          "btc": 0.005230856996966952,
          "eth": 0.0069763977569699065
        },
        "min": {
          "btc": -0.03612262483146145,
          "eth": -0.04988725258205495
        },
        "max": {
          "btc": 0.0349913262434709,
          "eth": 0.04377388676562077
        }
      },
      "hedge_table": [
        {
          "target": "BTC",
          "hedge": "ETH",
          "hedge_ratio_units": 0.6754066664152303,
          "target_w": 0.5968700137380029,
          "hedge_w": -0.4031299862619972
        },
        {
          "target": "ETH",
          "hedge": "BTC",
          "hedge_ratio_units": 1.2013847528744692,
          "target_w": 0.45425952855094726,
          "hedge_w": -0.5457404714490527
        }
      ],
      "examples": [
        {
          "target": "BTC",
          "hedge": "ETH",
          "target_dollars": 59.687001373800285,
          "hedge_dollars": -40.31299862619972,
          "hedge_units_per_target_unit": -0.6754066664152303
        },
        {
          "target": "ETH",
          "hedge": "BTC",
          "target_dollars": 45.42595285509473,
          "hedge_dollars": -54.57404714490527,
          "hedge_units_per_target_unit": -1.2013847528744692
        }
      ]
    },
    "150": {
      "lookback_days": 150,
      "corr": 0.8968968074019654,
      "stats": {
        "mean": {
          "btc": -9.115833195694432e-05,
          "eth": -9.86251020172912e-05
        },
        "std": {
          "btc": 0.005293713867954825,
          "eth": 0.007199664803012584
        },
        "min": {
          "btc": -0.03714671634653788,
          "eth": -0.05178573218862892
        },
        "max": {
          "btc": 0.0349913262434709,
          "eth": 0.04377388676562077
        }
      },
      "hedge_table": [
        {
          "target": "BTC",
          "hedge": "ETH",
          "hedge_ratio_units": 0.6594633496661543,
          "target_w": 0.6026044505298517,
          "hedge_w": -0.3973955494701483
        },
        {
          "target": "ETH",
          "hedge": "BTC",
          "hedge_ratio_units": 1.2198159056679472,
          "target_w": 0.45048780732071464,
          "hedge_w": -0.5495121926792852
        }
      ],
      "examples": [
        {
          "target": "BTC",
          "hedge": "ETH",
          "target_dollars": 60.26044505298517,
          "hedge_dollars": -39.73955494701483,
          "hedge_units_per_target_unit": -0.6594633496661543
        },
        {
          "target": "ETH",
          "hedge": "BTC",
          "target_dollars": 45.048780732071464,
          "hedge_dollars": -54.95121926792852,
          "hedge_units_per_target_unit": -1.2198159056679472
        }
      ]
    },
    "180": {
      "lookback_days": 180,
      "corr": 0.8861386786114877,
      "stats": {
        "mean": {
          "btc": -0.00011859822635304528,
          "eth": -0.0001448026357841688
        },
        "std": {
          "btc": 0.005230157106567357,
          "eth": 0.0073530342812371885
        },
        "min": {
          "btc": -0.03714671634653788,
          "eth": -0.05178573218862892
        },
        "max": {
          "btc": 0.0349913262434709,
          "eth": 0.04377388676562077
        }
      },
      "hedge_table": [
        {
          "target": "BTC",
          "hedge": "ETH",
          "hedge_ratio_units": 0.630303671937223,
          "target_w": 0.6133826582208093,
          "hedge_w": -0.38661734177919077
        },
        {
          "target": "ETH",
          "hedge": "BTC",
          "hedge_ratio_units": 1.2458149820353925,
          "target_w": 0.4452726551381785,
          "hedge_w": -0.5547273448618214
        }
      ],
      "examples": [
        {
          "target": "BTC",
          "hedge": "ETH",
          "target_dollars": 61.33826582208093,
          "hedge_dollars": -38.66173417791908,
          "hedge_units_per_target_unit": -0.630303671937223
        },
        {
          "target": "ETH",
          "hedge": "BTC",
          "target_dollars": 44.52726551381785,
          "hedge_dollars": -55.47273448618214,
          "hedge_units_per_target_unit": -1.2458149820353925
        }
      ]
    }
  },
  "example_notional": 100.0,
  "provider": "cryptocompare"
}