{
  "generated_at": "2026-04-15T17:01:24.773714Z",
  "lookbacks": {
    "30": {
      "lookback_days": 30,
      "corr": 0.91372656658707,
      "stats": {
        "mean": {
          "btc": 1.142872845538619e-05,
          "eth": 3.1878451809513713e-05
        },
        "std": {
          "btc": 0.004478671001846254,
          "eth": 0.006143041163472325
        },
        "min": {
          "btc": -0.019619547762256384,
          "eth": -0.030096491146448856
        },
        "max": {
          "btc": 0.022874680739771724,
          "eth": 0.041842617860856635
        }
      },
      "hedge_table": [
        {
          "target": "BTC",
          "hedge": "ETH",
          "hedge_ratio_units": 0.6661652703425657,
          "target_w": 0.6001805569950446,
          "hedge_w": -0.39981944300495553
        },
        {
          "target": "ETH",
          "hedge": "BTC",
          "hedge_ratio_units": 1.2532869479335993,
          "target_w": 0.44379611789659573,
          "hedge_w": -0.5562038821034043
        }
      ],
      "examples": [
        {
          "target": "BTC",
          "hedge": "ETH",
          "target_dollars": 60.01805569950446,
          "hedge_dollars": -39.981944300495556,
          "hedge_units_per_target_unit": -0.6661652703425657
        },
        {
          "target": "ETH",
          "hedge": "BTC",
          "target_dollars": 44.37961178965957,
          "hedge_dollars": -55.62038821034043,
          "hedge_units_per_target_unit": -1.2532869479335993
        }
      ]
    },
    "60": {
      "lookback_days": 60,
      "corr": 0.9149007528270258,
      "stats": {
        "mean": {
          "btc": 5.431566658308316e-05,
          "eth": 0.00010382366101132933
        },
        "std": {
          "btc": 0.005153670256095152,
          "eth": 0.006712071630429473
        },
        "min": {
          "btc": -0.03612262483146145,
          "eth": -0.04038541666666662
        },
        "max": {
          "btc": 0.029223763595974894,
          "eth": 0.041842617860856635
        }
      },
      "hedge_table": [
        {
          "target": "BTC",
          "hedge": "ETH",
          "hedge_ratio_units": 0.7024801069982038,
          "target_w": 0.5873783757527659,
          "hedge_w": -0.41262162424723414
        },
        {
          "target": "ETH",
          "hedge": "BTC",
          "hedge_ratio_units": 1.1915545781079302,
          "target_w": 0.4562971006924892,
          "hedge_w": -0.5437028993075107
        }
      ],
      "examples": [
        {
          "target": "BTC",
          "hedge": "ETH",
          "target_dollars": 58.737837575276586,
          "hedge_dollars": -41.262162424723414,
          "hedge_units_per_target_unit": -0.7024801069982038
        },
        {
          "target": "ETH",
          "hedge": "BTC",
          "target_dollars": 45.629710069248915,
          "hedge_dollars": -54.37028993075107,
          "hedge_units_per_target_unit": -1.1915545781079302
        }
      ]
    },
    "120": {
      "lookback_days": 120,
      "corr": 0.9014280760414263,
      "stats": {
        "mean": {
          "btc": -4.5667716418040345e-05,
          "eth": -5.6181501827989106e-05
        },
        "std": {
          "btc": 0.005223769656039031,
          "eth": 0.006921769419756493
        },
        "min": {
          "btc": -0.03612262483146145,
          "eth": -0.04170398539552955
        },
        "max": {
          "btc": 0.0349913262434709,
          "eth": 0.04377388676562077
        }
      },
      "hedge_table": [
        {
          "target": "BTC",
          "hedge": "ETH",
          "hedge_ratio_units": 0.6802960840166941,
          "target_w": 0.5951332086720883,
          "hedge_w": -0.4048667913279117
        },
        {
          "target": "ETH",
          "hedge": "BTC",
          "hedge_ratio_units": 1.1944395908882042,
          "target_w": 0.4556972104186508,
          "hedge_w": -0.5443027895813491
        }
      ],
      "examples": [
        {
          "target": "BTC",
          "hedge": "ETH",
          "target_dollars": 59.51332086720883,
          "hedge_dollars": -40.48667913279117,
          "hedge_units_per_target_unit": -0.6802960840166941
        },
        {
          "target": "ETH",
          "hedge": "BTC",
          "target_dollars": 45.56972104186508,
          "hedge_dollars": -54.43027895813491,
          "hedge_units_per_target_unit": -1.1944395908882042
        }
      ]
    },
    "150": {
      "lookback_days": 150,
      "corr": 0.9008262452316993,
      "stats": {
        "mean": {
          "btc": -5.2581801724083975e-05,
          "eth": -4.850966092114173e-05
        },
        "std": {
          "btc": 0.0052882648423706775,
          "eth": 0.007143602861868345
        },
        "min": {
          "btc": -0.03714671634653788,
          "eth": -0.05178573218862892
        },
        "max": {
          "btc": 0.0349913262434709,
          "eth": 0.04377388676562077
        }
      },
      "hedge_table": [
        {
          "target": "BTC",
          "hedge": "ETH",
          "hedge_ratio_units": 0.6668634656571112,
          "target_w": 0.5999291607280982,
          "hedge_w": -0.4000708392719017
        },
        {
          "target": "ETH",
          "hedge": "BTC",
          "hedge_ratio_units": 1.2168726671787622,
          "target_w": 0.45108589898066653,
          "hedge_w": -0.5489141010193334
        }
      ],
      "examples": [
        {
          "target": "BTC",
          "hedge": "ETH",
          "target_dollars": 59.99291607280982,
          "hedge_dollars": -40.007083927190166,
          "hedge_units_per_target_unit": -0.6668634656571112
        },
        {
          "target": "ETH",
          "hedge": "BTC",
          "target_dollars": 45.108589898066654,
          "hedge_dollars": -54.89141010193334,
          "hedge_units_per_target_unit": -1.2168726671787622
        }
      ]
    },
    "180": {
      "lookback_days": 180,
      "corr": 0.8949992528447418,
      "stats": {
        "mean": {
          "btc": -7.118549480356116e-05,
          "eth": -8.833189092536876e-05
        },
        "std": {
          "btc": 0.005202724230183803,
          "eth": 0.007184334374584606
        },
        "min": {
          "btc": -0.03714671634653788,
          "eth": -0.05178573218862892
        },
        "max": {
          "btc": 0.0349913262434709,
          "eth": 0.04377388676562077
        }
      },
      "hedge_table": [
        {
          "target": "BTC",
          "hedge": "ETH",
          "hedge_ratio_units": 0.6481371907249195,
          "target_w": 0.606745606875213,
          "hedge_w": -0.39325439312478694
        },
        {
          "target": "ETH",
          "hedge": "BTC",
          "hedge_ratio_units": 1.235885972993971,
          "target_w": 0.4472499993642101,
          "hedge_w": -0.5527500006357898
        }
      ],
      "examples": [
        {
          "target": "BTC",
          "hedge": "ETH",
          "target_dollars": 60.67456068752129,
          "hedge_dollars": -39.32543931247869,
          "hedge_units_per_target_unit": -0.6481371907249195
        },
        {
          "target": "ETH",
          "hedge": "BTC",
          "target_dollars": 44.724999936421014,
          "hedge_dollars": -55.275000063578986,
          "hedge_units_per_target_unit": -1.235885972993971
        }
      ]
    }
  },
  "example_notional": 100.0,
  "provider": "cryptocompare"
}