{
  "generated_at": "2026-05-21T11:20:38.455316Z",
  "lookbacks": {
    "30": {
      "lookback_days": 30,
      "corr": 0.8842459565494027,
      "stats": {
        "mean": {
          "btc": 2.7899224693503704e-05,
          "eth": -0.00011258627638766508
        },
        "std": {
          "btc": 0.003353619475468853,
          "eth": 0.0042786528596943565
        },
        "min": {
          "btc": -0.020668693538518745,
          "eth": -0.025174966013795874
        },
        "max": {
          "btc": 0.018403612886388032,
          "eth": 0.02102707121219405
        }
      },
      "hedge_table": [
        {
          "target": "BTC",
          "hedge": "ETH",
          "hedge_ratio_units": 0.6930743292879562,
          "target_w": 0.5906415227620648,
          "hedge_w": -0.40935847723793517
        },
        {
          "target": "ETH",
          "hedge": "BTC",
          "hedge_ratio_units": 1.128148711664533,
          "target_w": 0.4698919744277877,
          "hedge_w": -0.5301080255722124
        }
      ],
      "examples": [
        {
          "target": "BTC",
          "hedge": "ETH",
          "target_dollars": 59.064152276206485,
          "hedge_dollars": -40.935847723793515,
          "hedge_units_per_target_unit": -0.6930743292879562
        },
        {
          "target": "ETH",
          "hedge": "BTC",
          "target_dollars": 46.98919744277877,
          "hedge_dollars": -53.01080255722124,
          "hedge_units_per_target_unit": -1.128148711664533
        }
      ]
    },
    "60": {
      "lookback_days": 60,
      "corr": 0.904725412411977,
      "stats": {
        "mean": {
          "btc": 8.98697150551814e-05,
          "eth": 2.453714283574939e-05
        },
        "std": {
          "btc": 0.003917996180269066,
          "eth": 0.005197016731903859
        },
        "min": {
          "btc": -0.020668693538518745,
          "eth": -0.02913186092280784
        },
        "max": {
          "btc": 0.022874680739771724,
          "eth": 0.041842617860856635
        }
      },
      "hedge_table": [
        {
          "target": "BTC",
          "hedge": "ETH",
          "hedge_ratio_units": 0.6820664417456903,
          "target_w": 0.594506837055839,
          "hedge_w": -0.405493162944161
        },
        {
          "target": "ETH",
          "hedge": "BTC",
          "hedge_ratio_units": 1.2000708754546987,
          "target_w": 0.45453081132821477,
          "hedge_w": -0.5454691886717852
        }
      ],
      "examples": [
        {
          "target": "BTC",
          "hedge": "ETH",
          "target_dollars": 59.4506837055839,
          "hedge_dollars": -40.5493162944161,
          "hedge_units_per_target_unit": -0.6820664417456903
        },
        {
          "target": "ETH",
          "hedge": "BTC",
          "target_dollars": 45.453081132821474,
          "hedge_dollars": -54.54691886717852,
          "hedge_units_per_target_unit": -1.2000708754546987
        }
      ]
    },
    "120": {
      "lookback_days": 120,
      "corr": 0.9033091955041175,
      "stats": {
        "mean": {
          "btc": -3.4490177731714515e-05,
          "eth": -8.980325666456958e-05
        },
        "std": {
          "btc": 0.005154965544319101,
          "eth": 0.00680797606147117
        },
        "min": {
          "btc": -0.03612262483146145,
          "eth": -0.04170398539552955
        },
        "max": {
          "btc": 0.0349913262434709,
          "eth": 0.04377388676562077
        }
      },
      "hedge_table": [
        {
          "target": "BTC",
          "hedge": "ETH",
          "hedge_ratio_units": 0.6839812209451395,
          "target_w": 0.5938308501081425,
          "hedge_w": -0.40616914989185743
        },
        {
          "target": "ETH",
          "hedge": "BTC",
          "hedge_ratio_units": 1.1929676980820836,
          "target_w": 0.45600306875225555,
          "hedge_w": -0.5439969312477444
        }
      ],
      "examples": [
        {
          "target": "BTC",
          "hedge": "ETH",
          "target_dollars": 59.38308501081425,
          "hedge_dollars": -40.616914989185744,
          "hedge_units_per_target_unit": -0.6839812209451395
        },
        {
          "target": "ETH",
          "hedge": "BTC",
          "target_dollars": 45.600306875225556,
          "hedge_dollars": -54.39969312477444,
          "hedge_units_per_target_unit": -1.1929676980820836
        }
      ]
    },
    "150": {
      "lookback_days": 150,
      "corr": 0.8996202942965827,
      "stats": {
        "mean": {
          "btc": -3.11430003494379e-05,
          "eth": -8.179380242024326e-05
        },
        "std": {
          "btc": 0.004859237381191784,
          "eth": 0.006411162499879199
        },
        "min": {
          "btc": -0.03612262483146145,
          "eth": -0.04170398539552955
        },
        "max": {
          "btc": 0.0349913262434709,
          "eth": 0.04377388676562077
        }
      },
      "hedge_table": [
        {
          "target": "BTC",
          "hedge": "ETH",
          "hedge_ratio_units": 0.6818527159477048,
          "target_w": 0.5945823855547966,
          "hedge_w": -0.4054176144452034
        },
        {
          "target": "ETH",
          "hedge": "BTC",
          "hedge_ratio_units": 1.1869376699415264,
          "target_w": 0.45726040286586567,
          "hedge_w": -0.5427395971341342
        }
      ],
      "examples": [
        {
          "target": "BTC",
          "hedge": "ETH",
          "target_dollars": 59.45823855547966,
          "hedge_dollars": -40.54176144452034,
          "hedge_units_per_target_unit": -0.6818527159477048
        },
        {
          "target": "ETH",
          "hedge": "BTC",
          "target_dollars": 45.72604028658657,
          "hedge_dollars": -54.27395971341342,
          "hedge_units_per_target_unit": -1.1869376699415264
        }
      ]
    },
    "180": {
      "lookback_days": 180,
      "corr": 0.898576504947018,
      "stats": {
        "mean": {
          "btc": -6.963143983133588e-06,
          "eth": -3.6582456943193295e-05
        },
        "std": {
          "btc": 0.004887495476650866,
          "eth": 0.006570365074559301
        },
        "min": {
          "btc": -0.03714671634653788,
          "eth": -0.05178573218862892
        },
        "max": {
          "btc": 0.0349913262434709,
          "eth": 0.04377388676562077
        }
      },
      "hedge_table": [
        {
          "target": "BTC",
          "hedge": "ETH",
          "hedge_ratio_units": 0.6684238323922768,
          "target_w": 0.5993680865647584,
          "hedge_w": -0.4006319134352417
        },
        {
          "target": "ETH",
          "hedge": "BTC",
          "hedge_ratio_units": 1.2079756826637766,
          "target_w": 0.4529035386809905,
          "hedge_w": -0.5470964613190097
        }
      ],
      "examples": [
        {
          "target": "BTC",
          "hedge": "ETH",
          "target_dollars": 59.93680865647584,
          "hedge_dollars": -40.06319134352417,
          "hedge_units_per_target_unit": -0.6684238323922768
        },
        {
          "target": "ETH",
          "hedge": "BTC",
          "target_dollars": 45.29035386809905,
          "hedge_dollars": -54.70964613190097,
          "hedge_units_per_target_unit": -1.2079756826637766
        }
      ]
    }
  },
  "example_notional": 100.0,
  "provider": "cryptocompare"
}