{
  "generated_at": "2026-01-19T16:27:19.816975Z",
  "lookbacks": {
    "30": {
      "lookback_days": 30,
      "corr": 0.8665520492786201,
      "stats": {
        "mean": {
          "btc": 8.176896765497399e-05,
          "eth": 0.00011787302705206557
        },
        "std": {
          "btc": 0.0033882083912682866,
          "eth": 0.004379397307263136
        },
        "min": {
          "btc": -0.019039367237945193,
          "eth": -0.022667238766945097
        },
        "max": {
          "btc": 0.019859354511182037,
          "eth": 0.03730338759129537
        }
      },
      "hedge_table": [
        {
          "target": "BTC",
          "hedge": "ETH",
          "hedge_ratio_units": 0.670425339113937,
          "target_w": 0.5986499226181767,
          "hedge_w": -0.40135007738182327
        },
        {
          "target": "ETH",
          "hedge": "BTC",
          "hedge_ratio_units": 1.1200538080816191,
          "target_w": 0.471686141261138,
          "hedge_w": -0.5283138587388622
        }
      ],
      "examples": [
        {
          "target": "BTC",
          "hedge": "ETH",
          "target_dollars": 59.864992261817676,
          "hedge_dollars": -40.135007738182324,
          "hedge_units_per_target_unit": -0.670425339113937
        },
        {
          "target": "ETH",
          "hedge": "BTC",
          "target_dollars": 47.1686141261138,
          "hedge_dollars": -52.83138587388622,
          "hedge_units_per_target_unit": -1.1200538080816191
        }
      ]
    },
    "60": {
      "lookback_days": 60,
      "corr": 0.8911970728100498,
      "stats": {
        "mean": {
          "btc": 5.629184506436428e-05,
          "eth": 0.00010893039827278367
        },
        "std": {
          "btc": 0.004551636289933317,
          "eth": 0.006301771534792704
        },
        "min": {
          "btc": -0.03714671634653788,
          "eth": -0.05178573218862892
        },
        "max": {
          "btc": 0.026004133739085944,
          "eth": 0.04132265866066209
        }
      },
      "hedge_table": [
        {
          "target": "BTC",
          "hedge": "ETH",
          "hedge_ratio_units": 0.6436927958572847,
          "target_w": 0.6083861914588728,
          "hedge_w": -0.39161380854112715
        },
        {
          "target": "ETH",
          "hedge": "BTC",
          "hedge_ratio_units": 1.233868434906786,
          "target_w": 0.4476539371673997,
          "hedge_w": -0.5523460628326002
        }
      ],
      "examples": [
        {
          "target": "BTC",
          "hedge": "ETH",
          "target_dollars": 60.838619145887286,
          "hedge_dollars": -39.161380854112714,
          "hedge_units_per_target_unit": -0.6436927958572847
        },
        {
          "target": "ETH",
          "hedge": "BTC",
          "target_dollars": 44.76539371673997,
          "hedge_dollars": -55.23460628326002,
          "hedge_units_per_target_unit": -1.233868434906786
        }
      ]
    },
    "120": {
      "lookback_days": 120,
      "corr": 0.8675561396031187,
      "stats": {
        "mean": {
          "btc": -6.485286388942404e-05,
          "eth": -9.179670854904725e-05
        },
        "std": {
          "btc": 0.004591941536671891,
          "eth": 0.006951029119805286
        },
        "min": {
          "btc": -0.03714671634653788,
          "eth": -0.05178573218862892
        },
        "max": {
          "btc": 0.03468753462614105,
          "eth": 0.04368288914132212
        }
      },
      "hedge_table": [
        {
          "target": "BTC",
          "hedge": "ETH",
          "hedge_ratio_units": 0.5731190308910507,
          "target_w": 0.635679805763698,
          "hedge_w": -0.3643201942363019
        },
        {
          "target": "ETH",
          "hedge": "BTC",
          "hedge_ratio_units": 1.3132588778161594,
          "target_w": 0.4322905704976927,
          "hedge_w": -0.5677094295023072
        }
      ],
      "examples": [
        {
          "target": "BTC",
          "hedge": "ETH",
          "target_dollars": 63.5679805763698,
          "hedge_dollars": -36.432019423630194,
          "hedge_units_per_target_unit": -0.5731190308910507
        },
        {
          "target": "ETH",
          "hedge": "BTC",
          "target_dollars": 43.22905704976927,
          "hedge_dollars": -56.77094295023072,
          "hedge_units_per_target_unit": -1.3132588778161594
        }
      ]
    },
    "150": {
      "lookback_days": 150,
      "corr": 0.8569826787105213,
      "stats": {
        "mean": {
          "btc": -5.404878963694782e-05,
          "eth": -8.860356219673055e-05
        },
        "std": {
          "btc": 0.00434199752011572,
          "eth": 0.006696373359782015
        },
        "min": {
          "btc": -0.03714671634653788,
          "eth": -0.05178573218862892
        },
        "max": {
          "btc": 0.03468753462614105,
          "eth": 0.04368288914132212
        }
      },
      "hedge_table": [
        {
          "target": "BTC",
          "hedge": "ETH",
          "hedge_ratio_units": 0.5556764036024925,
          "target_w": 0.6428072044316491,
          "hedge_w": -0.35719279556835093
        },
        {
          "target": "ETH",
          "hedge": "BTC",
          "hedge_ratio_units": 1.32166726326431,
          "target_w": 0.43072494315743604,
          "hedge_w": -0.569275056842564
        }
      ],
      "examples": [
        {
          "target": "BTC",
          "hedge": "ETH",
          "target_dollars": 64.28072044316491,
          "hedge_dollars": -35.71927955683509,
          "hedge_units_per_target_unit": -0.5556764036024925
        },
        {
          "target": "ETH",
          "hedge": "BTC",
          "target_dollars": 43.072494315743604,
          "hedge_dollars": -56.927505684256396,
          "hedge_units_per_target_unit": -1.32166726326431
        }
      ]
    },
    "180": {
      "lookback_days": 180,
      "corr": 0.8348854055232066,
      "stats": {
        "mean": {
          "btc": -4.643234384349787e-05,
          "eth": -1.8951782224337773e-06
        },
        "std": {
          "btc": 0.004190385128420963,
          "eth": 0.0068300146470874805
        },
        "min": {
          "btc": -0.03714671634653788,
          "eth": -0.05178573218862892
        },
        "max": {
          "btc": 0.03468753462614105,
          "eth": 0.0757825447476439
        }
      },
      "hedge_table": [
        {
          "target": "BTC",
          "hedge": "ETH",
          "hedge_ratio_units": 0.5122231163489539,
          "target_w": 0.6612780807202291,
          "hedge_w": -0.33872191927977086
        },
        {
          "target": "ETH",
          "hedge": "BTC",
          "hedge_ratio_units": 1.3608008270380214,
          "target_w": 0.42358507695655545,
          "hedge_w": -0.5764149230434445
        }
      ],
      "examples": [
        {
          "target": "BTC",
          "hedge": "ETH",
          "target_dollars": 66.12780807202292,
          "hedge_dollars": -33.872191927977084,
          "hedge_units_per_target_unit": -0.5122231163489539
        },
        {
          "target": "ETH",
          "hedge": "BTC",
          "target_dollars": 42.35850769565555,
          "hedge_dollars": -57.64149230434445,
          "hedge_units_per_target_unit": -1.3608008270380214
        }
      ]
    }
  },
  "example_notional": 100.0,
  "provider": "cryptocompare"
}