{
  "generated_at": "2026-02-07T08:29:32.878433Z",
  "lookbacks": {
    "30": {
      "lookback_days": 30,
      "corr": 0.8939445953824416,
      "stats": {
        "mean": {
          "btc": -0.0003609809661935869,
          "eth": -0.0005641440076024041
        },
        "std": {
          "btc": 0.005999176479105103,
          "eth": 0.008319227954638226
        },
        "min": {
          "btc": -0.031142278584685545,
          "eth": -0.04170398539552955
        },
        "max": {
          "btc": 0.0349913262434709,
          "eth": 0.04377388676562077
        }
      },
      "hedge_table": [
        {
          "target": "BTC",
          "hedge": "ETH",
          "hedge_ratio_units": 0.64464291872799,
          "target_w": 0.6080347220741548,
          "hedge_w": -0.3919652779258453
        },
        {
          "target": "ETH",
          "hedge": "BTC",
          "hedge_ratio_units": 1.2396582920515673,
          "target_w": 0.446496683690074,
          "hedge_w": -0.553503316309926
        }
      ],
      "examples": [
        {
          "target": "BTC",
          "hedge": "ETH",
          "target_dollars": 60.803472207415474,
          "hedge_dollars": -39.196527792584526,
          "hedge_units_per_target_unit": -0.64464291872799
        },
        {
          "target": "ETH",
          "hedge": "BTC",
          "target_dollars": 44.6496683690074,
          "hedge_dollars": -55.3503316309926,
          "hedge_units_per_target_unit": -1.2396582920515673
        }
      ]
    },
    "60": {
      "lookback_days": 60,
      "corr": 0.89634542785525,
      "stats": {
        "mean": {
          "btc": -0.00017787955711594516,
          "eth": -0.0002727841648985574
        },
        "std": {
          "btc": 0.005180968077735973,
          "eth": 0.007198563690115011
        },
        "min": {
          "btc": -0.031142278584685545,
          "eth": -0.04988725258205495
        },
        "max": {
          "btc": 0.0349913262434709,
          "eth": 0.04377388676562077
        }
      },
      "hedge_table": [
        {
          "target": "BTC",
          "hedge": "ETH",
          "hedge_ratio_units": 0.6451199500699906,
          "target_w": 0.6078584117574258,
          "hedge_w": -0.3921415882425743
        },
        {
          "target": "ETH",
          "hedge": "BTC",
          "hedge_ratio_units": 1.2454042476129354,
          "target_w": 0.44535410541914183,
          "hedge_w": -0.5546458945808582
        }
      ],
      "examples": [
        {
          "target": "BTC",
          "hedge": "ETH",
          "target_dollars": 60.78584117574258,
          "hedge_dollars": -39.214158824257424,
          "hedge_units_per_target_unit": -0.6451199500699906
        },
        {
          "target": "ETH",
          "hedge": "BTC",
          "target_dollars": 44.53541054191418,
          "hedge_dollars": -55.464589458085825,
          "hedge_units_per_target_unit": -1.2454042476129354
        }
      ]
    },
    "120": {
      "lookback_days": 120,
      "corr": 0.8800502580862855,
      "stats": {
        "mean": {
          "btc": -0.0001853185976107545,
          "eth": -0.0002349526567047308
        },
        "std": {
          "btc": 0.005206667770638004,
          "eth": 0.007632306106290158
        },
        "min": {
          "btc": -0.03714671634653788,
          "eth": -0.05178573218862892
        },
        "max": {
          "btc": 0.0349913262434709,
          "eth": 0.04377388676562077
        }
      },
      "hedge_table": [
        {
          "target": "BTC",
          "hedge": "ETH",
          "hedge_ratio_units": 0.6003597407529504,
          "target_w": 0.6248595078563473,
          "hedge_w": -0.3751404921436528
        },
        {
          "target": "ETH",
          "hedge": "BTC",
          "hedge_ratio_units": 1.2900406276183691,
          "target_w": 0.43667347554440333,
          "hedge_w": -0.5633265244555966
        }
      ],
      "examples": [
        {
          "target": "BTC",
          "hedge": "ETH",
          "target_dollars": 62.48595078563473,
          "hedge_dollars": -37.51404921436528,
          "hedge_units_per_target_unit": -0.6003597407529504
        },
        {
          "target": "ETH",
          "hedge": "BTC",
          "target_dollars": 43.66734755444033,
          "hedge_dollars": -56.33265244555966,
          "hedge_units_per_target_unit": -1.2900406276183691
        }
      ]
    },
    "150": {
      "lookback_days": 150,
      "corr": 0.8720439711246759,
      "stats": {
        "mean": {
          "btc": -0.00012569211378665024,
          "eth": -0.0001853321059225663
        },
        "std": {
          "btc": 0.004848903738997375,
          "eth": 0.007211116809166414
        },
        "min": {
          "btc": -0.03714671634653788,
          "eth": -0.05178573218862892
        },
        "max": {
          "btc": 0.0349913262434709,
          "eth": 0.04377388676562077
        }
      },
      "hedge_table": [
        {
          "target": "BTC",
          "hedge": "ETH",
          "hedge_ratio_units": 0.5863803602212566,
          "target_w": 0.6303658473561331,
          "hedge_w": -0.369634152643867
        },
        {
          "target": "ETH",
          "hedge": "BTC",
          "hedge_ratio_units": 1.2968727112346548,
          "target_w": 0.4353745834972556,
          "hedge_w": -0.5646254165027444
        }
      ],
      "examples": [
        {
          "target": "BTC",
          "hedge": "ETH",
          "target_dollars": 63.03658473561331,
          "hedge_dollars": -36.963415264386704,
          "hedge_units_per_target_unit": -0.5863803602212566
        },
        {
          "target": "ETH",
          "hedge": "BTC",
          "target_dollars": 43.53745834972556,
          "hedge_dollars": -56.462541650274446,
          "hedge_units_per_target_unit": -1.2968727112346548
        }
      ]
    },
    "180": {
      "lookback_days": 180,
      "corr": 0.8546959077027042,
      "stats": {
        "mean": {
          "btc": -0.0001217105419665576,
          "eth": -0.00014664756753752904
        },
        "std": {
          "btc": 0.004671794925075371,
          "eth": 0.007250593275964089
        },
        "min": {
          "btc": -0.03714671634653788,
          "eth": -0.05178573218862892
        },
        "max": {
          "btc": 0.0349913262434709,
          "eth": 0.0757825447476439
        }
      },
      "hedge_table": [
        {
          "target": "BTC",
          "hedge": "ETH",
          "hedge_ratio_units": 0.5507085906094007,
          "target_w": 0.64486648623454,
          "hedge_w": -0.35513351376546
        },
        {
          "target": "ETH",
          "hedge": "BTC",
          "hedge_ratio_units": 1.3264821125005337,
          "target_w": 0.4298335218770226,
          "hedge_w": -0.5701664781229774
        }
      ],
      "examples": [
        {
          "target": "BTC",
          "hedge": "ETH",
          "target_dollars": 64.486648623454,
          "hedge_dollars": -35.513351376546,
          "hedge_units_per_target_unit": -0.5507085906094007
        },
        {
          "target": "ETH",
          "hedge": "BTC",
          "target_dollars": 42.98335218770226,
          "hedge_dollars": -57.01664781229774,
          "hedge_units_per_target_unit": -1.3264821125005337
        }
      ]
    }
  },
  "example_notional": 100.0,
  "provider": "cryptocompare"
}