{
  "generated_at": "2026-03-24T08:51:27.282862Z",
  "lookbacks": {
    "30": {
      "lookback_days": 30,
      "corr": 0.9187760528516009,
      "stats": {
        "mean": {
          "btc": 7.484167747804851e-05,
          "eth": 0.0001490445305240603
        },
        "std": {
          "btc": 0.005844019682818483,
          "eth": 0.007506234639702036
        },
        "min": {
          "btc": -0.03612262483146145,
          "eth": -0.04038541666666662
        },
        "max": {
          "btc": 0.029223763595974894,
          "eth": 0.041842617860856635
        }
      },
      "hedge_table": [
        {
          "target": "BTC",
          "hedge": "ETH",
          "hedge_ratio_units": 0.7153180781969493,
          "target_w": 0.5829822542598901,
          "hedge_w": -0.41701774574010986
        },
        {
          "target": "ETH",
          "hedge": "BTC",
          "hedge_ratio_units": 1.180103594503517,
          "target_w": 0.45869379901083723,
          "hedge_w": -0.5413062009891628
        }
      ],
      "examples": [
        {
          "target": "BTC",
          "hedge": "ETH",
          "target_dollars": 58.29822542598902,
          "hedge_dollars": -41.70177457401098,
          "hedge_units_per_target_unit": -0.7153180781969493
        },
        {
          "target": "ETH",
          "hedge": "BTC",
          "target_dollars": 45.869379901083725,
          "hedge_dollars": -54.13062009891628,
          "hedge_units_per_target_unit": -1.180103594503517
        }
      ]
    },
    "60": {
      "lookback_days": 60,
      "corr": 0.9025658399995884,
      "stats": {
        "mean": {
          "btc": -0.00013774618780373462,
          "eth": -0.00017806687926463338
        },
        "std": {
          "btc": 0.006151319336890335,
          "eth": 0.008063616085314765
        },
        "min": {
          "btc": -0.03612262483146145,
          "eth": -0.04170398539552955
        },
        "max": {
          "btc": 0.0349913262434709,
          "eth": 0.04260060177264258
        }
      },
      "hedge_table": [
        {
          "target": "BTC",
          "hedge": "ETH",
          "hedge_ratio_units": 0.6885212100458543,
          "target_w": 0.5922341952535163,
          "hedge_w": -0.4077658047464838
        },
        {
          "target": "ETH",
          "hedge": "BTC",
          "hedge_ratio_units": 1.1831517804366696,
          "target_w": 0.45805335614364934,
          "hedge_w": -0.5419466438563506
        }
      ],
      "examples": [
        {
          "target": "BTC",
          "hedge": "ETH",
          "target_dollars": 59.22341952535163,
          "hedge_dollars": -40.77658047464838,
          "hedge_units_per_target_unit": -0.6885212100458543
        },
        {
          "target": "ETH",
          "hedge": "BTC",
          "target_dollars": 45.805335614364935,
          "hedge_dollars": -54.19466438563506,
          "hedge_units_per_target_unit": -1.1831517804366696
        }
      ]
    },
    "120": {
      "lookback_days": 120,
      "corr": 0.8977416916005831,
      "stats": {
        "mean": {
          "btc": -5.2335638732429916e-05,
          "eth": -6.469962410290091e-05
        },
        "std": {
          "btc": 0.005334714286592416,
          "eth": 0.007194694176197342
        },
        "min": {
          "btc": -0.03714671634653788,
          "eth": -0.05178573218862892
        },
        "max": {
          "btc": 0.0349913262434709,
          "eth": 0.04377388676562077
        }
      },
      "hedge_table": [
        {
          "target": "BTC",
          "hedge": "ETH",
          "hedge_ratio_units": 0.6656565672653146,
          "target_w": 0.6003638563031072,
          "hedge_w": -0.39963614369689293
        },
        {
          "target": "ETH",
          "hedge": "BTC",
          "hedge_ratio_units": 1.2107446759653888,
          "target_w": 0.4523362697066407,
          "hedge_w": -0.5476637302933594
        }
      ],
      "examples": [
        {
          "target": "BTC",
          "hedge": "ETH",
          "target_dollars": 60.03638563031072,
          "hedge_dollars": -39.963614369689296,
          "hedge_units_per_target_unit": -0.6656565672653146
        },
        {
          "target": "ETH",
          "hedge": "BTC",
          "target_dollars": 45.23362697066407,
          "hedge_dollars": -54.76637302933594,
          "hedge_units_per_target_unit": -1.2107446759653888
        }
      ]
    },
    "150": {
      "lookback_days": 150,
      "corr": 0.8938120021347142,
      "stats": {
        "mean": {
          "btc": -0.0001114426461921348,
          "eth": -0.00014052216699763604
        },
        "std": {
          "btc": 0.005352506645600084,
          "eth": 0.007398833664194363
        },
        "min": {
          "btc": -0.03714671634653788,
          "eth": -0.05178573218862892
        },
        "max": {
          "btc": 0.0349913262434709,
          "eth": 0.04377388676562077
        }
      },
      "hedge_table": [
        {
          "target": "BTC",
          "hedge": "ETH",
          "hedge_ratio_units": 0.6466066002396209,
          "target_w": 0.6073096025817435,
          "hedge_w": -0.39269039741825645
        },
        {
          "target": "ETH",
          "hedge": "BTC",
          "hedge_ratio_units": 1.2355269724497218,
          "target_w": 0.44732182269498005,
          "hedge_w": -0.5526781773050199
        }
      ],
      "examples": [
        {
          "target": "BTC",
          "hedge": "ETH",
          "target_dollars": 60.73096025817435,
          "hedge_dollars": -39.269039741825644,
          "hedge_units_per_target_unit": -0.6466066002396209
        },
        {
          "target": "ETH",
          "hedge": "BTC",
          "target_dollars": 44.732182269498004,
          "hedge_dollars": -55.26781773050199,
          "hedge_units_per_target_unit": -1.2355269724497218
        }
      ]
    },
    "180": {
      "lookback_days": 180,
      "corr": 0.8823176017729624,
      "stats": {
        "mean": {
          "btc": -9.139159536965472e-05,
          "eth": -0.00011738935735851875
        },
        "std": {
          "btc": 0.005201970981122577,
          "eth": 0.007389960658581546
        },
        "min": {
          "btc": -0.03714671634653788,
          "eth": -0.05178573218862892
        },
        "max": {
          "btc": 0.0349913262434709,
          "eth": 0.04377388676562077
        }
      },
      "hedge_table": [
        {
          "target": "BTC",
          "hedge": "ETH",
          "hedge_ratio_units": 0.6210845730588227,
          "target_w": 0.6168709619591907,
          "hedge_w": -0.3831290380408092
        },
        {
          "target": "ETH",
          "hedge": "BTC",
          "hedge_ratio_units": 1.253427285376579,
          "target_w": 0.44376847945767467,
          "hedge_w": -0.5562315205423254
        }
      ],
      "examples": [
        {
          "target": "BTC",
          "hedge": "ETH",
          "target_dollars": 61.68709619591907,
          "hedge_dollars": -38.312903804080925,
          "hedge_units_per_target_unit": -0.6210845730588227
        },
        {
          "target": "ETH",
          "hedge": "BTC",
          "target_dollars": 44.376847945767466,
          "hedge_dollars": -55.62315205423254,
          "hedge_units_per_target_unit": -1.253427285376579
        }
      ]
    }
  },
  "example_notional": 100.0,
  "provider": "cryptocompare"
}