{
  "generated_at": "2026-05-16T02:43:38.380453Z",
  "lookbacks": {
    "30": {
      "lookback_days": 30,
      "corr": 0.8954120079057435,
      "stats": {
        "mean": {
          "btc": 8.17513943583048e-05,
          "eth": -6.980353788604696e-05
        },
        "std": {
          "btc": 0.0035519382467314397,
          "eth": 0.004379509589838165
        },
        "min": {
          "btc": -0.020668693538518745,
          "eth": -0.025174966013795874
        },
        "max": {
          "btc": 0.018403612886388032,
          "eth": 0.027605242088407644
        }
      },
      "hedge_table": [
        {
          "target": "BTC",
          "hedge": "ETH",
          "hedge_ratio_units": 0.7262110271073824,
          "target_w": 0.5793034480122071,
          "hedge_w": -0.420696551987793
        },
        {
          "target": "ETH",
          "hedge": "BTC",
          "hedge_ratio_units": 1.1040353753582446,
          "target_w": 0.47527718008530845,
          "hedge_w": -0.5247228199146915
        }
      ],
      "examples": [
        {
          "target": "BTC",
          "hedge": "ETH",
          "target_dollars": 57.93034480122071,
          "hedge_dollars": -42.0696551987793,
          "hedge_units_per_target_unit": -0.7262110271073824
        },
        {
          "target": "ETH",
          "hedge": "BTC",
          "target_dollars": 47.52771800853085,
          "hedge_dollars": -52.47228199146915,
          "hedge_units_per_target_unit": -1.1040353753582446
        }
      ]
    },
    "60": {
      "lookback_days": 60,
      "corr": 0.9068502297170327,
      "stats": {
        "mean": {
          "btc": 4.987038885010446e-05,
          "eth": -1.4247385444071889e-05
        },
        "std": {
          "btc": 0.0040309002122004035,
          "eth": 0.0053197921299672395
        },
        "min": {
          "btc": -0.020668693538518745,
          "eth": -0.030096491146448856
        },
        "max": {
          "btc": 0.022874680739771724,
          "eth": 0.041842617860856635
        }
      },
      "hedge_table": [
        {
          "target": "BTC",
          "hedge": "ETH",
          "hedge_ratio_units": 0.6871363944483452,
          "target_w": 0.5927203060111669,
          "hedge_w": -0.407279693988833
        },
        {
          "target": "ETH",
          "hedge": "BTC",
          "hedge_ratio_units": 1.1968181947312881,
          "target_w": 0.4552038044833831,
          "hedge_w": -0.5447961955166168
        }
      ],
      "examples": [
        {
          "target": "BTC",
          "hedge": "ETH",
          "target_dollars": 59.27203060111669,
          "hedge_dollars": -40.7279693988833,
          "hedge_units_per_target_unit": -0.6871363944483452
        },
        {
          "target": "ETH",
          "hedge": "BTC",
          "target_dollars": 45.52038044833831,
          "hedge_dollars": -54.479619551661685,
          "hedge_units_per_target_unit": -1.1968181947312881
        }
      ]
    },
    "120": {
      "lookback_days": 120,
      "corr": 0.9034920759519262,
      "stats": {
        "mean": {
          "btc": -5.15483543336611e-05,
          "eth": -0.00011274084762286002
        },
        "std": {
          "btc": 0.005162843970931318,
          "eth": 0.006807413252928255
        },
        "min": {
          "btc": -0.03612262483146145,
          "eth": -0.04170398539552955
        },
        "max": {
          "btc": 0.0349913262434709,
          "eth": 0.04377388676562077
        }
      },
      "hedge_table": [
        {
          "target": "BTC",
          "hedge": "ETH",
          "hedge_ratio_units": 0.6852218961594727,
          "target_w": 0.5933936666019737,
          "hedge_w": -0.4066063333980264
        },
        {
          "target": "ETH",
          "hedge": "BTC",
          "hedge_ratio_units": 1.1912899104408405,
          "target_w": 0.4563522130208784,
          "hedge_w": -0.5436477869791216
        }
      ],
      "examples": [
        {
          "target": "BTC",
          "hedge": "ETH",
          "target_dollars": 59.33936666019737,
          "hedge_dollars": -40.66063333980264,
          "hedge_units_per_target_unit": -0.6852218961594727
        },
        {
          "target": "ETH",
          "hedge": "BTC",
          "target_dollars": 45.63522130208784,
          "hedge_dollars": -54.364778697912165,
          "hedge_units_per_target_unit": -1.1912899104408405
        }
      ]
    },
    "150": {
      "lookback_days": 150,
      "corr": 0.9006025031486123,
      "stats": {
        "mean": {
          "btc": -1.493816010970358e-05,
          "eth": -5.66696844273416e-05
        },
        "std": {
          "btc": 0.004936800989091028,
          "eth": 0.00649394735775496
        },
        "min": {
          "btc": -0.03612262483146145,
          "eth": -0.04170398539552955
        },
        "max": {
          "btc": 0.0349913262434709,
          "eth": 0.04377388676562077
        }
      },
      "hedge_table": [
        {
          "target": "BTC",
          "hedge": "ETH",
          "hedge_ratio_units": 0.6846521974054001,
          "target_w": 0.5935943345101973,
          "hedge_w": -0.40640566548980267
        },
        {
          "target": "ETH",
          "hedge": "BTC",
          "hedge_ratio_units": 1.1846670057458126,
          "target_w": 0.4577356628584295,
          "hedge_w": -0.5422643371415704
        }
      ],
      "examples": [
        {
          "target": "BTC",
          "hedge": "ETH",
          "target_dollars": 59.359433451019726,
          "hedge_dollars": -40.64056654898027,
          "hedge_units_per_target_unit": -0.6846521974054001
        },
        {
          "target": "ETH",
          "hedge": "BTC",
          "target_dollars": 45.773566285842946,
          "hedge_dollars": -54.22643371415704,
          "hedge_units_per_target_unit": -1.1846670057458126
        }
      ]
    },
    "180": {
      "lookback_days": 180,
      "corr": 0.900338653289234,
      "stats": {
        "mean": {
          "btc": -3.0909715645249934e-05,
          "eth": -5.922428446217461e-05
        },
        "std": {
          "btc": 0.005036496731441969,
          "eth": 0.006753190842605674
        },
        "min": {
          "btc": -0.03714671634653788,
          "eth": -0.05178573218862892
        },
        "max": {
          "btc": 0.0349913262434709,
          "eth": 0.04377388676562077
        }
      },
      "hedge_table": [
        {
          "target": "BTC",
          "hedge": "ETH",
          "hedge_ratio_units": 0.6714681681841032,
          "target_w": 0.5982764249027898,
          "hedge_w": -0.40172357509721035
        },
        {
          "target": "ETH",
          "hedge": "BTC",
          "hedge_ratio_units": 1.2072198341119555,
          "target_w": 0.45305863264967267,
          "hedge_w": -0.5469413673503273
        }
      ],
      "examples": [
        {
          "target": "BTC",
          "hedge": "ETH",
          "target_dollars": 59.827642490278976,
          "hedge_dollars": -40.17235750972104,
          "hedge_units_per_target_unit": -0.6714681681841032
        },
        {
          "target": "ETH",
          "hedge": "BTC",
          "target_dollars": 45.305863264967265,
          "hedge_dollars": -54.69413673503273,
          "hedge_units_per_target_unit": -1.2072198341119555
        }
      ]
    }
  },
  "example_notional": 100.0,
  "provider": "cryptocompare"
}