{
  "generated_at": "2026-05-25T11:51:30.904493Z",
  "lookbacks": {
    "30": {
      "lookback_days": 30,
      "corr": 0.8949109402412766,
      "stats": {
        "mean": {
          "btc": 1.7632756973981645e-06,
          "eth": -0.00011457227084626181
        },
        "std": {
          "btc": 0.0033385890236402086,
          "eth": 0.004451129588858299
        },
        "min": {
          "btc": -0.020668693538518745,
          "eth": -0.025174966013795874
        },
        "max": {
          "btc": 0.018403612886388032,
          "eth": 0.032926153475484776
        }
      },
      "hedge_table": [
        {
          "target": "BTC",
          "hedge": "ETH",
          "hedge_ratio_units": 0.6712318261197628,
          "target_w": 0.598361031887349,
          "hedge_w": -0.40163896811265093
        },
        {
          "target": "ETH",
          "hedge": "BTC",
          "hedge_ratio_units": 1.19312815602494,
          "target_w": 0.4559697057615214,
          "hedge_w": -0.5440302942384785
        }
      ],
      "examples": [
        {
          "target": "BTC",
          "hedge": "ETH",
          "target_dollars": 59.8361031887349,
          "hedge_dollars": -40.16389681126509,
          "hedge_units_per_target_unit": -0.6712318261197628
        },
        {
          "target": "ETH",
          "hedge": "BTC",
          "target_dollars": 45.59697057615214,
          "hedge_dollars": -54.40302942384785,
          "hedge_units_per_target_unit": -1.19312815602494
        }
      ]
    },
    "60": {
      "lookback_days": 60,
      "corr": 0.9042224212928623,
      "stats": {
        "mean": {
          "btc": 8.258156885175937e-05,
          "eth": 2.703834070602524e-05
        },
        "std": {
          "btc": 0.003768687549950612,
          "eth": 0.005046774717434964
        },
        "min": {
          "btc": -0.020668693538518745,
          "eth": -0.02913186092280784
        },
        "max": {
          "btc": 0.022681960554355562,
          "eth": 0.0410922552310693
        }
      },
      "hedge_table": [
        {
          "target": "BTC",
          "hedge": "ETH",
          "hedge_ratio_units": 0.6752296213540111,
          "target_w": 0.5969330933819962,
          "hedge_w": -0.4030669066180038
        },
        {
          "target": "ETH",
          "hedge": "BTC",
          "hedge_ratio_units": 1.2108742882594357,
          "target_w": 0.4523097515360199,
          "hedge_w": -0.5476902484639803
        }
      ],
      "examples": [
        {
          "target": "BTC",
          "hedge": "ETH",
          "target_dollars": 59.69330933819962,
          "hedge_dollars": -40.30669066180038,
          "hedge_units_per_target_unit": -0.6752296213540111
        },
        {
          "target": "ETH",
          "hedge": "BTC",
          "target_dollars": 45.23097515360199,
          "hedge_dollars": -54.769024846398025,
          "hedge_units_per_target_unit": -1.2108742882594357
        }
      ]
    },
    "120": {
      "lookback_days": 120,
      "corr": 0.9025797466261289,
      "stats": {
        "mean": {
          "btc": -3.429445916058528e-05,
          "eth": -9.131404932644274e-05
        },
        "std": {
          "btc": 0.005120321621178052,
          "eth": 0.006745612181439588
        },
        "min": {
          "btc": -0.03612262483146145,
          "eth": -0.04170398539552955
        },
        "max": {
          "btc": 0.0349913262434709,
          "eth": 0.04260060177264258
        }
      },
      "hedge_table": [
        {
          "target": "BTC",
          "hedge": "ETH",
          "hedge_ratio_units": 0.685111813009816,
          "target_w": 0.5934324311772983,
          "hedge_w": -0.40656756882270173
        },
        {
          "target": "ETH",
          "hedge": "BTC",
          "hedge_ratio_units": 1.1890762698146837,
          "target_w": 0.4568136861145798,
          "hedge_w": -0.5431863138854203
        }
      ],
      "examples": [
        {
          "target": "BTC",
          "hedge": "ETH",
          "target_dollars": 59.34324311772983,
          "hedge_dollars": -40.65675688227017,
          "hedge_units_per_target_unit": -0.685111813009816
        },
        {
          "target": "ETH",
          "hedge": "BTC",
          "target_dollars": 45.68136861145798,
          "hedge_dollars": -54.31863138854203,
          "hedge_units_per_target_unit": -1.1890762698146837
        }
      ]
    },
    "150": {
      "lookback_days": 150,
      "corr": 0.9000577771047348,
      "stats": {
        "mean": {
          "btc": -2.595202506038708e-05,
          "eth": -7.367736409383183e-05
        },
        "std": {
          "btc": 0.0048523653104254015,
          "eth": 0.006425633865537353
        },
        "min": {
          "btc": -0.03612262483146145,
          "eth": -0.04170398539552955
        },
        "max": {
          "btc": 0.0349913262434709,
          "eth": 0.04377388676562077
        }
      },
      "hedge_table": [
        {
          "target": "BTC",
          "hedge": "ETH",
          "hedge_ratio_units": 0.67968533943793,
          "target_w": 0.5953496030004216,
          "hedge_w": -0.40465039699957844
        },
        {
          "target": "ETH",
          "hedge": "BTC",
          "hedge_ratio_units": 1.1918809412553124,
          "target_w": 0.45622915970394357,
          "hedge_w": -0.5437708402960565
        }
      ],
      "examples": [
        {
          "target": "BTC",
          "hedge": "ETH",
          "target_dollars": 59.53496030004216,
          "hedge_dollars": -40.46503969995784,
          "hedge_units_per_target_unit": -0.67968533943793
        },
        {
          "target": "ETH",
          "hedge": "BTC",
          "target_dollars": 45.62291597039436,
          "hedge_dollars": -54.37708402960565,
          "hedge_units_per_target_unit": -1.1918809412553124
        }
      ]
    },
    "180": {
      "lookback_days": 180,
      "corr": 0.8998687552439616,
      "stats": {
        "mean": {
          "btc": -1.4343097854610513e-05,
          "eth": -5.170812229124585e-05
        },
        "std": {
          "btc": 0.004865131612174244,
          "eth": 0.006537746196477338
        },
        "min": {
          "btc": -0.03714671634653788,
          "eth": -0.05178573218862892
        },
        "max": {
          "btc": 0.0349913262434709,
          "eth": 0.04377388676562077
        }
      },
      "hedge_table": [
        {
          "target": "BTC",
          "hedge": "ETH",
          "hedge_ratio_units": 0.6696466636016284,
          "target_w": 0.5989291158423183,
          "hedge_w": -0.40107088415768166
        },
        {
          "target": "ETH",
          "hedge": "BTC",
          "hedge_ratio_units": 1.2092403661194735,
          "target_w": 0.45264427326959356,
          "hedge_w": -0.5473557267304063
        }
      ],
      "examples": [
        {
          "target": "BTC",
          "hedge": "ETH",
          "target_dollars": 59.89291158423183,
          "hedge_dollars": -40.10708841576817,
          "hedge_units_per_target_unit": -0.6696466636016284
        },
        {
          "target": "ETH",
          "hedge": "BTC",
          "target_dollars": 45.26442732695936,
          "hedge_dollars": -54.735572673040636,
          "hedge_units_per_target_unit": -1.2092403661194735
        }
      ]
    }
  },
  "example_notional": 100.0,
  "provider": "cryptocompare"
}