{
  "generated_at": "2026-04-28T17:44:47.296437Z",
  "lookbacks": {
    "30": {
      "lookback_days": 30,
      "corr": 0.9117703062344035,
      "stats": {
        "mean": {
          "btc": 0.00020008893175874732,
          "eth": 0.00020735460800287825
        },
        "std": {
          "btc": 0.004122360437353924,
          "eth": 0.005561926414679173
        },
        "min": {
          "btc": -0.019619547762256384,
          "eth": -0.02913186092280784
        },
        "max": {
          "btc": 0.022681960554355562,
          "eth": 0.0410922552310693
        }
      },
      "hedge_table": [
        {
          "target": "BTC",
          "hedge": "ETH",
          "hedge_ratio_units": 0.6757812955696189,
          "target_w": 0.5967365805095036,
          "hedge_w": -0.4032634194904965
        },
        {
          "target": "ETH",
          "hedge": "BTC",
          "hedge_ratio_units": 1.2301688383222422,
          "target_w": 0.4483965441613384,
          "hedge_w": -0.5516034558386617
        }
      ],
      "examples": [
        {
          "target": "BTC",
          "hedge": "ETH",
          "target_dollars": 59.673658050950365,
          "hedge_dollars": -40.32634194904965,
          "hedge_units_per_target_unit": -0.6757812955696189
        },
        {
          "target": "ETH",
          "hedge": "BTC",
          "target_dollars": 44.83965441613384,
          "hedge_dollars": -55.16034558386617,
          "hedge_units_per_target_unit": -1.2301688383222422
        }
      ]
    },
    "60": {
      "lookback_days": 60,
      "corr": 0.9150632418838639,
      "stats": {
        "mean": {
          "btc": 0.00011865604835468415,
          "eth": 0.00014349311041011545
        },
        "std": {
          "btc": 0.004825073569035872,
          "eth": 0.0063050496646889324
        },
        "min": {
          "btc": -0.03612262483146145,
          "eth": -0.04038541666666662
        },
        "max": {
          "btc": 0.029223763595974894,
          "eth": 0.041842617860856635
        }
      },
      "hedge_table": [
        {
          "target": "BTC",
          "hedge": "ETH",
          "hedge_ratio_units": 0.7002716389590791,
          "target_w": 0.5881413164147163,
          "hedge_w": -0.4118586835852837
        },
        {
          "target": "ETH",
          "hedge": "BTC",
          "hedge_ratio_units": 1.195737039831678,
          "target_w": 0.4554279414426869,
          "hedge_w": -0.5445720585573132
        }
      ],
      "examples": [
        {
          "target": "BTC",
          "hedge": "ETH",
          "target_dollars": 58.81413164147163,
          "hedge_dollars": -41.185868358528374,
          "hedge_units_per_target_unit": -0.7002716389590791
        },
        {
          "target": "ETH",
          "hedge": "BTC",
          "target_dollars": 45.54279414426869,
          "hedge_dollars": -54.45720585573132,
          "hedge_units_per_target_unit": -1.195737039831678
        }
      ]
    },
    "120": {
      "lookback_days": 120,
      "corr": 0.9007356421652473,
      "stats": {
        "mean": {
          "btc": -3.4286238992305706e-05,
          "eth": -6.048387481908164e-05
        },
        "std": {
          "btc": 0.005154888812740971,
          "eth": 0.006831725064896757
        },
        "min": {
          "btc": -0.03612262483146145,
          "eth": -0.04170398539552955
        },
        "max": {
          "btc": 0.0349913262434709,
          "eth": 0.04377388676562077
        }
      },
      "hedge_table": [
        {
          "target": "BTC",
          "hedge": "ETH",
          "hedge_ratio_units": 0.679651484936456,
          "target_w": 0.5953616026707061,
          "hedge_w": -0.40463839732929374
        },
        {
          "target": "ETH",
          "hedge": "BTC",
          "hedge_ratio_units": 1.193736370844088,
          "target_w": 0.4558432878674606,
          "hedge_w": -0.5441567121325394
        }
      ],
      "examples": [
        {
          "target": "BTC",
          "hedge": "ETH",
          "target_dollars": 59.53616026707061,
          "hedge_dollars": -40.46383973292937,
          "hedge_units_per_target_unit": -0.679651484936456
        },
        {
          "target": "ETH",
          "hedge": "BTC",
          "target_dollars": 45.584328786746056,
          "hedge_dollars": -54.41567121325394,
          "hedge_units_per_target_unit": -1.193736370844088
        }
      ]
    },
    "150": {
      "lookback_days": 150,
      "corr": 0.9008941974850077,
      "stats": {
        "mean": {
          "btc": -3.555696332561267e-05,
          "eth": -5.1073926620550944e-05
        },
        "std": {
          "btc": 0.005095315219239108,
          "eth": 0.0068488815036714425
        },
        "min": {
          "btc": -0.03714671634653788,
          "eth": -0.05178573218862892
        },
        "max": {
          "btc": 0.0349913262434709,
          "eth": 0.04377388676562077
        }
      },
      "hedge_table": [
        {
          "target": "BTC",
          "hedge": "ETH",
          "hedge_ratio_units": 0.6702320536439189,
          "target_w": 0.5987192006154568,
          "hedge_w": -0.4012807993845431
        },
        {
          "target": "ETH",
          "hedge": "BTC",
          "hedge_ratio_units": 1.2109393316084947,
          "target_w": 0.4522964450917265,
          "hedge_w": -0.5477035549082735
        }
      ],
      "examples": [
        {
          "target": "BTC",
          "hedge": "ETH",
          "target_dollars": 59.87192006154568,
          "hedge_dollars": -40.128079938454306,
          "hedge_units_per_target_unit": -0.6702320536439189
        },
        {
          "target": "ETH",
          "hedge": "BTC",
          "target_dollars": 45.22964450917265,
          "hedge_dollars": -54.77035549082735,
          "hedge_units_per_target_unit": -1.2109393316084947
        }
      ]
    },
    "180": {
      "lookback_days": 180,
      "corr": 0.8959918718549745,
      "stats": {
        "mean": {
          "btc": -6.502163956760435e-05,
          "eth": -8.717152706570783e-05
        },
        "std": {
          "btc": 0.005152268813329543,
          "eth": 0.0070848109819906975
        },
        "min": {
          "btc": -0.03714671634653788,
          "eth": -0.05178573218862892
        },
        "max": {
          "btc": 0.0349913262434709,
          "eth": 0.04377388676562077
        }
      },
      "hedge_table": [
        {
          "target": "BTC",
          "hedge": "ETH",
          "hedge_ratio_units": 0.6515898575261675,
          "target_w": 0.6054771984963926,
          "hedge_w": -0.39452280150360747
        },
        {
          "target": "ETH",
          "hedge": "BTC",
          "hedge_ratio_units": 1.2320655779973384,
          "target_w": 0.44801551077062146,
          "hedge_w": -0.5519844892293785
        }
      ],
      "examples": [
        {
          "target": "BTC",
          "hedge": "ETH",
          "target_dollars": 60.54771984963926,
          "hedge_dollars": -39.45228015036075,
          "hedge_units_per_target_unit": -0.6515898575261675
        },
        {
          "target": "ETH",
          "hedge": "BTC",
          "target_dollars": 44.80155107706214,
          "hedge_dollars": -55.19844892293785,
          "hedge_units_per_target_unit": -1.2320655779973384
        }
      ]
    }
  },
  "example_notional": 100.0,
  "provider": "cryptocompare"
}