{
  "generated_at": "2026-03-29T16:33:28.970587Z",
  "lookbacks": {
    "30": {
      "lookback_days": 30,
      "corr": 0.9177104348592585,
      "stats": {
        "mean": {
          "btc": 3.242592985417261e-05,
          "eth": 7.152707150988694e-05
        },
        "std": {
          "btc": 0.005446858432368412,
          "eth": 0.0069830464130177195
        },
        "min": {
          "btc": -0.03612262483146145,
          "eth": -0.04038541666666662
        },
        "max": {
          "btc": 0.029223763595974894,
          "eth": 0.041842617860856635
        }
      },
      "hedge_table": [
        {
          "target": "BTC",
          "hedge": "ETH",
          "hedge_ratio_units": 0.7158249458670682,
          "target_w": 0.5828100368914172,
          "hedge_w": -0.41718996310858275
        },
        {
          "target": "ETH",
          "hedge": "BTC",
          "hedge_ratio_units": 1.176534077377583,
          "target_w": 0.4594460571023355,
          "hedge_w": -0.5405539428976646
        }
      ],
      "examples": [
        {
          "target": "BTC",
          "hedge": "ETH",
          "target_dollars": 58.28100368914172,
          "hedge_dollars": -41.71899631085827,
          "hedge_units_per_target_unit": -0.7158249458670682
        },
        {
          "target": "ETH",
          "hedge": "BTC",
          "target_dollars": 45.944605710233546,
          "hedge_dollars": -54.055394289766454,
          "hedge_units_per_target_unit": -1.176534077377583
        }
      ]
    },
    "60": {
      "lookback_days": 60,
      "corr": 0.9025523010234143,
      "stats": {
        "mean": {
          "btc": -0.0001912858695926993,
          "eth": -0.00025246661081566657
        },
        "std": {
          "btc": 0.006165036745735929,
          "eth": 0.008032680949337324
        },
        "min": {
          "btc": -0.03612262483146145,
          "eth": -0.04170398539552955
        },
        "max": {
          "btc": 0.0349913262434709,
          "eth": 0.04260060177264258
        }
      },
      "hedge_table": [
        {
          "target": "BTC",
          "hedge": "ETH",
          "hedge_ratio_units": 0.6927037356334815,
          "target_w": 0.5907708354089249,
          "hedge_w": -0.409229164591075
        },
        {
          "target": "ETH",
          "hedge": "BTC",
          "hedge_ratio_units": 1.175972662162278,
          "target_w": 0.4595645971977854,
          "hedge_w": -0.5404354028022147
        }
      ],
      "examples": [
        {
          "target": "BTC",
          "hedge": "ETH",
          "target_dollars": 59.077083540892495,
          "hedge_dollars": -40.9229164591075,
          "hedge_units_per_target_unit": -0.6927037356334815
        },
        {
          "target": "ETH",
          "hedge": "BTC",
          "target_dollars": 45.95645971977854,
          "hedge_dollars": -54.04354028022147,
          "hedge_units_per_target_unit": -1.175972662162278
        }
      ]
    },
    "120": {
      "lookback_days": 120,
      "corr": 0.8991900030286841,
      "stats": {
        "mean": {
          "btc": -9.256692801951693e-05,
          "eth": -0.00011218434235859661
        },
        "std": {
          "btc": 0.005310613807465862,
          "eth": 0.007136562587969527
        },
        "min": {
          "btc": -0.03714671634653788,
          "eth": -0.05178573218862892
        },
        "max": {
          "btc": 0.0349913262434709,
          "eth": 0.04377388676562077
        }
      },
      "hedge_table": [
        {
          "target": "BTC",
          "hedge": "ETH",
          "hedge_ratio_units": 0.6691247763551164,
          "target_w": 0.5991163837275902,
          "hedge_w": -0.40088361627240987
        },
        {
          "target": "ETH",
          "hedge": "BTC",
          "hedge_ratio_units": 1.2083585754379795,
          "target_w": 0.45282501271410236,
          "hedge_w": -0.5471749872858976
        }
      ],
      "examples": [
        {
          "target": "BTC",
          "hedge": "ETH",
          "target_dollars": 59.91163837275902,
          "hedge_dollars": -40.088361627240985,
          "hedge_units_per_target_unit": -0.6691247763551164
        },
        {
          "target": "ETH",
          "hedge": "BTC",
          "target_dollars": 45.28250127141023,
          "hedge_dollars": -54.71749872858977,
          "hedge_units_per_target_unit": -1.2083585754379795
        }
      ]
    },
    "150": {
      "lookback_days": 150,
      "corr": 0.894148217990931,
      "stats": {
        "mean": {
          "btc": -0.00011896825182112976,
          "eth": -0.00014922788922709036
        },
        "std": {
          "btc": 0.005334686033562012,
          "eth": 0.007354793165555048
        },
        "min": {
          "btc": -0.03714671634653788,
          "eth": -0.05178573218862892
        },
        "max": {
          "btc": 0.0349913262434709,
          "eth": 0.04377388676562077
        }
      },
      "hedge_table": [
        {
          "target": "BTC",
          "hedge": "ETH",
          "hedge_ratio_units": 0.6485566491237419,
          "target_w": 0.6065912266536491,
          "hedge_w": -0.3934087733463509
        },
        {
          "target": "ETH",
          "hedge": "BTC",
          "hedge_ratio_units": 1.232738939330211,
          "target_w": 0.44788039586033523,
          "hedge_w": -0.5521196041396647
        }
      ],
      "examples": [
        {
          "target": "BTC",
          "hedge": "ETH",
          "target_dollars": 60.659122665364904,
          "hedge_dollars": -39.34087733463509,
          "hedge_units_per_target_unit": -0.6485566491237419
        },
        {
          "target": "ETH",
          "hedge": "BTC",
          "target_dollars": 44.78803958603352,
          "hedge_dollars": -55.211960413966466,
          "hedge_units_per_target_unit": -1.232738939330211
        }
      ]
    },
    "180": {
      "lookback_days": 180,
      "corr": 0.8830905191768632,
      "stats": {
        "mean": {
          "btc": -0.00010958536279741098,
          "eth": -0.00013925724681553996
        },
        "std": {
          "btc": 0.0052136620479395325,
          "eth": 0.007368062092688153
        },
        "min": {
          "btc": -0.03714671634653788,
          "eth": -0.05178573218862892
        },
        "max": {
          "btc": 0.0349913262434709,
          "eth": 0.04377388676562077
        }
      },
      "hedge_table": [
        {
          "target": "BTC",
          "hedge": "ETH",
          "hedge_ratio_units": 0.6248774055930715,
          "target_w": 0.615431045171685,
          "hedge_w": -0.38456895482831494
        },
        {
          "target": "ETH",
          "hedge": "BTC",
          "hedge_ratio_units": 1.2480029811926179,
          "target_w": 0.44483926772618276,
          "hedge_w": -0.5551607322738172
        }
      ],
      "examples": [
        {
          "target": "BTC",
          "hedge": "ETH",
          "target_dollars": 61.5431045171685,
          "hedge_dollars": -38.45689548283149,
          "hedge_units_per_target_unit": -0.6248774055930715
        },
        {
          "target": "ETH",
          "hedge": "BTC",
          "target_dollars": 44.483926772618275,
          "hedge_dollars": -55.516073227381725,
          "hedge_units_per_target_unit": -1.2480029811926179
        }
      ]
    }
  },
  "example_notional": 100.0,
  "provider": "cryptocompare"
}