{
  "generated_at": "2026-05-09T02:40:30.373704Z",
  "lookbacks": {
    "30": {
      "lookback_days": 30,
      "corr": 0.8916679847515689,
      "stats": {
        "mean": {
          "btc": 0.00017966931287614137,
          "eth": 9.592196756929655e-05
        },
        "std": {
          "btc": 0.003714521377507258,
          "eth": 0.00489197806178078
        },
        "min": {
          "btc": -0.019619547762256384,
          "eth": -0.02913186092280784
        },
        "max": {
          "btc": 0.019739125410830338,
          "eth": 0.0410922552310693
        }
      },
      "hedge_table": [
        {
          "target": "BTC",
          "hedge": "ETH",
          "hedge_ratio_units": 0.677051235547209,
          "target_w": 0.5962847042497826,
          "hedge_w": -0.4037152957502175
        },
        {
          "target": "ETH",
          "hedge": "BTC",
          "hedge_ratio_units": 1.174315551449113,
          "target_w": 0.4599148450801133,
          "hedge_w": -0.5400851549198866
        }
      ],
      "examples": [
        {
          "target": "BTC",
          "hedge": "ETH",
          "target_dollars": 59.62847042497826,
          "hedge_dollars": -40.371529575021746,
          "hedge_units_per_target_unit": -0.677051235547209
        },
        {
          "target": "ETH",
          "hedge": "BTC",
          "target_dollars": 45.99148450801133,
          "hedge_dollars": -54.00851549198866,
          "hedge_units_per_target_unit": -1.174315551449113
        }
      ]
    },
    "60": {
      "lookback_days": 60,
      "corr": 0.9061613531453591,
      "stats": {
        "mean": {
          "btc": 0.0001106340196625948,
          "eth": 0.00010905335560141438
        },
        "std": {
          "btc": 0.004193153886217021,
          "eth": 0.005582544346003445
        },
        "min": {
          "btc": -0.019619547762256384,
          "eth": -0.030096491146448856
        },
        "max": {
          "btc": 0.022874680739771724,
          "eth": 0.041842617860856635
        }
      },
      "hedge_table": [
        {
          "target": "BTC",
          "hedge": "ETH",
          "hedge_ratio_units": 0.68063480806943,
          "target_w": 0.5950132623688276,
          "hedge_w": -0.4049867376311724
        },
        {
          "target": "ETH",
          "hedge": "BTC",
          "hedge_ratio_units": 1.2064155229781703,
          "target_w": 0.4532237874442718,
          "hedge_w": -0.5467762125557283
        }
      ],
      "examples": [
        {
          "target": "BTC",
          "hedge": "ETH",
          "target_dollars": 59.501326236882754,
          "hedge_dollars": -40.49867376311724,
          "hedge_units_per_target_unit": -0.68063480806943
        },
        {
          "target": "ETH",
          "hedge": "BTC",
          "target_dollars": 45.322378744427176,
          "hedge_dollars": -54.67762125557283,
          "hedge_units_per_target_unit": -1.2064155229781703
        }
      ]
    },
    "120": {
      "lookback_days": 120,
      "corr": 0.9014660001222757,
      "stats": {
        "mean": {
          "btc": -3.0193314896851423e-05,
          "eth": -7.937113248221034e-05
        },
        "std": {
          "btc": 0.005164369297103659,
          "eth": 0.006832931399013581
        },
        "min": {
          "btc": -0.03612262483146145,
          "eth": -0.04170398539552955
        },
        "max": {
          "btc": 0.0349913262434709,
          "eth": 0.04377388676562077
        }
      },
      "hedge_table": [
        {
          "target": "BTC",
          "hedge": "ETH",
          "hedge_ratio_units": 0.681333246531116,
          "target_w": 0.594766089389581,
          "hedge_w": -0.40523391061041913
        },
        {
          "target": "ETH",
          "hedge": "BTC",
          "hedge_ratio_units": 1.1927217019188012,
          "target_w": 0.4560542266375722,
          "hedge_w": -0.5439457733624279
        }
      ],
      "examples": [
        {
          "target": "BTC",
          "hedge": "ETH",
          "target_dollars": 59.476608938958094,
          "hedge_dollars": -40.52339106104191,
          "hedge_units_per_target_unit": -0.681333246531116
        },
        {
          "target": "ETH",
          "hedge": "BTC",
          "target_dollars": 45.605422663757224,
          "hedge_dollars": -54.39457733624279,
          "hedge_units_per_target_unit": -1.1927217019188012
        }
      ]
    },
    "150": {
      "lookback_days": 150,
      "corr": 0.9007605970145803,
      "stats": {
        "mean": {
          "btc": -2.6433106374440468e-05,
          "eth": -7.722804472641758e-05
        },
        "std": {
          "btc": 0.004961114216080699,
          "eth": 0.006584417650429609
        },
        "min": {
          "btc": -0.03612262483146145,
          "eth": -0.04988725258205495
        },
        "max": {
          "btc": 0.0349913262434709,
          "eth": 0.04377388676562077
        }
      },
      "hedge_table": [
        {
          "target": "BTC",
          "hedge": "ETH",
          "hedge_ratio_units": 0.6786896640499105,
          "target_w": 0.595702720649067,
          "hedge_w": -0.40429727935093296
        },
        {
          "target": "ETH",
          "hedge": "BTC",
          "hedge_ratio_units": 1.1954943416883914,
          "target_w": 0.45547828614806374,
          "hedge_w": -0.5445217138519363
        }
      ],
      "examples": [
        {
          "target": "BTC",
          "hedge": "ETH",
          "target_dollars": 59.5702720649067,
          "hedge_dollars": -40.4297279350933,
          "hedge_units_per_target_unit": -0.6786896640499105
        },
        {
          "target": "ETH",
          "hedge": "BTC",
          "target_dollars": 45.54782861480638,
          "hedge_dollars": -54.45217138519362,
          "hedge_units_per_target_unit": -1.1954943416883914
        }
      ]
    },
    "180": {
      "lookback_days": 180,
      "corr": 0.8987066568960919,
      "stats": {
        "mean": {
          "btc": -5.111687090375965e-05,
          "eth": -7.976497909450509e-05
        },
        "std": {
          "btc": 0.005087996028671409,
          "eth": 0.006902063566045905
        },
        "min": {
          "btc": -0.03714671634653788,
          "eth": -0.05178573218862892
        },
        "max": {
          "btc": 0.0349913262434709,
          "eth": 0.04377388676562077
        }
      },
      "hedge_table": [
        {
          "target": "BTC",
          "hedge": "ETH",
          "hedge_ratio_units": 0.6624998245050155,
          "target_w": 0.6015038228937769,
          "hedge_w": -0.39849617710622315
        },
        {
          "target": "ETH",
          "hedge": "BTC",
          "hedge_ratio_units": 1.2191303684537584,
          "target_w": 0.4506269727166945,
          "hedge_w": -0.5493730272833055
        }
      ],
      "examples": [
        {
          "target": "BTC",
          "hedge": "ETH",
          "target_dollars": 60.15038228937769,
          "hedge_dollars": -39.84961771062231,
          "hedge_units_per_target_unit": -0.6624998245050155
        },
        {
          "target": "ETH",
          "hedge": "BTC",
          "target_dollars": 45.06269727166945,
          "hedge_dollars": -54.93730272833055,
          "hedge_units_per_target_unit": -1.2191303684537584
        }
      ]
    }
  },
  "example_notional": 100.0,
  "provider": "cryptocompare"
}