{
  "generated_at": "2026-01-15T01:27:57.696436Z",
  "lookbacks": {
    "30": {
      "lookback_days": 30,
      "corr": 0.8897718662349063,
      "stats": {
        "mean": {
          "btc": 0.00017047054504999926,
          "eth": 0.0001839469963477001
        },
        "std": {
          "btc": 0.003938619801940746,
          "eth": 0.005104413509723884
        },
        "min": {
          "btc": -0.027310019462305046,
          "eth": -0.033430869773559135
        },
        "max": {
          "btc": 0.023396335129270085,
          "eth": 0.03730338759129537
        }
      },
      "hedge_table": [
        {
          "target": "BTC",
          "hedge": "ETH",
          "hedge_ratio_units": 0.6865574438447375,
          "target_w": 0.5929237712297327,
          "hedge_w": -0.4070762287702672
        },
        {
          "target": "ETH",
          "hedge": "BTC",
          "hedge_ratio_units": 1.1531358097432365,
          "target_w": 0.4644388874472581,
          "hedge_w": -0.5355611125527419
        }
      ],
      "examples": [
        {
          "target": "BTC",
          "hedge": "ETH",
          "target_dollars": 59.29237712297327,
          "hedge_dollars": -40.70762287702672,
          "hedge_units_per_target_unit": -0.6865574438447375
        },
        {
          "target": "ETH",
          "hedge": "BTC",
          "target_dollars": 46.44388874472581,
          "hedge_dollars": -53.55611125527419,
          "hedge_units_per_target_unit": -1.1531358097432365
        }
      ]
    },
    "60": {
      "lookback_days": 60,
      "corr": 0.895308964924588,
      "stats": {
        "mean": {
          "btc": 1.6370060677537787e-05,
          "eth": 5.019933346856962e-05
        },
        "std": {
          "btc": 0.004792488677636502,
          "eth": 0.006719916537241094
        },
        "min": {
          "btc": -0.03714671634653788,
          "eth": -0.05178573218862892
        },
        "max": {
          "btc": 0.026004133739085944,
          "eth": 0.04132265866066209
        }
      },
      "hedge_table": [
        {
          "target": "BTC",
          "hedge": "ETH",
          "hedge_ratio_units": 0.6385135966508808,
          "target_w": 0.6103092473837254,
          "hedge_w": -0.38969075261627467
        },
        {
          "target": "ETH",
          "hedge": "BTC",
          "hedge_ratio_units": 1.2553814779806716,
          "target_w": 0.4433839728502771,
          "hedge_w": -0.5566160271497228
        }
      ],
      "examples": [
        {
          "target": "BTC",
          "hedge": "ETH",
          "target_dollars": 61.03092473837254,
          "hedge_dollars": -38.96907526162747,
          "hedge_units_per_target_unit": -0.6385135966508808
        },
        {
          "target": "ETH",
          "hedge": "BTC",
          "target_dollars": 44.33839728502771,
          "hedge_dollars": -55.66160271497228,
          "hedge_units_per_target_unit": -1.2553814779806716
        }
      ]
    },
    "120": {
      "lookback_days": 120,
      "corr": 0.8670956361580039,
      "stats": {
        "mean": {
          "btc": -5.538450408109246e-05,
          "eth": -8.294258387940266e-05
        },
        "std": {
          "btc": 0.004567668056306026,
          "eth": 0.006941422681794156
        },
        "min": {
          "btc": -0.03714671634653788,
          "eth": -0.05178573218862892
        },
        "max": {
          "btc": 0.03468753462614105,
          "eth": 0.04368288914132212
        }
      },
      "hedge_table": [
        {
          "target": "BTC",
          "hedge": "ETH",
          "hedge_ratio_units": 0.57057540227727,
          "target_w": 0.6367093222968098,
          "hedge_w": -0.3632906777031902
        },
        {
          "target": "ETH",
          "hedge": "BTC",
          "hedge_ratio_units": 1.3177133806390255,
          "target_w": 0.43145973456143494,
          "hedge_w": -0.5685402654385651
        }
      ],
      "examples": [
        {
          "target": "BTC",
          "hedge": "ETH",
          "target_dollars": 63.67093222968098,
          "hedge_dollars": -36.32906777031902,
          "hedge_units_per_target_unit": -0.57057540227727
        },
        {
          "target": "ETH",
          "hedge": "BTC",
          "target_dollars": 43.145973456143494,
          "hedge_dollars": -56.854026543856506,
          "hedge_units_per_target_unit": -1.3177133806390255
        }
      ]
    },
    "150": {
      "lookback_days": 150,
      "corr": 0.8540858167985322,
      "stats": {
        "mean": {
          "btc": -4.017928477397601e-05,
          "eth": -4.8663594322832476e-05
        },
        "std": {
          "btc": 0.0043734846579005626,
          "eth": 0.0069061952818333106
        },
        "min": {
          "btc": -0.03714671634653788,
          "eth": -0.05178573218862892
        },
        "max": {
          "btc": 0.03468753462614105,
          "eth": 0.0757825447476439
        }
      },
      "hedge_table": [
        {
          "target": "BTC",
          "hedge": "ETH",
          "hedge_ratio_units": 0.5408667238420855,
          "target_w": 0.6489853953796488,
          "hedge_w": -0.35101460462035117
        },
        {
          "target": "ETH",
          "hedge": "BTC",
          "hedge_ratio_units": 1.3486919240929194,
          "target_w": 0.4257689098097473,
          "hedge_w": -0.5742310901902528
        }
      ],
      "examples": [
        {
          "target": "BTC",
          "hedge": "ETH",
          "target_dollars": 64.89853953796488,
          "hedge_dollars": -35.101460462035114,
          "hedge_units_per_target_unit": -0.5408667238420855
        },
        {
          "target": "ETH",
          "hedge": "BTC",
          "target_dollars": 42.57689098097473,
          "hedge_dollars": -57.423109019025276,
          "hedge_units_per_target_unit": -1.3486919240929194
        }
      ]
    },
    "180": {
      "lookback_days": 180,
      "corr": 0.8321091349244047,
      "stats": {
        "mean": {
          "btc": -3.815148049350852e-05,
          "eth": 7.476717504460385e-06
        },
        "std": {
          "btc": 0.004192407183903987,
          "eth": 0.006883903257963136
        },
        "min": {
          "btc": -0.03714671634653788,
          "eth": -0.05178573218862892
        },
        "max": {
          "btc": 0.03468753462614105,
          "eth": 0.0757825447476439
        }
      },
      "hedge_table": [
        {
          "target": "BTC",
          "hedge": "ETH",
          "hedge_ratio_units": 0.5067677717599743,
          "target_w": 0.6636722783312214,
          "hedge_w": -0.33632772166877856
        },
        {
          "target": "ETH",
          "hedge": "BTC",
          "hedge_ratio_units": 1.3663173765371024,
          "target_w": 0.4225975813368755,
          "hedge_w": -0.5774024186631245
        }
      ],
      "examples": [
        {
          "target": "BTC",
          "hedge": "ETH",
          "target_dollars": 66.36722783312214,
          "hedge_dollars": -33.63277216687786,
          "hedge_units_per_target_unit": -0.5067677717599743
        },
        {
          "target": "ETH",
          "hedge": "BTC",
          "target_dollars": 42.259758133687555,
          "hedge_dollars": -57.740241866312445,
          "hedge_units_per_target_unit": -1.3663173765371024
        }
      ]
    }
  },
  "example_notional": 100.0,
  "provider": "cryptocompare"
}