{
  "generated_at": "2026-04-16T09:17:09.371159Z",
  "lookbacks": {
    "30": {
      "lookback_days": 30,
      "corr": 0.9158805685502529,
      "stats": {
        "mean": {
          "btc": 3.0460979621552287e-05,
          "eth": 3.897096089640071e-05
        },
        "std": {
          "btc": 0.004460833347869614,
          "eth": 0.006120895255844224
        },
        "min": {
          "btc": -0.019619547762256384,
          "eth": -0.030096491146448856
        },
        "max": {
          "btc": 0.022874680739771724,
          "eth": 0.041842617860856635
        }
      },
      "hedge_table": [
        {
          "target": "BTC",
          "hedge": "ETH",
          "hedge_ratio_units": 0.6674825188282438,
          "target_w": 0.5997064369242742,
          "hedge_w": -0.40029356307572583
        },
        {
          "target": "ETH",
          "hedge": "BTC",
          "hedge_ratio_units": 1.2567178797738425,
          "target_w": 0.4431214060750098,
          "hedge_w": -0.5568785939249903
        }
      ],
      "examples": [
        {
          "target": "BTC",
          "hedge": "ETH",
          "target_dollars": 59.970643692427416,
          "hedge_dollars": -40.029356307572584,
          "hedge_units_per_target_unit": -0.6674825188282438
        },
        {
          "target": "ETH",
          "hedge": "BTC",
          "target_dollars": 44.312140607500986,
          "hedge_dollars": -55.68785939249903,
          "hedge_units_per_target_unit": -1.2567178797738425
        }
      ]
    },
    "60": {
      "lookback_days": 60,
      "corr": 0.9163798613059685,
      "stats": {
        "mean": {
          "btc": 5.5666650966958125e-05,
          "eth": 0.00011293823254234227
        },
        "std": {
          "btc": 0.005153586529245953,
          "eth": 0.0067046869071659765
        },
        "min": {
          "btc": -0.03612262483146145,
          "eth": -0.04038541666666662
        },
        "max": {
          "btc": 0.029223763595974894,
          "eth": 0.041842617860856635
        }
      },
      "hedge_table": [
        {
          "target": "BTC",
          "hedge": "ETH",
          "hedge_ratio_units": 0.7043793355736192,
          "target_w": 0.5867238466978033,
          "hedge_w": -0.4132761533021967
        },
        {
          "target": "ETH",
          "hedge": "BTC",
          "hedge_ratio_units": 1.192187231789366,
          "target_w": 0.45616541575408825,
          "hedge_w": -0.5438345842459117
        }
      ],
      "examples": [
        {
          "target": "BTC",
          "hedge": "ETH",
          "target_dollars": 58.67238466978033,
          "hedge_dollars": -41.32761533021967,
          "hedge_units_per_target_unit": -0.7043793355736192
        },
        {
          "target": "ETH",
          "hedge": "BTC",
          "target_dollars": 45.616541575408824,
          "hedge_dollars": -54.38345842459117,
          "hedge_units_per_target_unit": -1.192187231789366
        }
      ]
    },
    "120": {
      "lookback_days": 120,
      "corr": 0.9014471614156057,
      "stats": {
        "mean": {
          "btc": -3.707084477014606e-05,
          "eth": -5.18082400478286e-05
        },
        "std": {
          "btc": 0.00522404125841064,
          "eth": 0.0069223102458923266
        },
        "min": {
          "btc": -0.03612262483146145,
          "eth": -0.04170398539552955
        },
        "max": {
          "btc": 0.0349913262434709,
          "eth": 0.04377388676562077
        }
      },
      "hedge_table": [
        {
          "target": "BTC",
          "hedge": "ETH",
          "hedge_ratio_units": 0.68029270521452,
          "target_w": 0.5951344053905964,
          "hedge_w": -0.40486559460940363
        },
        {
          "target": "ETH",
          "hedge": "BTC",
          "hedge_ratio_units": 1.1944961023329066,
          "target_w": 0.45568547555720346,
          "hedge_w": -0.5443145244427965
        }
      ],
      "examples": [
        {
          "target": "BTC",
          "hedge": "ETH",
          "target_dollars": 59.51344053905964,
          "hedge_dollars": -40.48655946094036,
          "hedge_units_per_target_unit": -0.68029270521452
        },
        {
          "target": "ETH",
          "hedge": "BTC",
          "target_dollars": 45.56854755572034,
          "hedge_dollars": -54.43145244427965,
          "hedge_units_per_target_unit": -1.1944961023329066
        }
      ]
    },
    "150": {
      "lookback_days": 150,
      "corr": 0.9013029628956165,
      "stats": {
        "mean": {
          "btc": -5.411885435994463e-05,
          "eth": -6.017032423631854e-05
        },
        "std": {
          "btc": 0.005283842834821092,
          "eth": 0.0071352996675028086
        },
        "min": {
          "btc": -0.03714671634653788,
          "eth": -0.05178573218862892
        },
        "max": {
          "btc": 0.0349913262434709,
          "eth": 0.04377388676562077
        }
      },
      "hedge_table": [
        {
          "target": "BTC",
          "hedge": "ETH",
          "hedge_ratio_units": 0.6674342248285327,
          "target_w": 0.5997238062585845,
          "hedge_w": -0.40027619374141543
        },
        {
          "target": "ETH",
          "hedge": "BTC",
          "hedge_ratio_units": 1.2171192316862582,
          "target_w": 0.4510357339868625,
          "hedge_w": -0.5489642660131376
        }
      ],
      "examples": [
        {
          "target": "BTC",
          "hedge": "ETH",
          "target_dollars": 59.97238062585845,
          "hedge_dollars": -40.027619374141544,
          "hedge_units_per_target_unit": -0.6674342248285327
        },
        {
          "target": "ETH",
          "hedge": "BTC",
          "target_dollars": 45.10357339868625,
          "hedge_dollars": -54.89642660131376,
          "hedge_units_per_target_unit": -1.2171192316862582
        }
      ]
    },
    "180": {
      "lookback_days": 180,
      "corr": 0.8950718760219183,
      "stats": {
        "mean": {
          "btc": -6.918930186460156e-05,
          "eth": -9.045565763984272e-05
        },
        "std": {
          "btc": 0.005201722650144438,
          "eth": 0.007180938019822002
        },
        "min": {
          "btc": -0.03714671634653788,
          "eth": -0.05178573218862892
        },
        "max": {
          "btc": 0.0349913262434709,
          "eth": 0.04377388676562077
        }
      },
      "hedge_table": [
        {
          "target": "BTC",
          "hedge": "ETH",
          "hedge_ratio_units": 0.6483715133257613,
          "target_w": 0.6066593555614146,
          "hedge_w": -0.39334064443858546
        },
        {
          "target": "ETH",
          "hedge": "BTC",
          "hedge_ratio_units": 1.235639824976198,
          "target_w": 0.4472992424039712,
          "hedge_w": -0.5527007575960289
        }
      ],
      "examples": [
        {
          "target": "BTC",
          "hedge": "ETH",
          "target_dollars": 60.66593555614146,
          "hedge_dollars": -39.334064443858544,
          "hedge_units_per_target_unit": -0.6483715133257613
        },
        {
          "target": "ETH",
          "hedge": "BTC",
          "target_dollars": 44.72992424039712,
          "hedge_dollars": -55.27007575960289,
          "hedge_units_per_target_unit": -1.235639824976198
        }
      ]
    }
  },
  "example_notional": 100.0,
  "provider": "cryptocompare"
}