{
  "generated_at": "2026-03-31T16:54:59.326756Z",
  "lookbacks": {
    "30": {
      "lookback_days": 30,
      "corr": 0.9174196553546506,
      "stats": {
        "mean": {
          "btc": 4.801573914610354e-05,
          "eth": 0.00011196773016641592
        },
        "std": {
          "btc": 0.005268653102866149,
          "eth": 0.006789559015627619
        },
        "min": {
          "btc": -0.0193691951400623,
          "eth": -0.030096491146448856
        },
        "max": {
          "btc": 0.029223763595974894,
          "eth": 0.041842617860856635
        }
      },
      "hedge_table": [
        {
          "target": "BTC",
          "hedge": "ETH",
          "hedge_ratio_units": 0.7119116135067373,
          "target_w": 0.5841423074124524,
          "hedge_w": -0.41585769258754757
        },
        {
          "target": "ETH",
          "hedge": "BTC",
          "hedge_ratio_units": 1.1822518527057022,
          "target_w": 0.45824225043508743,
          "hedge_w": -0.5417577495649125
        }
      ],
      "examples": [
        {
          "target": "BTC",
          "hedge": "ETH",
          "target_dollars": 58.41423074124524,
          "hedge_dollars": -41.58576925875476,
          "hedge_units_per_target_unit": -0.7119116135067373
        },
        {
          "target": "ETH",
          "hedge": "BTC",
          "target_dollars": 45.82422504350874,
          "hedge_dollars": -54.17577495649125,
          "hedge_units_per_target_unit": -1.1822518527057022
        }
      ]
    },
    "60": {
      "lookback_days": 60,
      "corr": 0.9053743928290395,
      "stats": {
        "mean": {
          "btc": -0.00012190851354178153,
          "eth": -0.0001475917885117521
        },
        "std": {
          "btc": 0.006136852462713399,
          "eth": 0.008025767942864507
        },
        "min": {
          "btc": -0.03612262483146145,
          "eth": -0.04170398539552955
        },
        "max": {
          "btc": 0.0349913262434709,
          "eth": 0.04260060177264258
        }
      },
      "hedge_table": [
        {
          "target": "BTC",
          "hedge": "ETH",
          "hedge_ratio_units": 0.6922887768329212,
          "target_w": 0.5909156957664617,
          "hedge_w": -0.40908430423353837
        },
        {
          "target": "ETH",
          "hedge": "BTC",
          "hedge_ratio_units": 1.1840474937937369,
          "target_w": 0.45786550102121576,
          "hedge_w": -0.5421344989787842
        }
      ],
      "examples": [
        {
          "target": "BTC",
          "hedge": "ETH",
          "target_dollars": 59.09156957664617,
          "hedge_dollars": -40.908430423353835,
          "hedge_units_per_target_unit": -0.6922887768329212
        },
        {
          "target": "ETH",
          "hedge": "BTC",
          "target_dollars": 45.78655010212157,
          "hedge_dollars": -54.21344989787842,
          "hedge_units_per_target_unit": -1.1840474937937369
        }
      ]
    },
    "120": {
      "lookback_days": 120,
      "corr": 0.8991000311771629,
      "stats": {
        "mean": {
          "btc": -6.524793502043851e-05,
          "eth": -6.870285419266871e-05
        },
        "std": {
          "btc": 0.005284532586562016,
          "eth": 0.007095463759735737
        },
        "min": {
          "btc": -0.03612262483146145,
          "eth": -0.04988725258205495
        },
        "max": {
          "btc": 0.0349913262434709,
          "eth": 0.04377388676562077
        }
      },
      "hedge_table": [
        {
          "target": "BTC",
          "hedge": "ETH",
          "hedge_ratio_units": 0.6696283110198845,
          "target_w": 0.5989356992809703,
          "hedge_w": -0.40106430071902965
        },
        {
          "target": "ETH",
          "hedge": "BTC",
          "hedge_ratio_units": 1.207208316553346,
          "target_w": 0.4530609967805597,
          "hedge_w": -0.5469390032194404
        }
      ],
      "examples": [
        {
          "target": "BTC",
          "hedge": "ETH",
          "target_dollars": 59.89356992809704,
          "hedge_dollars": -40.10643007190296,
          "hedge_units_per_target_unit": -0.6696283110198845
        },
        {
          "target": "ETH",
          "hedge": "BTC",
          "target_dollars": 45.30609967805597,
          "hedge_dollars": -54.69390032194404,
          "hedge_units_per_target_unit": -1.207208316553346
        }
      ]
    },
    "150": {
      "lookback_days": 150,
      "corr": 0.8951603444075844,
      "stats": {
        "mean": {
          "btc": -0.00012136386752560128,
          "eth": -0.0001435196021960954
        },
        "std": {
          "btc": 0.005348371694271149,
          "eth": 0.007370001527958239
        },
        "min": {
          "btc": -0.03714671634653788,
          "eth": -0.05178573218862892
        },
        "max": {
          "btc": 0.0349913262434709,
          "eth": 0.04377388676562077
        }
      },
      "hedge_table": [
        {
          "target": "BTC",
          "hedge": "ETH",
          "hedge_ratio_units": 0.6496131961033517,
          "target_w": 0.6062027161046958,
          "hedge_w": -0.39379728389530416
        },
        {
          "target": "ETH",
          "hedge": "BTC",
          "hedge_ratio_units": 1.2335218049856527,
          "target_w": 0.4477234105204644,
          "hedge_w": -0.5522765894795355
        }
      ],
      "examples": [
        {
          "target": "BTC",
          "hedge": "ETH",
          "target_dollars": 60.62027161046958,
          "hedge_dollars": -39.37972838953041,
          "hedge_units_per_target_unit": -0.6496131961033517
        },
        {
          "target": "ETH",
          "hedge": "BTC",
          "target_dollars": 44.772341052046436,
          "hedge_dollars": -55.22765894795355,
          "hedge_units_per_target_unit": -1.2335218049856527
        }
      ]
    },
    "180": {
      "lookback_days": 180,
      "corr": 0.8843446983490435,
      "stats": {
        "mean": {
          "btc": -0.00011908285210935906,
          "eth": -0.00014875558673766814
        },
        "std": {
          "btc": 0.005228211233312356,
          "eth": 0.007362924658368001
        },
        "min": {
          "btc": -0.03714671634653788,
          "eth": -0.05178573218862892
        },
        "max": {
          "btc": 0.0349913262434709,
          "eth": 0.04377388676562077
        }
      },
      "hedge_table": [
        {
          "target": "BTC",
          "hedge": "ETH",
          "hedge_ratio_units": 0.6279489605769658,
          "target_w": 0.6142698722235046,
          "hedge_w": -0.38573012777649535
        },
        {
          "target": "ETH",
          "hedge": "BTC",
          "hedge_ratio_units": 1.2454285214191472,
          "target_w": 0.44534929099768616,
          "hedge_w": -0.5546507090023137
        }
      ],
      "examples": [
        {
          "target": "BTC",
          "hedge": "ETH",
          "target_dollars": 61.42698722235046,
          "hedge_dollars": -38.57301277764954,
          "hedge_units_per_target_unit": -0.6279489605769658
        },
        {
          "target": "ETH",
          "hedge": "BTC",
          "target_dollars": 44.53492909976862,
          "hedge_dollars": -55.465070900231375,
          "hedge_units_per_target_unit": -1.2454285214191472
        }
      ]
    }
  },
  "example_notional": 100.0,
  "provider": "cryptocompare"
}