{
  "generated_at": "2026-01-19T08:30:37.505844Z",
  "lookbacks": {
    "30": {
      "lookback_days": 30,
      "corr": 0.8669482253454568,
      "stats": {
        "mean": {
          "btc": 7.794080685490605e-05,
          "eth": 0.00011120555424678209
        },
        "std": {
          "btc": 0.003380314316495285,
          "eth": 0.004378530984609137
        },
        "min": {
          "btc": -0.019039367237945193,
          "eth": -0.022667238766945097
        },
        "max": {
          "btc": 0.019859354511182037,
          "eth": 0.03730338759129537
        }
      },
      "hedge_table": [
        {
          "target": "BTC",
          "hedge": "ETH",
          "hedge_ratio_units": 0.6693015324309812,
          "target_w": 0.5990529455416683,
          "hedge_w": -0.40094705445833173
        },
        {
          "target": "ETH",
          "hedge": "BTC",
          "hedge_ratio_units": 1.122960562632721,
          "target_w": 0.4710403092744607,
          "hedge_w": -0.5289596907255394
        }
      ],
      "examples": [
        {
          "target": "BTC",
          "hedge": "ETH",
          "target_dollars": 59.90529455416683,
          "hedge_dollars": -40.09470544583317,
          "hedge_units_per_target_unit": -0.6693015324309812
        },
        {
          "target": "ETH",
          "hedge": "BTC",
          "target_dollars": 47.104030927446075,
          "hedge_dollars": -52.89596907255394,
          "hedge_units_per_target_unit": -1.122960562632721
        }
      ]
    },
    "60": {
      "lookback_days": 60,
      "corr": 0.8932498692252473,
      "stats": {
        "mean": {
          "btc": 1.8766993217214246e-05,
          "eth": 6.50203236498744e-05
        },
        "std": {
          "btc": 0.004606656213203824,
          "eth": 0.006379340076033971
        },
        "min": {
          "btc": -0.03714671634653788,
          "eth": -0.05178573218862892
        },
        "max": {
          "btc": 0.026004133739085944,
          "eth": 0.04132265866066209
        }
      },
      "hedge_table": [
        {
          "target": "BTC",
          "hedge": "ETH",
          "hedge_ratio_units": 0.6450345977742913,
          "target_w": 0.607889950371248,
          "hedge_w": -0.3921100496287519
        },
        {
          "target": "ETH",
          "hedge": "BTC",
          "hedge_ratio_units": 1.2369806699114747,
          "target_w": 0.44703113149367246,
          "hedge_w": -0.5529688685063275
        }
      ],
      "examples": [
        {
          "target": "BTC",
          "hedge": "ETH",
          "target_dollars": 60.788995037124806,
          "hedge_dollars": -39.21100496287519,
          "hedge_units_per_target_unit": -0.6450345977742913
        },
        {
          "target": "ETH",
          "hedge": "BTC",
          "target_dollars": 44.70311314936725,
          "hedge_dollars": -55.29688685063275,
          "hedge_units_per_target_unit": -1.2369806699114747
        }
      ]
    },
    "120": {
      "lookback_days": 120,
      "corr": 0.8676582338902843,
      "stats": {
        "mean": {
          "btc": -6.583667154620167e-05,
          "eth": -9.091935370142882e-05
        },
        "std": {
          "btc": 0.004590900931704631,
          "eth": 0.006951084799091087
        },
        "min": {
          "btc": -0.03714671634653788,
          "eth": -0.05178573218862892
        },
        "max": {
          "btc": 0.03468753462614105,
          "eth": 0.04368288914132212
        }
      },
      "hedge_table": [
        {
          "target": "BTC",
          "hedge": "ETH",
          "hedge_ratio_units": 0.5730519925305695,
          "target_w": 0.6357068963698393,
          "hedge_w": -0.36429310363016065
        },
        {
          "target": "ETH",
          "hedge": "BTC",
          "hedge_ratio_units": 1.3137216529221778,
          "target_w": 0.43220410663358005,
          "hedge_w": -0.56779589336642
        }
      ],
      "examples": [
        {
          "target": "BTC",
          "hedge": "ETH",
          "target_dollars": 63.570689636983936,
          "hedge_dollars": -36.429310363016064,
          "hedge_units_per_target_unit": -0.5730519925305695
        },
        {
          "target": "ETH",
          "hedge": "BTC",
          "target_dollars": 43.220410663358,
          "hedge_dollars": -56.779589336642,
          "hedge_units_per_target_unit": -1.3137216529221778
        }
      ]
    },
    "150": {
      "lookback_days": 150,
      "corr": 0.8549700327545486,
      "stats": {
        "mean": {
          "btc": -4.491467010958304e-05,
          "eth": -5.982735081500669e-05
        },
        "std": {
          "btc": 0.0043725329194954105,
          "eth": 0.006837973115323731
        },
        "min": {
          "btc": -0.03714671634653788,
          "eth": -0.05178573218862892
        },
        "max": {
          "btc": 0.03468753462614105,
          "eth": 0.0757825447476439
        }
      },
      "hedge_table": [
        {
          "target": "BTC",
          "hedge": "ETH",
          "hedge_ratio_units": 0.5467094635139329,
          "target_w": 0.646533834304035,
          "hedge_w": -0.35346616569596495
        },
        {
          "target": "ETH",
          "hedge": "BTC",
          "hedge_ratio_units": 1.3370424433666037,
          "target_w": 0.4278912446962066,
          "hedge_w": -0.5721087553037933
        }
      ],
      "examples": [
        {
          "target": "BTC",
          "hedge": "ETH",
          "target_dollars": 64.6533834304035,
          "hedge_dollars": -35.34661656959649,
          "hedge_units_per_target_unit": -0.5467094635139329
        },
        {
          "target": "ETH",
          "hedge": "BTC",
          "target_dollars": 42.78912446962066,
          "hedge_dollars": -57.21087553037933,
          "hedge_units_per_target_unit": -1.3370424433666037
        }
      ]
    },
    "180": {
      "lookback_days": 180,
      "corr": 0.8351841330054945,
      "stats": {
        "mean": {
          "btc": -4.673644850781026e-05,
          "eth": -7.1259851384331355e-06
        },
        "std": {
          "btc": 0.004194331592913369,
          "eth": 0.006843955349095449
        },
        "min": {
          "btc": -0.03714671634653788,
          "eth": -0.05178573218862892
        },
        "max": {
          "btc": 0.03468753462614105,
          "eth": 0.0757825447476439
        }
      },
      "hedge_table": [
        {
          "target": "BTC",
          "hedge": "ETH",
          "hedge_ratio_units": 0.5118442503322141,
          "target_w": 0.6614437960658045,
          "hedge_w": -0.3385562039341956
        },
        {
          "target": "ETH",
          "hedge": "BTC",
          "hedge_ratio_units": 1.362782790998246,
          "target_w": 0.42322976272292584,
          "hedge_w": -0.5767702372770742
        }
      ],
      "examples": [
        {
          "target": "BTC",
          "hedge": "ETH",
          "target_dollars": 66.14437960658044,
          "hedge_dollars": -33.855620393419564,
          "hedge_units_per_target_unit": -0.5118442503322141
        },
        {
          "target": "ETH",
          "hedge": "BTC",
          "target_dollars": 42.322976272292586,
          "hedge_dollars": -57.67702372770742,
          "hedge_units_per_target_unit": -1.362782790998246
        }
      ]
    }
  },
  "example_notional": 100.0,
  "provider": "cryptocompare"
}