{
  "generated_at": "2026-02-27T08:38:40.537394Z",
  "lookbacks": {
    "30": {
      "lookback_days": 30,
      "corr": 0.8917820673922738,
      "stats": {
        "mean": {
          "btc": -0.00036175695634510865,
          "eth": -0.0005083206798491469
        },
        "std": {
          "btc": 0.006782431883514916,
          "eth": 0.00891942827608661
        },
        "min": {
          "btc": -0.03450018927739806,
          "eth": -0.04170398539552955
        },
        "max": {
          "btc": 0.0349913262434709,
          "eth": 0.04260060177264258
        }
      },
      "hedge_table": [
        {
          "target": "BTC",
          "hedge": "ETH",
          "hedge_ratio_units": 0.6781209445054204,
          "target_w": 0.5959046058475376,
          "hedge_w": -0.40409539415246243
        },
        {
          "target": "ETH",
          "hedge": "BTC",
          "hedge_ratio_units": 1.1727631511255898,
          "target_w": 0.4602434459927004,
          "hedge_w": -0.5397565540072995
        }
      ],
      "examples": [
        {
          "target": "BTC",
          "hedge": "ETH",
          "target_dollars": 59.59046058475376,
          "hedge_dollars": -40.40953941524624,
          "hedge_units_per_target_unit": -0.6781209445054204
        },
        {
          "target": "ETH",
          "hedge": "BTC",
          "target_dollars": 46.02434459927004,
          "hedge_dollars": -53.97565540072995,
          "hedge_units_per_target_unit": -1.1727631511255898
        }
      ]
    },
    "60": {
      "lookback_days": 60,
      "corr": 0.8888889436156651,
      "stats": {
        "mean": {
          "btc": -0.00016626026991173033,
          "eth": -0.00023797469205653397
        },
        "std": {
          "btc": 0.005437875759900417,
          "eth": 0.007294537545771922
        },
        "min": {
          "btc": -0.03450018927739806,
          "eth": -0.04170398539552955
        },
        "max": {
          "btc": 0.0349913262434709,
          "eth": 0.04377388676562077
        }
      },
      "hedge_table": [
        {
          "target": "BTC",
          "hedge": "ETH",
          "hedge_ratio_units": 0.6626420947730697,
          "target_w": 0.6014523529409904,
          "hedge_w": -0.3985476470590095
        },
        {
          "target": "ETH",
          "hedge": "BTC",
          "hedge_ratio_units": 1.1923835812947574,
          "target_w": 0.4561245616560535,
          "hedge_w": -0.5438754383439465
        }
      ],
      "examples": [
        {
          "target": "BTC",
          "hedge": "ETH",
          "target_dollars": 60.145235294099045,
          "hedge_dollars": -39.854764705900955,
          "hedge_units_per_target_unit": -0.6626420947730697
        },
        {
          "target": "ETH",
          "hedge": "BTC",
          "target_dollars": 45.612456165605344,
          "hedge_dollars": -54.38754383439465,
          "hedge_units_per_target_unit": -1.1923835812947574
        }
      ]
    },
    "120": {
      "lookback_days": 120,
      "corr": 0.8890761535893121,
      "stats": {
        "mean": {
          "btc": -0.00015449193817368138,
          "eth": -0.00019875375369500338
        },
        "std": {
          "btc": 0.005303665514781506,
          "eth": 0.007444498285885422
        },
        "min": {
          "btc": -0.03714671634653788,
          "eth": -0.05178573218862892
        },
        "max": {
          "btc": 0.0349913262434709,
          "eth": 0.04377388676562077
        }
      },
      "hedge_table": [
        {
          "target": "BTC",
          "hedge": "ETH",
          "hedge_ratio_units": 0.6334023267553741,
          "target_w": 0.6122190372940277,
          "hedge_w": -0.3877809627059723
        },
        {
          "target": "ETH",
          "hedge": "BTC",
          "hedge_ratio_units": 1.2479531152503134,
          "target_w": 0.44484913551617755,
          "hedge_w": -0.5551508644838226
        }
      ],
      "examples": [
        {
          "target": "BTC",
          "hedge": "ETH",
          "target_dollars": 61.22190372940277,
          "hedge_dollars": -38.77809627059723,
          "hedge_units_per_target_unit": -0.6334023267553741
        },
        {
          "target": "ETH",
          "hedge": "BTC",
          "target_dollars": 44.48491355161776,
          "hedge_dollars": -55.515086448382256,
          "hedge_units_per_target_unit": -1.2479531152503134
        }
      ]
    },
    "150": {
      "lookback_days": 150,
      "corr": 0.8767991366744373,
      "stats": {
        "mean": {
          "btc": -0.0001281227930023639,
          "eth": -0.00017027397657683858
        },
        "std": {
          "btc": 0.005156780637458753,
          "eth": 0.007433287270538077
        },
        "min": {
          "btc": -0.03714671634653788,
          "eth": -0.05178573218862892
        },
        "max": {
          "btc": 0.0349913262434709,
          "eth": 0.04377388676562077
        }
      },
      "hedge_table": [
        {
          "target": "BTC",
          "hedge": "ETH",
          "hedge_ratio_units": 0.6082720398637294,
          "target_w": 0.6217853542269697,
          "hedge_w": -0.3782146457730304
        },
        {
          "target": "ETH",
          "hedge": "BTC",
          "hedge_ratio_units": 1.263869906374896,
          "target_w": 0.44172149520786136,
          "hedge_w": -0.5582785047921388
        }
      ],
      "examples": [
        {
          "target": "BTC",
          "hedge": "ETH",
          "target_dollars": 62.17853542269697,
          "hedge_dollars": -37.82146457730304,
          "hedge_units_per_target_unit": -0.6082720398637294
        },
        {
          "target": "ETH",
          "hedge": "BTC",
          "target_dollars": 44.172149520786135,
          "hedge_dollars": -55.82785047921388,
          "hedge_units_per_target_unit": -1.263869906374896
        }
      ]
    },
    "180": {
      "lookback_days": 180,
      "corr": 0.8708892883943864,
      "stats": {
        "mean": {
          "btc": -9.700309593680684e-05,
          "eth": -0.00015702993441255166
        },
        "std": {
          "btc": 0.004863373900450805,
          "eth": 0.007096474503892449
        },
        "min": {
          "btc": -0.03714671634653788,
          "eth": -0.05178573218862892
        },
        "max": {
          "btc": 0.0349913262434709,
          "eth": 0.04377388676562077
        }
      },
      "hedge_table": [
        {
          "target": "BTC",
          "hedge": "ETH",
          "hedge_ratio_units": 0.5968400553029908,
          "target_w": 0.6262367960266728,
          "hedge_w": -0.37376320397332713
        },
        {
          "target": "ETH",
          "hedge": "BTC",
          "hedge_ratio_units": 1.2707728744094569,
          "target_w": 0.4403786971693779,
          "hedge_w": -0.5596213028306221
        }
      ],
      "examples": [
        {
          "target": "BTC",
          "hedge": "ETH",
          "target_dollars": 62.62367960266728,
          "hedge_dollars": -37.37632039733271,
          "hedge_units_per_target_unit": -0.5968400553029908
        },
        {
          "target": "ETH",
          "hedge": "BTC",
          "target_dollars": 44.03786971693779,
          "hedge_dollars": -55.96213028306221,
          "hedge_units_per_target_unit": -1.2707728744094569
        }
      ]
    }
  },
  "example_notional": 100.0,
  "provider": "cryptocompare"
}