{
  "generated_at": "2026-02-04T01:54:59.473580Z",
  "lookbacks": {
    "30": {
      "lookback_days": 30,
      "corr": 0.8947427810844196,
      "stats": {
        "mean": {
          "btc": -0.0002616103200360118,
          "eth": -0.0004504927914348388
        },
        "std": {
          "btc": 0.00482023767990629,
          "eth": 0.007256224253835715
        },
        "min": {
          "btc": -0.02980180309593028,
          "eth": -0.0369709977803403
        },
        "max": {
          "btc": 0.024487333823877355,
          "eth": 0.04377388676562077
        }
      },
      "hedge_table": [
        {
          "target": "BTC",
          "hedge": "ETH",
          "hedge_ratio_units": 0.5943687400409979,
          "target_w": 0.6272074802308817,
          "hedge_w": -0.37279251976911826
        },
        {
          "target": "ETH",
          "hedge": "BTC",
          "hedge_ratio_units": 1.346915795483223,
          "target_w": 0.42609112858866033,
          "hedge_w": -0.5739088714113396
        }
      ],
      "examples": [
        {
          "target": "BTC",
          "hedge": "ETH",
          "target_dollars": 62.72074802308817,
          "hedge_dollars": -37.27925197691182,
          "hedge_units_per_target_unit": -0.5943687400409979
        },
        {
          "target": "ETH",
          "hedge": "BTC",
          "target_dollars": 42.609112858866034,
          "hedge_dollars": -57.39088714113396,
          "hedge_units_per_target_unit": -1.346915795483223
        }
      ]
    },
    "60": {
      "lookback_days": 60,
      "corr": 0.8962222228700253,
      "stats": {
        "mean": {
          "btc": -9.88609334922299e-05,
          "eth": -0.00017956150925092375
        },
        "std": {
          "btc": 0.004536657439283656,
          "eth": 0.006696060800353722
        },
        "min": {
          "btc": -0.02980180309593028,
          "eth": -0.04988725258205495
        },
        "max": {
          "btc": 0.026004133739085944,
          "eth": 0.04377388676562077
        }
      },
      "hedge_table": [
        {
          "target": "BTC",
          "hedge": "ETH",
          "hedge_ratio_units": 0.6072007611430074,
          "target_w": 0.622199804888607,
          "hedge_w": -0.3778001951113929
        },
        {
          "target": "ETH",
          "hedge": "BTC",
          "hedge_ratio_units": 1.322814996565719,
          "target_w": 0.4305121163237277,
          "hedge_w": -0.5694878836762722
        }
      ],
      "examples": [
        {
          "target": "BTC",
          "hedge": "ETH",
          "target_dollars": 62.219980488860706,
          "hedge_dollars": -37.78001951113929,
          "hedge_units_per_target_unit": -0.6072007611430074
        },
        {
          "target": "ETH",
          "hedge": "BTC",
          "target_dollars": 43.05121163237277,
          "hedge_dollars": -56.94878836762722,
          "hedge_units_per_target_unit": -1.322814996565719
        }
      ]
    },
    "120": {
      "lookback_days": 120,
      "corr": 0.8784879268006666,
      "stats": {
        "mean": {
          "btc": -0.00015715764746450565,
          "eth": -0.0002253282889536211
        },
        "std": {
          "btc": 0.0048956893073895166,
          "eth": 0.007388103560803015
        },
        "min": {
          "btc": -0.03714671634653788,
          "eth": -0.05178573218862892
        },
        "max": {
          "btc": 0.03468753462614105,
          "eth": 0.04377388676562077
        }
      },
      "hedge_table": [
        {
          "target": "BTC",
          "hedge": "ETH",
          "hedge_ratio_units": 0.5821255636867863,
          "target_w": 0.6320610847534288,
          "hedge_w": -0.3679389152465713
        },
        {
          "target": "ETH",
          "hedge": "BTC",
          "hedge_ratio_units": 1.3257295086765337,
          "target_w": 0.4299726155897872,
          "hedge_w": -0.5700273844102127
        }
      ],
      "examples": [
        {
          "target": "BTC",
          "hedge": "ETH",
          "target_dollars": 63.20610847534288,
          "hedge_dollars": -36.79389152465713,
          "hedge_units_per_target_unit": -0.5821255636867863
        },
        {
          "target": "ETH",
          "hedge": "BTC",
          "target_dollars": 42.99726155897872,
          "hedge_dollars": -57.00273844102127,
          "hedge_units_per_target_unit": -1.3257295086765337
        }
      ]
    },
    "150": {
      "lookback_days": 150,
      "corr": 0.870392372216209,
      "stats": {
        "mean": {
          "btc": -9.26091974640361e-05,
          "eth": -0.00015393407329224567
        },
        "std": {
          "btc": 0.00455576372637165,
          "eth": 0.006949042685452334
        },
        "min": {
          "btc": -0.03714671634653788,
          "eth": -0.05178573218862892
        },
        "max": {
          "btc": 0.03468753462614105,
          "eth": 0.04377388676562077
        }
      },
      "hedge_table": [
        {
          "target": "BTC",
          "hedge": "ETH",
          "hedge_ratio_units": 0.5706256496818545,
          "target_w": 0.6366889527129267,
          "hedge_w": -0.3633110472870733
        },
        {
          "target": "ETH",
          "hedge": "BTC",
          "hedge_ratio_units": 1.3276355208262036,
          "target_w": 0.42962052737751916,
          "hedge_w": -0.5703794726224809
        }
      ],
      "examples": [
        {
          "target": "BTC",
          "hedge": "ETH",
          "target_dollars": 63.66889527129267,
          "hedge_dollars": -36.33110472870733,
          "hedge_units_per_target_unit": -0.5706256496818545
        },
        {
          "target": "ETH",
          "hedge": "BTC",
          "target_dollars": 42.96205273775192,
          "hedge_dollars": -57.03794726224809,
          "hedge_units_per_target_unit": -1.3276355208262036
        }
      ]
    },
    "180": {
      "lookback_days": 180,
      "corr": 0.8467966150342745,
      "stats": {
        "mean": {
          "btc": -8.835804986007256e-05,
          "eth": -0.00010040852603510604
        },
        "std": {
          "btc": 0.004424952114879913,
          "eth": 0.007080597672204023
        },
        "min": {
          "btc": -0.03714671634653788,
          "eth": -0.05178573218862892
        },
        "max": {
          "btc": 0.03468753462614105,
          "eth": 0.0757825447476439
        }
      },
      "hedge_table": [
        {
          "target": "BTC",
          "hedge": "ETH",
          "hedge_ratio_units": 0.5291974838901843,
          "target_w": 0.6539377749014218,
          "hedge_w": -0.34606222509857815
        },
        {
          "target": "ETH",
          "hedge": "BTC",
          "hedge_ratio_units": 1.355003621639112,
          "target_w": 0.42462779709187354,
          "hedge_w": -0.5753722029081266
        }
      ],
      "examples": [
        {
          "target": "BTC",
          "hedge": "ETH",
          "target_dollars": 65.39377749014218,
          "hedge_dollars": -34.606222509857815,
          "hedge_units_per_target_unit": -0.5291974838901843
        },
        {
          "target": "ETH",
          "hedge": "BTC",
          "target_dollars": 42.46277970918735,
          "hedge_dollars": -57.53722029081266,
          "hedge_units_per_target_unit": -1.355003621639112
        }
      ]
    }
  },
  "example_notional": 100.0,
  "provider": "cryptocompare"
}