{
  "generated_at": "2026-06-20T17:24:16.722629Z",
  "lookbacks": {
    "30": {
      "lookback_days": 30,
      "corr": 0.8673574937463658,
      "stats": {
        "mean": {
          "btc": -0.006607538523271109,
          "eth": -0.007111035184701564
        },
        "std": {
          "btc": 0.02271121797149469,
          "eth": 0.03298975068777819
        },
        "min": {
          "btc": -0.06600964303204149,
          "eth": -0.10658012901637759
        },
        "max": {
          "btc": 0.039313475306052226,
          "eth": 0.07539563557614826
        }
      },
      "hedge_table": [
        {
          "target": "BTC",
          "hedge": "ETH",
          "hedge_ratio_units": 0.597117125440445,
          "target_w": 0.6261281555817173,
          "hedge_w": -0.37387184441828275
        },
        {
          "target": "ETH",
          "hedge": "BTC",
          "hedge_ratio_units": 1.2599019353247647,
          "target_w": 0.4424970766956278,
          "hedge_w": -0.5575029233043723
        }
      ],
      "examples": [
        {
          "target": "BTC",
          "hedge": "ETH",
          "target_dollars": 62.61281555817173,
          "hedge_dollars": -37.387184441828275,
          "hedge_units_per_target_unit": -0.597117125440445
        },
        {
          "target": "ETH",
          "hedge": "BTC",
          "target_dollars": 44.24970766956278,
          "hedge_dollars": -55.75029233043723,
          "hedge_units_per_target_unit": -1.2599019353247647
        }
      ]
    },
    "60": {
      "lookback_days": 60,
      "corr": 0.8603378700348232,
      "stats": {
        "mean": {
          "btc": -0.002940885987879075,
          "eth": -0.004925420104555204
        },
        "std": {
          "btc": 0.018724111275004056,
          "eth": 0.02541362217227777
        },
        "min": {
          "btc": -0.06600964303204149,
          "eth": -0.10658012901637759
        },
        "max": {
          "btc": 0.039313475306052226,
          "eth": 0.07539563557614826
        }
      },
      "hedge_table": [
        {
          "target": "BTC",
          "hedge": "ETH",
          "hedge_ratio_units": 0.6338750888570477,
          "target_w": 0.6120418915864215,
          "hedge_w": -0.3879581084135785
        },
        {
          "target": "ETH",
          "hedge": "BTC",
          "hedge_ratio_units": 1.1677083760314535,
          "target_w": 0.4613166655889187,
          "hedge_w": -0.5386833344110814
        }
      ],
      "examples": [
        {
          "target": "BTC",
          "hedge": "ETH",
          "target_dollars": 61.20418915864215,
          "hedge_dollars": -38.79581084135785,
          "hedge_units_per_target_unit": -0.6338750888570477
        },
        {
          "target": "ETH",
          "hedge": "BTC",
          "target_dollars": 46.13166655889187,
          "hedge_dollars": -53.86833344110814,
          "hedge_units_per_target_unit": -1.1677083760314535
        }
      ]
    },
    "120": {
      "lookback_days": 120,
      "corr": 0.9170839681261648,
      "stats": {
        "mean": {
          "btc": -0.0003265828897304248,
          "eth": -0.0007397954732615361
        },
        "std": {
          "btc": 0.022175853494151652,
          "eth": 0.030492285143783986
        },
        "min": {
          "btc": -0.06600964303204149,
          "eth": -0.10658012901637759
        },
        "max": {
          "btc": 0.06364240856302605,
          "eth": 0.10814835249280486
        }
      },
      "hedge_table": [
        {
          "target": "BTC",
          "hedge": "ETH",
          "hedge_ratio_units": 0.6669595152709277,
          "target_w": 0.5998945930234376,
          "hedge_w": -0.4001054069765624
        },
        {
          "target": "ETH",
          "hedge": "BTC",
          "hedge_ratio_units": 1.2610105791089732,
          "target_w": 0.44228010662120987,
          "hedge_w": -0.5577198933787902
        }
      ],
      "examples": [
        {
          "target": "BTC",
          "hedge": "ETH",
          "target_dollars": 59.98945930234376,
          "hedge_dollars": -40.01054069765624,
          "hedge_units_per_target_unit": -0.6669595152709277
        },
        {
          "target": "ETH",
          "hedge": "BTC",
          "target_dollars": 44.22801066212099,
          "hedge_dollars": -55.77198933787903,
          "hedge_units_per_target_unit": -1.2610105791089732
        }
      ]
    },
    "150": {
      "lookback_days": 150,
      "corr": 0.9249090342688585,
      "stats": {
        "mean": {
          "btc": -0.001919226002276815,
          "eth": -0.003085111501555261
        },
        "std": {
          "btc": 0.02714382565062169,
          "eth": 0.03580418977133199
        },
        "min": {
          "btc": -0.14101788206180332,
          "eth": -0.15404474276243008
        },
        "max": {
          "btc": 0.12203362664914996,
          "eth": 0.13191787874605776
        }
      },
      "hedge_table": [
        {
          "target": "BTC",
          "hedge": "ETH",
          "hedge_ratio_units": 0.701190830716145,
          "target_w": 0.5878235304025434,
          "hedge_w": -0.4121764695974565
        },
        {
          "target": "ETH",
          "hedge": "BTC",
          "hedge_ratio_units": 1.2200055736588167,
          "target_w": 0.45044931952665707,
          "hedge_w": -0.5495506804733429
        }
      ],
      "examples": [
        {
          "target": "BTC",
          "hedge": "ETH",
          "target_dollars": 58.78235304025434,
          "hedge_dollars": -41.21764695974565,
          "hedge_units_per_target_unit": -0.701190830716145
        },
        {
          "target": "ETH",
          "hedge": "BTC",
          "target_dollars": 45.044931952665706,
          "hedge_dollars": -54.95506804733429,
          "hedge_units_per_target_unit": -1.2200055736588167
        }
      ]
    },
    "180": {
      "lookback_days": 180,
      "corr": 0.9225900929201301,
      "stats": {
        "mean": {
          "btc": -0.0015214700685503354,
          "eth": -0.0025700988127762554
        },
        "std": {
          "btc": 0.025638595687942987,
          "eth": 0.034268553413551506
        },
        "min": {
          "btc": -0.14101788206180332,
          "eth": -0.15404474276243008
        },
        "max": {
          "btc": 0.12203362664914996,
          "eth": 0.13191787874605776
        }
      },
      "hedge_table": [
        {
          "target": "BTC",
          "hedge": "ETH",
          "hedge_ratio_units": 0.6902513243738798,
          "target_w": 0.5916279937662112,
          "hedge_w": -0.40837200623378883
        },
        {
          "target": "ETH",
          "hedge": "BTC",
          "hedge_ratio_units": 1.2331341491107812,
          "target_w": 0.44780113205388633,
          "hedge_w": -0.5521988679461137
        }
      ],
      "examples": [
        {
          "target": "BTC",
          "hedge": "ETH",
          "target_dollars": 59.16279937662112,
          "hedge_dollars": -40.837200623378884,
          "hedge_units_per_target_unit": -0.6902513243738798
        },
        {
          "target": "ETH",
          "hedge": "BTC",
          "target_dollars": 44.78011320538863,
          "hedge_dollars": -55.21988679461137,
          "hedge_units_per_target_unit": -1.2331341491107812
        }
      ]
    }
  },
  "example_notional": 100.0,
  "provider": "coingecko"
}