{
  "generated_at": "2026-05-16T09:27:43.718915Z",
  "lookbacks": {
    "30": {
      "lookback_days": 30,
      "corr": 0.8946503577199567,
      "stats": {
        "mean": {
          "btc": 7.439527222465251e-05,
          "eth": -9.076420473252874e-05
        },
        "std": {
          "btc": 0.0035552651329777757,
          "eth": 0.00440482666145608
        },
        "min": {
          "btc": -0.020668693538518745,
          "eth": -0.025174966013795874
        },
        "max": {
          "btc": 0.018403612886388032,
          "eth": 0.027605242088407644
        }
      },
      "hedge_table": [
        {
          "target": "BTC",
          "hedge": "ETH",
          "hedge_ratio_units": 0.7220986130601614,
          "target_w": 0.5806868389627261,
          "hedge_w": -0.41931316103727384
        },
        {
          "target": "ETH",
          "hedge": "BTC",
          "hedge_ratio_units": 1.1084348426822992,
          "target_w": 0.4742854651025519,
          "hedge_w": -0.5257145348974482
        }
      ],
      "examples": [
        {
          "target": "BTC",
          "hedge": "ETH",
          "target_dollars": 58.06868389627261,
          "hedge_dollars": -41.93131610372738,
          "hedge_units_per_target_unit": -0.7220986130601614
        },
        {
          "target": "ETH",
          "hedge": "BTC",
          "target_dollars": 47.42854651025519,
          "hedge_dollars": -52.571453489744826,
          "hedge_units_per_target_unit": -1.1084348426822992
        }
      ]
    },
    "60": {
      "lookback_days": 60,
      "corr": 0.9068414459223345,
      "stats": {
        "mean": {
          "btc": 4.76930077956922e-05,
          "eth": -3.031100096626748e-05
        },
        "std": {
          "btc": 0.00403193373346376,
          "eth": 0.00532877943426487
        },
        "min": {
          "btc": -0.020668693538518745,
          "eth": -0.030096491146448856
        },
        "max": {
          "btc": 0.022874680739771724,
          "eth": 0.041842617860856635
        }
      },
      "hedge_table": [
        {
          "target": "BTC",
          "hedge": "ETH",
          "hedge_ratio_units": 0.6861467361937676,
          "target_w": 0.5930681942055384,
          "hedge_w": -0.40693180579446164
        },
        {
          "target": "ETH",
          "hedge": "BTC",
          "hedge_ratio_units": 1.1985211976731982,
          "target_w": 0.4548511977316155,
          "hedge_w": -0.5451488022683845
        }
      ],
      "examples": [
        {
          "target": "BTC",
          "hedge": "ETH",
          "target_dollars": 59.306819420553836,
          "hedge_dollars": -40.693180579446164,
          "hedge_units_per_target_unit": -0.6861467361937676
        },
        {
          "target": "ETH",
          "hedge": "BTC",
          "target_dollars": 45.48511977316155,
          "hedge_dollars": -54.51488022683845,
          "hedge_units_per_target_unit": -1.1985211976731982
        }
      ]
    },
    "120": {
      "lookback_days": 120,
      "corr": 0.9033873196075923,
      "stats": {
        "mean": {
          "btc": -5.5910646753867447e-05,
          "eth": -0.0001220820606976917
        },
        "std": {
          "btc": 0.005163546637198077,
          "eth": 0.006811049394832382
        },
        "min": {
          "btc": -0.03612262483146145,
          "eth": -0.04170398539552955
        },
        "max": {
          "btc": 0.0349913262434709,
          "eth": 0.04377388676562077
        }
      },
      "hedge_table": [
        {
          "target": "BTC",
          "hedge": "ETH",
          "hedge_ratio_units": 0.684869876261111,
          "target_w": 0.5935176443531037,
          "hedge_w": -0.4064823556468962
        },
        {
          "target": "ETH",
          "hedge": "BTC",
          "hedge_ratio_units": 1.191625851151677,
          "target_w": 0.45628226162531804,
          "hedge_w": -0.5437177383746818
        }
      ],
      "examples": [
        {
          "target": "BTC",
          "hedge": "ETH",
          "target_dollars": 59.35176443531037,
          "hedge_dollars": -40.64823556468962,
          "hedge_units_per_target_unit": -0.684869876261111
        },
        {
          "target": "ETH",
          "hedge": "BTC",
          "target_dollars": 45.6282261625318,
          "hedge_dollars": -54.37177383746818,
          "hedge_units_per_target_unit": -1.191625851151677
        }
      ]
    },
    "150": {
      "lookback_days": 150,
      "corr": 0.9005298109245339,
      "stats": {
        "mean": {
          "btc": -1.667078861437775e-05,
          "eth": -6.134858971177259e-05
        },
        "std": {
          "btc": 0.00493530280009296,
          "eth": 0.006496175597877679
        },
        "min": {
          "btc": -0.03612262483146145,
          "eth": -0.04170398539552955
        },
        "max": {
          "btc": 0.0349913262434709,
          "eth": 0.04377388676562077
        }
      },
      "hedge_table": [
        {
          "target": "BTC",
          "hedge": "ETH",
          "hedge_ratio_units": 0.6841544275488844,
          "target_w": 0.5937697776654594,
          "hedge_w": -0.4062302223345407
        },
        {
          "target": "ETH",
          "hedge": "BTC",
          "hedge_ratio_units": 1.185337560803598,
          "target_w": 0.45759520997400394,
          "hedge_w": -0.5424047900259962
        }
      ],
      "examples": [
        {
          "target": "BTC",
          "hedge": "ETH",
          "target_dollars": 59.376977766545934,
          "hedge_dollars": -40.62302223345407,
          "hedge_units_per_target_unit": -0.6841544275488844
        },
        {
          "target": "ETH",
          "hedge": "BTC",
          "target_dollars": 45.759520997400394,
          "hedge_dollars": -54.24047900259962,
          "hedge_units_per_target_unit": -1.185337560803598
        }
      ]
    },
    "180": {
      "lookback_days": 180,
      "corr": 0.9004870247298279,
      "stats": {
        "mean": {
          "btc": -3.427760198456488e-05,
          "eth": -6.672624408462177e-05
        },
        "std": {
          "btc": 0.005036916572034459,
          "eth": 0.006756369933933775
        },
        "min": {
          "btc": -0.03714671634653788,
          "eth": -0.05178573218862892
        },
        "max": {
          "btc": 0.0349913262434709,
          "eth": 0.04377388676562077
        }
      },
      "hedge_table": [
        {
          "target": "BTC",
          "hedge": "ETH",
          "hedge_ratio_units": 0.6713187794799829,
          "target_w": 0.5983299010803563,
          "hedge_w": -0.40167009891964367
        },
        {
          "target": "ETH",
          "hedge": "BTC",
          "hedge_ratio_units": 1.2078864862605205,
          "target_w": 0.45292183553045423,
          "hedge_w": -0.5470781644695457
        }
      ],
      "examples": [
        {
          "target": "BTC",
          "hedge": "ETH",
          "target_dollars": 59.83299010803563,
          "hedge_dollars": -40.16700989196437,
          "hedge_units_per_target_unit": -0.6713187794799829
        },
        {
          "target": "ETH",
          "hedge": "BTC",
          "target_dollars": 45.292183553045426,
          "hedge_dollars": -54.707816446954574,
          "hedge_units_per_target_unit": -1.2078864862605205
        }
      ]
    }
  },
  "example_notional": 100.0,
  "provider": "cryptocompare"
}