{
  "generated_at": "2026-04-21T02:27:37.376690Z",
  "lookbacks": {
    "30": {
      "lookback_days": 30,
      "corr": 0.9174329980400233,
      "stats": {
        "mean": {
          "btc": 0.00013327134246031403,
          "eth": 0.00014129747668620215
        },
        "std": {
          "btc": 0.004411327227390462,
          "eth": 0.005989317222930059
        },
        "min": {
          "btc": -0.019619547762256384,
          "eth": -0.02913186092280784
        },
        "max": {
          "btc": 0.022874680739771724,
          "eth": 0.041842617860856635
        }
      },
      "hedge_table": [
        {
          "target": "BTC",
          "hedge": "ETH",
          "hedge_ratio_units": 0.6757192870109021,
          "target_w": 0.5967586622361852,
          "hedge_w": -0.4032413377638148
        },
        {
          "target": "ETH",
          "hedge": "BTC",
          "hedge_ratio_units": 1.2456108950448321,
          "target_w": 0.4453131226814945,
          "hedge_w": -0.5546868773185055
        }
      ],
      "examples": [
        {
          "target": "BTC",
          "hedge": "ETH",
          "target_dollars": 59.67586622361852,
          "hedge_dollars": -40.32413377638148,
          "hedge_units_per_target_unit": -0.6757192870109021
        },
        {
          "target": "ETH",
          "hedge": "BTC",
          "target_dollars": 44.53131226814945,
          "hedge_dollars": -55.46868773185055,
          "hedge_units_per_target_unit": -1.2456108950448321
        }
      ]
    },
    "60": {
      "lookback_days": 60,
      "corr": 0.9161885733700303,
      "stats": {
        "mean": {
          "btc": 9.49077428063914e-05,
          "eth": 0.00013807433202884346
        },
        "std": {
          "btc": 0.005078683555094616,
          "eth": 0.006621058766918453
        },
        "min": {
          "btc": -0.03612262483146145,
          "eth": -0.04038541666666662
        },
        "max": {
          "btc": 0.029223763595974894,
          "eth": 0.041842617860856635
        }
      },
      "hedge_table": [
        {
          "target": "BTC",
          "hedge": "ETH",
          "hedge_ratio_units": 0.7027625044182421,
          "target_w": 0.5872809610296507,
          "hedge_w": -0.4127190389703493
        },
        {
          "target": "ETH",
          "hedge": "BTC",
          "hedge_ratio_units": 1.1944312576389962,
          "target_w": 0.455698940907316,
          "hedge_w": -0.544301059092684
        }
      ],
      "examples": [
        {
          "target": "BTC",
          "hedge": "ETH",
          "target_dollars": 58.72809610296507,
          "hedge_dollars": -41.27190389703493,
          "hedge_units_per_target_unit": -0.7027625044182421
        },
        {
          "target": "ETH",
          "hedge": "BTC",
          "target_dollars": 45.5698940907316,
          "hedge_dollars": -54.4301059092684,
          "hedge_units_per_target_unit": -1.1944312576389962
        }
      ]
    },
    "120": {
      "lookback_days": 120,
      "corr": 0.9013148749205767,
      "stats": {
        "mean": {
          "btc": -4.1576546322186366e-05,
          "eth": -6.979017245611526e-05
        },
        "std": {
          "btc": 0.005165833622628226,
          "eth": 0.006843120704469495
        },
        "min": {
          "btc": -0.03612262483146145,
          "eth": -0.04170398539552955
        },
        "max": {
          "btc": 0.0349913262434709,
          "eth": 0.04377388676562077
        }
      },
      "hedge_table": [
        {
          "target": "BTC",
          "hedge": "ETH",
          "hedge_ratio_units": 0.6803975680859516,
          "target_w": 0.5950972668563457,
          "hedge_w": -0.4049027331436542
        },
        {
          "target": "ETH",
          "hedge": "BTC",
          "hedge_ratio_units": 1.1939615040635652,
          "target_w": 0.45579651153761874,
          "hedge_w": -0.5442034884623814
        }
      ],
      "examples": [
        {
          "target": "BTC",
          "hedge": "ETH",
          "target_dollars": 59.50972668563457,
          "hedge_dollars": -40.490273314365425,
          "hedge_units_per_target_unit": -0.6803975680859516
        },
        {
          "target": "ETH",
          "hedge": "BTC",
          "target_dollars": 45.57965115376187,
          "hedge_dollars": -54.42034884623814,
          "hedge_units_per_target_unit": -1.1939615040635652
        }
      ]
    },
    "150": {
      "lookback_days": 150,
      "corr": 0.9000876963059136,
      "stats": {
        "mean": {
          "btc": -1.6705115115747802e-05,
          "eth": -2.4458519603810437e-05
        },
        "std": {
          "btc": 0.005139533411093906,
          "eth": 0.006943704381146153
        },
        "min": {
          "btc": -0.03714671634653788,
          "eth": -0.05178573218862892
        },
        "max": {
          "btc": 0.0349913262434709,
          "eth": 0.04377388676562077
        }
      },
      "hedge_table": [
        {
          "target": "BTC",
          "hedge": "ETH",
          "hedge_ratio_units": 0.666219431898568,
          "target_w": 0.6001610477322027,
          "hedge_w": -0.3998389522677974
        },
        {
          "target": "ETH",
          "hedge": "BTC",
          "hedge_ratio_units": 1.216052583054397,
          "target_w": 0.45125283021113816,
          "hedge_w": -0.5487471697888617
        }
      ],
      "examples": [
        {
          "target": "BTC",
          "hedge": "ETH",
          "target_dollars": 60.01610477322027,
          "hedge_dollars": -39.983895226779744,
          "hedge_units_per_target_unit": -0.666219431898568
        },
        {
          "target": "ETH",
          "hedge": "BTC",
          "target_dollars": 45.125283021113816,
          "hedge_dollars": -54.87471697888617,
          "hedge_units_per_target_unit": -1.216052583054397
        }
      ]
    },
    "180": {
      "lookback_days": 180,
      "corr": 0.8951970250439337,
      "stats": {
        "mean": {
          "btc": -6.948566821823356e-05,
          "eth": -9.140432214653682e-05
        },
        "std": {
          "btc": 0.005175766390463167,
          "eth": 0.00714501334605987
        },
        "min": {
          "btc": -0.03714671634653788,
          "eth": -0.05178573218862892
        },
        "max": {
          "btc": 0.0349913262434709,
          "eth": 0.04377388676562077
        }
      },
      "hedge_table": [
        {
          "target": "BTC",
          "hedge": "ETH",
          "hedge_ratio_units": 0.6484705417128527,
          "target_w": 0.6066229117815745,
          "hedge_w": -0.3933770882184256
        },
        {
          "target": "ETH",
          "hedge": "BTC",
          "hedge_ratio_units": 1.2357966354659253,
          "target_w": 0.4472678704928843,
          "hedge_w": -0.5527321295071157
        }
      ],
      "examples": [
        {
          "target": "BTC",
          "hedge": "ETH",
          "target_dollars": 60.662291178157446,
          "hedge_dollars": -39.33770882184256,
          "hedge_units_per_target_unit": -0.6484705417128527
        },
        {
          "target": "ETH",
          "hedge": "BTC",
          "target_dollars": 44.72678704928843,
          "hedge_dollars": -55.27321295071157,
          "hedge_units_per_target_unit": -1.2357966354659253
        }
      ]
    }
  },
  "example_notional": 100.0,
  "provider": "cryptocompare"
}