{
  "generated_at": "2026-01-06T08:28:42.676623Z",
  "lookbacks": {
    "30": {
      "lookback_days": 30,
      "corr": 0.8972400466687656,
      "stats": {
        "mean": {
          "btc": 7.143196365497712e-05,
          "eth": 0.00010026308824971149
        },
        "std": {
          "btc": 0.004257291857969088,
          "eth": 0.006113133569917725
        },
        "min": {
          "btc": -0.027358625956130256,
          "eth": -0.04988725258205495
        },
        "max": {
          "btc": 0.026004133739085944,
          "eth": 0.04132265866066209
        }
      },
      "hedge_table": [
        {
          "target": "BTC",
          "hedge": "ETH",
          "hedge_ratio_units": 0.6248534735317668,
          "target_w": 0.6154401097019592,
          "hedge_w": -0.38455989029804083
        },
        {
          "target": "ETH",
          "hedge": "BTC",
          "hedge_ratio_units": 1.2883655696046017,
          "target_w": 0.4369931156466344,
          "hedge_w": -0.5630068843533657
        }
      ],
      "examples": [
        {
          "target": "BTC",
          "hedge": "ETH",
          "target_dollars": 61.54401097019592,
          "hedge_dollars": -38.45598902980408,
          "hedge_units_per_target_unit": -0.6248534735317668
        },
        {
          "target": "ETH",
          "hedge": "BTC",
          "target_dollars": 43.69931156466344,
          "hedge_dollars": -56.30068843533657,
          "hedge_units_per_target_unit": -1.2883655696046017
        }
      ]
    },
    "60": {
      "lookback_days": 60,
      "corr": 0.8908113039237838,
      "stats": {
        "mean": {
          "btc": -4.343316334036624e-05,
          "eth": 6.72203949684052e-06
        },
        "std": {
          "btc": 0.004927864862762483,
          "eth": 0.007073841704338288
        },
        "min": {
          "btc": -0.03714671634653788,
          "eth": -0.05178573218862892
        },
        "max": {
          "btc": 0.026004133739085944,
          "eth": 0.04132265866066209
        }
      },
      "hedge_table": [
        {
          "target": "BTC",
          "hedge": "ETH",
          "hedge_ratio_units": 0.6205677066911808,
          "target_w": 0.6170677077366705,
          "hedge_w": -0.3829322922633294
        },
        {
          "target": "ETH",
          "hedge": "BTC",
          "hedge_ratio_units": 1.278740048252771,
          "target_w": 0.4388389982291978,
          "hedge_w": -0.5611610017708022
        }
      ],
      "examples": [
        {
          "target": "BTC",
          "hedge": "ETH",
          "target_dollars": 61.70677077366705,
          "hedge_dollars": -38.29322922633294,
          "hedge_units_per_target_unit": -0.6205677066911808
        },
        {
          "target": "ETH",
          "hedge": "BTC",
          "target_dollars": 43.88389982291978,
          "hedge_dollars": -56.11610017708022,
          "hedge_units_per_target_unit": -1.278740048252771
        }
      ]
    },
    "120": {
      "lookback_days": 120,
      "corr": 0.8633899518827136,
      "stats": {
        "mean": {
          "btc": -5.3922669170036165e-05,
          "eth": -7.888049210430077e-05
        },
        "std": {
          "btc": 0.004494498740947082,
          "eth": 0.006880373454891503
        },
        "min": {
          "btc": -0.03714671634653788,
          "eth": -0.05178573218862892
        },
        "max": {
          "btc": 0.03468753462614105,
          "eth": 0.04368288914132212
        }
      },
      "hedge_table": [
        {
          "target": "BTC",
          "hedge": "ETH",
          "hedge_ratio_units": 0.5639962826326568,
          "target_w": 0.6393877089763357,
          "hedge_w": -0.3606122910236643
        },
        {
          "target": "ETH",
          "hedge": "BTC",
          "hedge_ratio_units": 1.3217147558711082,
          "target_w": 0.4307161323203977,
          "hedge_w": -0.5692838676796024
        }
      ],
      "examples": [
        {
          "target": "BTC",
          "hedge": "ETH",
          "target_dollars": 63.93877089763357,
          "hedge_dollars": -36.06122910236643,
          "hedge_units_per_target_unit": -0.5639962826326568
        },
        {
          "target": "ETH",
          "hedge": "BTC",
          "target_dollars": 43.071613232039766,
          "hedge_dollars": -56.928386767960234,
          "hedge_units_per_target_unit": -1.3217147558711082
        }
      ]
    },
    "150": {
      "lookback_days": 150,
      "corr": 0.838940085112328,
      "stats": {
        "mean": {
          "btc": -5.4918900798368716e-05,
          "eth": -5.110704627476207e-05
        },
        "std": {
          "btc": 0.004346209182057926,
          "eth": 0.007010451414570426
        },
        "min": {
          "btc": -0.03714671634653788,
          "eth": -0.05178573218862892
        },
        "max": {
          "btc": 0.03468753462614105,
          "eth": 0.0757825447476439
        }
      },
      "hedge_table": [
        {
          "target": "BTC",
          "hedge": "ETH",
          "hedge_ratio_units": 0.520110458726442,
          "target_w": 0.6578469309643499,
          "hedge_w": -0.34215306903565007
        },
        {
          "target": "ETH",
          "hedge": "BTC",
          "hedge_ratio_units": 1.3532134464891863,
          "target_w": 0.424950826917942,
          "hedge_w": -0.5750491730820579
        }
      ],
      "examples": [
        {
          "target": "BTC",
          "hedge": "ETH",
          "target_dollars": 65.78469309643499,
          "hedge_dollars": -34.21530690356501,
          "hedge_units_per_target_unit": -0.520110458726442
        },
        {
          "target": "ETH",
          "hedge": "BTC",
          "target_dollars": 42.4950826917942,
          "hedge_dollars": -57.50491730820579,
          "hedge_units_per_target_unit": -1.3532134464891863
        }
      ]
    },
    "180": {
      "lookback_days": 180,
      "corr": 0.8255135063514902,
      "stats": {
        "mean": {
          "btc": -3.179732362883878e-05,
          "eth": 5.8135031149306345e-05
        },
        "std": {
          "btc": 0.004199293108317187,
          "eth": 0.006996214585051386
        },
        "min": {
          "btc": -0.03714671634653788,
          "eth": -0.05178573218862892
        },
        "max": {
          "btc": 0.03468753462614105,
          "eth": 0.0757825447476439
        }
      },
      "hedge_table": [
        {
          "target": "BTC",
          "hedge": "ETH",
          "hedge_ratio_units": 0.4954926890680994,
          "target_w": 0.6686759536237783,
          "hedge_w": -0.33132404637622165
        },
        {
          "target": "ETH",
          "hedge": "BTC",
          "hedge_ratio_units": 1.3753432981027736,
          "target_w": 0.4209917786615167,
          "hedge_w": -0.5790082213384833
        }
      ],
      "examples": [
        {
          "target": "BTC",
          "hedge": "ETH",
          "target_dollars": 66.86759536237783,
          "hedge_dollars": -33.132404637622166,
          "hedge_units_per_target_unit": -0.4954926890680994
        },
        {
          "target": "ETH",
          "hedge": "BTC",
          "target_dollars": 42.09917786615167,
          "hedge_dollars": -57.90082213384833,
          "hedge_units_per_target_unit": -1.3753432981027736
        }
      ]
    }
  },
  "example_notional": 100.0,
  "provider": "cryptocompare"
}