{
  "generated_at": "2026-03-17T01:58:43.794690Z",
  "lookbacks": {
    "30": {
      "lookback_days": 30,
      "corr": 0.9160704916304788,
      "stats": {
        "mean": {
          "btc": 0.00013500967575012085,
          "eth": 0.0002164892107724263
        },
        "std": {
          "btc": 0.00576400908163323,
          "eth": 0.0072458947879582725
        },
        "min": {
          "btc": -0.03612262483146145,
          "eth": -0.04038541666666662
        },
        "max": {
          "btc": 0.029223763595974894,
          "eth": 0.035902309432658264
        }
      },
      "hedge_table": [
        {
          "target": "BTC",
          "hedge": "ETH",
          "hedge_ratio_units": 0.728721405387967,
          "target_w": 0.5784622073188107,
          "hedge_w": -0.4215377926811893
        },
        {
          "target": "ETH",
          "hedge": "BTC",
          "hedge_ratio_units": 1.1515856943838914,
          "target_w": 0.4647734936192494,
          "hedge_w": -0.5352265063807504
        }
      ],
      "examples": [
        {
          "target": "BTC",
          "hedge": "ETH",
          "target_dollars": 57.84622073188107,
          "hedge_dollars": -42.15377926811893,
          "hedge_units_per_target_unit": -0.728721405387967
        },
        {
          "target": "ETH",
          "hedge": "BTC",
          "target_dollars": 46.477349361924944,
          "hedge_dollars": -53.52265063807504,
          "hedge_units_per_target_unit": -1.1515856943838914
        }
      ]
    },
    "60": {
      "lookback_days": 60,
      "corr": 0.9018427233094323,
      "stats": {
        "mean": {
          "btc": -0.0001434015894761524,
          "eth": -0.00020112500482900937
        },
        "std": {
          "btc": 0.006082431937331646,
          "eth": 0.008018843595463886
        },
        "min": {
          "btc": -0.03612262483146145,
          "eth": -0.04170398539552955
        },
        "max": {
          "btc": 0.0349913262434709,
          "eth": 0.04377388676562077
        }
      },
      "hedge_table": [
        {
          "target": "BTC",
          "hedge": "ETH",
          "hedge_ratio_units": 0.6840633462174555,
          "target_w": 0.593801891268569,
          "hedge_w": -0.406198108731431
        },
        {
          "target": "ETH",
          "hedge": "BTC",
          "hedge_ratio_units": 1.188954651763535,
          "target_w": 0.45683906662677926,
          "hedge_w": -0.5431609333732207
        }
      ],
      "examples": [
        {
          "target": "BTC",
          "hedge": "ETH",
          "target_dollars": 59.3801891268569,
          "hedge_dollars": -40.619810873143095,
          "hedge_units_per_target_unit": -0.6840633462174555
        },
        {
          "target": "ETH",
          "hedge": "BTC",
          "target_dollars": 45.68390666267793,
          "hedge_dollars": -54.316093337322066,
          "hedge_units_per_target_unit": -1.188954651763535
        }
      ]
    },
    "120": {
      "lookback_days": 120,
      "corr": 0.89860082201982,
      "stats": {
        "mean": {
          "btc": -6.401981464003514e-05,
          "eth": -7.269709071903997e-05
        },
        "std": {
          "btc": 0.005468360800982172,
          "eth": 0.007365034498655344
        },
        "min": {
          "btc": -0.03714671634653788,
          "eth": -0.05178573218862892
        },
        "max": {
          "btc": 0.0349913262434709,
          "eth": 0.04377388676562077
        }
      },
      "hedge_table": [
        {
          "target": "BTC",
          "hedge": "ETH",
          "hedge_ratio_units": 0.667189476405125,
          "target_w": 0.5998118475149259,
          "hedge_w": -0.4001881524850741
        },
        {
          "target": "ETH",
          "hedge": "BTC",
          "hedge_ratio_units": 1.210276039852258,
          "target_w": 0.4524321767822463,
          "hedge_w": -0.5475678232177538
        }
      ],
      "examples": [
        {
          "target": "BTC",
          "hedge": "ETH",
          "target_dollars": 59.98118475149259,
          "hedge_dollars": -40.01881524850741,
          "hedge_units_per_target_unit": -0.667189476405125
        },
        {
          "target": "ETH",
          "hedge": "BTC",
          "target_dollars": 45.24321767822463,
          "hedge_dollars": -54.756782321775376,
          "hedge_units_per_target_unit": -1.210276039852258
        }
      ]
    },
    "150": {
      "lookback_days": 150,
      "corr": 0.8920181348467082,
      "stats": {
        "mean": {
          "btc": -8.122576914310726e-05,
          "eth": -0.00010883604061953866
        },
        "std": {
          "btc": 0.005336035454077151,
          "eth": 0.0073739201193745475
        },
        "min": {
          "btc": -0.03714671634653788,
          "eth": -0.05178573218862892
        },
        "max": {
          "btc": 0.0349913262434709,
          "eth": 0.04377388676562077
        }
      },
      "hedge_table": [
        {
          "target": "BTC",
          "hedge": "ETH",
          "hedge_ratio_units": 0.6454966037285383,
          "target_w": 0.6077192731568667,
          "hedge_w": -0.3922807268431333
        },
        {
          "target": "ETH",
          "hedge": "BTC",
          "hedge_ratio_units": 1.2326886745790344,
          "target_w": 0.44789047903803536,
          "hedge_w": -0.5521095209619646
        }
      ],
      "examples": [
        {
          "target": "BTC",
          "hedge": "ETH",
          "target_dollars": 60.77192731568667,
          "hedge_dollars": -39.22807268431333,
          "hedge_units_per_target_unit": -0.6454966037285383
        },
        {
          "target": "ETH",
          "hedge": "BTC",
          "target_dollars": 44.789047903803535,
          "hedge_dollars": -55.210952096196465,
          "hedge_units_per_target_unit": -1.2326886745790344
        }
      ]
    },
    "180": {
      "lookback_days": 180,
      "corr": 0.8797320610916065,
      "stats": {
        "mean": {
          "btc": -8.785881305775332e-05,
          "eth": -0.00012845468275370238
        },
        "std": {
          "btc": 0.005124488749291113,
          "eth": 0.0073115783260880056
        },
        "min": {
          "btc": -0.03714671634653788,
          "eth": -0.05178573218862892
        },
        "max": {
          "btc": 0.0349913262434709,
          "eth": 0.04377388676562077
        }
      },
      "hedge_table": [
        {
          "target": "BTC",
          "hedge": "ETH",
          "hedge_ratio_units": 0.6165805587241352,
          "target_w": 0.6185896487517063,
          "hedge_w": -0.38141035124829364
        },
        {
          "target": "ETH",
          "hedge": "BTC",
          "hedge_ratio_units": 1.255194456526402,
          "target_w": 0.4434207423249281,
          "hedge_w": -0.5565792576750719
        }
      ],
      "examples": [
        {
          "target": "BTC",
          "hedge": "ETH",
          "target_dollars": 61.85896487517063,
          "hedge_dollars": -38.141035124829365,
          "hedge_units_per_target_unit": -0.6165805587241352
        },
        {
          "target": "ETH",
          "hedge": "BTC",
          "target_dollars": 44.34207423249281,
          "hedge_dollars": -55.65792576750719,
          "hedge_units_per_target_unit": -1.255194456526402
        }
      ]
    }
  },
  "example_notional": 100.0,
  "provider": "cryptocompare"
}