{
  "generated_at": "2026-01-14T08:28:21.162477Z",
  "lookbacks": {
    "30": {
      "lookback_days": 30,
      "corr": 0.8922454628884267,
      "stats": {
        "mean": {
          "btc": 8.735720620242015e-05,
          "eth": 9.184609690823346e-05
        },
        "std": {
          "btc": 0.003970800631127993,
          "eth": 0.005211350552497269
        },
        "min": {
          "btc": -0.027310019462305046,
          "eth": -0.033430869773559135
        },
        "max": {
          "btc": 0.023396335129270085,
          "eth": 0.03730338759129537
        }
      },
      "hedge_table": [
        {
          "target": "BTC",
          "hedge": "ETH",
          "hedge_ratio_units": 0.6798484982862433,
          "target_w": 0.5952917784075084,
          "hedge_w": -0.4047082215924917
        },
        {
          "target": "ETH",
          "hedge": "BTC",
          "hedge_ratio_units": 1.1709990800182546,
          "target_w": 0.4606174222752742,
          "hedge_w": -0.539382577724726
        }
      ],
      "examples": [
        {
          "target": "BTC",
          "hedge": "ETH",
          "target_dollars": 59.52917784075083,
          "hedge_dollars": -40.47082215924917,
          "hedge_units_per_target_unit": -0.6798484982862433
        },
        {
          "target": "ETH",
          "hedge": "BTC",
          "target_dollars": 46.06174222752742,
          "hedge_dollars": -53.938257772472596,
          "hedge_units_per_target_unit": -1.1709990800182546
        }
      ]
    },
    "60": {
      "lookback_days": 60,
      "corr": 0.8949377612268826,
      "stats": {
        "mean": {
          "btc": 6.910900846400602e-06,
          "eth": 6.235287513732796e-05
        },
        "std": {
          "btc": 0.0047731663960392775,
          "eth": 0.006721736905001952
        },
        "min": {
          "btc": -0.03714671634653788,
          "eth": -0.05178573218862892
        },
        "max": {
          "btc": 0.026004133739085944,
          "eth": 0.04132265866066209
        }
      },
      "hedge_table": [
        {
          "target": "BTC",
          "hedge": "ETH",
          "hedge_ratio_units": 0.6355034284748666,
          "target_w": 0.6114325305526973,
          "hedge_w": -0.38856746944730275
        },
        {
          "target": "ETH",
          "hedge": "BTC",
          "hedge_ratio_units": 1.2602821016904395,
          "target_w": 0.44242265124875846,
          "hedge_w": -0.5575773487512417
        }
      ],
      "examples": [
        {
          "target": "BTC",
          "hedge": "ETH",
          "target_dollars": 61.14325305526973,
          "hedge_dollars": -38.856746944730276,
          "hedge_units_per_target_unit": -0.6355034284748666
        },
        {
          "target": "ETH",
          "hedge": "BTC",
          "target_dollars": 44.24226512487584,
          "hedge_dollars": -55.757734875124164,
          "hedge_units_per_target_unit": -1.2602821016904395
        }
      ]
    },
    "120": {
      "lookback_days": 120,
      "corr": 0.866702394181092,
      "stats": {
        "mean": {
          "btc": -5.694274732783341e-05,
          "eth": -8.083379493278449e-05
        },
        "std": {
          "btc": 0.004553253880372775,
          "eth": 0.006930644574137585
        },
        "min": {
          "btc": -0.03714671634653788,
          "eth": -0.05178573218862892
        },
        "max": {
          "btc": 0.03468753462614105,
          "eth": 0.04368288914132212
        }
      },
      "hedge_table": [
        {
          "target": "BTC",
          "hedge": "ETH",
          "hedge_ratio_units": 0.5694010127368985,
          "target_w": 0.6371857746262616,
          "hedge_w": -0.3628142253737385
        },
        {
          "target": "ETH",
          "hedge": "BTC",
          "hedge_ratio_units": 1.319233761929274,
          "target_w": 0.43117688971901724,
          "hedge_w": -0.5688231102809828
        }
      ],
      "examples": [
        {
          "target": "BTC",
          "hedge": "ETH",
          "target_dollars": 63.71857746262616,
          "hedge_dollars": -36.28142253737385,
          "hedge_units_per_target_unit": -0.5694010127368985
        },
        {
          "target": "ETH",
          "hedge": "BTC",
          "target_dollars": 43.11768897190172,
          "hedge_dollars": -56.88231102809828,
          "hedge_units_per_target_unit": -1.319233761929274
        }
      ]
    },
    "150": {
      "lookback_days": 150,
      "corr": 0.8538798285920924,
      "stats": {
        "mean": {
          "btc": -5.120130850111593e-05,
          "eth": -6.198955057046282e-05
        },
        "std": {
          "btc": 0.004365075118894752,
          "eth": 0.006914800370543812
        },
        "min": {
          "btc": -0.03714671634653788,
          "eth": -0.05178573218862892
        },
        "max": {
          "btc": 0.03468753462614105,
          "eth": 0.0757825447476439
        }
      },
      "hedge_table": [
        {
          "target": "BTC",
          "hedge": "ETH",
          "hedge_ratio_units": 0.5390249023227159,
          "target_w": 0.6497620658969112,
          "hedge_w": -0.3502379341030887
        },
        {
          "target": "ETH",
          "hedge": "BTC",
          "hedge_ratio_units": 1.3526476393477276,
          "target_w": 0.4250530267580785,
          "hedge_w": -0.5749469732419213
        }
      ],
      "examples": [
        {
          "target": "BTC",
          "hedge": "ETH",
          "target_dollars": 64.97620658969112,
          "hedge_dollars": -35.02379341030887,
          "hedge_units_per_target_unit": -0.5390249023227159
        },
        {
          "target": "ETH",
          "hedge": "BTC",
          "target_dollars": 42.50530267580785,
          "hedge_dollars": -57.49469732419213,
          "hedge_units_per_target_unit": -1.3526476393477276
        }
      ]
    },
    "180": {
      "lookback_days": 180,
      "corr": 0.8311697702729879,
      "stats": {
        "mean": {
          "btc": -4.2901419794661735e-05,
          "eth": 4.6116295897935976e-06
        },
        "std": {
          "btc": 0.004183205426556694,
          "eth": 0.006887311444123543
        },
        "min": {
          "btc": -0.03714671634653788,
          "eth": -0.05178573218862892
        },
        "max": {
          "btc": 0.03468753462614105,
          "eth": 0.0757825447476439
        }
      },
      "hedge_table": [
        {
          "target": "BTC",
          "hedge": "ETH",
          "hedge_ratio_units": 0.5048347125876649,
          "target_w": 0.66452480902732,
          "hedge_w": -0.33547519097267997
        },
        {
          "target": "ETH",
          "hedge": "BTC",
          "hedge_ratio_units": 1.368454208456765,
          "target_w": 0.4222163115627973,
          "hedge_w": -0.5777836884372027
        }
      ],
      "examples": [
        {
          "target": "BTC",
          "hedge": "ETH",
          "target_dollars": 66.452480902732,
          "hedge_dollars": -33.547519097267994,
          "hedge_units_per_target_unit": -0.5048347125876649
        },
        {
          "target": "ETH",
          "hedge": "BTC",
          "target_dollars": 42.221631156279734,
          "hedge_dollars": -57.77836884372027,
          "hedge_units_per_target_unit": -1.368454208456765
        }
      ]
    }
  },
  "example_notional": 100.0,
  "provider": "cryptocompare"
}