{
  "generated_at": "2026-04-21T09:23:52.198424Z",
  "lookbacks": {
    "30": {
      "lookback_days": 30,
      "corr": 0.9168720940833692,
      "stats": {
        "mean": {
          "btc": 0.00016079661119461445,
          "eth": 0.00017293394497379199
        },
        "std": {
          "btc": 0.004414747888814806,
          "eth": 0.005980162942683714
        },
        "min": {
          "btc": -0.019619547762256384,
          "eth": -0.02913186092280784
        },
        "max": {
          "btc": 0.022874680739771724,
          "eth": 0.041842617860856635
        }
      },
      "hedge_table": [
        {
          "target": "BTC",
          "hedge": "ETH",
          "hedge_ratio_units": 0.6768643564503368,
          "target_w": 0.5963511575359892,
          "hedge_w": -0.4036488424640107
        },
        {
          "target": "ETH",
          "hedge": "BTC",
          "hedge_ratio_units": 1.2419836100063626,
          "target_w": 0.4460335907616925,
          "hedge_w": -0.5539664092383074
        }
      ],
      "examples": [
        {
          "target": "BTC",
          "hedge": "ETH",
          "target_dollars": 59.635115753598924,
          "hedge_dollars": -40.364884246401076,
          "hedge_units_per_target_unit": -0.6768643564503368
        },
        {
          "target": "ETH",
          "hedge": "BTC",
          "target_dollars": 44.603359076169255,
          "hedge_dollars": -55.396640923830745,
          "hedge_units_per_target_unit": -1.2419836100063626
        }
      ]
    },
    "60": {
      "lookback_days": 60,
      "corr": 0.9160919665909222,
      "stats": {
        "mean": {
          "btc": 9.559423932808593e-05,
          "eth": 0.00014212955542827085
        },
        "std": {
          "btc": 0.005075441271987658,
          "eth": 0.006611897809680508
        },
        "min": {
          "btc": -0.03612262483146145,
          "eth": -0.04038541666666662
        },
        "max": {
          "btc": 0.029223763595974894,
          "eth": 0.041842617860856635
        }
      },
      "hedge_table": [
        {
          "target": "BTC",
          "hedge": "ETH",
          "hedge_ratio_units": 0.7032127703734998,
          "target_w": 0.5871257058392703,
          "hedge_w": -0.41287429416072974
        },
        {
          "target": "ETH",
          "hedge": "BTC",
          "hedge_ratio_units": 1.193414748151805,
          "target_w": 0.4559101286442114,
          "hedge_w": -0.5440898713557886
        }
      ],
      "examples": [
        {
          "target": "BTC",
          "hedge": "ETH",
          "target_dollars": 58.712570583927025,
          "hedge_dollars": -41.287429416072975,
          "hedge_units_per_target_unit": -0.7032127703734998
        },
        {
          "target": "ETH",
          "hedge": "BTC",
          "target_dollars": 45.59101286442114,
          "hedge_dollars": -54.408987135578855,
          "hedge_units_per_target_unit": -1.193414748151805
        }
      ]
    },
    "120": {
      "lookback_days": 120,
      "corr": 0.9013362003971245,
      "stats": {
        "mean": {
          "btc": -4.207564646897791e-05,
          "eth": -6.948596759375671e-05
        },
        "std": {
          "btc": 0.005166249291951079,
          "eth": 0.006841482779439282
        },
        "min": {
          "btc": -0.03612262483146145,
          "eth": -0.04170398539552955
        },
        "max": {
          "btc": 0.0349913262434709,
          "eth": 0.04377388676562077
        }
      },
      "hedge_table": [
        {
          "target": "BTC",
          "hedge": "ETH",
          "hedge_ratio_units": 0.6806313276276583,
          "target_w": 0.5950144945897073,
          "hedge_w": -0.40498550541029266
        },
        {
          "target": "ETH",
          "hedge": "BTC",
          "hedge_ratio_units": 1.193607924245819,
          "target_w": 0.45586997974754695,
          "hedge_w": -0.544130020252453
        }
      ],
      "examples": [
        {
          "target": "BTC",
          "hedge": "ETH",
          "target_dollars": 59.50144945897073,
          "hedge_dollars": -40.49855054102927,
          "hedge_units_per_target_unit": -0.6806313276276583
        },
        {
          "target": "ETH",
          "hedge": "BTC",
          "target_dollars": 45.586997974754695,
          "hedge_dollars": -54.413002025245305,
          "hedge_units_per_target_unit": -1.193607924245819
        }
      ]
    },
    "150": {
      "lookback_days": 150,
      "corr": 0.899939828171729,
      "stats": {
        "mean": {
          "btc": -1.1566180992243663e-05,
          "eth": -1.8448160412619155e-05
        },
        "std": {
          "btc": 0.005139033851567467,
          "eth": 0.0069400663587163725
        },
        "min": {
          "btc": -0.03714671634653788,
          "eth": -0.05178573218862892
        },
        "max": {
          "btc": 0.0349913262434709,
          "eth": 0.04377388676562077
        }
      },
      "hedge_table": [
        {
          "target": "BTC",
          "hedge": "ETH",
          "hedge_ratio_units": 0.6663943833245605,
          "target_w": 0.60009803801963,
          "hedge_w": -0.39990196198037
        },
        {
          "target": "ETH",
          "hedge": "BTC",
          "hedge_ratio_units": 1.2153339142645683,
          "target_w": 0.4513992195763289,
          "hedge_w": -0.5486007804236711
        }
      ],
      "examples": [
        {
          "target": "BTC",
          "hedge": "ETH",
          "target_dollars": 60.009803801963,
          "hedge_dollars": -39.990196198037,
          "hedge_units_per_target_unit": -0.6663943833245605
        },
        {
          "target": "ETH",
          "hedge": "BTC",
          "target_dollars": 45.139921957632886,
          "hedge_dollars": -54.860078042367114,
          "hedge_units_per_target_unit": -1.2153339142645683
        }
      ]
    },
    "180": {
      "lookback_days": 180,
      "corr": 0.8952663536464641,
      "stats": {
        "mean": {
          "btc": -6.954573667391523e-05,
          "eth": -9.280678800149223e-05
        },
        "std": {
          "btc": 0.0051717013708947705,
          "eth": 0.007142483771703237
        },
        "min": {
          "btc": -0.03714671634653788,
          "eth": -0.05178573218862892
        },
        "max": {
          "btc": 0.0349913262434709,
          "eth": 0.04377388676562077
        }
      },
      "hedge_table": [
        {
          "target": "BTC",
          "hedge": "ETH",
          "hedge_ratio_units": 0.64824091680999,
          "target_w": 0.6067074235333283,
          "hedge_w": -0.39329257646667165
        },
        {
          "target": "ETH",
          "hedge": "BTC",
          "hedge_ratio_units": 1.2364258768416638,
          "target_w": 0.44714202708664097,
          "hedge_w": -0.552857972913359
        }
      ],
      "examples": [
        {
          "target": "BTC",
          "hedge": "ETH",
          "target_dollars": 60.67074235333283,
          "hedge_dollars": -39.329257646667166,
          "hedge_units_per_target_unit": -0.64824091680999
        },
        {
          "target": "ETH",
          "hedge": "BTC",
          "target_dollars": 44.7142027086641,
          "hedge_dollars": -55.2857972913359,
          "hedge_units_per_target_unit": -1.2364258768416638
        }
      ]
    }
  },
  "example_notional": 100.0,
  "provider": "cryptocompare"
}