{
  "generated_at": "2026-06-30T03:28:16.810729Z",
  "lookbacks": {
    "30": {
      "lookback_days": 30,
      "corr": 0.8749017946412558,
      "stats": {
        "mean": {
          "btc": -0.0066680550634183955,
          "eth": -0.006954690501267589
        },
        "std": {
          "btc": 0.02296681344758162,
          "eth": 0.03407022627574506
        },
        "min": {
          "btc": -0.06600964303204149,
          "eth": -0.10658012901637759
        },
        "max": {
          "btc": 0.039313475306052226,
          "eth": 0.07539563557614826
        }
      },
      "hedge_table": [
        {
          "target": "BTC",
          "hedge": "ETH",
          "hedge_ratio_units": 0.5897731978605907,
          "target_w": 0.6290205428961392,
          "hedge_w": -0.3709794571038608
        },
        {
          "target": "ETH",
          "hedge": "BTC",
          "hedge_ratio_units": 1.2978771382680336,
          "target_w": 0.4351842765421847,
          "hedge_w": -0.5648157234578153
        }
      ],
      "examples": [
        {
          "target": "BTC",
          "hedge": "ETH",
          "target_dollars": 62.902054289613915,
          "hedge_dollars": -37.097945710386085,
          "hedge_units_per_target_unit": -0.5897731978605907
        },
        {
          "target": "ETH",
          "hedge": "BTC",
          "target_dollars": 43.51842765421847,
          "hedge_dollars": -56.48157234578153,
          "hedge_units_per_target_unit": -1.2978771382680336
        }
      ]
    },
    "60": {
      "lookback_days": 60,
      "corr": 0.8720905647214252,
      "stats": {
        "mean": {
          "btc": -0.004258103392783387,
          "eth": -0.005655104801847565
        },
        "std": {
          "btc": 0.018556231840536275,
          "eth": 0.02590639395277138
        },
        "min": {
          "btc": -0.06600964303204149,
          "eth": -0.10658012901637759
        },
        "max": {
          "btc": 0.039313475306052226,
          "eth": 0.07539563557614826
        }
      },
      "hedge_table": [
        {
          "target": "BTC",
          "hedge": "ETH",
          "hedge_ratio_units": 0.624661029026921,
          "target_w": 0.6155130098731689,
          "hedge_w": -0.3844869901268311
        },
        {
          "target": "ETH",
          "hedge": "BTC",
          "hedge_ratio_units": 1.217527455267835,
          "target_w": 0.4509527030316831,
          "hedge_w": -0.5490472969683169
        }
      ],
      "examples": [
        {
          "target": "BTC",
          "hedge": "ETH",
          "target_dollars": 61.55130098731689,
          "hedge_dollars": -38.44869901268311,
          "hedge_units_per_target_unit": -0.624661029026921
        },
        {
          "target": "ETH",
          "hedge": "BTC",
          "target_dollars": 45.09527030316831,
          "hedge_dollars": -54.90472969683169,
          "hedge_units_per_target_unit": -1.217527455267835
        }
      ]
    },
    "120": {
      "lookback_days": 120,
      "corr": 0.9111448363687035,
      "stats": {
        "mean": {
          "btc": -0.000921292243072971,
          "eth": -0.0015475994089453112
        },
        "std": {
          "btc": 0.020762465217515055,
          "eth": 0.02832618142598038
        },
        "min": {
          "btc": -0.06600964303204149,
          "eth": -0.10658012901637759
        },
        "max": {
          "btc": 0.06364240856302605,
          "eth": 0.08197502974334592
        }
      },
      "hedge_table": [
        {
          "target": "BTC",
          "hedge": "ETH",
          "hedge_ratio_units": 0.6678490365055941,
          "target_w": 0.5995746486115777,
          "hedge_w": -0.40042535138842233
        },
        {
          "target": "ETH",
          "hedge": "BTC",
          "hedge_ratio_units": 1.2430727117390958,
          "target_w": 0.44581702357061864,
          "hedge_w": -0.5541829764293813
        }
      ],
      "examples": [
        {
          "target": "BTC",
          "hedge": "ETH",
          "target_dollars": 59.957464861157774,
          "hedge_dollars": -40.04253513884223,
          "hedge_units_per_target_unit": -0.6678490365055941
        },
        {
          "target": "ETH",
          "hedge": "BTC",
          "target_dollars": 44.581702357061864,
          "hedge_dollars": -55.41829764293813,
          "hedge_units_per_target_unit": -1.2430727117390958
        }
      ]
    },
    "150": {
      "lookback_days": 150,
      "corr": 0.9243731193093171,
      "stats": {
        "mean": {
          "btc": -0.0014544199787374442,
          "eth": -0.002206597269454796
        },
        "std": {
          "btc": 0.02641763935449838,
          "eth": 0.03443878221284481
        },
        "min": {
          "btc": -0.14101788206180332,
          "eth": -0.15404474276243008
        },
        "max": {
          "btc": 0.12203362664914996,
          "eth": 0.13191787874605776
        }
      },
      "hedge_table": [
        {
          "target": "BTC",
          "hedge": "ETH",
          "hedge_ratio_units": 0.7090772125443586,
          "target_w": 0.5851110720218822,
          "hedge_w": -0.4148889279781177
        },
        {
          "target": "ETH",
          "hedge": "BTC",
          "hedge_ratio_units": 1.2050389556809837,
          "target_w": 0.45350672713678625,
          "hedge_w": -0.5464932728632137
        }
      ],
      "examples": [
        {
          "target": "BTC",
          "hedge": "ETH",
          "target_dollars": 58.511107202188214,
          "hedge_dollars": -41.48889279781177,
          "hedge_units_per_target_unit": -0.7090772125443586
        },
        {
          "target": "ETH",
          "hedge": "BTC",
          "target_dollars": 45.35067271367863,
          "hedge_dollars": -54.649327286321366,
          "hedge_units_per_target_unit": -1.2050389556809837
        }
      ]
    },
    "180": {
      "lookback_days": 180,
      "corr": 0.9238185357728642,
      "stats": {
        "mean": {
          "btc": -0.00183535362602121,
          "eth": -0.002874526472601733
        },
        "std": {
          "btc": 0.025776259705105175,
          "eth": 0.03456139702867699
        },
        "min": {
          "btc": -0.14101788206180332,
          "eth": -0.15404474276243008
        },
        "max": {
          "btc": 0.12203362664914996,
          "eth": 0.13191787874605776
        }
      },
      "hedge_table": [
        {
          "target": "BTC",
          "hedge": "ETH",
          "hedge_ratio_units": 0.6889937486818914,
          "target_w": 0.5920685027877756,
          "hedge_w": -0.4079314972122244
        },
        {
          "target": "ETH",
          "hedge": "BTC",
          "hedge_ratio_units": 1.2386769672006888,
          "target_w": 0.44669240567138685,
          "hedge_w": -0.5533075943286132
        }
      ],
      "examples": [
        {
          "target": "BTC",
          "hedge": "ETH",
          "target_dollars": 59.20685027877756,
          "hedge_dollars": -40.79314972122244,
          "hedge_units_per_target_unit": -0.6889937486818914
        },
        {
          "target": "ETH",
          "hedge": "BTC",
          "target_dollars": 44.66924056713869,
          "hedge_dollars": -55.33075943286132,
          "hedge_units_per_target_unit": -1.2386769672006888
        }
      ]
    }
  },
  "example_notional": 100.0,
  "provider": "coingecko"
}