{
  "generated_at": "2026-04-07T09:00:11.954400Z",
  "lookbacks": {
    "30": {
      "lookback_days": 30,
      "corr": 0.9075373145120419,
      "stats": {
        "mean": {
          "btc": 3.221138178975323e-05,
          "eth": 0.00011414395338359354
        },
        "std": {
          "btc": 0.004636982583729983,
          "eth": 0.006073827711182976
        },
        "min": {
          "btc": -0.0193691951400623,
          "eth": -0.030096491146448856
        },
        "max": {
          "btc": 0.022874680739771724,
          "eth": 0.041842617860856635
        }
      },
      "hedge_table": [
        {
          "target": "BTC",
          "hedge": "ETH",
          "hedge_ratio_units": 0.6928472326815139,
          "target_w": 0.5907207577236453,
          "hedge_w": -0.40927924227635465
        },
        {
          "target": "ETH",
          "hedge": "BTC",
          "hedge_ratio_units": 1.1887526403823137,
          "target_w": 0.45688123068366837,
          "hedge_w": -0.5431187693163317
        }
      ],
      "examples": [
        {
          "target": "BTC",
          "hedge": "ETH",
          "target_dollars": 59.07207577236453,
          "hedge_dollars": -40.927924227635465,
          "hedge_units_per_target_unit": -0.6928472326815139
        },
        {
          "target": "ETH",
          "hedge": "BTC",
          "target_dollars": 45.688123068366835,
          "hedge_dollars": -54.31187693163317,
          "hedge_units_per_target_unit": -1.1887526403823137
        }
      ]
    },
    "60": {
      "lookback_days": 60,
      "corr": 0.9065799895282761,
      "stats": {
        "mean": {
          "btc": 4.624355392940529e-05,
          "eth": 8.874878282015775e-05
        },
        "std": {
          "btc": 0.005411591268134446,
          "eth": 0.006828975637645768
        },
        "min": {
          "btc": -0.03612262483146145,
          "eth": -0.04038541666666662
        },
        "max": {
          "btc": 0.029223763595974894,
          "eth": 0.041842617860856635
        }
      },
      "hedge_table": [
        {
          "target": "BTC",
          "hedge": "ETH",
          "hedge_ratio_units": 0.7184152668741915,
          "target_w": 0.5819315152029617,
          "hedge_w": -0.4180684847970384
        },
        {
          "target": "ETH",
          "hedge": "BTC",
          "hedge_ratio_units": 1.144028134297733,
          "target_w": 0.4664117900335042,
          "hedge_w": -0.5335882099664958
        }
      ],
      "examples": [
        {
          "target": "BTC",
          "hedge": "ETH",
          "target_dollars": 58.19315152029617,
          "hedge_dollars": -41.80684847970384,
          "hedge_units_per_target_unit": -0.7184152668741915
        },
        {
          "target": "ETH",
          "hedge": "BTC",
          "target_dollars": 46.641179003350416,
          "hedge_dollars": -53.358820996649584,
          "hedge_units_per_target_unit": -1.144028134297733
        }
      ]
    },
    "120": {
      "lookback_days": 120,
      "corr": 0.9006875474234157,
      "stats": {
        "mean": {
          "btc": -8.705586994169472e-05,
          "eth": -0.00011529780644542185
        },
        "std": {
          "btc": 0.0052251517086485955,
          "eth": 0.006966727925166927
        },
        "min": {
          "btc": -0.03612262483146145,
          "eth": -0.04988725258205495
        },
        "max": {
          "btc": 0.0349913262434709,
          "eth": 0.04377388676562077
        }
      },
      "hedge_table": [
        {
          "target": "BTC",
          "hedge": "ETH",
          "hedge_ratio_units": 0.6755293342771397,
          "target_w": 0.5968263160438322,
          "hedge_w": -0.40317368395616776
        },
        {
          "target": "ETH",
          "hedge": "BTC",
          "hedge_ratio_units": 1.2008924215729064,
          "target_w": 0.4543611446875411,
          "hedge_w": -0.5456388553124589
        }
      ],
      "examples": [
        {
          "target": "BTC",
          "hedge": "ETH",
          "target_dollars": 59.68263160438322,
          "hedge_dollars": -40.317368395616775,
          "hedge_units_per_target_unit": -0.6755293342771397
        },
        {
          "target": "ETH",
          "hedge": "BTC",
          "target_dollars": 45.436114468754106,
          "hedge_dollars": -54.563885531245894,
          "hedge_units_per_target_unit": -1.2008924215729064
        }
      ]
    },
    "150": {
      "lookback_days": 150,
      "corr": 0.8974277151936594,
      "stats": {
        "mean": {
          "btc": -9.601379857717888e-05,
          "eth": -0.00010957626549535585
        },
        "std": {
          "btc": 0.005296023729870204,
          "eth": 0.00720195638531441
        },
        "min": {
          "btc": -0.03714671634653788,
          "eth": -0.05178573218862892
        },
        "max": {
          "btc": 0.0349913262434709,
          "eth": 0.04377388676562077
        }
      },
      "hedge_table": [
        {
          "target": "BTC",
          "hedge": "ETH",
          "hedge_ratio_units": 0.6599315826461132,
          "target_w": 0.6024344680555389,
          "hedge_w": -0.3975655319444611
        },
        {
          "target": "ETH",
          "hedge": "BTC",
          "hedge_ratio_units": 1.2203939395784202,
          "target_w": 0.45037053208218863,
          "hedge_w": -0.5496294679178115
        }
      ],
      "examples": [
        {
          "target": "BTC",
          "hedge": "ETH",
          "target_dollars": 60.24344680555389,
          "hedge_dollars": -39.75655319444611,
          "hedge_units_per_target_unit": -0.6599315826461132
        },
        {
          "target": "ETH",
          "hedge": "BTC",
          "target_dollars": 45.037053208218865,
          "hedge_dollars": -54.96294679178115,
          "hedge_units_per_target_unit": -1.2203939395784202
        }
      ]
    },
    "180": {
      "lookback_days": 180,
      "corr": 0.8865565962895436,
      "stats": {
        "mean": {
          "btc": -0.0001188345010353322,
          "eth": -0.0001402978356930762
        },
        "std": {
          "btc": 0.005231001673825392,
          "eth": 0.007346730559630568
        },
        "min": {
          "btc": -0.03714671634653788,
          "eth": -0.05178573218862892
        },
        "max": {
          "btc": 0.0349913262434709,
          "eth": 0.04377388676562077
        }
      },
      "hedge_table": [
        {
          "target": "BTC",
          "hedge": "ETH",
          "hedge_ratio_units": 0.6312439256469408,
          "target_w": 0.6130291026851833,
          "hedge_w": -0.38697089731481665
        },
        {
          "target": "ETH",
          "hedge": "BTC",
          "hedge_ratio_units": 1.2451329295865678,
          "target_w": 0.44540792521543304,
          "hedge_w": -0.5545920747845671
        }
      ],
      "examples": [
        {
          "target": "BTC",
          "hedge": "ETH",
          "target_dollars": 61.30291026851833,
          "hedge_dollars": -38.69708973148167,
          "hedge_units_per_target_unit": -0.6312439256469408
        },
        {
          "target": "ETH",
          "hedge": "BTC",
          "target_dollars": 44.5407925215433,
          "hedge_dollars": -55.459207478456705,
          "hedge_units_per_target_unit": -1.2451329295865678
        }
      ]
    }
  },
  "example_notional": 100.0,
  "provider": "cryptocompare"
}