{
  "generated_at": "2026-01-23T01:39:31.045788Z",
  "lookbacks": {
    "30": {
      "lookback_days": 30,
      "corr": 0.8839922509428927,
      "stats": {
        "mean": {
          "btc": 4.886339424913031e-05,
          "eth": 2.580263497180722e-05
        },
        "std": {
          "btc": 0.0036627943152981297,
          "eth": 0.004963534708996977
        },
        "min": {
          "btc": -0.02980180309593028,
          "eth": -0.0369709977803403
        },
        "max": {
          "btc": 0.02131176803153334,
          "eth": 0.04377388676562077
        }
      },
      "hedge_table": [
        {
          "target": "BTC",
          "hedge": "ETH",
          "hedge_ratio_units": 0.6523338671636952,
          "target_w": 0.6052045654166398,
          "hedge_w": -0.39479543458336025
        },
        {
          "target": "ETH",
          "hedge": "BTC",
          "hedge_ratio_units": 1.1979177213728636,
          "target_w": 0.454976084989833,
          "hedge_w": -0.545023915010167
        }
      ],
      "examples": [
        {
          "target": "BTC",
          "hedge": "ETH",
          "target_dollars": 60.52045654166398,
          "hedge_dollars": -39.479543458336025,
          "hedge_units_per_target_unit": -0.6523338671636952
        },
        {
          "target": "ETH",
          "hedge": "BTC",
          "target_dollars": 45.4976084989833,
          "hedge_dollars": -54.5023915010167,
          "hedge_units_per_target_unit": -1.1979177213728636
        }
      ]
    },
    "60": {
      "lookback_days": 60,
      "corr": 0.8915561935127971,
      "stats": {
        "mean": {
          "btc": 2.7426177762788e-05,
          "eth": 4.8918602945892414e-05
        },
        "std": {
          "btc": 0.004391044841761838,
          "eth": 0.006234448183989034
        },
        "min": {
          "btc": -0.03714671634653788,
          "eth": -0.05178573218862892
        },
        "max": {
          "btc": 0.026004133739085944,
          "eth": 0.04377388676562077
        }
      },
      "hedge_table": [
        {
          "target": "BTC",
          "hedge": "ETH",
          "hedge_ratio_units": 0.6279406146512089,
          "target_w": 0.6142730213867494,
          "hedge_w": -0.3857269786132506
        },
        {
          "target": "ETH",
          "hedge": "BTC",
          "hedge_ratio_units": 1.2658401569271673,
          "target_w": 0.44133739837860236,
          "hedge_w": -0.5586626016213978
        }
      ],
      "examples": [
        {
          "target": "BTC",
          "hedge": "ETH",
          "target_dollars": 61.427302138674946,
          "hedge_dollars": -38.57269786132506,
          "hedge_units_per_target_unit": -0.6279406146512089
        },
        {
          "target": "ETH",
          "hedge": "BTC",
          "target_dollars": 44.13373983786023,
          "hedge_dollars": -55.86626016213978,
          "hedge_units_per_target_unit": -1.2658401569271673
        }
      ]
    },
    "120": {
      "lookback_days": 120,
      "corr": 0.8707999030717204,
      "stats": {
        "mean": {
          "btc": -6.884875343827275e-05,
          "eth": -8.837379595832384e-05
        },
        "std": {
          "btc": 0.004657669808202863,
          "eth": 0.007035616920777844
        },
        "min": {
          "btc": -0.03714671634653788,
          "eth": -0.05178573218862892
        },
        "max": {
          "btc": 0.03468753462614105,
          "eth": 0.04377388676562077
        }
      },
      "hedge_table": [
        {
          "target": "BTC",
          "hedge": "ETH",
          "hedge_ratio_units": 0.5764808492550386,
          "target_w": 0.6343242294840099,
          "hedge_w": -0.36567577051599004
        },
        {
          "target": "ETH",
          "hedge": "BTC",
          "hedge_ratio_units": 1.3153818937257435,
          "target_w": 0.43189419538513923,
          "hedge_w": -0.5681058046148607
        }
      ],
      "examples": [
        {
          "target": "BTC",
          "hedge": "ETH",
          "target_dollars": 63.43242294840099,
          "hedge_dollars": -36.567577051599,
          "hedge_units_per_target_unit": -0.5764808492550386
        },
        {
          "target": "ETH",
          "hedge": "BTC",
          "target_dollars": 43.189419538513924,
          "hedge_dollars": -56.81058046148607,
          "hedge_units_per_target_unit": -1.3153818937257435
        }
      ]
    },
    "150": {
      "lookback_days": 150,
      "corr": 0.8619450165823589,
      "stats": {
        "mean": {
          "btc": -4.623426394081739e-05,
          "eth": -8.726718854146658e-05
        },
        "std": {
          "btc": 0.004378464987811996,
          "eth": 0.00670349384374281
        },
        "min": {
          "btc": -0.03714671634653788,
          "eth": -0.05178573218862892
        },
        "max": {
          "btc": 0.03468753462614105,
          "eth": 0.04377388676562077
        }
      },
      "hedge_table": [
        {
          "target": "BTC",
          "hedge": "ETH",
          "hedge_ratio_units": 0.5629894148478439,
          "target_w": 0.6397995984491995,
          "hedge_w": -0.36020040155080035
        },
        {
          "target": "ETH",
          "hedge": "BTC",
          "hedge_ratio_units": 1.3196504090791046,
          "target_w": 0.43109944329800864,
          "hedge_w": -0.5689005567019914
        }
      ],
      "examples": [
        {
          "target": "BTC",
          "hedge": "ETH",
          "target_dollars": 63.979959844919954,
          "hedge_dollars": -36.02004015508003,
          "hedge_units_per_target_unit": -0.5629894148478439
        },
        {
          "target": "ETH",
          "hedge": "BTC",
          "target_dollars": 43.10994432980087,
          "hedge_dollars": -56.89005567019913,
          "hedge_units_per_target_unit": -1.3196504090791046
        }
      ]
    },
    "180": {
      "lookback_days": 180,
      "corr": 0.8389322811164717,
      "stats": {
        "mean": {
          "btc": -5.508490083513808e-05,
          "eth": -3.3332213912513454e-05
        },
        "std": {
          "btc": 0.004231063812184629,
          "eth": 0.006853690253238678
        },
        "min": {
          "btc": -0.03714671634653788,
          "eth": -0.05178573218862892
        },
        "max": {
          "btc": 0.03468753462614105,
          "eth": 0.0757825447476439
        }
      },
      "hedge_table": [
        {
          "target": "BTC",
          "hedge": "ETH",
          "hedge_ratio_units": 0.5179072710249883,
          "target_w": 0.658801772077115,
          "hedge_w": -0.341198227922885
        },
        {
          "target": "ETH",
          "hedge": "BTC",
          "hedge_ratio_units": 1.3589447603359268,
          "target_w": 0.4239183624874685,
          "hedge_w": -0.5760816375125315
        }
      ],
      "examples": [
        {
          "target": "BTC",
          "hedge": "ETH",
          "target_dollars": 65.8801772077115,
          "hedge_dollars": -34.1198227922885,
          "hedge_units_per_target_unit": -0.5179072710249883
        },
        {
          "target": "ETH",
          "hedge": "BTC",
          "target_dollars": 42.39183624874685,
          "hedge_dollars": -57.60816375125315,
          "hedge_units_per_target_unit": -1.3589447603359268
        }
      ]
    }
  },
  "example_notional": 100.0,
  "provider": "cryptocompare"
}