{
  "generated_at": "2026-01-06T16:26:39.310277Z",
  "lookbacks": {
    "30": {
      "lookback_days": 30,
      "corr": 0.8958721738427051,
      "stats": {
        "mean": {
          "btc": 3.9486477193257044e-05,
          "eth": 7.842720049411194e-05
        },
        "std": {
          "btc": 0.00418632355465437,
          "eth": 0.005865188096133686
        },
        "min": {
          "btc": -0.027358625956130256,
          "eth": -0.04988725258205495
        },
        "max": {
          "btc": 0.026004133739085944,
          "eth": 0.04132265866066209
        }
      },
      "hedge_table": [
        {
          "target": "BTC",
          "hedge": "ETH",
          "hedge_ratio_units": 0.6394357217272179,
          "target_w": 0.6099659698438533,
          "hedge_w": -0.39003403015614674
        },
        {
          "target": "ETH",
          "hedge": "BTC",
          "hedge_ratio_units": 1.255148757873174,
          "target_w": 0.4434297278655346,
          "hedge_w": -0.5565702721344653
        }
      ],
      "examples": [
        {
          "target": "BTC",
          "hedge": "ETH",
          "target_dollars": 60.996596984385334,
          "hedge_dollars": -39.00340301561467,
          "hedge_units_per_target_unit": -0.6394357217272179
        },
        {
          "target": "ETH",
          "hedge": "BTC",
          "target_dollars": 44.34297278655346,
          "hedge_dollars": -55.65702721344653,
          "hedge_units_per_target_unit": -1.255148757873174
        }
      ]
    },
    "60": {
      "lookback_days": 60,
      "corr": 0.8897809816041813,
      "stats": {
        "mean": {
          "btc": -5.4366417194504794e-05,
          "eth": -2.4371674718880547e-06
        },
        "std": {
          "btc": 0.004910441230175641,
          "eth": 0.007033548837345491
        },
        "min": {
          "btc": -0.03714671634653788,
          "eth": -0.05178573218862892
        },
        "max": {
          "btc": 0.026004133739085944,
          "eth": 0.04132265866066209
        }
      },
      "hedge_table": [
        {
          "target": "BTC",
          "hedge": "ETH",
          "hedge_ratio_units": 0.6211966844811584,
          "target_w": 0.6168283031741064,
          "hedge_w": -0.3831716968258937
        },
        {
          "target": "ETH",
          "hedge": "BTC",
          "hedge_ratio_units": 1.274491984589003,
          "target_w": 0.43965861685843594,
          "hedge_w": -0.5603413831415641
        }
      ],
      "examples": [
        {
          "target": "BTC",
          "hedge": "ETH",
          "target_dollars": 61.68283031741064,
          "hedge_dollars": -38.317169682589366,
          "hedge_units_per_target_unit": -0.6211966844811584
        },
        {
          "target": "ETH",
          "hedge": "BTC",
          "target_dollars": 43.96586168584359,
          "hedge_dollars": -56.034138314156415,
          "hedge_units_per_target_unit": -1.274491984589003
        }
      ]
    },
    "120": {
      "lookback_days": 120,
      "corr": 0.8632537890286329,
      "stats": {
        "mean": {
          "btc": -5.513059298802902e-05,
          "eth": -7.40194642045857e-05
        },
        "std": {
          "btc": 0.004494965388247815,
          "eth": 0.006880357822318422
        },
        "min": {
          "btc": -0.03714671634653788,
          "eth": -0.05178573218862892
        },
        "max": {
          "btc": 0.03468753462614105,
          "eth": 0.04368288914132212
        }
      },
      "hedge_table": [
        {
          "target": "BTC",
          "hedge": "ETH",
          "hedge_ratio_units": 0.5639671661218882,
          "target_w": 0.6393996125121113,
          "hedge_w": -0.3606003874878888
        },
        {
          "target": "ETH",
          "hedge": "BTC",
          "hedge_ratio_units": 1.3213661167487765,
          "target_w": 0.4307808203044528,
          "hedge_w": -0.5692191796955473
        }
      ],
      "examples": [
        {
          "target": "BTC",
          "hedge": "ETH",
          "target_dollars": 63.93996125121113,
          "hedge_dollars": -36.060038748788884,
          "hedge_units_per_target_unit": -0.5639671661218882
        },
        {
          "target": "ETH",
          "hedge": "BTC",
          "target_dollars": 43.07808203044528,
          "hedge_dollars": -56.92191796955473,
          "hedge_units_per_target_unit": -1.3213661167487765
        }
      ]
    },
    "150": {
      "lookback_days": 150,
      "corr": 0.8390097740148775,
      "stats": {
        "mean": {
          "btc": -5.359729324178798e-05,
          "eth": -4.865859827890465e-05
        },
        "std": {
          "btc": 0.0043479079182391096,
          "eth": 0.007010195811092988
        },
        "min": {
          "btc": -0.03714671634653788,
          "eth": -0.05178573218862892
        },
        "max": {
          "btc": 0.03468753462614105,
          "eth": 0.0757825447476439
        }
      },
      "hedge_table": [
        {
          "target": "BTC",
          "hedge": "ETH",
          "hedge_ratio_units": 0.520375940732892,
          "target_w": 0.6577320603468333,
          "hedge_w": -0.34226793965316665
        },
        {
          "target": "ETH",
          "hedge": "BTC",
          "hedge_ratio_units": 1.352747784421159,
          "target_w": 0.42503493431023576,
          "hedge_w": -0.5749650656897642
        }
      ],
      "examples": [
        {
          "target": "BTC",
          "hedge": "ETH",
          "target_dollars": 65.77320603468333,
          "hedge_dollars": -34.226793965316666,
          "hedge_units_per_target_unit": -0.520375940732892
        },
        {
          "target": "ETH",
          "hedge": "BTC",
          "target_dollars": 42.50349343102358,
          "hedge_dollars": -57.49650656897642,
          "hedge_units_per_target_unit": -1.352747784421159
        }
      ]
    },
    "180": {
      "lookback_days": 180,
      "corr": 0.8254599391266945,
      "stats": {
        "mean": {
          "btc": -3.792146508177302e-05,
          "eth": 5.6594689410764466e-05
        },
        "std": {
          "btc": 0.004194435798487184,
          "eth": 0.006994549756821863
        },
        "min": {
          "btc": -0.03714671634653788,
          "eth": -0.05178573218862892
        },
        "max": {
          "btc": 0.03468753462614105,
          "eth": 0.0757825447476439
        }
      },
      "hedge_table": [
        {
          "target": "BTC",
          "hedge": "ETH",
          "hedge_ratio_units": 0.49500523111058026,
          "target_w": 0.6688939805629572,
          "hedge_w": -0.33110601943704265
        },
        {
          "target": "ETH",
          "hedge": "BTC",
          "hedge_ratio_units": 1.3765190108684535,
          "target_w": 0.4207835053819195,
          "hedge_w": -0.5792164946180804
        }
      ],
      "examples": [
        {
          "target": "BTC",
          "hedge": "ETH",
          "target_dollars": 66.88939805629572,
          "hedge_dollars": -33.11060194370427,
          "hedge_units_per_target_unit": -0.49500523111058026
        },
        {
          "target": "ETH",
          "hedge": "BTC",
          "target_dollars": 42.07835053819195,
          "hedge_dollars": -57.921649461808045,
          "hedge_units_per_target_unit": -1.3765190108684535
        }
      ]
    }
  },
  "example_notional": 100.0,
  "provider": "cryptocompare"
}