{
  "generated_at": "2026-05-13T10:24:32.489047Z",
  "lookbacks": {
    "30": {
      "lookback_days": 30,
      "corr": 0.8874065684882572,
      "stats": {
        "mean": {
          "btc": 0.0001921169838361609,
          "eth": 8.888842738873265e-05
        },
        "std": {
          "btc": 0.003592392705904433,
          "eth": 0.004659027018781442
        },
        "min": {
          "btc": -0.014486935649736465,
          "eth": -0.025174966013795874
        },
        "max": {
          "btc": 0.019739125410830338,
          "eth": 0.0410922552310693
        }
      },
      "hedge_table": [
        {
          "target": "BTC",
          "hedge": "ETH",
          "hedge_ratio_units": 0.684244343498718,
          "target_w": 0.593738078361408,
          "hedge_w": -0.406261921638592
        },
        {
          "target": "ETH",
          "hedge": "BTC",
          "hedge_ratio_units": 1.1508906508009433,
          "target_w": 0.46492368155843833,
          "hedge_w": -0.5350763184415617
        }
      ],
      "examples": [
        {
          "target": "BTC",
          "hedge": "ETH",
          "target_dollars": 59.3738078361408,
          "hedge_dollars": -40.6261921638592,
          "hedge_units_per_target_unit": -0.684244343498718
        },
        {
          "target": "ETH",
          "hedge": "BTC",
          "target_dollars": 46.492368155843835,
          "hedge_dollars": -53.507631844156165,
          "hedge_units_per_target_unit": -1.1508906508009433
        }
      ]
    },
    "60": {
      "lookback_days": 60,
      "corr": 0.903392460736682,
      "stats": {
        "mean": {
          "btc": 0.00010265888739748922,
          "eth": 9.053946710976402e-05
        },
        "std": {
          "btc": 0.004003683911930734,
          "eth": 0.005377328040862067
        },
        "min": {
          "btc": -0.019619547762256384,
          "eth": -0.030096491146448856
        },
        "max": {
          "btc": 0.022874680739771724,
          "eth": 0.041842617860856635
        }
      },
      "hedge_table": [
        {
          "target": "BTC",
          "hedge": "ETH",
          "hedge_ratio_units": 0.6726199022500268,
          "target_w": 0.597864463202183,
          "hedge_w": -0.40213553679781705
        },
        {
          "target": "ETH",
          "hedge": "BTC",
          "hedge_ratio_units": 1.2133419415420592,
          "target_w": 0.45180547173081137,
          "hedge_w": -0.5481945282691886
        }
      ],
      "examples": [
        {
          "target": "BTC",
          "hedge": "ETH",
          "target_dollars": 59.7864463202183,
          "hedge_dollars": -40.213553679781704,
          "hedge_units_per_target_unit": -0.6726199022500268
        },
        {
          "target": "ETH",
          "hedge": "BTC",
          "target_dollars": 45.18054717308114,
          "hedge_dollars": -54.819452826918855,
          "hedge_units_per_target_unit": -1.2133419415420592
        }
      ]
    },
    "120": {
      "lookback_days": 120,
      "corr": 0.9015385782022443,
      "stats": {
        "mean": {
          "btc": -3.0225767021296337e-05,
          "eth": -8.16493226840881e-05
        },
        "std": {
          "btc": 0.005160518416905566,
          "eth": 0.00683836248516314
        },
        "min": {
          "btc": -0.03612262483146145,
          "eth": -0.04170398539552955
        },
        "max": {
          "btc": 0.0349913262434709,
          "eth": 0.04377388676562077
        }
      },
      "hedge_table": [
        {
          "target": "BTC",
          "hedge": "ETH",
          "hedge_ratio_units": 0.680339254676487,
          "target_w": 0.5951179187279824,
          "hedge_w": -0.4048820812720177
        },
        {
          "target": "ETH",
          "hedge": "BTC",
          "hedge_ratio_units": 1.194656639904471,
          "target_w": 0.4556521424889171,
          "hedge_w": -0.5443478575110829
        }
      ],
      "examples": [
        {
          "target": "BTC",
          "hedge": "ETH",
          "target_dollars": 59.511791872798234,
          "hedge_dollars": -40.488208127201766,
          "hedge_units_per_target_unit": -0.680339254676487
        },
        {
          "target": "ETH",
          "hedge": "BTC",
          "target_dollars": 45.565214248891714,
          "hedge_dollars": -54.43478575110829,
          "hedge_units_per_target_unit": -1.194656639904471
        }
      ]
    },
    "150": {
      "lookback_days": 150,
      "corr": 0.9004707374013329,
      "stats": {
        "mean": {
          "btc": -1.4930423104699017e-05,
          "eth": -5.8702046611935186e-05
        },
        "std": {
          "btc": 0.00493293476754176,
          "eth": 0.006515949079068037
        },
        "min": {
          "btc": -0.03612262483146145,
          "eth": -0.04170398539552955
        },
        "max": {
          "btc": 0.0349913262434709,
          "eth": 0.04377388676562077
        }
      },
      "hedge_table": [
        {
          "target": "BTC",
          "hedge": "ETH",
          "hedge_ratio_units": 0.6817062800491263,
          "target_w": 0.5946341592842169,
          "hedge_w": -0.40536584071578313
        },
        {
          "target": "ETH",
          "hedge": "BTC",
          "hedge_ratio_units": 1.1894382854411545,
          "target_w": 0.4567381536394884,
          "hedge_w": -0.5432618463605117
        }
      ],
      "examples": [
        {
          "target": "BTC",
          "hedge": "ETH",
          "target_dollars": 59.46341592842169,
          "hedge_dollars": -40.53658407157831,
          "hedge_units_per_target_unit": -0.6817062800491263
        },
        {
          "target": "ETH",
          "hedge": "BTC",
          "target_dollars": 45.67381536394884,
          "hedge_dollars": -54.32618463605117,
          "hedge_units_per_target_unit": -1.1894382854411545
        }
      ]
    },
    "180": {
      "lookback_days": 180,
      "corr": 0.8994943585158764,
      "stats": {
        "mean": {
          "btc": -2.6726675861501227e-05,
          "eth": -4.771645023149963e-05
        },
        "std": {
          "btc": 0.005043768111054917,
          "eth": 0.006809232824135102
        },
        "min": {
          "btc": -0.03714671634653788,
          "eth": -0.05178573218862892
        },
        "max": {
          "btc": 0.0349913262434709,
          "eth": 0.04377388676562077
        }
      },
      "hedge_table": [
        {
          "target": "BTC",
          "hedge": "ETH",
          "hedge_ratio_units": 0.6662778434415536,
          "target_w": 0.600140009024297,
          "hedge_w": -0.39985999097570313
        },
        {
          "target": "ETH",
          "hedge": "BTC",
          "hedge_ratio_units": 1.2143433988779517,
          "target_w": 0.4516011385165997,
          "hedge_w": -0.5483988614834003
        }
      ],
      "examples": [
        {
          "target": "BTC",
          "hedge": "ETH",
          "target_dollars": 60.0140009024297,
          "hedge_dollars": -39.985999097570314,
          "hedge_units_per_target_unit": -0.6662778434415536
        },
        {
          "target": "ETH",
          "hedge": "BTC",
          "target_dollars": 45.16011385165997,
          "hedge_dollars": -54.839886148340035,
          "hedge_units_per_target_unit": -1.2143433988779517
        }
      ]
    }
  },
  "example_notional": 100.0,
  "provider": "cryptocompare"
}