{
  "generated_at": "2026-07-21T10:22:50.065416Z",
  "lookbacks": {
    "30": {
      "lookback_days": 30,
      "corr": 0.912749980593259,
      "stats": {
        "mean": {
          "btc": 0.0011960211535832813,
          "eth": 0.004086878671528774
        },
        "std": {
          "btc": 0.01698268947839492,
          "eth": 0.024540840994582844
        },
        "min": {
          "btc": -0.02781940606821942,
          "eth": -0.03574371340405036
        },
        "max": {
          "btc": 0.04394298412064401,
          "eth": 0.06588068107703227
        }
      },
      "hedge_table": [
        {
          "target": "BTC",
          "hedge": "ETH",
          "hedge_ratio_units": 0.6316388869985341,
          "target_w": 0.6128807102897262,
          "hedge_w": -0.3871192897102737
        },
        {
          "target": "ETH",
          "hedge": "BTC",
          "hedge_ratio_units": 1.3189696584892627,
          "target_w": 0.43122599570857223,
          "hedge_w": -0.5687740042914278
        }
      ],
      "examples": [
        {
          "target": "BTC",
          "hedge": "ETH",
          "target_dollars": 61.288071028972624,
          "hedge_dollars": -38.71192897102737,
          "hedge_units_per_target_unit": -0.6316388869985341
        },
        {
          "target": "ETH",
          "hedge": "BTC",
          "target_dollars": 43.122599570857226,
          "hedge_dollars": -56.877400429142774,
          "hedge_units_per_target_unit": -1.3189696584892627
        }
      ]
    },
    "60": {
      "lookback_days": 60,
      "corr": 0.8874578591090245,
      "stats": {
        "mean": {
          "btc": -0.002280968881155745,
          "eth": -0.0009607960472559234
        },
        "std": {
          "btc": 0.01999461519402926,
          "eth": 0.029066794593386316
        },
        "min": {
          "btc": -0.06600964303204149,
          "eth": -0.10658012901637759
        },
        "max": {
          "btc": 0.04394298412064401,
          "eth": 0.07539563557614826
        }
      },
      "hedge_table": [
        {
          "target": "BTC",
          "hedge": "ETH",
          "hedge_ratio_units": 0.610469046966721,
          "target_w": 0.6209371126278246,
          "hedge_w": -0.3790628873721755
        },
        {
          "target": "ETH",
          "hedge": "BTC",
          "hedge_ratio_units": 1.2901251187225342,
          "target_w": 0.4366573650603924,
          "hedge_w": -0.5633426349396077
        }
      ],
      "examples": [
        {
          "target": "BTC",
          "hedge": "ETH",
          "target_dollars": 62.093711262782456,
          "hedge_dollars": -37.90628873721755,
          "hedge_units_per_target_unit": -0.610469046966721
        },
        {
          "target": "ETH",
          "hedge": "BTC",
          "target_dollars": 43.66573650603924,
          "hedge_dollars": -56.33426349396077,
          "hedge_units_per_target_unit": -1.2901251187225342
        }
      ]
    },
    "120": {
      "lookback_days": 120,
      "corr": 0.9010469058981545,
      "stats": {
        "mean": {
          "btc": -0.0005240205799852534,
          "eth": -0.0006814742484194865
        },
        "std": {
          "btc": 0.018986478012333562,
          "eth": 0.026541940423638794
        },
        "min": {
          "btc": -0.06600964303204149,
          "eth": -0.10658012901637759
        },
        "max": {
          "btc": 0.05310982988222279,
          "eth": 0.08197502974334592
        }
      },
      "hedge_table": [
        {
          "target": "BTC",
          "hedge": "ETH",
          "hedge_ratio_units": 0.6445537513029765,
          "target_w": 0.6080676896134907,
          "hedge_w": -0.3919323103865094
        },
        {
          "target": "ETH",
          "hedge": "BTC",
          "hedge_ratio_units": 1.2596087215184104,
          "target_w": 0.44255449648292233,
          "hedge_w": -0.5574455035170777
        }
      ],
      "examples": [
        {
          "target": "BTC",
          "hedge": "ETH",
          "target_dollars": 60.806768961349064,
          "hedge_dollars": -39.193231038650936,
          "hedge_units_per_target_unit": -0.6445537513029765
        },
        {
          "target": "ETH",
          "hedge": "BTC",
          "target_dollars": 44.255449648292235,
          "hedge_dollars": -55.744550351707765,
          "hedge_units_per_target_unit": -1.2596087215184104
        }
      ]
    },
    "150": {
      "lookback_days": 150,
      "corr": 0.9164032047557077,
      "stats": {
        "mean": {
          "btc": -5.736838015098809e-05,
          "eth": 0.00018083706025271936
        },
        "std": {
          "btc": 0.021202870733959,
          "eth": 0.02939485629678586
        },
        "min": {
          "btc": -0.06600964303204149,
          "eth": -0.10658012901637759
        },
        "max": {
          "btc": 0.06364240856302605,
          "eth": 0.10814835249280486
        }
      },
      "hedge_table": [
        {
          "target": "BTC",
          "hedge": "ETH",
          "hedge_ratio_units": 0.661012882473102,
          "target_w": 0.6020422903108903,
          "hedge_w": -0.39795770968910965
        },
        {
          "target": "ETH",
          "hedge": "BTC",
          "hedge_ratio_units": 1.270466667070902,
          "target_w": 0.4404380890075283,
          "hedge_w": -0.5595619109924718
        }
      ],
      "examples": [
        {
          "target": "BTC",
          "hedge": "ETH",
          "target_dollars": 60.20422903108903,
          "hedge_dollars": -39.795770968910965,
          "hedge_units_per_target_unit": -0.661012882473102
        },
        {
          "target": "ETH",
          "hedge": "BTC",
          "target_dollars": 44.04380890075283,
          "hedge_dollars": -55.95619109924718,
          "hedge_units_per_target_unit": -1.270466667070902
        }
      ]
    },
    "180": {
      "lookback_days": 180,
      "corr": 0.9239786141648237,
      "stats": {
        "mean": {
          "btc": -0.0014331497190490483,
          "eth": -0.001856959070877769
        },
        "std": {
          "btc": 0.025716580621591708,
          "eth": 0.03422957036418186
        },
        "min": {
          "btc": -0.14101788206180332,
          "eth": -0.15404474276243008
        },
        "max": {
          "btc": 0.12203362664914996,
          "eth": 0.13191787874605776
        }
      },
      "hedge_table": [
        {
          "target": "BTC",
          "hedge": "ETH",
          "hedge_ratio_units": 0.6941825524243389,
          "target_w": 0.5902551638068881,
          "hedge_w": -0.4097448361931119
        },
        {
          "target": "ETH",
          "hedge": "BTC",
          "hedge_ratio_units": 1.229844334825744,
          "target_w": 0.44846179815424075,
          "hedge_w": -0.5515382018457593
        }
      ],
      "examples": [
        {
          "target": "BTC",
          "hedge": "ETH",
          "target_dollars": 59.02551638068881,
          "hedge_dollars": -40.974483619311194,
          "hedge_units_per_target_unit": -0.6941825524243389
        },
        {
          "target": "ETH",
          "hedge": "BTC",
          "target_dollars": 44.84617981542407,
          "hedge_dollars": -55.15382018457593,
          "hedge_units_per_target_unit": -1.229844334825744
        }
      ]
    }
  },
  "example_notional": 100.0,
  "provider": "coingecko"
}