{
  "generated_at": "2026-06-22T04:00:28.138592Z",
  "lookbacks": {
    "30": {
      "lookback_days": 30,
      "corr": 0.8636849312669908,
      "stats": {
        "mean": {
          "btc": -0.006380364862599489,
          "eth": -0.006899002831380119
        },
        "std": {
          "btc": 0.022319310318167314,
          "eth": 0.03257487206765425
        },
        "min": {
          "btc": -0.06600964303204149,
          "eth": -0.10658012901637759
        },
        "max": {
          "btc": 0.039313475306052226,
          "eth": 0.07539563557614826
        }
      },
      "hedge_table": [
        {
          "target": "BTC",
          "hedge": "ETH",
          "hedge_ratio_units": 0.5917706125763803,
          "target_w": 0.6282312238328345,
          "hedge_w": -0.3717687761671656
        },
        {
          "target": "ETH",
          "hedge": "BTC",
          "hedge_ratio_units": 1.2605419137831655,
          "target_w": 0.4423718020456583,
          "hedge_w": -0.5576281979543417
        }
      ],
      "examples": [
        {
          "target": "BTC",
          "hedge": "ETH",
          "target_dollars": 62.82312238328345,
          "hedge_dollars": -37.17687761671656,
          "hedge_units_per_target_unit": -0.5917706125763803
        },
        {
          "target": "ETH",
          "hedge": "BTC",
          "target_dollars": 44.23718020456583,
          "hedge_dollars": -55.76281979543417,
          "hedge_units_per_target_unit": -1.2605419137831655
        }
      ]
    },
    "60": {
      "lookback_days": 60,
      "corr": 0.8655321131546649,
      "stats": {
        "mean": {
          "btc": -0.0034367821201117905,
          "eth": -0.004966419458490694
        },
        "std": {
          "btc": 0.01854196340028457,
          "eth": 0.025373561745230908
        },
        "min": {
          "btc": -0.06600964303204149,
          "eth": -0.10658012901637759
        },
        "max": {
          "btc": 0.039313475306052226,
          "eth": 0.07539563557614826
        }
      },
      "hedge_table": [
        {
          "target": "BTC",
          "hedge": "ETH",
          "hedge_ratio_units": 0.6324955449701968,
          "target_w": 0.6125590989090609,
          "hedge_w": -0.38744090109093915
        },
        {
          "target": "ETH",
          "hedge": "BTC",
          "hedge_ratio_units": 1.1844286412124523,
          "target_w": 0.4577856109069128,
          "hedge_w": -0.5422143890930871
        }
      ],
      "examples": [
        {
          "target": "BTC",
          "hedge": "ETH",
          "target_dollars": 61.25590989090609,
          "hedge_dollars": -38.74409010909392,
          "hedge_units_per_target_unit": -0.6324955449701968
        },
        {
          "target": "ETH",
          "hedge": "BTC",
          "target_dollars": 45.77856109069128,
          "hedge_dollars": -54.2214389093087,
          "hedge_units_per_target_unit": -1.1844286412124523
        }
      ]
    },
    "120": {
      "lookback_days": 120,
      "corr": 0.917551331625547,
      "stats": {
        "mean": {
          "btc": -0.00031474179972276913,
          "eth": -0.0006866248122061686
        },
        "std": {
          "btc": 0.022241630949210476,
          "eth": 0.03058531963431106
        },
        "min": {
          "btc": -0.06600964303204149,
          "eth": -0.10658012901637759
        },
        "max": {
          "btc": 0.06364240856302605,
          "eth": 0.10814835249280486
        }
      },
      "hedge_table": [
        {
          "target": "BTC",
          "hedge": "ETH",
          "hedge_ratio_units": 0.6672429236959238,
          "target_w": 0.5997926191722633,
          "hedge_w": -0.40020738082773677
        },
        {
          "target": "ETH",
          "hedge": "BTC",
          "hedge_ratio_units": 1.261760022128741,
          "target_w": 0.4421335553799435,
          "hedge_w": -0.5578664446200564
        }
      ],
      "examples": [
        {
          "target": "BTC",
          "hedge": "ETH",
          "target_dollars": 59.97926191722633,
          "hedge_dollars": -40.020738082773676,
          "hedge_units_per_target_unit": -0.6672429236959238
        },
        {
          "target": "ETH",
          "hedge": "BTC",
          "target_dollars": 44.213355537994346,
          "hedge_dollars": -55.78664446200564,
          "hedge_units_per_target_unit": -1.261760022128741
        }
      ]
    },
    "150": {
      "lookback_days": 150,
      "corr": 0.925390967800419,
      "stats": {
        "mean": {
          "btc": -0.0019521599804371759,
          "eth": -0.003032274384666384
        },
        "std": {
          "btc": 0.027188240070245454,
          "eth": 0.03587281242608568
        },
        "min": {
          "btc": -0.14101788206180332,
          "eth": -0.15404474276243008
        },
        "max": {
          "btc": 0.12203362664914996,
          "eth": 0.13191787874605776
        }
      },
      "hedge_table": [
        {
          "target": "BTC",
          "hedge": "ETH",
          "hedge_ratio_units": 0.7013598903970831,
          "target_w": 0.5877651199162855,
          "hedge_w": -0.41223488008371445
        },
        {
          "target": "ETH",
          "hedge": "BTC",
          "hedge_ratio_units": 1.2209829147796922,
          "target_w": 0.4502510997925411,
          "hedge_w": -0.5497489002074589
        }
      ],
      "examples": [
        {
          "target": "BTC",
          "hedge": "ETH",
          "target_dollars": 58.77651199162855,
          "hedge_dollars": -41.22348800837145,
          "hedge_units_per_target_unit": -0.7013598903970831
        },
        {
          "target": "ETH",
          "hedge": "BTC",
          "target_dollars": 45.02510997925411,
          "hedge_dollars": -54.97489002074589,
          "hedge_units_per_target_unit": -1.2209829147796922
        }
      ]
    },
    "180": {
      "lookback_days": 180,
      "corr": 0.9229780059523531,
      "stats": {
        "mean": {
          "btc": -0.0014918698621537755,
          "eth": -0.002461624177537529
        },
        "std": {
          "btc": 0.025664403092479637,
          "eth": 0.034321059359691417
        },
        "min": {
          "btc": -0.14101788206180332,
          "eth": -0.15404474276243008
        },
        "max": {
          "btc": 0.12203362664914996,
          "eth": 0.13191787874605776
        }
      },
      "hedge_table": [
        {
          "target": "BTC",
          "hedge": "ETH",
          "hedge_ratio_units": 0.6901791504161554,
          "target_w": 0.5916532574394734,
          "hedge_w": -0.4083467425605266
        },
        {
          "target": "ETH",
          "hedge": "BTC",
          "hedge_ratio_units": 1.2343003971622748,
          "target_w": 0.44756739123802386,
          "hedge_w": -0.5524326087619761
        }
      ],
      "examples": [
        {
          "target": "BTC",
          "hedge": "ETH",
          "target_dollars": 59.16532574394734,
          "hedge_dollars": -40.83467425605266,
          "hedge_units_per_target_unit": -0.6901791504161554
        },
        {
          "target": "ETH",
          "hedge": "BTC",
          "target_dollars": 44.75673912380238,
          "hedge_dollars": -55.24326087619761,
          "hedge_units_per_target_unit": -1.2343003971622748
        }
      ]
    }
  },
  "example_notional": 100.0,
  "provider": "coingecko"
}