{
  "generated_at": "2026-04-24T09:43:17.135184Z",
  "lookbacks": {
    "30": {
      "lookback_days": 30,
      "corr": 0.9093922723703445,
      "stats": {
        "mean": {
          "btc": 0.00012260684419848774,
          "eth": 9.455978518143178e-05
        },
        "std": {
          "btc": 0.004211321897185979,
          "eth": 0.005662190060889612
        },
        "min": {
          "btc": -0.019619547762256384,
          "eth": -0.02913186092280784
        },
        "max": {
          "btc": 0.022681960554355562,
          "eth": 0.0410922552310693
        }
      },
      "hedge_table": [
        {
          "target": "BTC",
          "hedge": "ETH",
          "hedge_ratio_units": 0.6763714302382918,
          "target_w": 0.5965265107493825,
          "hedge_w": -0.4034734892506176
        },
        {
          "target": "ETH",
          "hedge": "BTC",
          "hedge_ratio_units": 1.2226925444729995,
          "target_w": 0.4499047798970775,
          "hedge_w": -0.5500952201029224
        }
      ],
      "examples": [
        {
          "target": "BTC",
          "hedge": "ETH",
          "target_dollars": 59.65265107493825,
          "hedge_dollars": -40.34734892506176,
          "hedge_units_per_target_unit": -0.6763714302382918
        },
        {
          "target": "ETH",
          "hedge": "BTC",
          "target_dollars": 44.99047798970775,
          "hedge_dollars": -55.009522010292244,
          "hedge_units_per_target_unit": -1.2226925444729995
        }
      ]
    },
    "60": {
      "lookback_days": 60,
      "corr": 0.9130367008564355,
      "stats": {
        "mean": {
          "btc": 0.000121363769219203,
          "eth": 0.0001528058212766366
        },
        "std": {
          "btc": 0.004998946841535662,
          "eth": 0.006554011513947034
        },
        "min": {
          "btc": -0.03612262483146145,
          "eth": -0.04038541666666662
        },
        "max": {
          "btc": 0.029223763595974894,
          "eth": 0.041842617860856635
        }
      },
      "hedge_table": [
        {
          "target": "BTC",
          "hedge": "ETH",
          "hedge_ratio_units": 0.6964012684810955,
          "target_w": 0.5894831715702316,
          "hedge_w": -0.4105168284297685
        },
        {
          "target": "ETH",
          "hedge": "BTC",
          "hedge_ratio_units": 1.1970627493672261,
          "target_w": 0.4551531358346543,
          "hedge_w": -0.5448468641653458
        }
      ],
      "examples": [
        {
          "target": "BTC",
          "hedge": "ETH",
          "target_dollars": 58.948317157023155,
          "hedge_dollars": -41.05168284297685,
          "hedge_units_per_target_unit": -0.6964012684810955
        },
        {
          "target": "ETH",
          "hedge": "BTC",
          "target_dollars": 45.51531358346543,
          "hedge_dollars": -54.48468641653458,
          "hedge_units_per_target_unit": -1.1970627493672261
        }
      ]
    },
    "120": {
      "lookback_days": 120,
      "corr": 0.9009804508627559,
      "stats": {
        "mean": {
          "btc": -2.7849671683237818e-05,
          "eth": -5.758821350637075e-05
        },
        "std": {
          "btc": 0.005180165066569138,
          "eth": 0.006846117236038133
        },
        "min": {
          "btc": -0.03612262483146145,
          "eth": -0.04170398539552955
        },
        "max": {
          "btc": 0.0349913262434709,
          "eth": 0.04377388676562077
        }
      },
      "hedge_table": [
        {
          "target": "BTC",
          "hedge": "ETH",
          "hedge_ratio_units": 0.6817334989024957,
          "target_w": 0.5946245351315194,
          "hedge_w": -0.40537546486848064
        },
        {
          "target": "ETH",
          "hedge": "BTC",
          "hedge_ratio_units": 1.1907376916987278,
          "target_w": 0.45646724561742774,
          "hedge_w": -0.5435327543825721
        }
      ],
      "examples": [
        {
          "target": "BTC",
          "hedge": "ETH",
          "target_dollars": 59.462453513151935,
          "hedge_dollars": -40.537546486848065,
          "hedge_units_per_target_unit": -0.6817334989024957
        },
        {
          "target": "ETH",
          "hedge": "BTC",
          "target_dollars": 45.64672456174277,
          "hedge_dollars": -54.35327543825721,
          "hedge_units_per_target_unit": -1.1907376916987278
        }
      ]
    },
    "150": {
      "lookback_days": 150,
      "corr": 0.8995800550146344,
      "stats": {
        "mean": {
          "btc": -1.995766433828712e-05,
          "eth": -3.9010797712815116e-05
        },
        "std": {
          "btc": 0.005126146765349669,
          "eth": 0.006897881196086885
        },
        "min": {
          "btc": -0.03714671634653788,
          "eth": -0.05178573218862892
        },
        "max": {
          "btc": 0.0349913262434709,
          "eth": 0.04377388676562077
        }
      },
      "hedge_table": [
        {
          "target": "BTC",
          "hedge": "ETH",
          "hedge_ratio_units": 0.6685211383174221,
          "target_w": 0.5993331322181658,
          "hedge_w": -0.40066686778183425
        },
        {
          "target": "ETH",
          "hedge": "BTC",
          "hedge_ratio_units": 1.2104991585111158,
          "target_w": 0.45238651014622017,
          "hedge_w": -0.5476134898537799
        }
      ],
      "examples": [
        {
          "target": "BTC",
          "hedge": "ETH",
          "target_dollars": 59.933313221816576,
          "hedge_dollars": -40.066686778183424,
          "hedge_units_per_target_unit": -0.6685211383174221
        },
        {
          "target": "ETH",
          "hedge": "BTC",
          "target_dollars": 45.238651014622015,
          "hedge_dollars": -54.76134898537799,
          "hedge_units_per_target_unit": -1.2104991585111158
        }
      ]
    },
    "180": {
      "lookback_days": 180,
      "corr": 0.8954479451702914,
      "stats": {
        "mean": {
          "btc": -7.256568385465707e-05,
          "eth": -0.00010046369505601889
        },
        "std": {
          "btc": 0.005187975622426684,
          "eth": 0.007145540724907796
        },
        "min": {
          "btc": -0.03714671634653788,
          "eth": -0.05178573218862892
        },
        "max": {
          "btc": 0.0349913262434709,
          "eth": 0.04377388676562077
        }
      },
      "hedge_table": [
        {
          "target": "BTC",
          "hedge": "ETH",
          "hedge_ratio_units": 0.6501344390218254,
          "target_w": 0.6060112293594604,
          "hedge_w": -0.39398877064053955
        },
        {
          "target": "ETH",
          "hedge": "BTC",
          "hedge_ratio_units": 1.2333249469388272,
          "target_w": 0.44776287542512766,
          "hedge_w": -0.5522371245748723
        }
      ],
      "examples": [
        {
          "target": "BTC",
          "hedge": "ETH",
          "target_dollars": 60.60112293594604,
          "hedge_dollars": -39.398877064053956,
          "hedge_units_per_target_unit": -0.6501344390218254
        },
        {
          "target": "ETH",
          "hedge": "BTC",
          "target_dollars": 44.77628754251277,
          "hedge_dollars": -55.22371245748723,
          "hedge_units_per_target_unit": -1.2333249469388272
        }
      ]
    }
  },
  "example_notional": 100.0,
  "provider": "cryptocompare"
}