{
  "generated_at": "2026-02-08T08:31:31.158607Z",
  "lookbacks": {
    "30": {
      "lookback_days": 30,
      "corr": 0.892353451849612,
      "stats": {
        "mean": {
          "btc": -0.000332671818227915,
          "eth": -0.0005010744403335131
        },
        "std": {
          "btc": 0.006031835612240649,
          "eth": 0.00837608443846318
        },
        "min": {
          "btc": -0.031142278584685545,
          "eth": -0.04170398539552955
        },
        "max": {
          "btc": 0.0349913262434709,
          "eth": 0.04377388676562077
        }
      },
      "hedge_table": [
        {
          "target": "BTC",
          "hedge": "ETH",
          "hedge_ratio_units": 0.6426068611313966,
          "target_w": 0.6087883982849182,
          "hedge_w": -0.3912116017150818
        },
        {
          "target": "ETH",
          "hedge": "BTC",
          "hedge_ratio_units": 1.239163057839023,
          "target_w": 0.44659543506629773,
          "hedge_w": -0.5534045649337023
        }
      ],
      "examples": [
        {
          "target": "BTC",
          "hedge": "ETH",
          "target_dollars": 60.87883982849181,
          "hedge_dollars": -39.12116017150818,
          "hedge_units_per_target_unit": -0.6426068611313966
        },
        {
          "target": "ETH",
          "hedge": "BTC",
          "target_dollars": 44.659543506629774,
          "hedge_dollars": -55.340456493370226,
          "hedge_units_per_target_unit": -1.239163057839023
        }
      ]
    },
    "60": {
      "lookback_days": 60,
      "corr": 0.8937922023288425,
      "stats": {
        "mean": {
          "btc": -0.00018255181688528688,
          "eth": -0.0002988310264540329
        },
        "std": {
          "btc": 0.00514274913150755,
          "eth": 0.007080269695591613
        },
        "min": {
          "btc": -0.031142278584685545,
          "eth": -0.04988725258205495
        },
        "max": {
          "btc": 0.0349913262434709,
          "eth": 0.04377388676562077
        }
      },
      "hedge_table": [
        {
          "target": "BTC",
          "hedge": "ETH",
          "hedge_ratio_units": 0.6492053650352928,
          "target_w": 0.6063526236337462,
          "hedge_w": -0.39364737636625374
        },
        {
          "target": "ETH",
          "hedge": "BTC",
          "hedge_ratio_units": 1.230526646834494,
          "target_w": 0.44832461491512526,
          "hedge_w": -0.5516753850848748
        }
      ],
      "examples": [
        {
          "target": "BTC",
          "hedge": "ETH",
          "target_dollars": 60.63526236337462,
          "hedge_dollars": -39.36473763662537,
          "hedge_units_per_target_unit": -0.6492053650352928
        },
        {
          "target": "ETH",
          "hedge": "BTC",
          "target_dollars": 44.832461491512525,
          "hedge_dollars": -55.16753850848748,
          "hedge_units_per_target_unit": -1.230526646834494
        }
      ]
    },
    "120": {
      "lookback_days": 120,
      "corr": 0.8839112261915992,
      "stats": {
        "mean": {
          "btc": -0.00014857746031512933,
          "eth": -0.00018079488162604595
        },
        "std": {
          "btc": 0.005165046239618984,
          "eth": 0.007499820689557887
        },
        "min": {
          "btc": -0.03714671634653788,
          "eth": -0.05178573218862892
        },
        "max": {
          "btc": 0.0349913262434709,
          "eth": 0.04377388676562077
        }
      },
      "hedge_table": [
        {
          "target": "BTC",
          "hedge": "ETH",
          "hedge_ratio_units": 0.6087402011296695,
          "target_w": 0.6216044077830544,
          "hedge_w": -0.3783955922169457
        },
        {
          "target": "ETH",
          "hedge": "BTC",
          "hedge_ratio_units": 1.283468800545193,
          "target_w": 0.4379302225461734,
          "hedge_w": -0.5620697774538267
        }
      ],
      "examples": [
        {
          "target": "BTC",
          "hedge": "ETH",
          "target_dollars": 62.160440778305436,
          "hedge_dollars": -37.83955922169457,
          "hedge_units_per_target_unit": -0.6087402011296695
        },
        {
          "target": "ETH",
          "hedge": "BTC",
          "target_dollars": 43.79302225461734,
          "hedge_dollars": -56.206977745382666,
          "hedge_units_per_target_unit": -1.283468800545193
        }
      ]
    },
    "150": {
      "lookback_days": 150,
      "corr": 0.8718821473036849,
      "stats": {
        "mean": {
          "btc": -0.00012304103467613306,
          "eth": -0.00018039002738369015
        },
        "std": {
          "btc": 0.004859750127917642,
          "eth": 0.007224339316175354
        },
        "min": {
          "btc": -0.03714671634653788,
          "eth": -0.05178573218862892
        },
        "max": {
          "btc": 0.0349913262434709,
          "eth": 0.04377388676562077
        }
      },
      "hedge_table": [
        {
          "target": "BTC",
          "hedge": "ETH",
          "hedge_ratio_units": 0.5865075256641427,
          "target_w": 0.6303153208059198,
          "hedge_w": -0.3696846791940803
        },
        {
          "target": "ETH",
          "hedge": "BTC",
          "hedge_ratio_units": 1.296110357537326,
          "target_w": 0.43551913640272133,
          "hedge_w": -0.5644808635972787
        }
      ],
      "examples": [
        {
          "target": "BTC",
          "hedge": "ETH",
          "target_dollars": 63.03153208059198,
          "hedge_dollars": -36.968467919408035,
          "hedge_units_per_target_unit": -0.5865075256641427
        },
        {
          "target": "ETH",
          "hedge": "BTC",
          "target_dollars": 43.55191364027213,
          "hedge_dollars": -56.44808635972787,
          "hedge_units_per_target_unit": -1.296110357537326
        }
      ]
    },
    "180": {
      "lookback_days": 180,
      "corr": 0.8555850819586684,
      "stats": {
        "mean": {
          "btc": -0.000110386351863732,
          "eth": -0.00013895724182897695
        },
        "std": {
          "btc": 0.0046806063110858874,
          "eth": 0.007247391091434751
        },
        "min": {
          "btc": -0.03714671634653788,
          "eth": -0.05178573218862892
        },
        "max": {
          "btc": 0.0349913262434709,
          "eth": 0.0757825447476439
        }
      },
      "hedge_table": [
        {
          "target": "BTC",
          "hedge": "ETH",
          "hedge_ratio_units": 0.5525653140230751,
          "target_w": 0.6440952860197271,
          "hedge_w": -0.35590471398027285
        },
        {
          "target": "ETH",
          "hedge": "BTC",
          "hedge_ratio_units": 1.3247770243494728,
          "target_w": 0.4301487796576205,
          "hedge_w": -0.5698512203423794
        }
      ],
      "examples": [
        {
          "target": "BTC",
          "hedge": "ETH",
          "target_dollars": 64.40952860197271,
          "hedge_dollars": -35.59047139802728,
          "hedge_units_per_target_unit": -0.5525653140230751
        },
        {
          "target": "ETH",
          "hedge": "BTC",
          "target_dollars": 43.01487796576205,
          "hedge_dollars": -56.985122034237946,
          "hedge_units_per_target_unit": -1.3247770243494728
        }
      ]
    }
  },
  "example_notional": 100.0,
  "provider": "cryptocompare"
}