{
  "generated_at": "2026-06-03T03:54:02.112109Z",
  "lookbacks": {
    "30": {
      "lookback_days": 30,
      "corr": 0.8837439794069097,
      "stats": {
        "mean": {
          "btc": -0.0002724627262287306,
          "eth": -0.0003609014483922446
        },
        "std": {
          "btc": 0.0034814852195968744,
          "eth": 0.004577201621727573
        },
        "min": {
          "btc": -0.020668693538518745,
          "eth": -0.02232136709767152
        },
        "max": {
          "btc": 0.018403612886388032,
          "eth": 0.032926153475484776
        }
      },
      "hedge_table": [
        {
          "target": "BTC",
          "hedge": "ETH",
          "hedge_ratio_units": 0.6721883492323911,
          "target_w": 0.5980187581494898,
          "hedge_w": -0.4019812418505101
        },
        {
          "target": "ETH",
          "hedge": "BTC",
          "hedge_ratio_units": 1.16188181784143,
          "target_w": 0.46255997517869313,
          "hedge_w": -0.5374400248213067
        }
      ],
      "examples": [
        {
          "target": "BTC",
          "hedge": "ETH",
          "target_dollars": 59.80187581494898,
          "hedge_dollars": -40.19812418505101,
          "hedge_units_per_target_unit": -0.6721883492323911
        },
        {
          "target": "ETH",
          "hedge": "BTC",
          "target_dollars": 46.25599751786931,
          "hedge_dollars": -53.74400248213067,
          "hedge_units_per_target_unit": -1.16188181784143
        }
      ]
    },
    "60": {
      "lookback_days": 60,
      "corr": 0.8969025970534232,
      "stats": {
        "mean": {
          "btc": -4.8295017829959295e-06,
          "eth": -6.707837135835925e-05
        },
        "std": {
          "btc": 0.0037010587343893043,
          "eth": 0.0049308939146926615
        },
        "min": {
          "btc": -0.020668693538518745,
          "eth": -0.02913186092280784
        },
        "max": {
          "btc": 0.022681960554355562,
          "eth": 0.0410922552310693
        }
      },
      "hedge_table": [
        {
          "target": "BTC",
          "hedge": "ETH",
          "hedge_ratio_units": 0.6732023134446046,
          "target_w": 0.5976563574917071,
          "hedge_w": -0.40234364250829285
        },
        {
          "target": "ETH",
          "hedge": "BTC",
          "hedge_ratio_units": 1.1949368748973694,
          "target_w": 0.45559396784327016,
          "hedge_w": -0.5444060321567299
        }
      ],
      "examples": [
        {
          "target": "BTC",
          "hedge": "ETH",
          "target_dollars": 59.76563574917071,
          "hedge_dollars": -40.23436425082929,
          "hedge_units_per_target_unit": -0.6732023134446046
        },
        {
          "target": "ETH",
          "hedge": "BTC",
          "target_dollars": 45.559396784327014,
          "hedge_dollars": -54.440603215672986,
          "hedge_units_per_target_unit": -1.1949368748973694
        }
      ]
    },
    "120": {
      "lookback_days": 120,
      "corr": 0.9063737808036543,
      "stats": {
        "mean": {
          "btc": -5.0181542914977494e-05,
          "eth": -6.516644723820954e-05
        },
        "std": {
          "btc": 0.005000369926415346,
          "eth": 0.006459222454889675
        },
        "min": {
          "btc": -0.03612262483146145,
          "eth": -0.04170398539552955
        },
        "max": {
          "btc": 0.0349913262434709,
          "eth": 0.04260060177264258
        }
      },
      "hedge_table": [
        {
          "target": "BTC",
          "hedge": "ETH",
          "hedge_ratio_units": 0.7016640512498618,
          "target_w": 0.5876600609065615,
          "hedge_w": -0.41233993909343847
        },
        {
          "target": "ETH",
          "hedge": "BTC",
          "hedge_ratio_units": 1.1708073529846132,
          "target_w": 0.46065810428784193,
          "hedge_w": -0.5393418957121582
        }
      ],
      "examples": [
        {
          "target": "BTC",
          "hedge": "ETH",
          "target_dollars": 58.766006090656155,
          "hedge_dollars": -41.233993909343845,
          "hedge_units_per_target_unit": -0.7016640512498618
        },
        {
          "target": "ETH",
          "hedge": "BTC",
          "target_dollars": 46.06581042878419,
          "hedge_dollars": -53.93418957121582,
          "hedge_units_per_target_unit": -1.1708073529846132
        }
      ]
    },
    "150": {
      "lookback_days": 150,
      "corr": 0.900046917820824,
      "stats": {
        "mean": {
          "btc": -7.948668546237315e-05,
          "eth": -0.00012978723286949753
        },
        "std": {
          "btc": 0.0048841283098913935,
          "eth": 0.006465358625839172
        },
        "min": {
          "btc": -0.03612262483146145,
          "eth": -0.04170398539552955
        },
        "max": {
          "btc": 0.0349913262434709,
          "eth": 0.04377388676562077
        }
      },
      "hedge_table": [
        {
          "target": "BTC",
          "hedge": "ETH",
          "hedge_ratio_units": 0.6799227832452384,
          "target_w": 0.5952654550396785,
          "hedge_w": -0.4047345449603215
        },
        {
          "target": "ETH",
          "hedge": "BTC",
          "hedge_ratio_units": 1.1914359604369653,
          "target_w": 0.4563217990639358,
          "hedge_w": -0.5436782009360642
        }
      ],
      "examples": [
        {
          "target": "BTC",
          "hedge": "ETH",
          "target_dollars": 59.52654550396785,
          "hedge_dollars": -40.473454496032154,
          "hedge_units_per_target_unit": -0.6799227832452384
        },
        {
          "target": "ETH",
          "hedge": "BTC",
          "target_dollars": 45.632179906393574,
          "hedge_dollars": -54.367820093606426,
          "hedge_units_per_target_unit": -1.1914359604369653
        }
      ]
    },
    "180": {
      "lookback_days": 180,
      "corr": 0.8997656584649658,
      "stats": {
        "mean": {
          "btc": -6.644080583512723e-05,
          "eth": -0.00010656668605071523
        },
        "std": {
          "btc": 0.004793145639555595,
          "eth": 0.006417800922434812
        },
        "min": {
          "btc": -0.03612262483146145,
          "eth": -0.04988725258205495
        },
        "max": {
          "btc": 0.0349913262434709,
          "eth": 0.04377388676562077
        }
      },
      "hedge_table": [
        {
          "target": "BTC",
          "hedge": "ETH",
          "hedge_ratio_units": 0.6719915271003835,
          "target_w": 0.5980891552328792,
          "hedge_w": -0.40191084476712075
        },
        {
          "target": "ETH",
          "hedge": "BTC",
          "hedge_ratio_units": 1.20474471403857,
          "target_w": 0.453567251406734,
          "hedge_w": -0.546432748593266
        }
      ],
      "examples": [
        {
          "target": "BTC",
          "hedge": "ETH",
          "target_dollars": 59.80891552328792,
          "hedge_dollars": -40.19108447671208,
          "hedge_units_per_target_unit": -0.6719915271003835
        },
        {
          "target": "ETH",
          "hedge": "BTC",
          "target_dollars": 45.3567251406734,
          "hedge_dollars": -54.643274859326596,
          "hedge_units_per_target_unit": -1.20474471403857
        }
      ]
    }
  },
  "example_notional": 100.0,
  "provider": "cryptocompare"
}