{
  "generated_at": "2026-01-31T08:28:26.695476Z",
  "lookbacks": {
    "30": {
      "lookback_days": 30,
      "corr": 0.8757417500476612,
      "stats": {
        "mean": {
          "btc": -7.067730516214118e-05,
          "eth": -0.00014402928414884508
        },
        "std": {
          "btc": 0.003967718234194874,
          "eth": 0.00554941350959596
        },
        "min": {
          "btc": -0.02980180309593028,
          "eth": -0.0369709977803403
        },
        "max": {
          "btc": 0.02131176803153334,
          "eth": 0.04377388676562077
        }
      },
      "hedge_table": [
        {
          "target": "BTC",
          "hedge": "ETH",
          "hedge_ratio_units": 0.6261376096954109,
          "target_w": 0.6149541059980208,
          "hedge_w": -0.3850458940019791
        },
        {
          "target": "ETH",
          "hedge": "BTC",
          "hedge_ratio_units": 1.2248483414845752,
          "target_w": 0.4494688385513637,
          "hedge_w": -0.5505311614486361
        }
      ],
      "examples": [
        {
          "target": "BTC",
          "hedge": "ETH",
          "target_dollars": 61.49541059980208,
          "hedge_dollars": -38.50458940019791,
          "hedge_units_per_target_unit": -0.6261376096954109
        },
        {
          "target": "ETH",
          "hedge": "BTC",
          "target_dollars": 44.94688385513637,
          "hedge_dollars": -55.05311614486361,
          "hedge_units_per_target_unit": -1.2248483414845752
        }
      ]
    },
    "60": {
      "lookback_days": 60,
      "corr": 0.8873817739688887,
      "stats": {
        "mean": {
          "btc": -2.2380844719041622e-05,
          "eth": -1.7721271988989628e-05
        },
        "std": {
          "btc": 0.004268286447924621,
          "eth": 0.006059352285600192
        },
        "min": {
          "btc": -0.02980180309593028,
          "eth": -0.04988725258205495
        },
        "max": {
          "btc": 0.026004133739085944,
          "eth": 0.04377388676562077
        }
      },
      "hedge_table": [
        {
          "target": "BTC",
          "hedge": "ETH",
          "hedge_ratio_units": 0.6250832467634857,
          "target_w": 0.6153530915979837,
          "hedge_w": -0.38464690840201626
        },
        {
          "target": "ETH",
          "hedge": "BTC",
          "hedge_ratio_units": 1.2597464687293403,
          "target_w": 0.4425275197187505,
          "hedge_w": -0.5574724802812494
        }
      ],
      "examples": [
        {
          "target": "BTC",
          "hedge": "ETH",
          "target_dollars": 61.535309159798366,
          "hedge_dollars": -38.46469084020163,
          "hedge_units_per_target_unit": -0.6250832467634857
        },
        {
          "target": "ETH",
          "hedge": "BTC",
          "target_dollars": 44.25275197187505,
          "hedge_dollars": -55.74724802812494,
          "hedge_units_per_target_unit": -1.2597464687293403
        }
      ]
    },
    "120": {
      "lookback_days": 120,
      "corr": 0.8712615781563625,
      "stats": {
        "mean": {
          "btc": -0.00011835973392825051,
          "eth": -0.00015653859295618061
        },
        "std": {
          "btc": 0.0047166895826818295,
          "eth": 0.007025916473702098
        },
        "min": {
          "btc": -0.03714671634653788,
          "eth": -0.05178573218862892
        },
        "max": {
          "btc": 0.03468753462614105,
          "eth": 0.04377388676562077
        }
      },
      "hedge_table": [
        {
          "target": "BTC",
          "hedge": "ETH",
          "hedge_ratio_units": 0.5849016886071352,
          "target_w": 0.6309539621216718,
          "hedge_w": -0.36904603787832824
        },
        {
          "target": "ETH",
          "hedge": "BTC",
          "hedge_ratio_units": 1.297819364104081,
          "target_w": 0.43519521839781333,
          "hedge_w": -0.5648047816021867
        }
      ],
      "examples": [
        {
          "target": "BTC",
          "hedge": "ETH",
          "target_dollars": 63.095396212167174,
          "hedge_dollars": -36.904603787832826,
          "hedge_units_per_target_unit": -0.5849016886071352
        },
        {
          "target": "ETH",
          "hedge": "BTC",
          "target_dollars": 43.51952183978133,
          "hedge_dollars": -56.480478160218674,
          "hedge_units_per_target_unit": -1.297819364104081
        }
      ]
    },
    "150": {
      "lookback_days": 150,
      "corr": 0.865221759767595,
      "stats": {
        "mean": {
          "btc": -7.205738839727454e-05,
          "eth": -0.00011476032236310579
        },
        "std": {
          "btc": 0.004410029999337091,
          "eth": 0.006680567531767169
        },
        "min": {
          "btc": -0.03714671634653788,
          "eth": -0.05178573218862892
        },
        "max": {
          "btc": 0.03468753462614105,
          "eth": 0.04377388676562077
        }
      },
      "hedge_table": [
        {
          "target": "BTC",
          "hedge": "ETH",
          "hedge_ratio_units": 0.5711571507226412,
          "target_w": 0.6364735695217107,
          "hedge_w": -0.3635264304782892
        },
        {
          "target": "ETH",
          "hedge": "BTC",
          "hedge_ratio_units": 1.3106877724076063,
          "target_w": 0.4327715807999696,
          "hedge_w": -0.5672284192000305
        }
      ],
      "examples": [
        {
          "target": "BTC",
          "hedge": "ETH",
          "target_dollars": 63.64735695217107,
          "hedge_dollars": -36.35264304782892,
          "hedge_units_per_target_unit": -0.5711571507226412
        },
        {
          "target": "ETH",
          "hedge": "BTC",
          "target_dollars": 43.27715807999696,
          "hedge_dollars": -56.722841920003056,
          "hedge_units_per_target_unit": -1.3106877724076063
        }
      ]
    },
    "180": {
      "lookback_days": 180,
      "corr": 0.8400701805858227,
      "stats": {
        "mean": {
          "btc": -6.517857924262292e-05,
          "eth": -4.3389304359284785e-05
        },
        "std": {
          "btc": 0.004286723820839282,
          "eth": 0.006863033893844509
        },
        "min": {
          "btc": -0.03714671634653788,
          "eth": -0.05178573218862892
        },
        "max": {
          "btc": 0.03468753462614105,
          "eth": 0.0757825447476439
        }
      },
      "hedge_table": [
        {
          "target": "BTC",
          "hedge": "ETH",
          "hedge_ratio_units": 0.5247167520947104,
          "target_w": 0.6558595218594958,
          "hedge_w": -0.3441404781405043
        },
        {
          "target": "ETH",
          "hedge": "BTC",
          "hedge_ratio_units": 1.3449502145533103,
          "target_w": 0.42644828610593344,
          "hedge_w": -0.5735517138940667
        }
      ],
      "examples": [
        {
          "target": "BTC",
          "hedge": "ETH",
          "target_dollars": 65.58595218594958,
          "hedge_dollars": -34.41404781405043,
          "hedge_units_per_target_unit": -0.5247167520947104
        },
        {
          "target": "ETH",
          "hedge": "BTC",
          "target_dollars": 42.64482861059334,
          "hedge_dollars": -57.355171389406664,
          "hedge_units_per_target_unit": -1.3449502145533103
        }
      ]
    }
  },
  "example_notional": 100.0,
  "provider": "cryptocompare"
}