{
  "generated_at": "2026-03-19T16:56:04.611749Z",
  "lookbacks": {
    "30": {
      "lookback_days": 30,
      "corr": 0.9154157340438878,
      "stats": {
        "mean": {
          "btc": 6.167628216527546e-05,
          "eth": 0.0001272761863259871
        },
        "std": {
          "btc": 0.005689061798439744,
          "eth": 0.007195567075782374
        },
        "min": {
          "btc": -0.03612262483146145,
          "eth": -0.04038541666666662
        },
        "max": {
          "btc": 0.029223763595974894,
          "eth": 0.035902309432658264
        }
      },
      "hedge_table": [
        {
          "target": "BTC",
          "hedge": "ETH",
          "hedge_ratio_units": 0.7237590348879498,
          "target_w": 0.5801274886805762,
          "hedge_w": -0.4198725113194239
        },
        {
          "target": "ETH",
          "hedge": "BTC",
          "hedge_ratio_units": 1.1578245323940506,
          "target_w": 0.46342971126133503,
          "hedge_w": -0.5365702887386651
        }
      ],
      "examples": [
        {
          "target": "BTC",
          "hedge": "ETH",
          "target_dollars": 58.01274886805762,
          "hedge_dollars": -41.98725113194239,
          "hedge_units_per_target_unit": -0.7237590348879498
        },
        {
          "target": "ETH",
          "hedge": "BTC",
          "target_dollars": 46.342971126133506,
          "hedge_dollars": -53.65702887386651,
          "hedge_units_per_target_unit": -1.1578245323940506
        }
      ]
    },
    "60": {
      "lookback_days": 60,
      "corr": 0.9016123125480274,
      "stats": {
        "mean": {
          "btc": -0.0002004533828239014,
          "eth": -0.000285572609947188
        },
        "std": {
          "btc": 0.006151022589730254,
          "eth": 0.008125699526991527
        },
        "min": {
          "btc": -0.03612262483146145,
          "eth": -0.04170398539552955
        },
        "max": {
          "btc": 0.0349913262434709,
          "eth": 0.04377388676562077
        }
      },
      "hedge_table": [
        {
          "target": "BTC",
          "hedge": "ETH",
          "hedge_ratio_units": 0.6825058794310539,
          "target_w": 0.5943515634775398,
          "hedge_w": -0.4056484365224602
        },
        {
          "target": "ETH",
          "hedge": "BTC",
          "hedge_ratio_units": 1.1910589881157512,
          "target_w": 0.45640030935907017,
          "hedge_w": -0.54359969064093
        }
      ],
      "examples": [
        {
          "target": "BTC",
          "hedge": "ETH",
          "target_dollars": 59.43515634775398,
          "hedge_dollars": -40.56484365224602,
          "hedge_units_per_target_unit": -0.6825058794310539
        },
        {
          "target": "ETH",
          "hedge": "BTC",
          "target_dollars": 45.64003093590701,
          "hedge_dollars": -54.359969064092994,
          "hedge_units_per_target_unit": -1.1910589881157512
        }
      ]
    },
    "120": {
      "lookback_days": 120,
      "corr": 0.8980759341395949,
      "stats": {
        "mean": {
          "btc": -7.305655435128699e-05,
          "eth": -8.549989610490006e-05
        },
        "std": {
          "btc": 0.005435674816251462,
          "eth": 0.007313309974225132
        },
        "min": {
          "btc": -0.03714671634653788,
          "eth": -0.05178573218862892
        },
        "max": {
          "btc": 0.0349913262434709,
          "eth": 0.04377388676562077
        }
      },
      "hedge_table": [
        {
          "target": "BTC",
          "hedge": "ETH",
          "hedge_ratio_units": 0.6675019595079215,
          "target_w": 0.599699445207908,
          "hedge_w": -0.400300554792092
        },
        {
          "target": "ETH",
          "hedge": "BTC",
          "hedge_ratio_units": 1.2082966529046337,
          "target_w": 0.4528377103160811,
          "hedge_w": -0.5471622896839189
        }
      ],
      "examples": [
        {
          "target": "BTC",
          "hedge": "ETH",
          "target_dollars": 59.9699445207908,
          "hedge_dollars": -40.030055479209196,
          "hedge_units_per_target_unit": -0.6675019595079215
        },
        {
          "target": "ETH",
          "hedge": "BTC",
          "target_dollars": 45.28377103160811,
          "hedge_dollars": -54.71622896839189,
          "hedge_units_per_target_unit": -1.2082966529046337
        }
      ]
    },
    "150": {
      "lookback_days": 150,
      "corr": 0.8925152870935087,
      "stats": {
        "mean": {
          "btc": -0.00011425660525091488,
          "eth": -0.00014646793316202924
        },
        "std": {
          "btc": 0.005354840770159403,
          "eth": 0.007394600232632532
        },
        "min": {
          "btc": -0.03714671634653788,
          "eth": -0.05178573218862892
        },
        "max": {
          "btc": 0.0349913262434709,
          "eth": 0.04377388676562077
        }
      },
      "hedge_table": [
        {
          "target": "BTC",
          "hedge": "ETH",
          "hedge_ratio_units": 0.6463198951888961,
          "target_w": 0.6074153649739267,
          "hedge_w": -0.3925846350260734
        },
        {
          "target": "ETH",
          "hedge": "BTC",
          "hedge_ratio_units": 1.2324911295865268,
          "target_w": 0.4479301112319345,
          "hedge_w": -0.5520698887680655
        }
      ],
      "examples": [
        {
          "target": "BTC",
          "hedge": "ETH",
          "target_dollars": 60.741536497392666,
          "hedge_dollars": -39.25846350260734,
          "hedge_units_per_target_unit": -0.6463198951888961
        },
        {
          "target": "ETH",
          "hedge": "BTC",
          "target_dollars": 44.79301112319345,
          "hedge_dollars": -55.20698887680655,
          "hedge_units_per_target_unit": -1.2324911295865268
        }
      ]
    },
    "180": {
      "lookback_days": 180,
      "corr": 0.880312947046022,
      "stats": {
        "mean": {
          "btc": -0.00010529486789828145,
          "eth": -0.0001473044020077578
        },
        "std": {
          "btc": 0.005151987727445181,
          "eth": 0.007347720538601498
        },
        "min": {
          "btc": -0.03714671634653788,
          "eth": -0.05178573218862892
        },
        "max": {
          "btc": 0.0349913262434709,
          "eth": 0.04377388676562077
        }
      },
      "hedge_table": [
        {
          "target": "BTC",
          "hedge": "ETH",
          "hedge_ratio_units": 0.6172474137612516,
          "target_w": 0.6183345797872003,
          "hedge_w": -0.38166542021279964
        },
        {
          "target": "ETH",
          "hedge": "BTC",
          "hedge_ratio_units": 1.2554947456395498,
          "target_w": 0.44336170675336606,
          "hedge_w": -0.5566382932466339
        }
      ],
      "examples": [
        {
          "target": "BTC",
          "hedge": "ETH",
          "target_dollars": 61.83345797872003,
          "hedge_dollars": -38.166542021279966,
          "hedge_units_per_target_unit": -0.6172474137612516
        },
        {
          "target": "ETH",
          "hedge": "BTC",
          "target_dollars": 44.336170675336604,
          "hedge_dollars": -55.663829324663396,
          "hedge_units_per_target_unit": -1.2554947456395498
        }
      ]
    }
  },
  "example_notional": 100.0,
  "provider": "cryptocompare"
}