{
  "generated_at": "2026-04-19T16:37:45.814059Z",
  "lookbacks": {
    "30": {
      "lookback_days": 30,
      "corr": 0.9191607163770147,
      "stats": {
        "mean": {
          "btc": 0.00011843821488683036,
          "eth": 0.00013562984479466658
        },
        "std": {
          "btc": 0.004410329198497614,
          "eth": 0.0060202599974441716
        },
        "min": {
          "btc": -0.019619547762256384,
          "eth": -0.030096491146448856
        },
        "max": {
          "btc": 0.022874680739771724,
          "eth": 0.041842617860856635
        }
      },
      "hedge_table": [
        {
          "target": "BTC",
          "hedge": "ETH",
          "hedge_ratio_units": 0.6733598461313173,
          "target_w": 0.5976000931968848,
          "hedge_w": -0.4023999068031152
        },
        {
          "target": "ETH",
          "hedge": "BTC",
          "hedge_ratio_units": 1.2546878572945743,
          "target_w": 0.44352037323690174,
          "hedge_w": -0.5564796267630981
        }
      ],
      "examples": [
        {
          "target": "BTC",
          "hedge": "ETH",
          "target_dollars": 59.76000931968848,
          "hedge_dollars": -40.23999068031152,
          "hedge_units_per_target_unit": -0.6733598461313173
        },
        {
          "target": "ETH",
          "hedge": "BTC",
          "target_dollars": 44.352037323690176,
          "hedge_dollars": -55.64796267630982,
          "hedge_units_per_target_unit": -1.2546878572945743
        }
      ]
    },
    "60": {
      "lookback_days": 60,
      "corr": 0.9159560100628151,
      "stats": {
        "mean": {
          "btc": 9.574494942370535e-05,
          "eth": 0.00013562770177817665
        },
        "std": {
          "btc": 0.005075588628195997,
          "eth": 0.0066147535555597095
        },
        "min": {
          "btc": -0.03612262483146145,
          "eth": -0.04038541666666662
        },
        "max": {
          "btc": 0.029223763595974894,
          "eth": 0.041842617860856635
        }
      },
      "hedge_table": [
        {
          "target": "BTC",
          "hedge": "ETH",
          "hedge_ratio_units": 0.7028252631868799,
          "target_w": 0.5872593163954328,
          "hedge_w": -0.4127406836045672
        },
        {
          "target": "ETH",
          "hedge": "BTC",
          "hedge_ratio_units": 1.1937183483785925,
          "target_w": 0.45584703284225797,
          "hedge_w": -0.5441529671577422
        }
      ],
      "examples": [
        {
          "target": "BTC",
          "hedge": "ETH",
          "target_dollars": 58.72593163954328,
          "hedge_dollars": -41.274068360456724,
          "hedge_units_per_target_unit": -0.7028252631868799
        },
        {
          "target": "ETH",
          "hedge": "BTC",
          "target_dollars": 45.584703284225796,
          "hedge_dollars": -54.41529671577422,
          "hedge_units_per_target_unit": -1.1937183483785925
        }
      ]
    },
    "120": {
      "lookback_days": 120,
      "corr": 0.9010492624585825,
      "stats": {
        "mean": {
          "btc": -3.9781496088613816e-05,
          "eth": -6.263073882310963e-05
        },
        "std": {
          "btc": 0.005154302033053197,
          "eth": 0.006831931141792771
        },
        "min": {
          "btc": -0.03612262483146145,
          "eth": -0.04170398539552955
        },
        "max": {
          "btc": 0.0349913262434709,
          "eth": 0.04377388676562077
        }
      },
      "hedge_table": [
        {
          "target": "BTC",
          "hedge": "ETH",
          "hedge_ratio_units": 0.6797902304607606,
          "target_w": 0.5953124276271707,
          "hedge_w": -0.40468757237282926
        },
        {
          "target": "ETH",
          "hedge": "BTC",
          "hedge_ratio_units": 1.1943239796589282,
          "target_w": 0.4557212195053502,
          "hedge_w": -0.5442787804946498
        }
      ],
      "examples": [
        {
          "target": "BTC",
          "hedge": "ETH",
          "target_dollars": 59.53124276271707,
          "hedge_dollars": -40.46875723728293,
          "hedge_units_per_target_unit": -0.6797902304607606
        },
        {
          "target": "ETH",
          "hedge": "BTC",
          "target_dollars": 45.57212195053502,
          "hedge_dollars": -54.42787804946499,
          "hedge_units_per_target_unit": -1.1943239796589282
        }
      ]
    },
    "150": {
      "lookback_days": 150,
      "corr": 0.9006214353313226,
      "stats": {
        "mean": {
          "btc": -2.5651250329376293e-05,
          "eth": -3.009551553421286e-05
        },
        "std": {
          "btc": 0.005219215530995111,
          "eth": 0.007027348648910344
        },
        "min": {
          "btc": -0.03714671634653788,
          "eth": -0.05178573218862892
        },
        "max": {
          "btc": 0.0349913262434709,
          "eth": 0.04377388676562077
        }
      },
      "hedge_table": [
        {
          "target": "BTC",
          "hedge": "ETH",
          "hedge_ratio_units": 0.6688920128585352,
          "target_w": 0.5991999436123886,
          "hedge_w": -0.4008000563876114
        },
        {
          "target": "ETH",
          "hedge": "BTC",
          "hedge_ratio_units": 1.2126306701015972,
          "target_w": 0.4519507089513873,
          "hedge_w": -0.5480492910486127
        }
      ],
      "examples": [
        {
          "target": "BTC",
          "hedge": "ETH",
          "target_dollars": 59.91999436123886,
          "hedge_dollars": -40.08000563876114,
          "hedge_units_per_target_unit": -0.6688920128585352
        },
        {
          "target": "ETH",
          "hedge": "BTC",
          "target_dollars": 45.19507089513873,
          "hedge_dollars": -54.804929104861266,
          "hedge_units_per_target_unit": -1.2126306701015972
        }
      ]
    },
    "180": {
      "lookback_days": 180,
      "corr": 0.8946749710782637,
      "stats": {
        "mean": {
          "btc": -7.754570097599241e-05,
          "eth": -0.00010108450759266817
        },
        "std": {
          "btc": 0.005176555430955109,
          "eth": 0.007147476494713025
        },
        "min": {
          "btc": -0.03714671634653788,
          "eth": -0.05178573218862892
        },
        "max": {
          "btc": 0.0349913262434709,
          "eth": 0.04377388676562077
        }
      },
      "hedge_table": [
        {
          "target": "BTC",
          "hedge": "ETH",
          "hedge_ratio_units": 0.6479677944937042,
          "target_w": 0.6068079748531884,
          "hedge_w": -0.3931920251468116
        },
        {
          "target": "ETH",
          "hedge": "BTC",
          "hedge_ratio_units": 1.2353134070487652,
          "target_w": 0.4473645605339423,
          "hedge_w": -0.5526354394660579
        }
      ],
      "examples": [
        {
          "target": "BTC",
          "hedge": "ETH",
          "target_dollars": 60.68079748531884,
          "hedge_dollars": -39.31920251468116,
          "hedge_units_per_target_unit": -0.6479677944937042
        },
        {
          "target": "ETH",
          "hedge": "BTC",
          "target_dollars": 44.73645605339423,
          "hedge_dollars": -55.263543946605786,
          "hedge_units_per_target_unit": -1.2353134070487652
        }
      ]
    }
  },
  "example_notional": 100.0,
  "provider": "cryptocompare"
}