{
  "generated_at": "2026-06-06T17:10:52.471220Z",
  "lookbacks": {
    "30": {
      "lookback_days": 30,
      "corr": 0.8865125418872264,
      "stats": {
        "mean": {
          "btc": -0.0003798964899198285,
          "eth": -0.0005220794452783521
        },
        "std": {
          "btc": 0.0045085626204330155,
          "eth": 0.005903222680179607
        },
        "min": {
          "btc": -0.022992854112727557,
          "eth": -0.03439786519755539
        },
        "max": {
          "btc": 0.02212668221855041,
          "eth": 0.0384557017519207
        }
      },
      "hedge_table": [
        {
          "target": "BTC",
          "hedge": "ETH",
          "hedge_ratio_units": 0.6770703945012287,
          "target_w": 0.5962778922571145,
          "hedge_w": -0.40372210774288564
        },
        {
          "target": "ETH",
          "hedge": "BTC",
          "hedge_ratio_units": 1.1607426543916404,
          "target_w": 0.4628038410624847,
          "hedge_w": -0.5371961589375153
        }
      ],
      "examples": [
        {
          "target": "BTC",
          "hedge": "ETH",
          "target_dollars": 59.627789225711446,
          "hedge_dollars": -40.37221077428856,
          "hedge_units_per_target_unit": -0.6770703945012287
        },
        {
          "target": "ETH",
          "hedge": "BTC",
          "target_dollars": 46.28038410624847,
          "hedge_dollars": -53.719615893751524,
          "hedge_units_per_target_unit": -1.1607426543916404
        }
      ]
    },
    "60": {
      "lookback_days": 60,
      "corr": 0.8933685927708687,
      "stats": {
        "mean": {
          "btc": -7.568450003028056e-05,
          "eth": -0.00018725636567258792
        },
        "std": {
          "btc": 0.004224734444767183,
          "eth": 0.0055787210945104386
        },
        "min": {
          "btc": -0.022992854112727557,
          "eth": -0.03439786519755539
        },
        "max": {
          "btc": 0.022681960554355562,
          "eth": 0.0410922552310693
        }
      },
      "hedge_table": [
        {
          "target": "BTC",
          "hedge": "ETH",
          "hedge_ratio_units": 0.6765430645862903,
          "target_w": 0.5964654419698808,
          "hedge_w": -0.4035345580301193
        },
        {
          "target": "ETH",
          "hedge": "BTC",
          "hedge_ratio_units": 1.179684611854604,
          "target_w": 0.4587819699057934,
          "hedge_w": -0.5412180300942065
        }
      ],
      "examples": [
        {
          "target": "BTC",
          "hedge": "ETH",
          "target_dollars": 59.64654419698808,
          "hedge_dollars": -40.353455803011926,
          "hedge_units_per_target_unit": -0.6765430645862903
        },
        {
          "target": "ETH",
          "hedge": "BTC",
          "target_dollars": 45.87819699057934,
          "hedge_dollars": -54.12180300942065,
          "hedge_units_per_target_unit": -1.179684611854604
        }
      ]
    },
    "120": {
      "lookback_days": 120,
      "corr": 0.9009668679843265,
      "stats": {
        "mean": {
          "btc": -3.714916505260659e-05,
          "eth": -7.498932551541879e-05
        },
        "std": {
          "btc": 0.004822618137090371,
          "eth": 0.006204140882292102
        },
        "min": {
          "btc": -0.03612262483146145,
          "eth": -0.04038541666666662
        },
        "max": {
          "btc": 0.029223763595974894,
          "eth": 0.041842617860856635
        }
      },
      "hedge_table": [
        {
          "target": "BTC",
          "hedge": "ETH",
          "hedge_ratio_units": 0.7003417944393074,
          "target_w": 0.588117049919221,
          "hedge_w": -0.41188295008077896
        },
        {
          "target": "ETH",
          "hedge": "BTC",
          "hedge_ratio_units": 1.1590644791595874,
          "target_w": 0.4631635644291867,
          "hedge_w": -0.5368364355708133
        }
      ],
      "examples": [
        {
          "target": "BTC",
          "hedge": "ETH",
          "target_dollars": 58.8117049919221,
          "hedge_dollars": -41.188295008077894,
          "hedge_units_per_target_unit": -0.7003417944393074
        },
        {
          "target": "ETH",
          "hedge": "BTC",
          "target_dollars": 46.316356442918675,
          "hedge_dollars": -53.683643557081325,
          "hedge_units_per_target_unit": -1.1590644791595874
        }
      ]
    },
    "150": {
      "lookback_days": 150,
      "corr": 0.8993864491208863,
      "stats": {
        "mean": {
          "btc": -9.970604497846827e-05,
          "eth": -0.00017282110477743128
        },
        "std": {
          "btc": 0.005047157355238356,
          "eth": 0.006668056164548098
        },
        "min": {
          "btc": -0.03612262483146145,
          "eth": -0.04170398539552955
        },
        "max": {
          "btc": 0.0349913262434709,
          "eth": 0.04377388676562077
        }
      },
      "hedge_table": [
        {
          "target": "BTC",
          "hedge": "ETH",
          "hedge_ratio_units": 0.6807598526263802,
          "target_w": 0.5949689947896989,
          "hedge_w": -0.405031005210301
        },
        {
          "target": "ETH",
          "hedge": "BTC",
          "hedge_ratio_units": 1.1882251600789113,
          "target_w": 0.45699136370588955,
          "hedge_w": -0.5430086362941106
        }
      ],
      "examples": [
        {
          "target": "BTC",
          "hedge": "ETH",
          "target_dollars": 59.49689947896989,
          "hedge_dollars": -40.5031005210301,
          "hedge_units_per_target_unit": -0.6807598526263802
        },
        {
          "target": "ETH",
          "hedge": "BTC",
          "target_dollars": 45.69913637058895,
          "hedge_dollars": -54.300863629411054,
          "hedge_units_per_target_unit": -1.1882251600789113
        }
      ]
    },
    "180": {
      "lookback_days": 180,
      "corr": 0.8992676095352625,
      "stats": {
        "mean": {
          "btc": -7.930098809915034e-05,
          "eth": -0.000137350934533155
        },
        "std": {
          "btc": 0.004916425936208031,
          "eth": 0.006540728441057013
        },
        "min": {
          "btc": -0.03612262483146145,
          "eth": -0.04988725258205495
        },
        "max": {
          "btc": 0.0349913262434709,
          "eth": 0.04377388676562077
        }
      },
      "hedge_table": [
        {
          "target": "BTC",
          "hedge": "ETH",
          "hedge_ratio_units": 0.6759465155835879,
          "target_w": 0.5966777523635867,
          "hedge_w": -0.4033222476364133
        },
        {
          "target": "ETH",
          "hedge": "BTC",
          "hedge_ratio_units": 1.1963701489918595,
          "target_w": 0.4552966632054269,
          "hedge_w": -0.5447033367945731
        }
      ],
      "examples": [
        {
          "target": "BTC",
          "hedge": "ETH",
          "target_dollars": 59.667775236358665,
          "hedge_dollars": -40.33222476364133,
          "hedge_units_per_target_unit": -0.6759465155835879
        },
        {
          "target": "ETH",
          "hedge": "BTC",
          "target_dollars": 45.52966632054269,
          "hedge_dollars": -54.470333679457305,
          "hedge_units_per_target_unit": -1.1963701489918595
        }
      ]
    }
  },
  "example_notional": 100.0,
  "provider": "cryptocompare"
}