{
  "generated_at": "2026-04-09T02:04:59.072275Z",
  "lookbacks": {
    "30": {
      "lookback_days": 30,
      "corr": 0.9157218080587639,
      "stats": {
        "mean": {
          "btc": 3.950977698360202e-05,
          "eth": 0.00011914598272210921
        },
        "std": {
          "btc": 0.004626185257956661,
          "eth": 0.006203485957614175
        },
        "min": {
          "btc": -0.0193691951400623,
          "eth": -0.030096491146448856
        },
        "max": {
          "btc": 0.022874680739771724,
          "eth": 0.041842617860856635
        }
      },
      "hedge_table": [
        {
          "target": "BTC",
          "hedge": "ETH",
          "hedge_ratio_units": 0.6828900327615359,
          "target_w": 0.5942158908381265,
          "hedge_w": -0.40578410916187346
        },
        {
          "target": "ETH",
          "hedge": "BTC",
          "hedge_ratio_units": 1.227937719874776,
          "target_w": 0.4488455808613026,
          "hedge_w": -0.5511544191386973
        }
      ],
      "examples": [
        {
          "target": "BTC",
          "hedge": "ETH",
          "target_dollars": 59.421589083812655,
          "hedge_dollars": -40.578410916187345,
          "hedge_units_per_target_unit": -0.6828900327615359
        },
        {
          "target": "ETH",
          "hedge": "BTC",
          "target_dollars": 44.88455808613026,
          "hedge_dollars": -55.11544191386973,
          "hedge_units_per_target_unit": -1.227937719874776
        }
      ]
    },
    "60": {
      "lookback_days": 60,
      "corr": 0.9110807530512658,
      "stats": {
        "mean": {
          "btc": 3.220346171467056e-05,
          "eth": 5.580662213364889e-05
        },
        "std": {
          "btc": 0.005314048507971927,
          "eth": 0.006806779305622457
        },
        "min": {
          "btc": -0.03612262483146145,
          "eth": -0.04038541666666662
        },
        "max": {
          "btc": 0.029223763595974894,
          "eth": 0.041842617860856635
        }
      },
      "hedge_table": [
        {
          "target": "BTC",
          "hedge": "ETH",
          "hedge_ratio_units": 0.7112801956712297,
          "target_w": 0.5843578407145427,
          "hedge_w": -0.4156421592854572
        },
        {
          "target": "ETH",
          "hedge": "BTC",
          "hedge_ratio_units": 1.167005834876553,
          "target_w": 0.4614662239970233,
          "hedge_w": -0.5385337760029766
        }
      ],
      "examples": [
        {
          "target": "BTC",
          "hedge": "ETH",
          "target_dollars": 58.435784071454265,
          "hedge_dollars": -41.56421592854572,
          "hedge_units_per_target_unit": -0.7112801956712297
        },
        {
          "target": "ETH",
          "hedge": "BTC",
          "target_dollars": 46.14662239970233,
          "hedge_dollars": -53.853377600297655,
          "hedge_units_per_target_unit": -1.167005834876553
        }
      ]
    },
    "120": {
      "lookback_days": 120,
      "corr": 0.901910091281788,
      "stats": {
        "mean": {
          "btc": -7.847432250256177e-05,
          "eth": -0.00012129404310650074
        },
        "std": {
          "btc": 0.00522619937436504,
          "eth": 0.006944080075799999
        },
        "min": {
          "btc": -0.03612262483146145,
          "eth": -0.04988725258205495
        },
        "max": {
          "btc": 0.0349913262434709,
          "eth": 0.04377388676562077
        }
      },
      "hedge_table": [
        {
          "target": "BTC",
          "hedge": "ETH",
          "hedge_ratio_units": 0.6787885369031212,
          "target_w": 0.5956676365236032,
          "hedge_w": -0.40433236347639684
        },
        {
          "target": "ETH",
          "hedge": "BTC",
          "hedge_ratio_units": 1.198372937273129,
          "target_w": 0.45488187333692526,
          "hedge_w": -0.5451181266630746
        }
      ],
      "examples": [
        {
          "target": "BTC",
          "hedge": "ETH",
          "target_dollars": 59.56676365236032,
          "hedge_dollars": -40.433236347639685,
          "hedge_units_per_target_unit": -0.6787885369031212
        },
        {
          "target": "ETH",
          "hedge": "BTC",
          "target_dollars": 45.48818733369252,
          "hedge_dollars": -54.511812666307456,
          "hedge_units_per_target_unit": -1.198372937273129
        }
      ]
    },
    "150": {
      "lookback_days": 150,
      "corr": 0.899432182190805,
      "stats": {
        "mean": {
          "btc": -9.768507643139817e-05,
          "eth": -0.00011552285686090754
        },
        "std": {
          "btc": 0.005319847713950278,
          "eth": 0.00723794517595556
        },
        "min": {
          "btc": -0.03714671634653788,
          "eth": -0.05178573218862892
        },
        "max": {
          "btc": 0.0349913262434709,
          "eth": 0.04377388676562077
        }
      },
      "hedge_table": [
        {
          "target": "BTC",
          "hedge": "ETH",
          "hedge_ratio_units": 0.6610774359242594,
          "target_w": 0.6020188935042503,
          "hedge_w": -0.3979811064957496
        },
        {
          "target": "ETH",
          "hedge": "BTC",
          "hedge_ratio_units": 1.223726913670064,
          "target_w": 0.44969550615798803,
          "hedge_w": -0.5503044938420119
        }
      ],
      "examples": [
        {
          "target": "BTC",
          "hedge": "ETH",
          "target_dollars": 60.201889350425034,
          "hedge_dollars": -39.79811064957496,
          "hedge_units_per_target_unit": -0.6610774359242594
        },
        {
          "target": "ETH",
          "hedge": "BTC",
          "target_dollars": 44.9695506157988,
          "hedge_dollars": -55.030449384201184,
          "hedge_units_per_target_unit": -1.223726913670064
        }
      ]
    },
    "180": {
      "lookback_days": 180,
      "corr": 0.8908554664222993,
      "stats": {
        "mean": {
          "btc": -9.317620471125988e-05,
          "eth": -0.00010220507331453539
        },
        "std": {
          "btc": 0.005220982754664385,
          "eth": 0.0072799813876801974
        },
        "min": {
          "btc": -0.03714671634653788,
          "eth": -0.05178573218862892
        },
        "max": {
          "btc": 0.0349913262434709,
          "eth": 0.04377388676562077
        }
      },
      "hedge_table": [
        {
          "target": "BTC",
          "hedge": "ETH",
          "hedge_ratio_units": 0.6388946316484239,
          "target_w": 0.6101673534644418,
          "hedge_w": -0.3898326465355582
        },
        {
          "target": "ETH",
          "hedge": "BTC",
          "hedge_ratio_units": 1.2421820793936706,
          "target_w": 0.44599410957312585,
          "hedge_w": -0.5540058904268741
        }
      ],
      "examples": [
        {
          "target": "BTC",
          "hedge": "ETH",
          "target_dollars": 61.016735346444186,
          "hedge_dollars": -38.98326465355582,
          "hedge_units_per_target_unit": -0.6388946316484239
        },
        {
          "target": "ETH",
          "hedge": "BTC",
          "target_dollars": 44.599410957312585,
          "hedge_dollars": -55.40058904268741,
          "hedge_units_per_target_unit": -1.2421820793936706
        }
      ]
    }
  },
  "example_notional": 100.0,
  "provider": "cryptocompare"
}