{
  "generated_at": "2026-05-30T09:58:51.969575Z",
  "lookbacks": {
    "30": {
      "lookback_days": 30,
      "corr": 0.8939134093766741,
      "stats": {
        "mean": {
          "btc": -4.0593241537597976e-05,
          "eth": -0.00015088350269631617
        },
        "std": {
          "btc": 0.0033498527982266423,
          "eth": 0.004440907400375956
        },
        "min": {
          "btc": -0.020668693538518745,
          "eth": -0.02232136709767152
        },
        "max": {
          "btc": 0.018403612886388032,
          "eth": 0.032926153475484776
        }
      },
      "hedge_table": [
        {
          "target": "BTC",
          "hedge": "ETH",
          "hedge_ratio_units": 0.6742942524582396,
          "target_w": 0.5972665787580502,
          "hedge_w": -0.4027334212419498
        },
        {
          "target": "ETH",
          "hedge": "BTC",
          "hedge_ratio_units": 1.1850630204102444,
          "target_w": 0.45765270413676695,
          "hedge_w": -0.5423472958632329
        }
      ],
      "examples": [
        {
          "target": "BTC",
          "hedge": "ETH",
          "target_dollars": 59.726657875805024,
          "hedge_dollars": -40.273342124194976,
          "hedge_units_per_target_unit": -0.6742942524582396
        },
        {
          "target": "ETH",
          "hedge": "BTC",
          "target_dollars": 45.765270413676696,
          "hedge_dollars": -54.2347295863233,
          "hedge_units_per_target_unit": -1.1850630204102444
        }
      ]
    },
    "60": {
      "lookback_days": 60,
      "corr": 0.9036799828253267,
      "stats": {
        "mean": {
          "btc": 7.861772806859333e-05,
          "eth": 8.861154956234468e-06
        },
        "std": {
          "btc": 0.0037241137944763938,
          "eth": 0.005008865521907478
        },
        "min": {
          "btc": -0.020668693538518745,
          "eth": -0.02913186092280784
        },
        "max": {
          "btc": 0.022681960554355562,
          "eth": 0.0410922552310693
        }
      },
      "hedge_table": [
        {
          "target": "BTC",
          "hedge": "ETH",
          "hedge_ratio_units": 0.6718900867097695,
          "target_w": 0.598125443741323,
          "hedge_w": -0.4018745562586769
        },
        {
          "target": "ETH",
          "hedge": "BTC",
          "hedge_ratio_units": 1.2154331899109245,
          "target_w": 0.45137899195245285,
          "hedge_w": -0.5486210080475473
        }
      ],
      "examples": [
        {
          "target": "BTC",
          "hedge": "ETH",
          "target_dollars": 59.8125443741323,
          "hedge_dollars": -40.18745562586769,
          "hedge_units_per_target_unit": -0.6718900867097695
        },
        {
          "target": "ETH",
          "hedge": "BTC",
          "target_dollars": 45.13789919524528,
          "hedge_dollars": -54.86210080475473,
          "hedge_units_per_target_unit": -1.2154331899109245
        }
      ]
    },
    "120": {
      "lookback_days": 120,
      "corr": 0.9041790460743067,
      "stats": {
        "mean": {
          "btc": -2.8089165936080382e-05,
          "eth": -8.360973429305952e-05
        },
        "std": {
          "btc": 0.005062816694010197,
          "eth": 0.006671539719232965
        },
        "min": {
          "btc": -0.03612262483146145,
          "eth": -0.04170398539552955
        },
        "max": {
          "btc": 0.0349913262434709,
          "eth": 0.04260060177264258
        }
      },
      "hedge_table": [
        {
          "target": "BTC",
          "hedge": "ETH",
          "hedge_ratio_units": 0.6861523668430648,
          "target_w": 0.5930662137445335,
          "hedge_w": -0.4069337862554666
        },
        {
          "target": "ETH",
          "hedge": "BTC",
          "hedge_ratio_units": 1.1914842633587082,
          "target_w": 0.4563117411883132,
          "hedge_w": -0.5436882588116868
        }
      ],
      "examples": [
        {
          "target": "BTC",
          "hedge": "ETH",
          "target_dollars": 59.30662137445335,
          "hedge_dollars": -40.693378625546664,
          "hedge_units_per_target_unit": -0.6861523668430648
        },
        {
          "target": "ETH",
          "hedge": "BTC",
          "target_dollars": 45.63117411883132,
          "hedge_dollars": -54.36882588116868,
          "hedge_units_per_target_unit": -1.1914842633587082
        }
      ]
    },
    "150": {
      "lookback_days": 150,
      "corr": 0.9007033551106008,
      "stats": {
        "mean": {
          "btc": -4.048074829772895e-05,
          "eth": -8.783483311722538e-05
        },
        "std": {
          "btc": 0.004856713106443161,
          "eth": 0.006443252392814769
        },
        "min": {
          "btc": -0.03612262483146145,
          "eth": -0.04170398539552955
        },
        "max": {
          "btc": 0.0349913262434709,
          "eth": 0.04377388676562077
        }
      },
      "hedge_table": [
        {
          "target": "BTC",
          "hedge": "ETH",
          "hedge_ratio_units": 0.6789207566447633,
          "target_w": 0.5956207260183313,
          "hedge_w": -0.40437927398166873
        },
        {
          "target": "ETH",
          "hedge": "BTC",
          "hedge_ratio_units": 1.1949355296143613,
          "target_w": 0.45559424707827056,
          "hedge_w": -0.5444057529217294
        }
      ],
      "examples": [
        {
          "target": "BTC",
          "hedge": "ETH",
          "target_dollars": 59.56207260183313,
          "hedge_dollars": -40.43792739816687,
          "hedge_units_per_target_unit": -0.6789207566447633
        },
        {
          "target": "ETH",
          "hedge": "BTC",
          "target_dollars": 45.559424707827056,
          "hedge_dollars": -54.440575292172944,
          "hedge_units_per_target_unit": -1.1949355296143613
        }
      ]
    },
    "180": {
      "lookback_days": 180,
      "corr": 0.8993729968732251,
      "stats": {
        "mean": {
          "btc": -2.6429298546544898e-05,
          "eth": -5.8905163209735046e-05
        },
        "std": {
          "btc": 0.004820299814299297,
          "eth": 0.006473017835256527
        },
        "min": {
          "btc": -0.03612262483146145,
          "eth": -0.04988725258205495
        },
        "max": {
          "btc": 0.0349913262434709,
          "eth": 0.04377388676562077
        }
      },
      "hedge_table": [
        {
          "target": "BTC",
          "hedge": "ETH",
          "hedge_ratio_units": 0.6697413169790846,
          "target_w": 0.5988951640779973,
          "hedge_w": -0.4011048359220028
        },
        {
          "target": "ETH",
          "hedge": "BTC",
          "hedge_ratio_units": 1.2077376249582443,
          "target_w": 0.4529523747274604,
          "hedge_w": -0.5470476252725397
        }
      ],
      "examples": [
        {
          "target": "BTC",
          "hedge": "ETH",
          "target_dollars": 59.889516407799725,
          "hedge_dollars": -40.11048359220028,
          "hedge_units_per_target_unit": -0.6697413169790846
        },
        {
          "target": "ETH",
          "hedge": "BTC",
          "target_dollars": 45.29523747274604,
          "hedge_dollars": -54.70476252725397,
          "hedge_units_per_target_unit": -1.2077376249582443
        }
      ]
    }
  },
  "example_notional": 100.0,
  "provider": "cryptocompare"
}