{
  "generated_at": "2026-05-31T03:36:59.361668Z",
  "lookbacks": {
    "30": {
      "lookback_days": 30,
      "corr": 0.8933349092698061,
      "stats": {
        "mean": {
          "btc": -4.8384275178539965e-05,
          "eth": -0.0001498644218722155
        },
        "std": {
          "btc": 0.003331400793392987,
          "eth": 0.004427789526727083
        },
        "min": {
          "btc": -0.020668693538518745,
          "eth": -0.02232136709767152
        },
        "max": {
          "btc": 0.018403612886388032,
          "eth": 0.032926153475484776
        }
      },
      "hedge_table": [
        {
          "target": "BTC",
          "hedge": "ETH",
          "hedge_ratio_units": 0.672131456913878,
          "target_w": 0.5980391050387998,
          "hedge_w": -0.4019608949612002
        },
        {
          "target": "ETH",
          "hedge": "BTC",
          "hedge_ratio_units": 1.1873380600044563,
          "target_w": 0.4571767018025384,
          "hedge_w": -0.5428232981974618
        }
      ],
      "examples": [
        {
          "target": "BTC",
          "hedge": "ETH",
          "target_dollars": 59.803910503879976,
          "hedge_dollars": -40.19608949612002,
          "hedge_units_per_target_unit": -0.672131456913878
        },
        {
          "target": "ETH",
          "hedge": "BTC",
          "target_dollars": 45.71767018025384,
          "hedge_dollars": -54.28232981974618,
          "hedge_units_per_target_unit": -1.1873380600044563
        }
      ]
    },
    "60": {
      "lookback_days": 60,
      "corr": 0.9018534534938524,
      "stats": {
        "mean": {
          "btc": 6.366785755468213e-05,
          "eth": -1.3836909089230258e-05
        },
        "std": {
          "btc": 0.0036678548579857045,
          "eth": 0.004937577863699563
        },
        "min": {
          "btc": -0.020668693538518745,
          "eth": -0.02913186092280784
        },
        "max": {
          "btc": 0.022681960554355562,
          "eth": 0.0410922552310693
        }
      },
      "hedge_table": [
        {
          "target": "BTC",
          "hedge": "ETH",
          "hedge_ratio_units": 0.6699372975781562,
          "target_w": 0.5988248789042919,
          "hedge_w": -0.401175121095708
        },
        {
          "target": "ETH",
          "hedge": "BTC",
          "hedge_ratio_units": 1.2140533965179066,
          "target_w": 0.4516602903853735,
          "hedge_w": -0.5483397096146266
        }
      ],
      "examples": [
        {
          "target": "BTC",
          "hedge": "ETH",
          "target_dollars": 59.88248789042919,
          "hedge_dollars": -40.117512109570804,
          "hedge_units_per_target_unit": -0.6699372975781562
        },
        {
          "target": "ETH",
          "hedge": "BTC",
          "target_dollars": 45.166029038537346,
          "hedge_dollars": -54.83397096146266,
          "hedge_units_per_target_unit": -1.2140533965179066
        }
      ]
    },
    "120": {
      "lookback_days": 120,
      "corr": 0.9053187227752353,
      "stats": {
        "mean": {
          "btc": -3.0288515540465727e-05,
          "eth": -7.543856377608118e-05
        },
        "std": {
          "btc": 0.005053551173355714,
          "eth": 0.006648677712565214
        },
        "min": {
          "btc": -0.03612262483146145,
          "eth": -0.04170398539552955
        },
        "max": {
          "btc": 0.0349913262434709,
          "eth": 0.04260060177264258
        }
      },
      "hedge_table": [
        {
          "target": "BTC",
          "hedge": "ETH",
          "hedge_ratio_units": 0.6881179524005709,
          "target_w": 0.5923756681681871,
          "hedge_w": -0.40762433183181296
        },
        {
          "target": "ETH",
          "hedge": "BTC",
          "hedge_ratio_units": 1.1910777606486165,
          "target_w": 0.4563963990506543,
          "hedge_w": -0.5436036009493457
        }
      ],
      "examples": [
        {
          "target": "BTC",
          "hedge": "ETH",
          "target_dollars": 59.23756681681871,
          "hedge_dollars": -40.762433183181294,
          "hedge_units_per_target_unit": -0.6881179524005709
        },
        {
          "target": "ETH",
          "hedge": "BTC",
          "target_dollars": 45.63963990506543,
          "hedge_dollars": -54.36036009493457,
          "hedge_units_per_target_unit": -1.1910777606486165
        }
      ]
    },
    "150": {
      "lookback_days": 150,
      "corr": 0.9009155302479547,
      "stats": {
        "mean": {
          "btc": -3.425302605509017e-05,
          "eth": -8.472924258466489e-05
        },
        "std": {
          "btc": 0.0048537016301483,
          "eth": 0.0064411416785805755
        },
        "min": {
          "btc": -0.03612262483146145,
          "eth": -0.04170398539552955
        },
        "max": {
          "btc": 0.0349913262434709,
          "eth": 0.04377388676562077
        }
      },
      "hedge_table": [
        {
          "target": "BTC",
          "hedge": "ETH",
          "hedge_ratio_units": 0.6788820050848562,
          "target_w": 0.5956344739959594,
          "hedge_w": -0.4043655260040405
        },
        {
          "target": "ETH",
          "hedge": "BTC",
          "hedge_ratio_units": 1.195566809199048,
          "target_w": 0.455463252500526,
          "hedge_w": -0.5445367474994741
        }
      ],
      "examples": [
        {
          "target": "BTC",
          "hedge": "ETH",
          "target_dollars": 59.56344739959594,
          "hedge_dollars": -40.43655260040405,
          "hedge_units_per_target_unit": -0.6788820050848562
        },
        {
          "target": "ETH",
          "hedge": "BTC",
          "target_dollars": 45.5463252500526,
          "hedge_dollars": -54.45367474994741,
          "hedge_units_per_target_unit": -1.195566809199048
        }
      ]
    },
    "180": {
      "lookback_days": 180,
      "corr": 0.8996373359020507,
      "stats": {
        "mean": {
          "btc": -2.5618895207634463e-05,
          "eth": -5.3779206278619905e-05
        },
        "std": {
          "btc": 0.004805187270994168,
          "eth": 0.006455995155436934
        },
        "min": {
          "btc": -0.03612262483146145,
          "eth": -0.04988725258205495
        },
        "max": {
          "btc": 0.0349913262434709,
          "eth": 0.04377388676562077
        }
      },
      "hedge_table": [
        {
          "target": "BTC",
          "hedge": "ETH",
          "hedge_ratio_units": 0.6695986863229094,
          "target_w": 0.5989463265584977,
          "hedge_w": -0.4010536734415024
        },
        {
          "target": "ETH",
          "hedge": "BTC",
          "hedge_ratio_units": 1.2087050836277133,
          "target_w": 0.45275397218606406,
          "hedge_w": -0.5472460278139359
        }
      ],
      "examples": [
        {
          "target": "BTC",
          "hedge": "ETH",
          "target_dollars": 59.89463265584977,
          "hedge_dollars": -40.10536734415024,
          "hedge_units_per_target_unit": -0.6695986863229094
        },
        {
          "target": "ETH",
          "hedge": "BTC",
          "target_dollars": 45.27539721860641,
          "hedge_dollars": -54.72460278139359,
          "hedge_units_per_target_unit": -1.2087050836277133
        }
      ]
    }
  },
  "example_notional": 100.0,
  "provider": "cryptocompare"
}