{
  "generated_at": "2026-03-23T16:55:14.738755Z",
  "lookbacks": {
    "30": {
      "lookback_days": 30,
      "corr": 0.9188599733177212,
      "stats": {
        "mean": {
          "btc": 6.008427191398063e-05,
          "eth": 0.00012646142298447472
        },
        "std": {
          "btc": 0.0058234537605700715,
          "eth": 0.007482532486562655
        },
        "min": {
          "btc": -0.03612262483146145,
          "eth": -0.04038541666666662
        },
        "max": {
          "btc": 0.029223763595974894,
          "eth": 0.041842617860856635
        }
      },
      "hedge_table": [
        {
          "target": "BTC",
          "hedge": "ETH",
          "hedge_ratio_units": 0.7151240006861002,
          "target_w": 0.5830482225191709,
          "hedge_w": -0.41695177748082907
        },
        {
          "target": "ETH",
          "hedge": "BTC",
          "hedge_ratio_units": 1.1806395111273098,
          "target_w": 0.4585810698637838,
          "hedge_w": -0.5414189301362163
        }
      ],
      "examples": [
        {
          "target": "BTC",
          "hedge": "ETH",
          "target_dollars": 58.30482225191709,
          "hedge_dollars": -41.695177748082905,
          "hedge_units_per_target_unit": -0.7151240006861002
        },
        {
          "target": "ETH",
          "hedge": "BTC",
          "target_dollars": 45.858106986378374,
          "hedge_dollars": -54.14189301362163,
          "hedge_units_per_target_unit": -1.1806395111273098
        }
      ]
    },
    "60": {
      "lookback_days": 60,
      "corr": 0.902076398150649,
      "stats": {
        "mean": {
          "btc": -0.00014593941621540056,
          "eth": -0.00019461174264319452
        },
        "std": {
          "btc": 0.006143320298889467,
          "eth": 0.008064122168770043
        },
        "min": {
          "btc": -0.03612262483146145,
          "eth": -0.04170398539552955
        },
        "max": {
          "btc": 0.0349913262434709,
          "eth": 0.04260060177264258
        }
      },
      "hedge_table": [
        {
          "target": "BTC",
          "hedge": "ETH",
          "hedge_ratio_units": 0.6872098576791796,
          "target_w": 0.5926944982265202,
          "hedge_w": -0.40730550177347974
        },
        {
          "target": "ETH",
          "hedge": "BTC",
          "hedge_ratio_units": 1.1841242074853056,
          "target_w": 0.45784941926510275,
          "hedge_w": -0.5421505807348972
        }
      ],
      "examples": [
        {
          "target": "BTC",
          "hedge": "ETH",
          "target_dollars": 59.26944982265202,
          "hedge_dollars": -40.73055017734797,
          "hedge_units_per_target_unit": -0.6872098576791796
        },
        {
          "target": "ETH",
          "hedge": "BTC",
          "target_dollars": 45.78494192651028,
          "hedge_dollars": -54.21505807348972,
          "hedge_units_per_target_unit": -1.1841242074853056
        }
      ]
    },
    "120": {
      "lookback_days": 120,
      "corr": 0.8978700212481051,
      "stats": {
        "mean": {
          "btc": -5.7244697440978555e-05,
          "eth": -6.725116351501804e-05
        },
        "std": {
          "btc": 0.005345364479379658,
          "eth": 0.00721407870987579
        },
        "min": {
          "btc": -0.03714671634653788,
          "eth": -0.05178573218862892
        },
        "max": {
          "btc": 0.0349913262434709,
          "eth": 0.04377388676562077
        }
      },
      "hedge_table": [
        {
          "target": "BTC",
          "hedge": "ETH",
          "hedge_ratio_units": 0.6652883495863765,
          "target_w": 0.6004966048362612,
          "hedge_w": -0.39950339516373873
        },
        {
          "target": "ETH",
          "hedge": "BTC",
          "hedge_ratio_units": 1.211761149217908,
          "target_w": 0.4521283866269222,
          "hedge_w": -0.5478716133730778
        }
      ],
      "examples": [
        {
          "target": "BTC",
          "hedge": "ETH",
          "target_dollars": 60.04966048362612,
          "hedge_dollars": -39.95033951637387,
          "hedge_units_per_target_unit": -0.6652883495863765
        },
        {
          "target": "ETH",
          "hedge": "BTC",
          "target_dollars": 45.21283866269222,
          "hedge_dollars": -54.78716133730778,
          "hedge_units_per_target_unit": -1.211761149217908
        }
      ]
    },
    "150": {
      "lookback_days": 150,
      "corr": 0.8937636337671072,
      "stats": {
        "mean": {
          "btc": -0.00010958697011976511,
          "eth": -0.00013936265381930138
        },
        "std": {
          "btc": 0.005346733057608837,
          "eth": 0.007395014303376074
        },
        "min": {
          "btc": -0.03714671634653788,
          "eth": -0.05178573218862892
        },
        "max": {
          "btc": 0.0349913262434709,
          "eth": 0.04377388676562077
        }
      },
      "hedge_table": [
        {
          "target": "BTC",
          "hedge": "ETH",
          "hedge_ratio_units": 0.6462077516428257,
          "target_w": 0.6074567435380221,
          "hedge_w": -0.3925432564619779
        },
        {
          "target": "ETH",
          "hedge": "BTC",
          "hedge_ratio_units": 1.2361557579799922,
          "target_w": 0.44719604009308345,
          "hedge_w": -0.5528039599069166
        }
      ],
      "examples": [
        {
          "target": "BTC",
          "hedge": "ETH",
          "target_dollars": 60.745674353802215,
          "hedge_dollars": -39.25432564619779,
          "hedge_units_per_target_unit": -0.6462077516428257
        },
        {
          "target": "ETH",
          "hedge": "BTC",
          "target_dollars": 44.71960400930834,
          "hedge_dollars": -55.28039599069166,
          "hedge_units_per_target_unit": -1.2361557579799922
        }
      ]
    },
    "180": {
      "lookback_days": 180,
      "corr": 0.8821546344262021,
      "stats": {
        "mean": {
          "btc": -9.709999739631987e-05,
          "eth": -0.00012858319027218382
        },
        "std": {
          "btc": 0.005198020894495726,
          "eth": 0.007392269684455359
        },
        "min": {
          "btc": -0.03714671634653788,
          "eth": -0.05178573218862892
        },
        "max": {
          "btc": 0.0349913262434709,
          "eth": 0.04377388676562077
        }
      },
      "hedge_table": [
        {
          "target": "BTC",
          "hedge": "ETH",
          "hedge_ratio_units": 0.620304509664474,
          "target_w": 0.6171679422203644,
          "hedge_w": -0.3828320577796356
        },
        {
          "target": "ETH",
          "hedge": "BTC",
          "hedge_ratio_units": 1.2545399669277868,
          "target_w": 0.443549466706806,
          "hedge_w": -0.5564505332931939
        }
      ],
      "examples": [
        {
          "target": "BTC",
          "hedge": "ETH",
          "target_dollars": 61.71679422203644,
          "hedge_dollars": -38.28320577796356,
          "hedge_units_per_target_unit": -0.620304509664474
        },
        {
          "target": "ETH",
          "hedge": "BTC",
          "target_dollars": 44.3549466706806,
          "hedge_dollars": -55.645053329319396,
          "hedge_units_per_target_unit": -1.2545399669277868
        }
      ]
    }
  },
  "example_notional": 100.0,
  "provider": "cryptocompare"
}