{
  "generated_at": "2026-05-31T10:13:27.889319Z",
  "lookbacks": {
    "30": {
      "lookback_days": 30,
      "corr": 0.8932227216427683,
      "stats": {
        "mean": {
          "btc": -6.233753546944124e-05,
          "eth": -0.00016445782018911992
        },
        "std": {
          "btc": 0.0033273303705230114,
          "eth": 0.004426582690991789
        },
        "min": {
          "btc": -0.020668693538518745,
          "eth": -0.02232136709767152
        },
        "max": {
          "btc": 0.018403612886388032,
          "eth": 0.032926153475484776
        }
      },
      "hedge_table": [
        {
          "target": "BTC",
          "hedge": "ETH",
          "hedge_ratio_units": 0.6714089167274336,
          "target_w": 0.5982976338058366,
          "hedge_w": -0.4017023661941635
        },
        {
          "target": "ETH",
          "hedge": "BTC",
          "hedge_ratio_units": 1.188317299013188,
          "target_w": 0.45697212211910293,
          "hedge_w": -0.5430278778808971
        }
      ],
      "examples": [
        {
          "target": "BTC",
          "hedge": "ETH",
          "target_dollars": 59.82976338058366,
          "hedge_dollars": -40.17023661941635,
          "hedge_units_per_target_unit": -0.6714089167274336
        },
        {
          "target": "ETH",
          "hedge": "BTC",
          "target_dollars": 45.69721221191029,
          "hedge_dollars": -54.30278778808971,
          "hedge_units_per_target_unit": -1.188317299013188
        }
      ]
    },
    "60": {
      "lookback_days": 60,
      "corr": 0.9013949044234758,
      "stats": {
        "mean": {
          "btc": 5.618179794898288e-05,
          "eth": -2.7316036850071013e-05
        },
        "std": {
          "btc": 0.003655835827448468,
          "eth": 0.004916884440118857
        },
        "min": {
          "btc": -0.020668693538518745,
          "eth": -0.02913186092280784
        },
        "max": {
          "btc": 0.022681960554355562,
          "eth": 0.0410922552310693
        }
      },
      "hedge_table": [
        {
          "target": "BTC",
          "hedge": "ETH",
          "hedge_ratio_units": 0.6702113556671613,
          "target_w": 0.5987266202010421,
          "hedge_w": -0.401273379798958
        },
        {
          "target": "ETH",
          "hedge": "BTC",
          "hedge_ratio_units": 1.2123231975259385,
          "target_w": 0.45201352185716326,
          "hedge_w": -0.5479864781428369
        }
      ],
      "examples": [
        {
          "target": "BTC",
          "hedge": "ETH",
          "target_dollars": 59.87266202010421,
          "hedge_dollars": -40.1273379798958,
          "hedge_units_per_target_unit": -0.6702113556671613
        },
        {
          "target": "ETH",
          "hedge": "BTC",
          "target_dollars": 45.201352185716324,
          "hedge_dollars": -54.79864781428368,
          "hedge_units_per_target_unit": -1.2123231975259385
        }
      ]
    },
    "120": {
      "lookback_days": 120,
      "corr": 0.9053720098688892,
      "stats": {
        "mean": {
          "btc": -2.776660218747304e-05,
          "eth": -7.094205312862842e-05
        },
        "std": {
          "btc": 0.005052207288033685,
          "eth": 0.006643467635541353
        },
        "min": {
          "btc": -0.03612262483146145,
          "eth": -0.04170398539552955
        },
        "max": {
          "btc": 0.0349913262434709,
          "eth": 0.04260060177264258
        }
      },
      "hedge_table": [
        {
          "target": "BTC",
          "hedge": "ETH",
          "hedge_ratio_units": 0.688514992106013,
          "target_w": 0.5922363761501119,
          "hedge_w": -0.40776362384988807
        },
        {
          "target": "ETH",
          "hedge": "BTC",
          "hedge_ratio_units": 1.190531049653339,
          "target_w": 0.4565103061005477,
          "hedge_w": -0.5434896938994521
        }
      ],
      "examples": [
        {
          "target": "BTC",
          "hedge": "ETH",
          "target_dollars": 59.22363761501119,
          "hedge_dollars": -40.77636238498881,
          "hedge_units_per_target_unit": -0.688514992106013
        },
        {
          "target": "ETH",
          "hedge": "BTC",
          "target_dollars": 45.65103061005477,
          "hedge_dollars": -54.34896938994521,
          "hedge_units_per_target_unit": -1.190531049653339
        }
      ]
    },
    "150": {
      "lookback_days": 150,
      "corr": 0.9009265044029057,
      "stats": {
        "mean": {
          "btc": -3.690735452151766e-05,
          "eth": -8.818908706475911e-05
        },
        "std": {
          "btc": 0.00485371325220222,
          "eth": 0.006441323675813071
        },
        "min": {
          "btc": -0.03612262483146145,
          "eth": -0.04170398539552955
        },
        "max": {
          "btc": 0.0349913262434709,
          "eth": 0.04377388676562077
        }
      },
      "hedge_table": [
        {
          "target": "BTC",
          "hedge": "ETH",
          "hedge_ratio_units": 0.6788727183669485,
          "target_w": 0.5956377687599255,
          "hedge_w": -0.4043622312400745
        },
        {
          "target": "ETH",
          "hedge": "BTC",
          "hedge_ratio_units": 1.195612291341056,
          "target_w": 0.4554538175723233,
          "hedge_w": -0.5445461824276768
        }
      ],
      "examples": [
        {
          "target": "BTC",
          "hedge": "ETH",
          "target_dollars": 59.563776875992545,
          "hedge_dollars": -40.43622312400745,
          "hedge_units_per_target_unit": -0.6788727183669485
        },
        {
          "target": "ETH",
          "hedge": "BTC",
          "target_dollars": 45.54538175723233,
          "hedge_dollars": -54.45461824276768,
          "hedge_units_per_target_unit": -1.195612291341056
        }
      ]
    },
    "180": {
      "lookback_days": 180,
      "corr": 0.8997415013101097,
      "stats": {
        "mean": {
          "btc": -2.7685700144814873e-05,
          "eth": -5.7264049140319444e-05
        },
        "std": {
          "btc": 0.004803304630559256,
          "eth": 0.006454464543993845
        },
        "min": {
          "btc": -0.03612262483146145,
          "eth": -0.04988725258205495
        },
        "max": {
          "btc": 0.0349913262434709,
          "eth": 0.04377388676562077
        }
      },
      "hedge_table": [
        {
          "target": "BTC",
          "hedge": "ETH",
          "hedge_ratio_units": 0.6695725865549519,
          "target_w": 0.5989556896495475,
          "hedge_w": -0.40104431035045257
        },
        {
          "target": "ETH",
          "hedge": "BTC",
          "hedge_ratio_units": 1.2090321280101144,
          "target_w": 0.4526869425393081,
          "hedge_w": -0.547313057460692
        }
      ],
      "examples": [
        {
          "target": "BTC",
          "hedge": "ETH",
          "target_dollars": 59.89556896495475,
          "hedge_dollars": -40.10443103504526,
          "hedge_units_per_target_unit": -0.6695725865549519
        },
        {
          "target": "ETH",
          "hedge": "BTC",
          "target_dollars": 45.26869425393081,
          "hedge_dollars": -54.731305746069204,
          "hedge_units_per_target_unit": -1.2090321280101144
        }
      ]
    }
  },
  "example_notional": 100.0,
  "provider": "cryptocompare"
}