{
  "generated_at": "2026-06-08T18:23:53.552321Z",
  "lookbacks": {
    "30": {
      "lookback_days": 30,
      "corr": 0.8884340325362506,
      "stats": {
        "mean": {
          "btc": -0.0003248677892703477,
          "eth": -0.0004327410876727742
        },
        "std": {
          "btc": 0.004698530724000771,
          "eth": 0.0061466157516766595
        },
        "min": {
          "btc": -0.022992854112727557,
          "eth": -0.03439786519755539
        },
        "max": {
          "btc": 0.02212668221855041,
          "eth": 0.0384557017519207
        }
      },
      "hedge_table": [
        {
          "target": "BTC",
          "hedge": "ETH",
          "hedge_ratio_units": 0.6791273062710662,
          "target_w": 0.5955474586502658,
          "hedge_w": -0.40445254134973424
        },
        {
          "target": "ETH",
          "hedge": "BTC",
          "hedge_ratio_units": 1.1622489964401126,
          "target_w": 0.46248142635116574,
          "hedge_w": -0.5375185736488343
        }
      ],
      "examples": [
        {
          "target": "BTC",
          "hedge": "ETH",
          "target_dollars": 59.55474586502658,
          "hedge_dollars": -40.445254134973425,
          "hedge_units_per_target_unit": -0.6791273062710662
        },
        {
          "target": "ETH",
          "hedge": "BTC",
          "target_dollars": 46.24814263511657,
          "hedge_dollars": -53.75185736488343,
          "hedge_units_per_target_unit": -1.1622489964401126
        }
      ]
    },
    "60": {
      "lookback_days": 60,
      "corr": 0.8887260711975671,
      "stats": {
        "mean": {
          "btc": -7.887884923891763e-05,
          "eth": -0.00017527852592647553
        },
        "std": {
          "btc": 0.0042085957772648236,
          "eth": 0.005519656654478613
        },
        "min": {
          "btc": -0.022992854112727557,
          "eth": -0.03439786519755539
        },
        "max": {
          "btc": 0.02212668221855041,
          "eth": 0.0410922552310693
        }
      },
      "hedge_table": [
        {
          "target": "BTC",
          "hedge": "ETH",
          "hedge_ratio_units": 0.6776306977993626,
          "target_w": 0.5960787444529677,
          "hedge_w": -0.4039212555470324
        },
        {
          "target": "ETH",
          "hedge": "BTC",
          "hedge_ratio_units": 1.1655818312117294,
          "target_w": 0.46176966651057477,
          "hedge_w": -0.5382303334894254
        }
      ],
      "examples": [
        {
          "target": "BTC",
          "hedge": "ETH",
          "target_dollars": 59.60787444529677,
          "hedge_dollars": -40.39212555470324,
          "hedge_units_per_target_unit": -0.6776306977993626
        },
        {
          "target": "ETH",
          "hedge": "BTC",
          "target_dollars": 46.17696665105748,
          "hedge_dollars": -53.82303334894254,
          "hedge_units_per_target_unit": -1.1655818312117294
        }
      ]
    },
    "120": {
      "lookback_days": 120,
      "corr": 0.9030110475619965,
      "stats": {
        "mean": {
          "btc": -2.8863249988575072e-05,
          "eth": -6.152577722600665e-05
        },
        "std": {
          "btc": 0.004784170178004574,
          "eth": 0.006184419425949746
        },
        "min": {
          "btc": -0.03612262483146145,
          "eth": -0.04038541666666662
        },
        "max": {
          "btc": 0.029223763595974894,
          "eth": 0.041842617860856635
        }
      },
      "hedge_table": [
        {
          "target": "BTC",
          "hedge": "ETH",
          "hedge_ratio_units": 0.6985552283254661,
          "target_w": 0.5887356403393829,
          "hedge_w": -0.41126435966061714
        },
        {
          "target": "ETH",
          "hedge": "BTC",
          "hedge_ratio_units": 1.1673077789049129,
          "target_w": 0.4614019336493478,
          "hedge_w": -0.5385980663506521
        }
      ],
      "examples": [
        {
          "target": "BTC",
          "hedge": "ETH",
          "target_dollars": 58.87356403393829,
          "hedge_dollars": -41.12643596606171,
          "hedge_units_per_target_unit": -0.6985552283254661
        },
        {
          "target": "ETH",
          "hedge": "BTC",
          "target_dollars": 46.14019336493478,
          "hedge_dollars": -53.85980663506521,
          "hedge_units_per_target_unit": -1.1673077789049129
        }
      ]
    },
    "150": {
      "lookback_days": 150,
      "corr": 0.8991238099155676,
      "stats": {
        "mean": {
          "btc": -8.450080057135957e-05,
          "eth": -0.00014487006373812146
        },
        "std": {
          "btc": 0.005065549696446751,
          "eth": 0.006692687758846534
        },
        "min": {
          "btc": -0.03612262483146145,
          "eth": -0.04170398539552955
        },
        "max": {
          "btc": 0.0349913262434709,
          "eth": 0.04377388676562077
        }
      },
      "hedge_table": [
        {
          "target": "BTC",
          "hedge": "ETH",
          "hedge_ratio_units": 0.6805272420434588,
          "target_w": 0.5950513475663965,
          "hedge_w": -0.4049486524336035
        },
        {
          "target": "ETH",
          "hedge": "BTC",
          "hedge_ratio_units": 1.1879371987072627,
          "target_w": 0.45705150979235026,
          "hedge_w": -0.5429484902076496
        }
      ],
      "examples": [
        {
          "target": "BTC",
          "hedge": "ETH",
          "target_dollars": 59.505134756639656,
          "hedge_dollars": -40.49486524336035,
          "hedge_units_per_target_unit": -0.6805272420434588
        },
        {
          "target": "ETH",
          "hedge": "BTC",
          "target_dollars": 45.70515097923503,
          "hedge_dollars": -54.29484902076496,
          "hedge_units_per_target_unit": -1.1879371987072627
        }
      ]
    },
    "180": {
      "lookback_days": 180,
      "corr": 0.8990746059077985,
      "stats": {
        "mean": {
          "btc": -7.599995435368247e-05,
          "eth": -0.00014067668793493792
        },
        "std": {
          "btc": 0.004916245085935591,
          "eth": 0.006508343831865966
        },
        "min": {
          "btc": -0.03612262483146145,
          "eth": -0.04988725258205495
        },
        "max": {
          "btc": 0.0349913262434709,
          "eth": 0.04377388676562077
        }
      },
      "hedge_table": [
        {
          "target": "BTC",
          "hedge": "ETH",
          "hedge_ratio_units": 0.6791391523512121,
          "target_w": 0.5955432571503984,
          "hedge_w": -0.40445674284960154
        },
        {
          "target": "ETH",
          "hedge": "BTC",
          "hedge_ratio_units": 1.1902349381415698,
          "target_w": 0.45657202457399715,
          "hedge_w": -0.5434279754260027
        }
      ],
      "examples": [
        {
          "target": "BTC",
          "hedge": "ETH",
          "target_dollars": 59.55432571503984,
          "hedge_dollars": -40.445674284960155,
          "hedge_units_per_target_unit": -0.6791391523512121
        },
        {
          "target": "ETH",
          "hedge": "BTC",
          "target_dollars": 45.65720245739971,
          "hedge_dollars": -54.34279754260027,
          "hedge_units_per_target_unit": -1.1902349381415698
        }
      ]
    }
  },
  "example_notional": 100.0,
  "provider": "cryptocompare"
}