{
  "generated_at": "2026-02-13T16:43:03.778715Z",
  "lookbacks": {
    "30": {
      "lookback_days": 30,
      "corr": 0.8904866960453206,
      "stats": {
        "mean": {
          "btc": -0.0004490003156489776,
          "eth": -0.0006345523407844041
        },
        "std": {
          "btc": 0.0063795491722728245,
          "eth": 0.008715779664767767
        },
        "min": {
          "btc": -0.031142278584685545,
          "eth": -0.04170398539552955
        },
        "max": {
          "btc": 0.0349913262434709,
          "eth": 0.04377388676562077
        }
      },
      "hedge_table": [
        {
          "target": "BTC",
          "hedge": "ETH",
          "hedge_ratio_units": 0.65179523613247,
          "target_w": 0.6054019155191476,
          "hedge_w": -0.3945980844808525
        },
        {
          "target": "ETH",
          "hedge": "BTC",
          "hedge_ratio_units": 1.2165884496776986,
          "target_w": 0.4511437385435282,
          "hedge_w": -0.5488562614564719
        }
      ],
      "examples": [
        {
          "target": "BTC",
          "hedge": "ETH",
          "target_dollars": 60.54019155191476,
          "hedge_dollars": -39.45980844808525,
          "hedge_units_per_target_unit": -0.65179523613247
        },
        {
          "target": "ETH",
          "hedge": "BTC",
          "target_dollars": 45.11437385435282,
          "hedge_dollars": -54.885626145647194,
          "hedge_units_per_target_unit": -1.2165884496776986
        }
      ]
    },
    "60": {
      "lookback_days": 60,
      "corr": 0.8901913590692427,
      "stats": {
        "mean": {
          "btc": -0.00013498040232080895,
          "eth": -0.0002206934100925675
        },
        "std": {
          "btc": 0.005308046105197948,
          "eth": 0.007145601342280613
        },
        "min": {
          "btc": -0.031142278584685545,
          "eth": -0.04170398539552955
        },
        "max": {
          "btc": 0.0349913262434709,
          "eth": 0.04377388676562077
        }
      },
      "hedge_table": [
        {
          "target": "BTC",
          "hedge": "ETH",
          "hedge_ratio_units": 0.6612706964814048,
          "target_w": 0.6019488588572678,
          "hedge_w": -0.39805114114273227
        },
        {
          "target": "ETH",
          "hedge": "BTC",
          "hedge_ratio_units": 1.1983604596091901,
          "target_w": 0.45488445519884096,
          "hedge_w": -0.5451155448011591
        }
      ],
      "examples": [
        {
          "target": "BTC",
          "hedge": "ETH",
          "target_dollars": 60.19488588572678,
          "hedge_dollars": -39.80511411427322,
          "hedge_units_per_target_unit": -0.6612706964814048
        },
        {
          "target": "ETH",
          "hedge": "BTC",
          "target_dollars": 45.488445519884095,
          "hedge_dollars": -54.51155448011591,
          "hedge_units_per_target_unit": -1.1983604596091901
        }
      ]
    },
    "120": {
      "lookback_days": 120,
      "corr": 0.8873609744440409,
      "stats": {
        "mean": {
          "btc": -0.00014190907556591552,
          "eth": -0.0001959601195282125
        },
        "std": {
          "btc": 0.005247682160226466,
          "eth": 0.007438441137662027
        },
        "min": {
          "btc": -0.03714671634653788,
          "eth": -0.05178573218862892
        },
        "max": {
          "btc": 0.0349913262434709,
          "eth": 0.04377388676562077
        }
      },
      "hedge_table": [
        {
          "target": "BTC",
          "hedge": "ETH",
          "hedge_ratio_units": 0.6260166974628741,
          "target_w": 0.6149998346021489,
          "hedge_w": -0.3850001653978511
        },
        {
          "target": "ETH",
          "hedge": "BTC",
          "hedge_ratio_units": 1.2578091002324665,
          "target_w": 0.44290724131506015,
          "hedge_w": -0.5570927586849398
        }
      ],
      "examples": [
        {
          "target": "BTC",
          "hedge": "ETH",
          "target_dollars": 61.49998346021489,
          "hedge_dollars": -38.50001653978511,
          "hedge_units_per_target_unit": -0.6260166974628741
        },
        {
          "target": "ETH",
          "hedge": "BTC",
          "target_dollars": 44.29072413150602,
          "hedge_dollars": -55.70927586849398,
          "hedge_units_per_target_unit": -1.2578091002324665
        }
      ]
    },
    "150": {
      "lookback_days": 150,
      "corr": 0.8730718937120029,
      "stats": {
        "mean": {
          "btc": -0.00013239115081439479,
          "eth": -0.0001894085179520899
        },
        "std": {
          "btc": 0.004981140396091211,
          "eth": 0.007329053427258323
        },
        "min": {
          "btc": -0.03714671634653788,
          "eth": -0.05178573218862892
        },
        "max": {
          "btc": 0.0349913262434709,
          "eth": 0.04377388676562077
        }
      },
      "hedge_table": [
        {
          "target": "BTC",
          "hedge": "ETH",
          "hedge_ratio_units": 0.5933772651030542,
          "target_w": 0.6275977584852281,
          "hedge_w": -0.3724022415147718
        },
        {
          "target": "ETH",
          "hedge": "BTC",
          "hedge_ratio_units": 1.2846035337357913,
          "target_w": 0.43771270823730046,
          "hedge_w": -0.5622872917626995
        }
      ],
      "examples": [
        {
          "target": "BTC",
          "hedge": "ETH",
          "target_dollars": 62.759775848522814,
          "hedge_dollars": -37.24022415147718,
          "hedge_units_per_target_unit": -0.5933772651030542
        },
        {
          "target": "ETH",
          "hedge": "BTC",
          "target_dollars": 43.77127082373005,
          "hedge_dollars": -56.22872917626995,
          "hedge_units_per_target_unit": -1.2846035337357913
        }
      ]
    },
    "180": {
      "lookback_days": 180,
      "corr": 0.8621375915274749,
      "stats": {
        "mean": {
          "btc": -0.00011213965105093725,
          "eth": -0.0001559188273404874
        },
        "std": {
          "btc": 0.004768804916672646,
          "eth": 0.007251349913454107
        },
        "min": {
          "btc": -0.03714671634653788,
          "eth": -0.05178573218862892
        },
        "max": {
          "btc": 0.0349913262434709,
          "eth": 0.0757825447476439
        }
      },
      "hedge_table": [
        {
          "target": "BTC",
          "hedge": "ETH",
          "hedge_ratio_units": 0.566979394787767,
          "target_w": 0.6381704847723545,
          "hedge_w": -0.36182951522764545
        },
        {
          "target": "ETH",
          "hedge": "BTC",
          "hedge_ratio_units": 1.3109492753312877,
          "target_w": 0.4327226091350034,
          "hedge_w": -0.5672773908649967
        }
      ],
      "examples": [
        {
          "target": "BTC",
          "hedge": "ETH",
          "target_dollars": 63.81704847723545,
          "hedge_dollars": -36.18295152276455,
          "hedge_units_per_target_unit": -0.566979394787767
        },
        {
          "target": "ETH",
          "hedge": "BTC",
          "target_dollars": 43.27226091350034,
          "hedge_dollars": -56.727739086499675,
          "hedge_units_per_target_unit": -1.3109492753312877
        }
      ]
    }
  },
  "example_notional": 100.0,
  "provider": "cryptocompare"
}