{
  "generated_at": "2026-03-31T02:10:05.505820Z",
  "lookbacks": {
    "30": {
      "lookback_days": 30,
      "corr": 0.9161048265938341,
      "stats": {
        "mean": {
          "btc": 2.0084863988926484e-05,
          "eth": 5.617766794812481e-05
        },
        "std": {
          "btc": 0.005227612961685403,
          "eth": 0.006744154463088212
        },
        "min": {
          "btc": -0.0193691951400623,
          "eth": -0.030096491146448856
        },
        "max": {
          "btc": 0.029223763595974894,
          "eth": 0.041842617860856635
        }
      },
      "hedge_table": [
        {
          "target": "BTC",
          "hedge": "ETH",
          "hedge_ratio_units": 0.7101025772727539,
          "target_w": 0.5847602437947231,
          "hedge_w": -0.4152397562052768
        },
        {
          "target": "ETH",
          "hedge": "BTC",
          "hedge_ratio_units": 1.181868761174992,
          "target_w": 0.4583227084022572,
          "hedge_w": -0.5416772915977428
        }
      ],
      "examples": [
        {
          "target": "BTC",
          "hedge": "ETH",
          "target_dollars": 58.476024379472314,
          "hedge_dollars": -41.52397562052768,
          "hedge_units_per_target_unit": -0.7101025772727539
        },
        {
          "target": "ETH",
          "hedge": "BTC",
          "target_dollars": 45.83227084022572,
          "hedge_dollars": -54.16772915977428,
          "hedge_units_per_target_unit": -1.181868761174992
        }
      ]
    },
    "60": {
      "lookback_days": 60,
      "corr": 0.9041549874151478,
      "stats": {
        "mean": {
          "btc": -0.00011789327208344969,
          "eth": -0.00016139689608399204
        },
        "std": {
          "btc": 0.006108380513266263,
          "eth": 0.007999972887020685
        },
        "min": {
          "btc": -0.03612262483146145,
          "eth": -0.04170398539552955
        },
        "max": {
          "btc": 0.0349913262434709,
          "eth": 0.04260060177264258
        }
      },
      "hedge_table": [
        {
          "target": "BTC",
          "hedge": "ETH",
          "hedge_ratio_units": 0.6903676780029706,
          "target_w": 0.5915872700437678,
          "hedge_w": -0.4084127299562323
        },
        {
          "target": "ETH",
          "hedge": "BTC",
          "hedge_ratio_units": 1.184146169230374,
          "target_w": 0.45784481555662976,
          "hedge_w": -0.5421551844433703
        }
      ],
      "examples": [
        {
          "target": "BTC",
          "hedge": "ETH",
          "target_dollars": 59.15872700437678,
          "hedge_dollars": -40.84127299562323,
          "hedge_units_per_target_unit": -0.6903676780029706
        },
        {
          "target": "ETH",
          "hedge": "BTC",
          "target_dollars": 45.78448155566298,
          "hedge_dollars": -54.21551844433703,
          "hedge_units_per_target_unit": -1.184146169230374
        }
      ]
    },
    "120": {
      "lookback_days": 120,
      "corr": 0.8979001832952385,
      "stats": {
        "mean": {
          "btc": -6.994129048199142e-05,
          "eth": -8.260004316701288e-05
        },
        "std": {
          "btc": 0.005279862980341416,
          "eth": 0.007089706291852776
        },
        "min": {
          "btc": -0.03612262483146145,
          "eth": -0.04988725258205495
        },
        "max": {
          "btc": 0.0349913262434709,
          "eth": 0.04377388676562077
        }
      },
      "hedge_table": [
        {
          "target": "BTC",
          "hedge": "ETH",
          "hedge_ratio_units": 0.6686863662138218,
          "target_w": 0.5992737882008093,
          "hedge_w": -0.40072621179919066
        },
        {
          "target": "ETH",
          "hedge": "BTC",
          "hedge_ratio_units": 1.205684428301655,
          "target_w": 0.45337401269590744,
          "hedge_w": -0.5466259873040924
        }
      ],
      "examples": [
        {
          "target": "BTC",
          "hedge": "ETH",
          "target_dollars": 59.92737882008093,
          "hedge_dollars": -40.07262117991907,
          "hedge_units_per_target_unit": -0.6686863662138218
        },
        {
          "target": "ETH",
          "hedge": "BTC",
          "target_dollars": 45.33740126959074,
          "hedge_dollars": -54.66259873040924,
          "hedge_units_per_target_unit": -1.205684428301655
        }
      ]
    },
    "150": {
      "lookback_days": 150,
      "corr": 0.8946197243096881,
      "stats": {
        "mean": {
          "btc": -0.0001205718769293767,
          "eth": -0.00014575221672558883
        },
        "std": {
          "btc": 0.005332181095993188,
          "eth": 0.007352975934679179
        },
        "min": {
          "btc": -0.03714671634653788,
          "eth": -0.05178573218862892
        },
        "max": {
          "btc": 0.0349913262434709,
          "eth": 0.04377388676562077
        }
      },
      "hedge_table": [
        {
          "target": "BTC",
          "hedge": "ETH",
          "hedge_ratio_units": 0.6487542492242483,
          "target_w": 0.6065185278342772,
          "hedge_w": -0.3934814721657229
        },
        {
          "target": "ETH",
          "hedge": "BTC",
          "hedge_ratio_units": 1.23366352063352,
          "target_w": 0.4476950045351397,
          "hedge_w": -0.5523049954648602
        }
      ],
      "examples": [
        {
          "target": "BTC",
          "hedge": "ETH",
          "target_dollars": 60.65185278342772,
          "hedge_dollars": -39.348147216572286,
          "hedge_units_per_target_unit": -0.6487542492242483
        },
        {
          "target": "ETH",
          "hedge": "BTC",
          "target_dollars": 44.76950045351397,
          "hedge_dollars": -55.23049954648602,
          "hedge_units_per_target_unit": -1.23366352063352
        }
      ]
    },
    "180": {
      "lookback_days": 180,
      "corr": 0.8839218673231433,
      "stats": {
        "mean": {
          "btc": -0.00011612149053104918,
          "eth": -0.00014615461778823733
        },
        "std": {
          "btc": 0.0052180114805022194,
          "eth": 0.007353959236604522
        },
        "min": {
          "btc": -0.03714671634653788,
          "eth": -0.05178573218862892
        },
        "max": {
          "btc": 0.0349913262434709,
          "eth": 0.04377388676562077
        }
      },
      "hedge_table": [
        {
          "target": "BTC",
          "hedge": "ETH",
          "hedge_ratio_units": 0.6271879273685944,
          "target_w": 0.614557165266798,
          "hedge_w": -0.38544283473320184
        },
        {
          "target": "ETH",
          "hedge": "BTC",
          "hedge_ratio_units": 1.2457476195533603,
          "target_w": 0.44528601134569273,
          "hedge_w": -0.5547139886543073
        }
      ],
      "examples": [
        {
          "target": "BTC",
          "hedge": "ETH",
          "target_dollars": 61.45571652667981,
          "hedge_dollars": -38.544283473320185,
          "hedge_units_per_target_unit": -0.6271879273685944
        },
        {
          "target": "ETH",
          "hedge": "BTC",
          "target_dollars": 44.52860113456927,
          "hedge_dollars": -55.47139886543073,
          "hedge_units_per_target_unit": -1.2457476195533603
        }
      ]
    }
  },
  "example_notional": 100.0,
  "provider": "cryptocompare"
}