{
  "generated_at": "2026-03-13T08:37:12.552652Z",
  "lookbacks": {
    "30": {
      "lookback_days": 30,
      "corr": 0.9160491249560894,
      "stats": {
        "mean": {
          "btc": 0.00011996978895737681,
          "eth": 0.00014080608381764203
        },
        "std": {
          "btc": 0.005871618460581009,
          "eth": 0.007231090866603839
        },
        "min": {
          "btc": -0.03612262483146145,
          "eth": -0.04038541666666662
        },
        "max": {
          "btc": 0.029223763595974894,
          "eth": 0.035902309432658264
        }
      },
      "hedge_table": [
        {
          "target": "BTC",
          "hedge": "ETH",
          "hedge_ratio_units": 0.7438284281189534,
          "target_w": 0.5734509105799405,
          "hedge_w": -0.42654908942005965
        },
        {
          "target": "ETH",
          "hedge": "BTC",
          "hedge_ratio_units": 1.128144566153393,
          "target_w": 0.4698928897520779,
          "hedge_w": -0.530107110247922
        }
      ],
      "examples": [
        {
          "target": "BTC",
          "hedge": "ETH",
          "target_dollars": 57.34509105799405,
          "hedge_dollars": -42.65490894200597,
          "hedge_units_per_target_unit": -0.7438284281189534
        },
        {
          "target": "ETH",
          "hedge": "BTC",
          "target_dollars": 46.989288975207785,
          "hedge_dollars": -53.0107110247922,
          "hedge_units_per_target_unit": -1.128144566153393
        }
      ]
    },
    "60": {
      "lookback_days": 60,
      "corr": 0.8998252772071534,
      "stats": {
        "mean": {
          "btc": -0.00014127079490145738,
          "eth": -0.0002371330554488788
        },
        "std": {
          "btc": 0.00608072113219579,
          "eth": 0.007994987089513347
        },
        "min": {
          "btc": -0.03612262483146145,
          "eth": -0.04170398539552955
        },
        "max": {
          "btc": 0.0349913262434709,
          "eth": 0.04377388676562077
        }
      },
      "hedge_table": [
        {
          "target": "BTC",
          "hedge": "ETH",
          "hedge_ratio_units": 0.6843771624815127,
          "target_w": 0.5936912600541007,
          "hedge_w": -0.4063087399458993
        },
        {
          "target": "ETH",
          "hedge": "BTC",
          "hedge_ratio_units": 1.1830984052200935,
          "target_w": 0.45806455522520667,
          "hedge_w": -0.5419354447747934
        }
      ],
      "examples": [
        {
          "target": "BTC",
          "hedge": "ETH",
          "target_dollars": 59.36912600541007,
          "hedge_dollars": -40.630873994589926,
          "hedge_units_per_target_unit": -0.6843771624815127
        },
        {
          "target": "ETH",
          "hedge": "BTC",
          "target_dollars": 45.806455522520665,
          "hedge_dollars": -54.193544477479335,
          "hedge_units_per_target_unit": -1.1830984052200935
        }
      ]
    },
    "120": {
      "lookback_days": 120,
      "corr": 0.8971242126153995,
      "stats": {
        "mean": {
          "btc": -0.00010869411306381371,
          "eth": -0.00014595632409774843
        },
        "std": {
          "btc": 0.005504614478685403,
          "eth": 0.007463240088732993
        },
        "min": {
          "btc": -0.03714671634653788,
          "eth": -0.05178573218862892
        },
        "max": {
          "btc": 0.0349913262434709,
          "eth": 0.04377388676562077
        }
      },
      "hedge_table": [
        {
          "target": "BTC",
          "hedge": "ETH",
          "hedge_ratio_units": 0.6616861940964747,
          "target_w": 0.6017983440873083,
          "hedge_w": -0.39820165591269174
        },
        {
          "target": "ETH",
          "hedge": "BTC",
          "hedge_ratio_units": 1.2163346614172443,
          "target_w": 0.45119539815370024,
          "hedge_w": -0.5488046018462998
        }
      ],
      "examples": [
        {
          "target": "BTC",
          "hedge": "ETH",
          "target_dollars": 60.17983440873083,
          "hedge_dollars": -39.82016559126917,
          "hedge_units_per_target_unit": -0.6616861940964747
        },
        {
          "target": "ETH",
          "hedge": "BTC",
          "target_dollars": 45.119539815370025,
          "hedge_dollars": -54.880460184629975,
          "hedge_units_per_target_unit": -1.2163346614172443
        }
      ]
    },
    "150": {
      "lookback_days": 150,
      "corr": 0.891820258907121,
      "stats": {
        "mean": {
          "btc": -0.0001069923696095769,
          "eth": -0.00014901807550619087
        },
        "std": {
          "btc": 0.005353064384280679,
          "eth": 0.0074109705677409595
        },
        "min": {
          "btc": -0.03714671634653788,
          "eth": -0.05178573218862892
        },
        "max": {
          "btc": 0.0349913262434709,
          "eth": 0.04377388676562077
        }
      },
      "hedge_table": [
        {
          "target": "BTC",
          "hedge": "ETH",
          "hedge_ratio_units": 0.6441762548506388,
          "target_w": 0.6082072995822717,
          "hedge_w": -0.3917927004177283
        },
        {
          "target": "ETH",
          "hedge": "BTC",
          "hedge_ratio_units": 1.2346673262298,
          "target_w": 0.4474939013348092,
          "hedge_w": -0.5525060986651908
        }
      ],
      "examples": [
        {
          "target": "BTC",
          "hedge": "ETH",
          "target_dollars": 60.82072995822717,
          "hedge_dollars": -39.17927004177283,
          "hedge_units_per_target_unit": -0.6441762548506388
        },
        {
          "target": "ETH",
          "hedge": "BTC",
          "target_dollars": 44.74939013348092,
          "hedge_dollars": -55.250609866519085,
          "hedge_units_per_target_unit": -1.2346673262298
        }
      ]
    },
    "180": {
      "lookback_days": 180,
      "corr": 0.8787336787061756,
      "stats": {
        "mean": {
          "btc": -9.7725697902522e-05,
          "eth": -0.00015696719344941585
        },
        "std": {
          "btc": 0.00509873544119136,
          "eth": 0.007279982269517111
        },
        "min": {
          "btc": -0.03714671634653788,
          "eth": -0.05178573218862892
        },
        "max": {
          "btc": 0.0349913262434709,
          "eth": 0.04377388676562077
        }
      },
      "hedge_table": [
        {
          "target": "BTC",
          "hedge": "ETH",
          "hedge_ratio_units": 0.6154452559243432,
          "target_w": 0.619024381255067,
          "hedge_w": -0.3809756187449329
        },
        {
          "target": "ETH",
          "hedge": "BTC",
          "hedge_ratio_units": 1.2546572918703456,
          "target_w": 0.44352638585283727,
          "hedge_w": -0.5564736141471628
        }
      ],
      "examples": [
        {
          "target": "BTC",
          "hedge": "ETH",
          "target_dollars": 61.9024381255067,
          "hedge_dollars": -38.097561874493294,
          "hedge_units_per_target_unit": -0.6154452559243432
        },
        {
          "target": "ETH",
          "hedge": "BTC",
          "target_dollars": 44.35263858528373,
          "hedge_dollars": -55.64736141471628,
          "hedge_units_per_target_unit": -1.2546572918703456
        }
      ]
    }
  },
  "example_notional": 100.0,
  "provider": "cryptocompare"
}