{
  "generated_at": "2026-02-15T02:04:52.257996Z",
  "lookbacks": {
    "30": {
      "lookback_days": 30,
      "corr": 0.8920669558620434,
      "stats": {
        "mean": {
          "btc": -0.0004173414424548642,
          "eth": -0.0006116161360202076
        },
        "std": {
          "btc": 0.006380057009000864,
          "eth": 0.008713516168367155
        },
        "min": {
          "btc": -0.031142278584685545,
          "eth": -0.04170398539552955
        },
        "max": {
          "btc": 0.0349913262434709,
          "eth": 0.04377388676562077
        }
      },
      "hedge_table": [
        {
          "target": "BTC",
          "hedge": "ETH",
          "hedge_ratio_units": 0.6531735208006421,
          "target_w": 0.6048971795263778,
          "hedge_w": -0.3951028204736223
        },
        {
          "target": "ETH",
          "hedge": "BTC",
          "hedge_ratio_units": 1.2183339164844336,
          "target_w": 0.45078876203848417,
          "hedge_w": -0.5492112379615158
        }
      ],
      "examples": [
        {
          "target": "BTC",
          "hedge": "ETH",
          "target_dollars": 60.489717952637776,
          "hedge_dollars": -39.510282047362224,
          "hedge_units_per_target_unit": -0.6531735208006421
        },
        {
          "target": "ETH",
          "hedge": "BTC",
          "target_dollars": 45.07887620384842,
          "hedge_dollars": -54.92112379615158,
          "hedge_units_per_target_unit": -1.2183339164844336
        }
      ]
    },
    "60": {
      "lookback_days": 60,
      "corr": 0.8889443253115615,
      "stats": {
        "mean": {
          "btc": -0.00014275415096126493,
          "eth": -0.00022176879482023465
        },
        "std": {
          "btc": 0.005293397500628201,
          "eth": 0.007127443579886983
        },
        "min": {
          "btc": -0.031142278584685545,
          "eth": -0.04170398539552955
        },
        "max": {
          "btc": 0.0349913262434709,
          "eth": 0.04377388676562077
        }
      },
      "hedge_table": [
        {
          "target": "BTC",
          "hedge": "ETH",
          "hedge_ratio_units": 0.6601996377888489,
          "target_w": 0.6023371992369897,
          "hedge_w": -0.39766280076301036
        },
        {
          "target": "ETH",
          "hedge": "BTC",
          "hedge_ratio_units": 1.196944027643292,
          "target_w": 0.45517773207573287,
          "hedge_w": -0.544822267924267
        }
      ],
      "examples": [
        {
          "target": "BTC",
          "hedge": "ETH",
          "target_dollars": 60.23371992369897,
          "hedge_dollars": -39.76628007630104,
          "hedge_units_per_target_unit": -0.6601996377888489
        },
        {
          "target": "ETH",
          "hedge": "BTC",
          "target_dollars": 45.517773207573285,
          "hedge_dollars": -54.4822267924267,
          "hedge_units_per_target_unit": -1.196944027643292
        }
      ]
    },
    "120": {
      "lookback_days": 120,
      "corr": 0.8868177529806076,
      "stats": {
        "mean": {
          "btc": -0.00013624132688623417,
          "eth": -0.00019091476054186355
        },
        "std": {
          "btc": 0.0052233222607921195,
          "eth": 0.007405140397997542
        },
        "min": {
          "btc": -0.03714671634653788,
          "eth": -0.05178573218862892
        },
        "max": {
          "btc": 0.0349913262434709,
          "eth": 0.04377388676562077
        }
      },
      "hedge_table": [
        {
          "target": "BTC",
          "hedge": "ETH",
          "hedge_ratio_units": 0.6255296539228143,
          "target_w": 0.6151841017398526,
          "hedge_w": -0.3848158982601474
        },
        {
          "target": "ETH",
          "hedge": "BTC",
          "hedge_ratio_units": 1.2572477133092326,
          "target_w": 0.4430173941937247,
          "hedge_w": -0.5569826058062752
        }
      ],
      "examples": [
        {
          "target": "BTC",
          "hedge": "ETH",
          "target_dollars": 61.51841017398526,
          "hedge_dollars": -38.48158982601474,
          "hedge_units_per_target_unit": -0.6255296539228143
        },
        {
          "target": "ETH",
          "hedge": "BTC",
          "target_dollars": 44.301739419372474,
          "hedge_dollars": -55.698260580627526,
          "hedge_units_per_target_unit": -1.2572477133092326
        }
      ]
    },
    "150": {
      "lookback_days": 150,
      "corr": 0.8734939214898146,
      "stats": {
        "mean": {
          "btc": -0.00013344391971156408,
          "eth": -0.0001966577320786918
        },
        "std": {
          "btc": 0.004986257716512557,
          "eth": 0.007324651194593646
        },
        "min": {
          "btc": -0.03714671634653788,
          "eth": -0.05178573218862892
        },
        "max": {
          "btc": 0.0349913262434709,
          "eth": 0.04377388676562077
        }
      },
      "hedge_table": [
        {
          "target": "BTC",
          "hedge": "ETH",
          "hedge_ratio_units": 0.5946311558931555,
          "target_w": 0.6271042656506347,
          "hedge_w": -0.37289573434936535
        },
        {
          "target": "ETH",
          "hedge": "BTC",
          "hedge_ratio_units": 1.2831342981576805,
          "target_w": 0.43799438377625255,
          "hedge_w": -0.5620056162237476
        }
      ],
      "examples": [
        {
          "target": "BTC",
          "hedge": "ETH",
          "target_dollars": 62.71042656506347,
          "hedge_dollars": -37.289573434936536,
          "hedge_units_per_target_unit": -0.5946311558931555
        },
        {
          "target": "ETH",
          "hedge": "BTC",
          "target_dollars": 43.79943837762526,
          "hedge_dollars": -56.20056162237476,
          "hedge_units_per_target_unit": -1.2831342981576805
        }
      ]
    },
    "180": {
      "lookback_days": 180,
      "corr": 0.8624521540676999,
      "stats": {
        "mean": {
          "btc": -0.000104699456222605,
          "eth": -0.00013942882178761184
        },
        "std": {
          "btc": 0.004767881402317312,
          "eth": 0.007223643317046119
        },
        "min": {
          "btc": -0.03714671634653788,
          "eth": -0.05178573218862892
        },
        "max": {
          "btc": 0.0349913262434709,
          "eth": 0.0757825447476439
        }
      },
      "hedge_table": [
        {
          "target": "BTC",
          "hedge": "ETH",
          "hedge_ratio_units": 0.5692514712159671,
          "target_w": 0.637246495123646,
          "hedge_w": -0.36275350487635405
        },
        {
          "target": "ETH",
          "hedge": "BTC",
          "hedge_ratio_units": 1.306669821102347,
          "target_w": 0.4335254187017128,
          "hedge_w": -0.5664745812982871
        }
      ],
      "examples": [
        {
          "target": "BTC",
          "hedge": "ETH",
          "target_dollars": 63.72464951236459,
          "hedge_dollars": -36.27535048763541,
          "hedge_units_per_target_unit": -0.5692514712159671
        },
        {
          "target": "ETH",
          "hedge": "BTC",
          "target_dollars": 43.35254187017128,
          "hedge_dollars": -56.647458129828706,
          "hedge_units_per_target_unit": -1.306669821102347
        }
      ]
    }
  },
  "example_notional": 100.0,
  "provider": "cryptocompare"
}