{
  "generated_at": "2026-06-17T03:55:26.853205Z",
  "lookbacks": {
    "30": {
      "lookback_days": 30,
      "corr": 0.8701932269037486,
      "stats": {
        "mean": {
          "btc": -0.005244088240412218,
          "eth": -0.005407422468992889
        },
        "std": {
          "btc": 0.0223706426884565,
          "eth": 0.03281669287480695
        },
        "min": {
          "btc": -0.06600964303204149,
          "eth": -0.10658012901637759
        },
        "max": {
          "btc": 0.039313475306052226,
          "eth": 0.07539563557614826
        }
      },
      "hedge_table": [
        {
          "target": "BTC",
          "hedge": "ETH",
          "hedge_ratio_units": 0.5931975480662516,
          "target_w": 0.6276685532272838,
          "hedge_w": -0.3723314467727163
        },
        {
          "target": "ETH",
          "hedge": "BTC",
          "hedge_ratio_units": 1.276533010997184,
          "target_w": 0.43926444078312415,
          "hedge_w": -0.5607355592168757
        }
      ],
      "examples": [
        {
          "target": "BTC",
          "hedge": "ETH",
          "target_dollars": 62.766855322728375,
          "hedge_dollars": -37.23314467727163,
          "hedge_units_per_target_unit": -0.5931975480662516
        },
        {
          "target": "ETH",
          "hedge": "BTC",
          "target_dollars": 43.926444078312414,
          "hedge_dollars": -56.07355592168757,
          "hedge_units_per_target_unit": -1.276533010997184
        }
      ]
    },
    "60": {
      "lookback_days": 60,
      "corr": 0.8662014843724452,
      "stats": {
        "mean": {
          "btc": -0.002251302140357373,
          "eth": -0.004268273330988757
        },
        "std": {
          "btc": 0.01901364209981478,
          "eth": 0.02580454766038745
        },
        "min": {
          "btc": -0.06600964303204149,
          "eth": -0.10658012901637759
        },
        "max": {
          "btc": 0.039313475306052226,
          "eth": 0.07539563557614826
        }
      },
      "hedge_table": [
        {
          "target": "BTC",
          "hedge": "ETH",
          "hedge_ratio_units": 0.6382458327478657,
          "target_w": 0.6104089996814935,
          "hedge_w": -0.3895910003185065
        },
        {
          "target": "ETH",
          "hedge": "BTC",
          "hedge_ratio_units": 1.175573694384668,
          "target_w": 0.45964887449277453,
          "hedge_w": -0.5403511255072255
        }
      ],
      "examples": [
        {
          "target": "BTC",
          "hedge": "ETH",
          "target_dollars": 61.040899968149354,
          "hedge_dollars": -38.95910003185065,
          "hedge_units_per_target_unit": -0.6382458327478657
        },
        {
          "target": "ETH",
          "hedge": "BTC",
          "target_dollars": 45.964887449277455,
          "hedge_dollars": -54.03511255072255,
          "hedge_units_per_target_unit": -1.175573694384668
        }
      ]
    },
    "120": {
      "lookback_days": 120,
      "corr": 0.9168169817461151,
      "stats": {
        "mean": {
          "btc": 2.618721296853694e-06,
          "eth": -0.00043841673416058883
        },
        "std": {
          "btc": 0.022093013034254316,
          "eth": 0.030417937626074934
        },
        "min": {
          "btc": -0.06600964303204149,
          "eth": -0.10658012901637759
        },
        "max": {
          "btc": 0.06364240856302605,
          "eth": 0.10814835249280486
        }
      },
      "hedge_table": [
        {
          "target": "BTC",
          "hedge": "ETH",
          "hedge_ratio_units": 0.6658981873373089,
          "target_w": 0.6002767801784764,
          "hedge_w": -0.39972321982152365
        },
        {
          "target": "ETH",
          "hedge": "BTC",
          "hedge_ratio_units": 1.262285127068947,
          "target_w": 0.44203093059963494,
          "hedge_w": -0.5579690694003652
        }
      ],
      "examples": [
        {
          "target": "BTC",
          "hedge": "ETH",
          "target_dollars": 60.02767801784764,
          "hedge_dollars": -39.972321982152366,
          "hedge_units_per_target_unit": -0.6658981873373089
        },
        {
          "target": "ETH",
          "hedge": "BTC",
          "target_dollars": 44.20309305996349,
          "hedge_dollars": -55.796906940036514,
          "hedge_units_per_target_unit": -1.262285127068947
        }
      ]
    },
    "150": {
      "lookback_days": 150,
      "corr": 0.926133621592025,
      "stats": {
        "mean": {
          "btc": -0.002019921074965628,
          "eth": -0.0033999833076489797
        },
        "std": {
          "btc": 0.02731395071618781,
          "eth": 0.03635575754205628
        },
        "min": {
          "btc": -0.14101788206180332,
          "eth": -0.15404474276243008
        },
        "max": {
          "btc": 0.12203362664914996,
          "eth": 0.13191787874605776
        }
      },
      "hedge_table": [
        {
          "target": "BTC",
          "hedge": "ETH",
          "hedge_ratio_units": 0.6958008801633774,
          "target_w": 0.5896918746165868,
          "hedge_w": -0.4103081253834131
        },
        {
          "target": "ETH",
          "hedge": "BTC",
          "hedge_ratio_units": 1.232713998352176,
          "target_w": 0.4478853989978279,
          "hedge_w": -0.5521146010021721
        }
      ],
      "examples": [
        {
          "target": "BTC",
          "hedge": "ETH",
          "target_dollars": 58.96918746165868,
          "hedge_dollars": -41.03081253834131,
          "hedge_units_per_target_unit": -0.6958008801633774
        },
        {
          "target": "ETH",
          "hedge": "BTC",
          "target_dollars": 44.78853989978279,
          "hedge_dollars": -55.21146010021722,
          "hedge_units_per_target_unit": -1.232713998352176
        }
      ]
    },
    "180": {
      "lookback_days": 180,
      "corr": 0.9228154149046993,
      "stats": {
        "mean": {
          "btc": -0.0013192104248982608,
          "eth": -0.0022484955911159037
        },
        "std": {
          "btc": 0.02554454202718345,
          "eth": 0.03421022585039654
        },
        "min": {
          "btc": -0.14101788206180332,
          "eth": -0.15404474276243008
        },
        "max": {
          "btc": 0.12203362664914996,
          "eth": 0.13191787874605776
        }
      },
      "hedge_table": [
        {
          "target": "BTC",
          "hedge": "ETH",
          "hedge_ratio_units": 0.689059968573478,
          "target_w": 0.5920452906385353,
          "hedge_w": -0.4079547093614647
        },
        {
          "target": "ETH",
          "hedge": "BTC",
          "hedge_ratio_units": 1.235869632288649,
          "target_w": 0.4472532680612484,
          "hedge_w": -0.5527467319387517
        }
      ],
      "examples": [
        {
          "target": "BTC",
          "hedge": "ETH",
          "target_dollars": 59.20452906385353,
          "hedge_dollars": -40.79547093614647,
          "hedge_units_per_target_unit": -0.689059968573478
        },
        {
          "target": "ETH",
          "hedge": "BTC",
          "target_dollars": 44.72532680612484,
          "hedge_dollars": -55.27467319387517,
          "hedge_units_per_target_unit": -1.235869632288649
        }
      ]
    }
  },
  "example_notional": 100.0,
  "provider": "coingecko"
}