{
  "generated_at": "2026-03-13T16:37:52.159694Z",
  "lookbacks": {
    "30": {
      "lookback_days": 30,
      "corr": 0.9168828359388259,
      "stats": {
        "mean": {
          "btc": 0.0001246005241108139,
          "eth": 0.00016404029509995357
        },
        "std": {
          "btc": 0.00587482630184122,
          "eth": 0.007285964909022491
        },
        "min": {
          "btc": -0.03612262483146145,
          "eth": -0.04038541666666662
        },
        "max": {
          "btc": 0.029223763595974894,
          "eth": 0.035902309432658264
        }
      },
      "hedge_table": [
        {
          "target": "BTC",
          "hedge": "ETH",
          "hedge_ratio_units": 0.7393018587846667,
          "target_w": 0.5749433285253589,
          "hedge_w": -0.4250566714746411
        },
        {
          "target": "ETH",
          "hedge": "BTC",
          "hedge_ratio_units": 1.1371189249019371,
          "target_w": 0.4679196783800347,
          "hedge_w": -0.5320803216199652
        }
      ],
      "examples": [
        {
          "target": "BTC",
          "hedge": "ETH",
          "target_dollars": 57.49433285253589,
          "hedge_dollars": -42.50566714746411,
          "hedge_units_per_target_unit": -0.7393018587846667
        },
        {
          "target": "ETH",
          "hedge": "BTC",
          "target_dollars": 46.791967838003465,
          "hedge_dollars": -53.20803216199652,
          "hedge_units_per_target_unit": -1.1371189249019371
        }
      ]
    },
    "60": {
      "lookback_days": 60,
      "corr": 0.9004182852877639,
      "stats": {
        "mean": {
          "btc": -0.00014926320327499776,
          "eth": -0.0002293063816720926
        },
        "std": {
          "btc": 0.006094360321716541,
          "eth": 0.008027448043598987
        },
        "min": {
          "btc": -0.03612262483146145,
          "eth": -0.04170398539552955
        },
        "max": {
          "btc": 0.0349913262434709,
          "eth": 0.04377388676562077
        }
      },
      "hedge_table": [
        {
          "target": "BTC",
          "hedge": "ETH",
          "hedge_ratio_units": 0.6835887869970648,
          "target_w": 0.5939692683411436,
          "hedge_w": -0.40603073165885645
        },
        {
          "target": "ETH",
          "hedge": "BTC",
          "hedge_ratio_units": 1.1860245573104145,
          "target_w": 0.45745140266418355,
          "hedge_w": -0.5425485973358164
        }
      ],
      "examples": [
        {
          "target": "BTC",
          "hedge": "ETH",
          "target_dollars": 59.39692683411436,
          "hedge_dollars": -40.60307316588565,
          "hedge_units_per_target_unit": -0.6835887869970648
        },
        {
          "target": "ETH",
          "hedge": "BTC",
          "target_dollars": 45.74514026641835,
          "hedge_dollars": -54.25485973358164,
          "hedge_units_per_target_unit": -1.1860245573104145
        }
      ]
    },
    "120": {
      "lookback_days": 120,
      "corr": 0.8974190045922187,
      "stats": {
        "mean": {
          "btc": -9.848615802326778e-05,
          "eth": -0.00011951207564852986
        },
        "std": {
          "btc": 0.0055033514011071935,
          "eth": 0.007451589333915251
        },
        "min": {
          "btc": -0.03714671634653788,
          "eth": -0.05178573218862892
        },
        "max": {
          "btc": 0.0349913262434709,
          "eth": 0.04377388676562077
        }
      },
      "hedge_table": [
        {
          "target": "BTC",
          "hedge": "ETH",
          "hedge_ratio_units": 0.6627864090448787,
          "target_w": 0.6014001525153252,
          "hedge_w": -0.3985998474846748
        },
        {
          "target": "ETH",
          "hedge": "BTC",
          "hedge_ratio_units": 1.215113736209331,
          "target_w": 0.45144408779265444,
          "hedge_w": -0.5485559122073456
        }
      ],
      "examples": [
        {
          "target": "BTC",
          "hedge": "ETH",
          "target_dollars": 60.14001525153252,
          "hedge_dollars": -39.85998474846748,
          "hedge_units_per_target_unit": -0.6627864090448787
        },
        {
          "target": "ETH",
          "hedge": "BTC",
          "target_dollars": 45.14440877926545,
          "hedge_dollars": -54.85559122073455,
          "hedge_units_per_target_unit": -1.215113736209331
        }
      ]
    },
    "150": {
      "lookback_days": 150,
      "corr": 0.8921986452764873,
      "stats": {
        "mean": {
          "btc": -0.0001112431348471554,
          "eth": -0.00015484751195516425
        },
        "std": {
          "btc": 0.005355461923381386,
          "eth": 0.007406548325204957
        },
        "min": {
          "btc": -0.03714671634653788,
          "eth": -0.05178573218862892
        },
        "max": {
          "btc": 0.0349913262434709,
          "eth": 0.04377388676562077
        }
      },
      "hedge_table": [
        {
          "target": "BTC",
          "hedge": "ETH",
          "hedge_ratio_units": 0.6451231617041344,
          "target_w": 0.607857225087105,
          "hedge_w": -0.3921427749128949
        },
        {
          "target": "ETH",
          "hedge": "BTC",
          "hedge_ratio_units": 1.233901477867366,
          "target_w": 0.4476473156527332,
          "hedge_w": -0.5523526843472668
        }
      ],
      "examples": [
        {
          "target": "BTC",
          "hedge": "ETH",
          "target_dollars": 60.785722508710506,
          "hedge_dollars": -39.21427749128949,
          "hedge_units_per_target_unit": -0.6451231617041344
        },
        {
          "target": "ETH",
          "hedge": "BTC",
          "target_dollars": 44.76473156527332,
          "hedge_dollars": -55.23526843472668,
          "hedge_units_per_target_unit": -1.233901477867366
        }
      ]
    },
    "180": {
      "lookback_days": 180,
      "corr": 0.8790512333252563,
      "stats": {
        "mean": {
          "btc": -9.720062723071082e-05,
          "eth": -0.0001528330037801802
        },
        "std": {
          "btc": 0.005107686772480955,
          "eth": 0.007292727923359773
        },
        "min": {
          "btc": -0.03714671634653788,
          "eth": -0.05178573218862892
        },
        "max": {
          "btc": 0.0349913262434709,
          "eth": 0.04377388676562077
        }
      },
      "hedge_table": [
        {
          "target": "BTC",
          "hedge": "ETH",
          "hedge_ratio_units": 0.6156706247612167,
          "target_w": 0.6189380339497056,
          "hedge_w": -0.3810619660502944
        },
        {
          "target": "ETH",
          "hedge": "BTC",
          "hedge_ratio_units": 1.255104661052088,
          "target_w": 0.4434383987896437,
          "hedge_w": -0.5565616012103564
        }
      ],
      "examples": [
        {
          "target": "BTC",
          "hedge": "ETH",
          "target_dollars": 61.89380339497056,
          "hedge_dollars": -38.10619660502944,
          "hedge_units_per_target_unit": -0.6156706247612167
        },
        {
          "target": "ETH",
          "hedge": "BTC",
          "target_dollars": 44.34383987896437,
          "hedge_dollars": -55.65616012103563,
          "hedge_units_per_target_unit": -1.255104661052088
        }
      ]
    }
  },
  "example_notional": 100.0,
  "provider": "cryptocompare"
}