{
  "generated_at": "2026-03-26T02:08:25.936638Z",
  "lookbacks": {
    "30": {
      "lookback_days": 30,
      "corr": 0.914770864912956,
      "stats": {
        "mean": {
          "btc": 0.00017192767371832646,
          "eth": 0.00025575325220249554
        },
        "std": {
          "btc": 0.005658388072010208,
          "eth": 0.007306290960188718
        },
        "min": {
          "btc": -0.03612262483146145,
          "eth": -0.04038541666666662
        },
        "max": {
          "btc": 0.029223763595974894,
          "eth": 0.041842617860856635
        }
      },
      "hedge_table": [
        {
          "target": "BTC",
          "hedge": "ETH",
          "hedge_ratio_units": 0.708448182374636,
          "target_w": 0.5853265029145119,
          "hedge_w": -0.41467349708548806
        },
        {
          "target": "ETH",
          "hedge": "BTC",
          "hedge_ratio_units": 1.181181286242731,
          "target_w": 0.4584671646998147,
          "hedge_w": -0.5415328353001851
        }
      ],
      "examples": [
        {
          "target": "BTC",
          "hedge": "ETH",
          "target_dollars": 58.53265029145119,
          "hedge_dollars": -41.46734970854881,
          "hedge_units_per_target_unit": -0.708448182374636
        },
        {
          "target": "ETH",
          "hedge": "BTC",
          "target_dollars": 45.846716469981466,
          "hedge_dollars": -54.15328353001851,
          "hedge_units_per_target_unit": -1.181181286242731
        }
      ]
    },
    "60": {
      "lookback_days": 60,
      "corr": 0.9019760373733556,
      "stats": {
        "mean": {
          "btc": -0.00013554790009752575,
          "eth": -0.00018156143469772132
        },
        "std": {
          "btc": 0.006175066860410432,
          "eth": 0.00807471866089493
        },
        "min": {
          "btc": -0.03612262483146145,
          "eth": -0.04170398539552955
        },
        "max": {
          "btc": 0.0349913262434709,
          "eth": 0.04260060177264258
        }
      },
      "hedge_table": [
        {
          "target": "BTC",
          "hedge": "ETH",
          "hedge_ratio_units": 0.6897778821994556,
          "target_w": 0.5917937561701162,
          "hedge_w": -0.40820624382988374
        },
        {
          "target": "ETH",
          "hedge": "BTC",
          "hedge_ratio_units": 1.1794532602315198,
          "target_w": 0.4588306701717346,
          "hedge_w": -0.5411693298282655
        }
      ],
      "examples": [
        {
          "target": "BTC",
          "hedge": "ETH",
          "target_dollars": 59.17937561701162,
          "hedge_dollars": -40.82062438298838,
          "hedge_units_per_target_unit": -0.6897778821994556
        },
        {
          "target": "ETH",
          "hedge": "BTC",
          "target_dollars": 45.88306701717346,
          "hedge_dollars": -54.11693298282655,
          "hedge_units_per_target_unit": -1.1794532602315198
        }
      ]
    },
    "120": {
      "lookback_days": 120,
      "corr": 0.8986018517596254,
      "stats": {
        "mean": {
          "btc": -5.619116671922316e-05,
          "eth": -7.993756680620526e-05
        },
        "std": {
          "btc": 0.005327805006385922,
          "eth": 0.007159022774836915
        },
        "min": {
          "btc": -0.03714671634653788,
          "eth": -0.05178573218862892
        },
        "max": {
          "btc": 0.0349913262434709,
          "eth": 0.04377388676562077
        }
      },
      "hedge_table": [
        {
          "target": "BTC",
          "hedge": "ETH",
          "hedge_ratio_units": 0.6687470615934246,
          "target_w": 0.5992519915181976,
          "hedge_w": -0.4007480084818024
        },
        {
          "target": "ETH",
          "hedge": "BTC",
          "hedge_ratio_units": 1.2074599416733607,
          "target_w": 0.45300935302225775,
          "hedge_w": -0.5469906469777422
        }
      ],
      "examples": [
        {
          "target": "BTC",
          "hedge": "ETH",
          "target_dollars": 59.92519915181976,
          "hedge_dollars": -40.07480084818024,
          "hedge_units_per_target_unit": -0.6687470615934246
        },
        {
          "target": "ETH",
          "hedge": "BTC",
          "target_dollars": 45.300935302225774,
          "hedge_dollars": -54.699064697774226,
          "hedge_units_per_target_unit": -1.2074599416733607
        }
      ]
    },
    "150": {
      "lookback_days": 150,
      "corr": 0.8936801648341782,
      "stats": {
        "mean": {
          "btc": -0.00011910578911108983,
          "eth": -0.00015791442241438864
        },
        "std": {
          "btc": 0.00536165417952366,
          "eth": 0.0073954272609048745
        },
        "min": {
          "btc": -0.03714671634653788,
          "eth": -0.05178573218862892
        },
        "max": {
          "btc": 0.0349913262434709,
          "eth": 0.04377388676562077
        }
      },
      "hedge_table": [
        {
          "target": "BTC",
          "hedge": "ETH",
          "hedge_ratio_units": 0.6479144235885952,
          "target_w": 0.6068276275064948,
          "hedge_w": -0.3931723724935053
        },
        {
          "target": "ETH",
          "hedge": "BTC",
          "hedge_ratio_units": 1.2326693278326677,
          "target_w": 0.4478943601427695,
          "hedge_w": -0.5521056398572305
        }
      ],
      "examples": [
        {
          "target": "BTC",
          "hedge": "ETH",
          "target_dollars": 60.682762750649474,
          "hedge_dollars": -39.317237249350526,
          "hedge_units_per_target_unit": -0.6479144235885952
        },
        {
          "target": "ETH",
          "hedge": "BTC",
          "target_dollars": 44.78943601427695,
          "hedge_dollars": -55.21056398572305,
          "hedge_units_per_target_unit": -1.2326693278326677
        }
      ]
    },
    "180": {
      "lookback_days": 180,
      "corr": 0.882385306664774,
      "stats": {
        "mean": {
          "btc": -8.668399572241499e-05,
          "eth": -0.00011691504667572886
        },
        "std": {
          "btc": 0.005199614738834247,
          "eth": 0.007358696678109697
        },
        "min": {
          "btc": -0.03714671634653788,
          "eth": -0.05178573218862892
        },
        "max": {
          "btc": 0.0349913262434709,
          "eth": 0.04377388676562077
        }
      },
      "hedge_table": [
        {
          "target": "BTC",
          "hedge": "ETH",
          "hedge_ratio_units": 0.6234886212273554,
          "target_w": 0.6159575046753338,
          "hedge_w": -0.38404249532466617
        },
        {
          "target": "ETH",
          "hedge": "BTC",
          "hedge_ratio_units": 1.2487859487879394,
          "target_w": 0.4446843864970716,
          "hedge_w": -0.5553156135029282
        }
      ],
      "examples": [
        {
          "target": "BTC",
          "hedge": "ETH",
          "target_dollars": 61.595750467533385,
          "hedge_dollars": -38.404249532466615,
          "hedge_units_per_target_unit": -0.6234886212273554
        },
        {
          "target": "ETH",
          "hedge": "BTC",
          "target_dollars": 44.46843864970716,
          "hedge_dollars": -55.531561350292826,
          "hedge_units_per_target_unit": -1.2487859487879394
        }
      ]
    }
  },
  "example_notional": 100.0,
  "provider": "cryptocompare"
}