{
  "generated_at": "2026-01-17T08:24:19.438128Z",
  "lookbacks": {
    "30": {
      "lookback_days": 30,
      "corr": 0.8761845695148832,
      "stats": {
        "mean": {
          "btc": 0.00012715186601345316,
          "eth": 0.00021166110215775573
        },
        "std": {
          "btc": 0.0036210586537172083,
          "eth": 0.004816989346720851
        },
        "min": {
          "btc": -0.018243058433974557,
          "eth": -0.033430869773559135
        },
        "max": {
          "btc": 0.019859354511182037,
          "eth": 0.03730338759129537
        }
      },
      "hedge_table": [
        {
          "target": "BTC",
          "hedge": "ETH",
          "hedge_ratio_units": 0.6586511800893167,
          "target_w": 0.602899519805093,
          "hedge_w": -0.3971004801949069
        },
        {
          "target": "ETH",
          "hedge": "BTC",
          "hedge_ratio_units": 1.1655629308245938,
          "target_w": 0.46177369669844887,
          "hedge_w": -0.5382263033015511
        }
      ],
      "examples": [
        {
          "target": "BTC",
          "hedge": "ETH",
          "target_dollars": 60.2899519805093,
          "hedge_dollars": -39.71004801949069,
          "hedge_units_per_target_unit": -0.6586511800893167
        },
        {
          "target": "ETH",
          "hedge": "BTC",
          "target_dollars": 46.177369669844886,
          "hedge_dollars": -53.82263033015511,
          "hedge_units_per_target_unit": -1.1655629308245938
        }
      ]
    },
    "60": {
      "lookback_days": 60,
      "corr": 0.8939753358949429,
      "stats": {
        "mean": {
          "btc": 3.9550015280792615e-05,
          "eth": 7.287502380551547e-05
        },
        "std": {
          "btc": 0.0047010377337252385,
          "eth": 0.006533377130208658
        },
        "min": {
          "btc": -0.03714671634653788,
          "eth": -0.05178573218862892
        },
        "max": {
          "btc": 0.026004133739085944,
          "eth": 0.04132265866066209
        }
      },
      "hedge_table": [
        {
          "target": "BTC",
          "hedge": "ETH",
          "hedge_ratio_units": 0.643252594072677,
          "target_w": 0.6085491686470281,
          "hedge_w": -0.3914508313529719
        },
        {
          "target": "ETH",
          "hedge": "BTC",
          "hedge_ratio_units": 1.2424231298135744,
          "target_w": 0.4459461672084767,
          "hedge_w": -0.5540538327915232
        }
      ],
      "examples": [
        {
          "target": "BTC",
          "hedge": "ETH",
          "target_dollars": 60.854916864702815,
          "hedge_dollars": -39.145083135297185,
          "hedge_units_per_target_unit": -0.643252594072677
        },
        {
          "target": "ETH",
          "hedge": "BTC",
          "target_dollars": 44.59461672084767,
          "hedge_dollars": -55.40538327915232,
          "hedge_units_per_target_unit": -1.2424231298135744
        }
      ]
    },
    "120": {
      "lookback_days": 120,
      "corr": 0.8671289688394539,
      "stats": {
        "mean": {
          "btc": -5.992692110968984e-05,
          "eth": -8.633966227658649e-05
        },
        "std": {
          "btc": 0.004574085542490439,
          "eth": 0.006930138319252451
        },
        "min": {
          "btc": -0.03714671634653788,
          "eth": -0.05178573218862892
        },
        "max": {
          "btc": 0.03468753462614105,
          "eth": 0.04368288914132212
        }
      },
      "hedge_table": [
        {
          "target": "BTC",
          "hedge": "ETH",
          "hedge_ratio_units": 0.5723294250598786,
          "target_w": 0.6359990368824378,
          "hedge_w": -0.36400096311756214
        },
        {
          "target": "ETH",
          "hedge": "BTC",
          "hedge_ratio_units": 1.3137759752993785,
          "target_w": 0.43219395943058414,
          "hedge_w": -0.5678060405694157
        }
      ],
      "examples": [
        {
          "target": "BTC",
          "hedge": "ETH",
          "target_dollars": 63.59990368824378,
          "hedge_dollars": -36.400096311756215,
          "hedge_units_per_target_unit": -0.5723294250598786
        },
        {
          "target": "ETH",
          "hedge": "BTC",
          "target_dollars": 43.219395943058416,
          "hedge_dollars": -56.78060405694158,
          "hedge_units_per_target_unit": -1.3137759752993785
        }
      ]
    },
    "150": {
      "lookback_days": 150,
      "corr": 0.8540997323965978,
      "stats": {
        "mean": {
          "btc": -3.99046634520577e-05,
          "eth": -4.556858759081772e-05
        },
        "std": {
          "btc": 0.004369369610120605,
          "eth": 0.006858334905466578
        },
        "min": {
          "btc": -0.03714671634653788,
          "eth": -0.05178573218862892
        },
        "max": {
          "btc": 0.03468753462614105,
          "eth": 0.0757825447476439
        }
      },
      "hedge_table": [
        {
          "target": "BTC",
          "hedge": "ETH",
          "hedge_ratio_units": 0.5441375299085007,
          "target_w": 0.647610708651875,
          "hedge_w": -0.35238929134812497
        },
        {
          "target": "ETH",
          "hedge": "BTC",
          "hedge_ratio_units": 1.340628632990278,
          "target_w": 0.42723565195493945,
          "hedge_w": -0.5727643480450606
        }
      ],
      "examples": [
        {
          "target": "BTC",
          "hedge": "ETH",
          "target_dollars": 64.76107086518749,
          "hedge_dollars": -35.238929134812494,
          "hedge_units_per_target_unit": -0.5441375299085007
        },
        {
          "target": "ETH",
          "hedge": "BTC",
          "target_dollars": 42.72356519549395,
          "hedge_dollars": -57.27643480450606,
          "hedge_units_per_target_unit": -1.340628632990278
        }
      ]
    },
    "180": {
      "lookback_days": 180,
      "corr": 0.8335939692934744,
      "stats": {
        "mean": {
          "btc": -4.240878193506413e-05,
          "eth": -7.962521219683832e-06
        },
        "std": {
          "btc": 0.0041983218908948445,
          "eth": 0.006870389005136294
        },
        "min": {
          "btc": -0.03714671634653788,
          "eth": -0.05178573218862892
        },
        "max": {
          "btc": 0.03468753462614105,
          "eth": 0.0757825447476439
        }
      },
      "hedge_table": [
        {
          "target": "BTC",
          "hedge": "ETH",
          "hedge_ratio_units": 0.5093883049105881,
          "target_w": 0.6625200399040042,
          "hedge_w": -0.33747996009599585
        },
        {
          "target": "ETH",
          "hedge": "BTC",
          "hedge_ratio_units": 1.3641438151282659,
          "target_w": 0.42298611175891826,
          "hedge_w": -0.5770138882410818
        }
      ],
      "examples": [
        {
          "target": "BTC",
          "hedge": "ETH",
          "target_dollars": 66.25200399040042,
          "hedge_dollars": -33.74799600959958,
          "hedge_units_per_target_unit": -0.5093883049105881
        },
        {
          "target": "ETH",
          "hedge": "BTC",
          "target_dollars": 42.29861117589183,
          "hedge_dollars": -57.70138882410818,
          "hedge_units_per_target_unit": -1.3641438151282659
        }
      ]
    }
  },
  "example_notional": 100.0,
  "provider": "cryptocompare"
}