{
  "generated_at": "2026-04-05T16:34:05.593533Z",
  "lookbacks": {
    "30": {
      "lookback_days": 30,
      "corr": 0.9060348899153753,
      "stats": {
        "mean": {
          "btc": -1.5834438724860797e-06,
          "eth": 8.121523206416949e-05
        },
        "std": {
          "btc": 0.004585034672031854,
          "eth": 0.006015541841104607
        },
        "min": {
          "btc": -0.0193691951400623,
          "eth": -0.030096491146448856
        },
        "max": {
          "btc": 0.022874680739771724,
          "eth": 0.041842617860856635
        }
      },
      "hedge_table": [
        {
          "target": "BTC",
          "hedge": "ETH",
          "hedge_ratio_units": 0.6905780882358126,
          "target_w": 0.5915136407828052,
          "hedge_w": -0.4084863592171948
        },
        {
          "target": "ETH",
          "hedge": "BTC",
          "hedge_ratio_units": 1.1887131024401294,
          "target_w": 0.456889484000955,
          "hedge_w": -0.5431105159990451
        }
      ],
      "examples": [
        {
          "target": "BTC",
          "hedge": "ETH",
          "target_dollars": 59.15136407828052,
          "hedge_dollars": -40.84863592171948,
          "hedge_units_per_target_unit": -0.6905780882358126
        },
        {
          "target": "ETH",
          "hedge": "BTC",
          "target_dollars": 45.688948400095505,
          "hedge_dollars": -54.311051599904516,
          "hedge_units_per_target_unit": -1.1887131024401294
        }
      ]
    },
    "60": {
      "lookback_days": 60,
      "corr": 0.9087453285035744,
      "stats": {
        "mean": {
          "btc": -3.351887017504684e-05,
          "eth": 5.363998717151896e-06
        },
        "std": {
          "btc": 0.005806740742911637,
          "eth": 0.007290105541094997
        },
        "min": {
          "btc": -0.03612262483146145,
          "eth": -0.04170398539552955
        },
        "max": {
          "btc": 0.0349913262434709,
          "eth": 0.041842617860856635
        }
      },
      "hedge_table": [
        {
          "target": "BTC",
          "hedge": "ETH",
          "hedge_ratio_units": 0.7238370547869635,
          "target_w": 0.580101232435558,
          "hedge_w": -0.419898767564442
        },
        {
          "target": "ETH",
          "hedge": "BTC",
          "hedge_ratio_units": 1.140889467616604,
          "target_w": 0.4670955764536849,
          "hedge_w": -0.5329044235463153
        }
      ],
      "examples": [
        {
          "target": "BTC",
          "hedge": "ETH",
          "target_dollars": 58.0101232435558,
          "hedge_dollars": -41.9898767564442,
          "hedge_units_per_target_unit": -0.7238370547869635
        },
        {
          "target": "ETH",
          "hedge": "BTC",
          "target_dollars": 46.70955764536849,
          "hedge_dollars": -53.29044235463153,
          "hedge_units_per_target_unit": -1.140889467616604
        }
      ]
    },
    "120": {
      "lookback_days": 120,
      "corr": 0.9002176039412721,
      "stats": {
        "mean": {
          "btc": -8.587195710482217e-05,
          "eth": -0.000112723809057596
        },
        "std": {
          "btc": 0.005234537426975974,
          "eth": 0.00702176014175417
        },
        "min": {
          "btc": -0.03612262483146145,
          "eth": -0.04988725258205495
        },
        "max": {
          "btc": 0.0349913262434709,
          "eth": 0.04377388676562077
        }
      },
      "hedge_table": [
        {
          "target": "BTC",
          "hedge": "ETH",
          "hedge_ratio_units": 0.6710885369371247,
          "target_w": 0.5984123389613231,
          "hedge_w": -0.401587661038677
        },
        {
          "target": "ETH",
          "hedge": "BTC",
          "hedge_ratio_units": 1.2075779719683872,
          "target_w": 0.45298513243831195,
          "hedge_w": -0.547014867561688
        }
      ],
      "examples": [
        {
          "target": "BTC",
          "hedge": "ETH",
          "target_dollars": 59.84123389613231,
          "hedge_dollars": -40.1587661038677,
          "hedge_units_per_target_unit": -0.6710885369371247
        },
        {
          "target": "ETH",
          "hedge": "BTC",
          "target_dollars": 45.298513243831195,
          "hedge_dollars": -54.701486756168805,
          "hedge_units_per_target_unit": -1.2075779719683872
        }
      ]
    },
    "150": {
      "lookback_days": 150,
      "corr": 0.8967172507501351,
      "stats": {
        "mean": {
          "btc": -0.00010056889466557747,
          "eth": -0.00010749186957378635
        },
        "std": {
          "btc": 0.005294468130740809,
          "eth": 0.007215838844958519
        },
        "min": {
          "btc": -0.03714671634653788,
          "eth": -0.05178573218862892
        },
        "max": {
          "btc": 0.0349913262434709,
          "eth": 0.04377388676562077
        }
      },
      "hedge_table": [
        {
          "target": "BTC",
          "hedge": "ETH",
          "hedge_ratio_units": 0.6579471920578067,
          "target_w": 0.6031555195427079,
          "hedge_w": -0.3968444804572922
        },
        {
          "target": "ETH",
          "hedge": "BTC",
          "hedge_ratio_units": 1.2221373348793514,
          "target_w": 0.4500171903435905,
          "hedge_w": -0.5499828096564094
        }
      ],
      "examples": [
        {
          "target": "BTC",
          "hedge": "ETH",
          "target_dollars": 60.31555195427079,
          "hedge_dollars": -39.68444804572922,
          "hedge_units_per_target_unit": -0.6579471920578067
        },
        {
          "target": "ETH",
          "hedge": "BTC",
          "target_dollars": 45.00171903435905,
          "hedge_dollars": -54.998280965640944,
          "hedge_units_per_target_unit": -1.2221373348793514
        }
      ]
    },
    "180": {
      "lookback_days": 180,
      "corr": 0.8860235064838453,
      "stats": {
        "mean": {
          "btc": -0.00012230054383498542,
          "eth": -0.00015289119013145764
        },
        "std": {
          "btc": 0.00522845426999054,
          "eth": 0.007354096132361299
        },
        "min": {
          "btc": -0.03714671634653788,
          "eth": -0.05178573218862892
        },
        "max": {
          "btc": 0.0349913262434709,
          "eth": 0.04377388676562077
        }
      },
      "hedge_table": [
        {
          "target": "BTC",
          "hedge": "ETH",
          "hedge_ratio_units": 0.6299255955333847,
          "target_w": 0.6135249380342145,
          "hedge_w": -0.3864750619657855
        },
        {
          "target": "ETH",
          "hedge": "BTC",
          "hedge_ratio_units": 1.2462386980437017,
          "target_w": 0.4451886617708624,
          "hedge_w": -0.5548113382291374
        }
      ],
      "examples": [
        {
          "target": "BTC",
          "hedge": "ETH",
          "target_dollars": 61.352493803421446,
          "hedge_dollars": -38.647506196578554,
          "hedge_units_per_target_unit": -0.6299255955333847
        },
        {
          "target": "ETH",
          "hedge": "BTC",
          "target_dollars": 44.51886617708624,
          "hedge_dollars": -55.48113382291374,
          "hedge_units_per_target_unit": -1.2462386980437017
        }
      ]
    }
  },
  "example_notional": 100.0,
  "provider": "cryptocompare"
}