{
  "generated_at": "2026-05-09T09:17:31.502655Z",
  "lookbacks": {
    "30": {
      "lookback_days": 30,
      "corr": 0.8918541967559851,
      "stats": {
        "mean": {
          "btc": 0.00017154770053268346,
          "eth": 8.65258119829561e-05
        },
        "std": {
          "btc": 0.0037057766732977527,
          "eth": 0.004888902101590298
        },
        "min": {
          "btc": -0.019619547762256384,
          "eth": -0.02913186092280784
        },
        "max": {
          "btc": 0.019739125410830338,
          "eth": 0.0410922552310693
        }
      },
      "hedge_table": [
        {
          "target": "BTC",
          "hedge": "ETH",
          "hedge_ratio_units": 0.6760234526369335,
          "target_w": 0.596650362157327,
          "hedge_w": -0.40334963784267297
        },
        {
          "target": "ETH",
          "hedge": "BTC",
          "hedge_ratio_units": 1.1765921805947235,
          "target_w": 0.45943379238216503,
          "hedge_w": -0.540566207617835
        }
      ],
      "examples": [
        {
          "target": "BTC",
          "hedge": "ETH",
          "target_dollars": 59.665036215732705,
          "hedge_dollars": -40.334963784267295,
          "hedge_units_per_target_unit": -0.6760234526369335
        },
        {
          "target": "ETH",
          "hedge": "BTC",
          "target_dollars": 45.9433792382165,
          "hedge_dollars": -54.056620761783506,
          "hedge_units_per_target_unit": -1.1765921805947235
        }
      ]
    },
    "60": {
      "lookback_days": 60,
      "corr": 0.906238168811907,
      "stats": {
        "mean": {
          "btc": 9.596910271385381e-05,
          "eth": 9.46312305480626e-05
        },
        "std": {
          "btc": 0.004178101209380571,
          "eth": 0.00557424449682232
        },
        "min": {
          "btc": -0.019619547762256384,
          "eth": -0.030096491146448856
        },
        "max": {
          "btc": 0.022874680739771724,
          "eth": 0.041842617860856635
        }
      },
      "hedge_table": [
        {
          "target": "BTC",
          "hedge": "ETH",
          "hedge_ratio_units": 0.6792588289333792,
          "target_w": 0.5955008142700512,
          "hedge_w": -0.40449918572994875
        },
        {
          "target": "ETH",
          "hedge": "BTC",
          "hedge_ratio_units": 1.209064326629617,
          "target_w": 0.45268034431831417,
          "hedge_w": -0.5473196556816857
        }
      ],
      "examples": [
        {
          "target": "BTC",
          "hedge": "ETH",
          "target_dollars": 59.55008142700512,
          "hedge_dollars": -40.449918572994875,
          "hedge_units_per_target_unit": -0.6792588289333792
        },
        {
          "target": "ETH",
          "hedge": "BTC",
          "target_dollars": 45.26803443183142,
          "hedge_dollars": -54.731965568168576,
          "hedge_units_per_target_unit": -1.209064326629617
        }
      ]
    },
    "120": {
      "lookback_days": 120,
      "corr": 0.9013724704023636,
      "stats": {
        "mean": {
          "btc": -2.8014858247294027e-05,
          "eth": -7.785537063755384e-05
        },
        "std": {
          "btc": 0.005161307868937536,
          "eth": 0.006830126356274146
        },
        "min": {
          "btc": -0.03612262483146145,
          "eth": -0.04170398539552955
        },
        "max": {
          "btc": 0.0349913262434709,
          "eth": 0.04377388676562077
        }
      },
      "hedge_table": [
        {
          "target": "BTC",
          "hedge": "ETH",
          "hedge_ratio_units": 0.6811383247775239,
          "target_w": 0.5948350503117206,
          "hedge_w": -0.4051649496882795
        },
        {
          "target": "ETH",
          "hedge": "BTC",
          "hedge_ratio_units": 1.1928154691114066,
          "target_w": 0.4560347252590431,
          "hedge_w": -0.5439652747409569
        }
      ],
      "examples": [
        {
          "target": "BTC",
          "hedge": "ETH",
          "target_dollars": 59.48350503117206,
          "hedge_dollars": -40.51649496882795,
          "hedge_units_per_target_unit": -0.6811383247775239
        },
        {
          "target": "ETH",
          "hedge": "BTC",
          "target_dollars": 45.60347252590431,
          "hedge_dollars": -54.39652747409569,
          "hedge_units_per_target_unit": -1.1928154691114066
        }
      ]
    },
    "150": {
      "lookback_days": 150,
      "corr": 0.9006966278468626,
      "stats": {
        "mean": {
          "btc": -2.650244837995782e-05,
          "eth": -7.828853935589036e-05
        },
        "std": {
          "btc": 0.0049594699804423065,
          "eth": 0.006580563249106467
        },
        "min": {
          "btc": -0.03612262483146145,
          "eth": -0.04988725258205495
        },
        "max": {
          "btc": 0.0349913262434709,
          "eth": 0.04377388676562077
        }
      },
      "hedge_table": [
        {
          "target": "BTC",
          "hedge": "ETH",
          "hedge_ratio_units": 0.6788139127602297,
          "target_w": 0.5956586327997755,
          "hedge_w": -0.4043413672002245
        },
        {
          "target": "ETH",
          "hedge": "BTC",
          "hedge_ratio_units": 1.195105757505681,
          "target_w": 0.455558916275774,
          "hedge_w": -0.544441083724226
        }
      ],
      "examples": [
        {
          "target": "BTC",
          "hedge": "ETH",
          "target_dollars": 59.56586327997755,
          "hedge_dollars": -40.43413672002245,
          "hedge_units_per_target_unit": -0.6788139127602297
        },
        {
          "target": "ETH",
          "hedge": "BTC",
          "target_dollars": 45.5558916275774,
          "hedge_dollars": -54.4441083724226,
          "hedge_units_per_target_unit": -1.195105757505681
        }
      ]
    },
    "180": {
      "lookback_days": 180,
      "corr": 0.8987268249008817,
      "stats": {
        "mean": {
          "btc": -5.14743079429303e-05,
          "eth": -7.908365774043584e-05
        },
        "std": {
          "btc": 0.005086740878044766,
          "eth": 0.006899949596373504
        },
        "min": {
          "btc": -0.03714671634653788,
          "eth": -0.05178573218862892
        },
        "max": {
          "btc": 0.0349913262434709,
          "eth": 0.04377388676562077
        }
      },
      "hedge_table": [
        {
          "target": "BTC",
          "hedge": "ETH",
          "hedge_ratio_units": 0.6625541845728041,
          "target_w": 0.6014841556920152,
          "hedge_w": -0.3985158443079847
        },
        {
          "target": "ETH",
          "hedge": "BTC",
          "hedge_ratio_units": 1.2190850568956988,
          "target_w": 0.450636174081092,
          "hedge_w": -0.5493638259189081
        }
      ],
      "examples": [
        {
          "target": "BTC",
          "hedge": "ETH",
          "target_dollars": 60.14841556920152,
          "hedge_dollars": -39.85158443079847,
          "hedge_units_per_target_unit": -0.6625541845728041
        },
        {
          "target": "ETH",
          "hedge": "BTC",
          "target_dollars": 45.0636174081092,
          "hedge_dollars": -54.93638259189081,
          "hedge_units_per_target_unit": -1.2190850568956988
        }
      ]
    }
  },
  "example_notional": 100.0,
  "provider": "cryptocompare"
}