{
  "generated_at": "2026-01-07T01:28:54.737756Z",
  "lookbacks": {
    "30": {
      "lookback_days": 30,
      "corr": 0.8961883529839998,
      "stats": {
        "mean": {
          "btc": 2.5146991264421108e-05,
          "eth": 8.016825678131966e-05
        },
        "std": {
          "btc": 0.0042019568609833165,
          "eth": 0.0058438477407947555
        },
        "min": {
          "btc": -0.027358625956130256,
          "eth": -0.04988725258205495
        },
        "max": {
          "btc": 0.026004133739085944,
          "eth": 0.04132265866066209
        }
      },
      "hedge_table": [
        {
          "target": "BTC",
          "hedge": "ETH",
          "hedge_ratio_units": 0.644394749073719,
          "target_w": 0.6081264857865157,
          "hedge_w": -0.3918735142134843
        },
        {
          "target": "ETH",
          "hedge": "BTC",
          "hedge_ratio_units": 1.2463688836364077,
          "target_w": 0.4451628614002195,
          "hedge_w": -0.5548371385997805
        }
      ],
      "examples": [
        {
          "target": "BTC",
          "hedge": "ETH",
          "target_dollars": 60.812648578651576,
          "hedge_dollars": -39.18735142134843,
          "hedge_units_per_target_unit": -0.644394749073719
        },
        {
          "target": "ETH",
          "hedge": "BTC",
          "target_dollars": 44.51628614002195,
          "hedge_dollars": -55.483713859978046,
          "hedge_units_per_target_unit": -1.2463688836364077
        }
      ]
    },
    "60": {
      "lookback_days": 60,
      "corr": 0.891153933355028,
      "stats": {
        "mean": {
          "btc": -6.15100063196931e-05,
          "eth": -1.3416994790795812e-05
        },
        "std": {
          "btc": 0.004933875161920226,
          "eth": 0.00705264062280203
        },
        "min": {
          "btc": -0.03714671634653788,
          "eth": -0.05178573218862892
        },
        "max": {
          "btc": 0.026004133739085944,
          "eth": 0.04132265866066209
        }
      },
      "hedge_table": [
        {
          "target": "BTC",
          "hedge": "ETH",
          "hedge_ratio_units": 0.6234320579177632,
          "target_w": 0.615978965749028,
          "hedge_w": -0.38402103425097195
        },
        {
          "target": "ETH",
          "hedge": "BTC",
          "hedge_ratio_units": 1.273844235066421,
          "target_w": 0.4397838623149088,
          "hedge_w": -0.5602161376850912
        }
      ],
      "examples": [
        {
          "target": "BTC",
          "hedge": "ETH",
          "target_dollars": 61.5978965749028,
          "hedge_dollars": -38.402103425097195,
          "hedge_units_per_target_unit": -0.6234320579177632
        },
        {
          "target": "ETH",
          "hedge": "BTC",
          "target_dollars": 43.97838623149088,
          "hedge_dollars": -56.02161376850911,
          "hedge_units_per_target_unit": -1.273844235066421
        }
      ]
    },
    "120": {
      "lookback_days": 120,
      "corr": 0.863779562655002,
      "stats": {
        "mean": {
          "btc": -5.433669827696505e-05,
          "eth": -7.218221745131128e-05
        },
        "std": {
          "btc": 0.004511280219761766,
          "eth": 0.006893742342940136
        },
        "min": {
          "btc": -0.03714671634653788,
          "eth": -0.05178573218862892
        },
        "max": {
          "btc": 0.03468753462614105,
          "eth": 0.04368288914132212
        }
      },
      "hedge_table": [
        {
          "target": "BTC",
          "hedge": "ETH",
          "hedge_ratio_units": 0.5652592541742778,
          "target_w": 0.6388718018009935,
          "hedge_w": -0.3611281981990066
        },
        {
          "target": "ETH",
          "hedge": "BTC",
          "hedge_ratio_units": 1.3199520880916495,
          "target_w": 0.43104338453066154,
          "hedge_w": -0.5689566154693385
        }
      ],
      "examples": [
        {
          "target": "BTC",
          "hedge": "ETH",
          "target_dollars": 63.88718018009934,
          "hedge_dollars": -36.11281981990066,
          "hedge_units_per_target_unit": -0.5652592541742778
        },
        {
          "target": "ETH",
          "hedge": "BTC",
          "target_dollars": 43.104338453066156,
          "hedge_dollars": -56.89566154693385,
          "hedge_units_per_target_unit": -1.3199520880916495
        }
      ]
    },
    "150": {
      "lookback_days": 150,
      "corr": 0.8410028545479407,
      "stats": {
        "mean": {
          "btc": -5.663841056022371e-05,
          "eth": -4.939246623171689e-05
        },
        "std": {
          "btc": 0.004361306657431856,
          "eth": 0.007015994016176003
        },
        "min": {
          "btc": -0.03714671634653788,
          "eth": -0.05178573218862892
        },
        "max": {
          "btc": 0.03468753462614105,
          "eth": 0.0757825447476439
        }
      },
      "hedge_table": [
        {
          "target": "BTC",
          "hedge": "ETH",
          "hedge_ratio_units": 0.5227871261010945,
          "target_w": 0.6566906055742503,
          "hedge_w": -0.34330939442574965
        },
        {
          "target": "ETH",
          "hedge": "BTC",
          "hedge_ratio_units": 1.3529135780994967,
          "target_w": 0.42500498501424916,
          "hedge_w": -0.5749950149857508
        }
      ],
      "examples": [
        {
          "target": "BTC",
          "hedge": "ETH",
          "target_dollars": 65.66906055742503,
          "hedge_dollars": -34.330939442574966,
          "hedge_units_per_target_unit": -0.5227871261010945
        },
        {
          "target": "ETH",
          "hedge": "BTC",
          "target_dollars": 42.500498501424914,
          "hedge_dollars": -57.49950149857508,
          "hedge_units_per_target_unit": -1.3529135780994967
        }
      ]
    },
    "180": {
      "lookback_days": 180,
      "corr": 0.8244640744032512,
      "stats": {
        "mean": {
          "btc": -4.511982519367608e-05,
          "eth": 4.569406529220267e-05
        },
        "std": {
          "btc": 0.004187165696321579,
          "eth": 0.006954108920952235
        },
        "min": {
          "btc": -0.03714671634653788,
          "eth": -0.05178573218862892
        },
        "max": {
          "btc": 0.03468753462614105,
          "eth": 0.0757825447476439
        }
      },
      "hedge_table": [
        {
          "target": "BTC",
          "hedge": "ETH",
          "hedge_ratio_units": 0.4964212855208062,
          "target_w": 0.6682610102354735,
          "hedge_w": -0.3317389897645264
        },
        {
          "target": "ETH",
          "hedge": "BTC",
          "hedge_ratio_units": 1.3692825626291967,
          "target_w": 0.4220686952974906,
          "hedge_w": -0.5779313047025094
        }
      ],
      "examples": [
        {
          "target": "BTC",
          "hedge": "ETH",
          "target_dollars": 66.82610102354735,
          "hedge_dollars": -33.17389897645264,
          "hedge_units_per_target_unit": -0.4964212855208062
        },
        {
          "target": "ETH",
          "hedge": "BTC",
          "target_dollars": 42.206869529749056,
          "hedge_dollars": -57.793130470250944,
          "hedge_units_per_target_unit": -1.3692825626291967
        }
      ]
    }
  },
  "example_notional": 100.0,
  "provider": "cryptocompare"
}