{
  "generated_at": "2026-04-03T08:51:37.237885Z",
  "lookbacks": {
    "30": {
      "lookback_days": 30,
      "corr": 0.910112910452551,
      "stats": {
        "mean": {
          "btc": -7.952180197782555e-05,
          "eth": 1.1516664613140687e-05
        },
        "std": {
          "btc": 0.004857631536702097,
          "eth": 0.006404070070505282
        },
        "min": {
          "btc": -0.0193691951400623,
          "eth": -0.030096491146448856
        },
        "max": {
          "btc": 0.02490195224471292,
          "eth": 0.041842617860856635
        }
      },
      "hedge_table": [
        {
          "target": "BTC",
          "hedge": "ETH",
          "hedge_ratio_units": 0.6903411622767,
          "target_w": 0.5915965500438457,
          "hedge_w": -0.4084034499561543
        },
        {
          "target": "ETH",
          "hedge": "BTC",
          "hedge_ratio_units": 1.1998495164922744,
          "target_w": 0.45457654830614497,
          "hedge_w": -0.5454234516938551
        }
      ],
      "examples": [
        {
          "target": "BTC",
          "hedge": "ETH",
          "target_dollars": 59.15965500438457,
          "hedge_dollars": -40.84034499561543,
          "hedge_units_per_target_unit": -0.6903411622767
        },
        {
          "target": "ETH",
          "hedge": "BTC",
          "target_dollars": 45.457654830614494,
          "hedge_dollars": -54.542345169385506,
          "hedge_units_per_target_unit": -1.1998495164922744
        }
      ]
    },
    "60": {
      "lookback_days": 60,
      "corr": 0.9106007062264906,
      "stats": {
        "mean": {
          "btc": -8.433823461486213e-05,
          "eth": -4.258553033672906e-05
        },
        "std": {
          "btc": 0.006070026791157531,
          "eth": 0.0077701671195623
        },
        "min": {
          "btc": -0.03612262483146145,
          "eth": -0.04170398539552955
        },
        "max": {
          "btc": 0.0349913262434709,
          "eth": 0.04260060177264258
        }
      },
      "hedge_table": [
        {
          "target": "BTC",
          "hedge": "ETH",
          "hedge_ratio_units": 0.7113580181468643,
          "target_w": 0.58433126756425,
          "hedge_w": -0.41566873243575
        },
        {
          "target": "ETH",
          "hedge": "BTC",
          "hedge_ratio_units": 1.1656488364892392,
          "target_w": 0.46175537933523547,
          "hedge_w": -0.5382446206647645
        }
      ],
      "examples": [
        {
          "target": "BTC",
          "hedge": "ETH",
          "target_dollars": 58.433126756425004,
          "hedge_dollars": -41.566873243574996,
          "hedge_units_per_target_unit": -0.7113580181468643
        },
        {
          "target": "ETH",
          "hedge": "BTC",
          "target_dollars": 46.17553793352355,
          "hedge_dollars": -53.82446206647645,
          "hedge_units_per_target_unit": -1.1656488364892392
        }
      ]
    },
    "120": {
      "lookback_days": 120,
      "corr": 0.9004183917772167,
      "stats": {
        "mean": {
          "btc": -0.00010188950401688396,
          "eth": -0.0001277384462831655
        },
        "std": {
          "btc": 0.005265403857691114,
          "eth": 0.007068602057827141
        },
        "min": {
          "btc": -0.03612262483146145,
          "eth": -0.04988725258205495
        },
        "max": {
          "btc": 0.0349913262434709,
          "eth": 0.04377388676562077
        }
      },
      "hedge_table": [
        {
          "target": "BTC",
          "hedge": "ETH",
          "hedge_ratio_units": 0.6707219383428087,
          "target_w": 0.598543645743888,
          "hedge_w": -0.401456354256112
        },
        {
          "target": "ETH",
          "hedge": "BTC",
          "hedge_ratio_units": 1.2087770414276955,
          "target_w": 0.4527392223135506,
          "hedge_w": -0.5472607776864494
        }
      ],
      "examples": [
        {
          "target": "BTC",
          "hedge": "ETH",
          "target_dollars": 59.854364574388796,
          "hedge_dollars": -40.1456354256112,
          "hedge_units_per_target_unit": -0.6707219383428087
        },
        {
          "target": "ETH",
          "hedge": "BTC",
          "target_dollars": 45.273922231355066,
          "hedge_dollars": -54.72607776864494,
          "hedge_units_per_target_unit": -1.2087770414276955
        }
      ]
    },
    "150": {
      "lookback_days": 150,
      "corr": 0.8943980266950707,
      "stats": {
        "mean": {
          "btc": -0.00010754564248352865,
          "eth": -0.00011945680484315682
        },
        "std": {
          "btc": 0.005334617639215701,
          "eth": 0.007322027660655872
        },
        "min": {
          "btc": -0.03714671634653788,
          "eth": -0.05178573218862892
        },
        "max": {
          "btc": 0.0349913262434709,
          "eth": 0.04377388676562077
        }
      },
      "hedge_table": [
        {
          "target": "BTC",
          "hedge": "ETH",
          "hedge_ratio_units": 0.651632540986584,
          "target_w": 0.6054615510316002,
          "hedge_w": -0.39453844896839985
        },
        {
          "target": "ETH",
          "hedge": "BTC",
          "hedge_ratio_units": 1.2276057130985207,
          "target_w": 0.4489124776974267,
          "hedge_w": -0.5510875223025733
        }
      ],
      "examples": [
        {
          "target": "BTC",
          "hedge": "ETH",
          "target_dollars": 60.54615510316002,
          "hedge_dollars": -39.45384489683998,
          "hedge_units_per_target_unit": -0.651632540986584
        },
        {
          "target": "ETH",
          "hedge": "BTC",
          "target_dollars": 44.89124776974267,
          "hedge_dollars": -55.10875223025733,
          "hedge_units_per_target_unit": -1.2276057130985207
        }
      ]
    },
    "180": {
      "lookback_days": 180,
      "corr": 0.8852570087028107,
      "stats": {
        "mean": {
          "btc": -0.00012708863128437417,
          "eth": -0.0001560118163486611
        },
        "std": {
          "btc": 0.005238044353473285,
          "eth": 0.007377499932667362
        },
        "min": {
          "btc": -0.03714671634653788,
          "eth": -0.05178573218862892
        },
        "max": {
          "btc": 0.0349913262434709,
          "eth": 0.04377388676562077
        }
      },
      "hedge_table": [
        {
          "target": "BTC",
          "hedge": "ETH",
          "hedge_ratio_units": 0.6285348042194937,
          "target_w": 0.6140488968421335,
          "hedge_w": -0.38595110315786646
        },
        {
          "target": "ETH",
          "hedge": "BTC",
          "hedge_ratio_units": 1.2468362391333472,
          "target_w": 0.445070264838581,
          "hedge_w": -0.5549297351614191
        }
      ],
      "examples": [
        {
          "target": "BTC",
          "hedge": "ETH",
          "target_dollars": 61.40488968421335,
          "hedge_dollars": -38.59511031578665,
          "hedge_units_per_target_unit": -0.6285348042194937
        },
        {
          "target": "ETH",
          "hedge": "BTC",
          "target_dollars": 44.5070264838581,
          "hedge_dollars": -55.49297351614191,
          "hedge_units_per_target_unit": -1.2468362391333472
        }
      ]
    }
  },
  "example_notional": 100.0,
  "provider": "cryptocompare"
}