{
  "generated_at": "2026-07-24T10:13:39.463129Z",
  "lookbacks": {
    "30": {
      "lookback_days": 30,
      "corr": 0.8991077471443355,
      "stats": {
        "mean": {
          "btc": 0.002352261125259164,
          "eth": 0.005347909085541724
        },
        "std": {
          "btc": 0.01619291126395373,
          "eth": 0.023484203672079075
        },
        "min": {
          "btc": -0.02637081508573591,
          "eth": -0.03371209129891051
        },
        "max": {
          "btc": 0.043426478660731904,
          "eth": 0.06550874330930889
        }
      },
      "hedge_table": [
        {
          "target": "BTC",
          "hedge": "ETH",
          "hedge_ratio_units": 0.6199559571845868,
          "target_w": 0.6173007331248417,
          "hedge_w": -0.38269926687515843
        },
        {
          "target": "ETH",
          "hedge": "BTC",
          "hedge_ratio_units": 1.3039551142409127,
          "target_w": 0.43403623352682863,
          "hedge_w": -0.5659637664731713
        }
      ],
      "examples": [
        {
          "target": "BTC",
          "hedge": "ETH",
          "target_dollars": 61.730073312484166,
          "hedge_dollars": -38.26992668751584,
          "hedge_units_per_target_unit": -0.6199559571845868
        },
        {
          "target": "ETH",
          "hedge": "BTC",
          "target_dollars": 43.403623352682864,
          "hedge_dollars": -56.59637664731713,
          "hedge_units_per_target_unit": -1.3039551142409127
        }
      ]
    },
    "60": {
      "lookback_days": 60,
      "corr": 0.8883108847471096,
      "stats": {
        "mean": {
          "btc": -0.002711838728115777,
          "eth": -0.0015632455288096226
        },
        "std": {
          "btc": 0.02002406590803811,
          "eth": 0.029035762778235618
        },
        "min": {
          "btc": -0.06440002855166493,
          "eth": -0.10546611480588552
        },
        "max": {
          "btc": 0.043426478660731904,
          "eth": 0.07597353072906099
        }
      },
      "hedge_table": [
        {
          "target": "BTC",
          "hedge": "ETH",
          "hedge_ratio_units": 0.6126098990014082,
          "target_w": 0.6201127753334762,
          "hedge_w": -0.3798872246665238
        },
        {
          "target": "ETH",
          "hedge": "BTC",
          "hedge_ratio_units": 1.2880892542651825,
          "target_w": 0.4370458880202857,
          "hedge_w": -0.5629541119797142
        }
      ],
      "examples": [
        {
          "target": "BTC",
          "hedge": "ETH",
          "target_dollars": 62.01127753334762,
          "hedge_dollars": -37.98872246665238,
          "hedge_units_per_target_unit": -0.6126098990014082
        },
        {
          "target": "ETH",
          "hedge": "BTC",
          "target_dollars": 43.704588802028574,
          "hedge_dollars": -56.295411197971426,
          "hedge_units_per_target_unit": -1.2880892542651825
        }
      ]
    },
    "120": {
      "lookback_days": 120,
      "corr": 0.8565502397074096,
      "stats": {
        "mean": {
          "btc": -0.0002851355163586373,
          "eth": -0.00041103565865513496
        },
        "std": {
          "btc": 0.01885193987494105,
          "eth": 0.027210304656498565
        },
        "min": {
          "btc": -0.06440002855166493,
          "eth": -0.10546611480588552
        },
        "max": {
          "btc": 0.05407539243617032,
          "eth": 0.08441117821364075
        }
      },
      "hedge_table": [
        {
          "target": "BTC",
          "hedge": "ETH",
          "hedge_ratio_units": 0.5934381780239985,
          "target_w": 0.6275737670852638,
          "hedge_w": -0.37242623291473614
        },
        {
          "target": "ETH",
          "hedge": "BTC",
          "hedge_ratio_units": 1.2363180198243855,
          "target_w": 0.4471635926264764,
          "hedge_w": -0.5528364073735236
        }
      ],
      "examples": [
        {
          "target": "BTC",
          "hedge": "ETH",
          "target_dollars": 62.75737670852638,
          "hedge_dollars": -37.24262329147361,
          "hedge_units_per_target_unit": -0.5934381780239985
        },
        {
          "target": "ETH",
          "hedge": "BTC",
          "target_dollars": 44.71635926264764,
          "hedge_dollars": -55.28364073735236,
          "hedge_units_per_target_unit": -1.2363180198243855
        }
      ]
    },
    "150": {
      "lookback_days": 150,
      "corr": 0.885513632293665,
      "stats": {
        "mean": {
          "btc": 0.0003192170366659539,
          "eth": 0.0005287719041806605
        },
        "std": {
          "btc": 0.020959933658350215,
          "eth": 0.029798719732230233
        },
        "min": {
          "btc": -0.06440002855166493,
          "eth": -0.10546611480588552
        },
        "max": {
          "btc": 0.0653829902921168,
          "eth": 0.10853490993962267
        }
      },
      "hedge_table": [
        {
          "target": "BTC",
          "hedge": "ETH",
          "hedge_ratio_units": 0.6228558526413857,
          "target_w": 0.6161976729925731,
          "hedge_w": -0.3838023270074269
        },
        {
          "target": "ETH",
          "hedge": "BTC",
          "hedge_ratio_units": 1.2589339726882072,
          "target_w": 0.44268668854006676,
          "hedge_w": -0.5573133114599332
        }
      ],
      "examples": [
        {
          "target": "BTC",
          "hedge": "ETH",
          "target_dollars": 61.61976729925731,
          "hedge_dollars": -38.38023270074269,
          "hedge_units_per_target_unit": -0.6228558526413857
        },
        {
          "target": "ETH",
          "hedge": "BTC",
          "target_dollars": 44.26866885400668,
          "hedge_dollars": -55.73133114599332,
          "hedge_units_per_target_unit": -1.2589339726882072
        }
      ]
    },
    "180": {
      "lookback_days": 180,
      "corr": 0.9034441699442914,
      "stats": {
        "mean": {
          "btc": -0.0012712375168361758,
          "eth": -0.001665012820287117
        },
        "std": {
          "btc": 0.02555233144960389,
          "eth": 0.03439337533903846
        },
        "min": {
          "btc": -0.1407210198564942,
          "eth": -0.14906408401127258
        },
        "max": {
          "btc": 0.11937746810242245,
          "eth": 0.12718958751547138
        }
      },
      "hedge_table": [
        {
          "target": "BTC",
          "hedge": "ETH",
          "hedge_ratio_units": 0.6712078895736028,
          "target_w": 0.5983696021535317,
          "hedge_w": -0.40163039784646837
        },
        {
          "target": "ETH",
          "hedge": "BTC",
          "hedge_ratio_units": 1.2160336326273566,
          "target_w": 0.45125668910285793,
          "hedge_w": -0.548743310897142
        }
      ],
      "examples": [
        {
          "target": "BTC",
          "hedge": "ETH",
          "target_dollars": 59.83696021535317,
          "hedge_dollars": -40.163039784646834,
          "hedge_units_per_target_unit": -0.6712078895736028
        },
        {
          "target": "ETH",
          "hedge": "BTC",
          "target_dollars": 45.125668910285796,
          "hedge_dollars": -54.874331089714204,
          "hedge_units_per_target_unit": -1.2160336326273566
        }
      ]
    }
  },
  "example_notional": 100.0,
  "provider": "coingecko"
}