{
  "generated_at": "2026-01-02T01:28:56.720404Z",
  "lookback_days": 180,
  "example_notional": 100.0,
  "provider": "cryptocompare",
  "corr": 0.8249538203092106,
  "stats": {
    "mean": {
      "btc": -3.717462326897081e-05,
      "eth": 6.551524685107563e-05
    },
    "std": {
      "btc": 0.004202189013910343,
      "eth": 0.007025007743915406
    },
    "min": {
      "btc": -0.03714671634653788,
      "eth": -0.05178573218862892
    },
    "max": {
      "btc": 0.03468753462614105,
      "eth": 0.0757825447476439
    }
  },
  "hedge_table": [
    {
      "target": "BTC",
      "hedge": "ETH",
      "hedge_ratio_units": 0.4934673394046121,
      "target_w": 0.669582771323718,
      "hedge_w": -0.330417228676282
    },
    {
      "target": "ETH",
      "hedge": "BTC",
      "hedge_ratio_units": 1.3791162074958607,
      "target_w": 0.42032415098064935,
      "hedge_w": -0.5796758490193507
    }
  ],
  "examples": [
    {
      "target": "BTC",
      "hedge": "ETH",
      "target_dollars": 66.9582771323718,
      "hedge_dollars": -33.041722867628195,
      "hedge_units_per_target_unit": -0.4934673394046121
    },
    {
      "target": "ETH",
      "hedge": "BTC",
      "target_dollars": 42.03241509806494,
      "hedge_dollars": -57.96758490193506,
      "hedge_units_per_target_unit": -1.3791162074958607
    }
  ]
}