{
  "generated_at": "2026-03-09T01:59:42.178664Z",
  "lookbacks": {
    "30": {
      "lookback_days": 30,
      "corr": 0.9054431042461737,
      "stats": {
        "mean": {
          "btc": -6.60200973972914e-05,
          "eth": -5.090703238138228e-05
        },
        "std": {
          "btc": 0.00591285165532769,
          "eth": 0.007377772353375066
        },
        "min": {
          "btc": -0.03612262483146145,
          "eth": -0.04038541666666662
        },
        "max": {
          "btc": 0.029223763595974894,
          "eth": 0.035902309432658264
        }
      },
      "hedge_table": [
        {
          "target": "BTC",
          "hedge": "ETH",
          "hedge_ratio_units": 0.7256595217793459,
          "target_w": 0.5794885882059106,
          "hedge_w": -0.4205114117940894
        },
        {
          "target": "ETH",
          "hedge": "BTC",
          "hedge_ratio_units": 1.1297684250276196,
          "target_w": 0.4695346161811144,
          "hedge_w": -0.5304653838188855
        }
      ],
      "examples": [
        {
          "target": "BTC",
          "hedge": "ETH",
          "target_dollars": 57.94885882059106,
          "hedge_dollars": -42.051141179408944,
          "hedge_units_per_target_unit": -0.7256595217793459
        },
        {
          "target": "ETH",
          "hedge": "BTC",
          "target_dollars": 46.95346161811144,
          "hedge_dollars": -53.04653838188855,
          "hedge_units_per_target_unit": -1.1297684250276196
        }
      ]
    },
    "60": {
      "lookback_days": 60,
      "corr": 0.8991874921483914,
      "stats": {
        "mean": {
          "btc": -0.00020213690686414297,
          "eth": -0.000305164479226703
        },
        "std": {
          "btc": 0.005926847925377836,
          "eth": 0.007850163309697596
        },
        "min": {
          "btc": -0.03612262483146145,
          "eth": -0.04170398539552955
        },
        "max": {
          "btc": 0.0349913262434709,
          "eth": 0.04377388676562077
        }
      },
      "hedge_table": [
        {
          "target": "BTC",
          "hedge": "ETH",
          "hedge_ratio_units": 0.6788836502015,
          "target_w": 0.5956338903413466,
          "hedge_w": -0.4043661096586533
        },
        {
          "target": "ETH",
          "hedge": "BTC",
          "hedge_ratio_units": 1.1909819094864498,
          "target_w": 0.4564163654981491,
          "hedge_w": -0.543583634501851
        }
      ],
      "examples": [
        {
          "target": "BTC",
          "hedge": "ETH",
          "target_dollars": 59.56338903413466,
          "hedge_dollars": -40.436610965865334,
          "hedge_units_per_target_unit": -0.6788836502015
        },
        {
          "target": "ETH",
          "hedge": "BTC",
          "target_dollars": 45.64163654981491,
          "hedge_dollars": -54.358363450185095,
          "hedge_units_per_target_unit": -1.1909819094864498
        }
      ]
    },
    "120": {
      "lookback_days": 120,
      "corr": 0.8957464751618736,
      "stats": {
        "mean": {
          "btc": -0.0001338189438087277,
          "eth": -0.000162529264293947
        },
        "std": {
          "btc": 0.005456759465113625,
          "eth": 0.007462278822313841
        },
        "min": {
          "btc": -0.03714671634653788,
          "eth": -0.05178573218862892
        },
        "max": {
          "btc": 0.0349913262434709,
          "eth": 0.04377388676562077
        }
      },
      "hedge_table": [
        {
          "target": "BTC",
          "hedge": "ETH",
          "hedge_ratio_units": 0.6550107779497483,
          "target_w": 0.6042256723178654,
          "hedge_w": -0.39577432768213466
        },
        {
          "target": "ETH",
          "hedge": "BTC",
          "hedge_ratio_units": 1.2249596110103662,
          "target_w": 0.44944636075703626,
          "hedge_w": -0.5505536392429639
        }
      ],
      "examples": [
        {
          "target": "BTC",
          "hedge": "ETH",
          "target_dollars": 60.42256723178654,
          "hedge_dollars": -39.57743276821347,
          "hedge_units_per_target_unit": -0.6550107779497483
        },
        {
          "target": "ETH",
          "hedge": "BTC",
          "target_dollars": 44.94463607570363,
          "hedge_dollars": -55.05536392429639,
          "hedge_units_per_target_unit": -1.2249596110103662
        }
      ]
    },
    "150": {
      "lookback_days": 150,
      "corr": 0.8838874394362288,
      "stats": {
        "mean": {
          "btc": -0.00015347708519063854,
          "eth": -0.0001954756631844023
        },
        "std": {
          "btc": 0.005338669409739618,
          "eth": 0.0075743268004447245
        },
        "min": {
          "btc": -0.03714671634653788,
          "eth": -0.05178573218862892
        },
        "max": {
          "btc": 0.0349913262434709,
          "eth": 0.04377388676562077
        }
      },
      "hedge_table": [
        {
          "target": "BTC",
          "hedge": "ETH",
          "hedge_ratio_units": 0.6229969948344731,
          "target_w": 0.6161440860227769,
          "hedge_w": -0.38385591397722313
        },
        {
          "target": "ETH",
          "hedge": "BTC",
          "hedge_ratio_units": 1.2540301350903122,
          "target_w": 0.4436497917362284,
          "hedge_w": -0.5563502082637715
        }
      ],
      "examples": [
        {
          "target": "BTC",
          "hedge": "ETH",
          "target_dollars": 61.61440860227769,
          "hedge_dollars": -38.385591397722315,
          "hedge_units_per_target_unit": -0.6229969948344731
        },
        {
          "target": "ETH",
          "hedge": "BTC",
          "target_dollars": 44.36497917362284,
          "hedge_dollars": -55.63502082637714,
          "hedge_units_per_target_unit": -1.2540301350903122
        }
      ]
    },
    "180": {
      "lookback_days": 180,
      "corr": 0.8768687297758783,
      "stats": {
        "mean": {
          "btc": -0.00010777875136970063,
          "eth": -0.00015829795326103438
        },
        "std": {
          "btc": 0.005026681814555469,
          "eth": 0.0072297503701972896
        },
        "min": {
          "btc": -0.03714671634653788,
          "eth": -0.05178573218862892
        },
        "max": {
          "btc": 0.0349913262434709,
          "eth": 0.04377388676562077
        }
      },
      "hedge_table": [
        {
          "target": "BTC",
          "hedge": "ETH",
          "hedge_ratio_units": 0.6096669832317433,
          "target_w": 0.6212465127366225,
          "hedge_w": -0.37875348726337743
        },
        {
          "target": "ETH",
          "hedge": "BTC",
          "hedge_ratio_units": 1.2611782996398422,
          "target_w": 0.4422473009577701,
          "hedge_w": -0.55775269904223
        }
      ],
      "examples": [
        {
          "target": "BTC",
          "hedge": "ETH",
          "target_dollars": 62.124651273662245,
          "hedge_dollars": -37.87534872633774,
          "hedge_units_per_target_unit": -0.6096669832317433
        },
        {
          "target": "ETH",
          "hedge": "BTC",
          "target_dollars": 44.22473009577701,
          "hedge_dollars": -55.775269904223,
          "hedge_units_per_target_unit": -1.2611782996398422
        }
      ]
    }
  },
  "example_notional": 100.0,
  "provider": "cryptocompare"
}