{
  "generated_at": "2026-03-14T16:29:15.389012Z",
  "lookbacks": {
    "30": {
      "lookback_days": 30,
      "corr": 0.9190312652142869,
      "stats": {
        "mean": {
          "btc": 0.00012506562387483203,
          "eth": 0.00014277554858470914
        },
        "std": {
          "btc": 0.005776272969886899,
          "eth": 0.007205198840898381
        },
        "min": {
          "btc": -0.03612262483146145,
          "eth": -0.04038541666666662
        },
        "max": {
          "btc": 0.029223763595974894,
          "eth": 0.035902309432658264
        }
      },
      "hedge_table": [
        {
          "target": "BTC",
          "hedge": "ETH",
          "hedge_ratio_units": 0.7367701534627381,
          "target_w": 0.5757814285363091,
          "hedge_w": -0.424218571463691
        },
        {
          "target": "ETH",
          "hedge": "BTC",
          "hedge_ratio_units": 1.1463798614422145,
          "target_w": 0.46590075594916885,
          "hedge_w": -0.5340992440508312
        }
      ],
      "examples": [
        {
          "target": "BTC",
          "hedge": "ETH",
          "target_dollars": 57.57814285363091,
          "hedge_dollars": -42.4218571463691,
          "hedge_units_per_target_unit": -0.7367701534627381
        },
        {
          "target": "ETH",
          "hedge": "BTC",
          "target_dollars": 46.59007559491688,
          "hedge_dollars": -53.40992440508312,
          "hedge_units_per_target_unit": -1.1463798614422145
        }
      ]
    },
    "60": {
      "lookback_days": 60,
      "corr": 0.9006721193266102,
      "stats": {
        "mean": {
          "btc": -0.00017372758055621404,
          "eth": -0.00026367061470358716
        },
        "std": {
          "btc": 0.006094162991677063,
          "eth": 0.008031370273967215
        },
        "min": {
          "btc": -0.03612262483146145,
          "eth": -0.04170398539552955
        },
        "max": {
          "btc": 0.0349913262434709,
          "eth": 0.04377388676562077
        }
      },
      "hedge_table": [
        {
          "target": "BTC",
          "hedge": "ETH",
          "hedge_ratio_units": 0.6834254317755767,
          "target_w": 0.5940269055726808,
          "hedge_w": -0.4059730944273191
        },
        {
          "target": "ETH",
          "hedge": "BTC",
          "hedge_ratio_units": 1.1869769967803494,
          "target_w": 0.45725218027999026,
          "hedge_w": -0.5427478197200097
        }
      ],
      "examples": [
        {
          "target": "BTC",
          "hedge": "ETH",
          "target_dollars": 59.40269055726808,
          "hedge_dollars": -40.59730944273191,
          "hedge_units_per_target_unit": -0.6834254317755767
        },
        {
          "target": "ETH",
          "hedge": "BTC",
          "target_dollars": 45.72521802799903,
          "hedge_dollars": -54.27478197200097,
          "hedge_units_per_target_unit": -1.1869769967803494
        }
      ]
    },
    "120": {
      "lookback_days": 120,
      "corr": 0.8983587836020718,
      "stats": {
        "mean": {
          "btc": -9.06473491423231e-05,
          "eth": -0.00012044412204905276
        },
        "std": {
          "btc": 0.005477573532314505,
          "eth": 0.007398923532559146
        },
        "min": {
          "btc": -0.03714671634653788,
          "eth": -0.05178573218862892
        },
        "max": {
          "btc": 0.0349913262434709,
          "eth": 0.04377388676562077
        }
      },
      "hedge_table": [
        {
          "target": "BTC",
          "hedge": "ETH",
          "hedge_ratio_units": 0.6650732736899827,
          "target_w": 0.600574170399055,
          "hedge_w": -0.399425829600945
        },
        {
          "target": "ETH",
          "hedge": "BTC",
          "hedge_ratio_units": 1.213473065301962,
          "target_w": 0.4517787072613779,
          "hedge_w": -0.5482212927386221
        }
      ],
      "examples": [
        {
          "target": "BTC",
          "hedge": "ETH",
          "target_dollars": 60.0574170399055,
          "hedge_dollars": -39.942582960094505,
          "hedge_units_per_target_unit": -0.6650732736899827
        },
        {
          "target": "ETH",
          "hedge": "BTC",
          "target_dollars": 45.17787072613779,
          "hedge_dollars": -54.82212927386221,
          "hedge_units_per_target_unit": -1.213473065301962
        }
      ]
    },
    "150": {
      "lookback_days": 150,
      "corr": 0.8927587702122112,
      "stats": {
        "mean": {
          "btc": -0.0001116944806099744,
          "eth": -0.0001544396524479894
        },
        "std": {
          "btc": 0.005358470602744001,
          "eth": 0.007399390860631311
        },
        "min": {
          "btc": -0.03714671634653788,
          "eth": -0.05178573218862892
        },
        "max": {
          "btc": 0.0349913262434709,
          "eth": 0.04377388676562077
        }
      },
      "hedge_table": [
        {
          "target": "BTC",
          "hedge": "ETH",
          "hedge_ratio_units": 0.6465156004903717,
          "target_w": 0.60734316741498,
          "hedge_w": -0.3926568325850201
        },
        {
          "target": "ETH",
          "hedge": "BTC",
          "hedge_ratio_units": 1.2327903938996894,
          "target_w": 0.4478700744736929,
          "hedge_w": -0.5521299255263071
        }
      ],
      "examples": [
        {
          "target": "BTC",
          "hedge": "ETH",
          "target_dollars": 60.734316741498,
          "hedge_dollars": -39.26568325850201,
          "hedge_units_per_target_unit": -0.6465156004903717
        },
        {
          "target": "ETH",
          "hedge": "BTC",
          "target_dollars": 44.78700744736929,
          "hedge_dollars": -55.212992552630716,
          "hedge_units_per_target_unit": -1.2327903938996894
        }
      ]
    },
    "180": {
      "lookback_days": 180,
      "corr": 0.8792657365563502,
      "stats": {
        "mean": {
          "btc": -9.999310855391835e-05,
          "eth": -0.0001530155591803635
        },
        "std": {
          "btc": 0.005108457513636441,
          "eth": 0.0072905445809342525
        },
        "min": {
          "btc": -0.03714671634653788,
          "eth": -0.05178573218862892
        },
        "max": {
          "btc": 0.0349913262434709,
          "eth": 0.04377388676562077
        }
      },
      "hedge_table": [
        {
          "target": "BTC",
          "hedge": "ETH",
          "hedge_ratio_units": 0.6160982363568204,
          "target_w": 0.6187742660089189,
          "hedge_w": -0.381225733991081
        },
        {
          "target": "ETH",
          "hedge": "BTC",
          "hedge_ratio_units": 1.2548457207954522,
          "target_w": 0.443489322030966,
          "hedge_w": -0.556510677969034
        }
      ],
      "examples": [
        {
          "target": "BTC",
          "hedge": "ETH",
          "target_dollars": 61.877426600891894,
          "hedge_dollars": -38.1225733991081,
          "hedge_units_per_target_unit": -0.6160982363568204
        },
        {
          "target": "ETH",
          "hedge": "BTC",
          "target_dollars": 44.3489322030966,
          "hedge_dollars": -55.6510677969034,
          "hedge_units_per_target_unit": -1.2548457207954522
        }
      ]
    }
  },
  "example_notional": 100.0,
  "provider": "cryptocompare"
}