{
  "generated_at": "2026-03-05T01:56:57.008619Z",
  "lookbacks": {
    "30": {
      "lookback_days": 30,
      "corr": 0.9119380898929537,
      "stats": {
        "mean": {
          "btc": -7.251169099948961e-05,
          "eth": -7.750273655587915e-05
        },
        "std": {
          "btc": 0.007107494319589932,
          "eth": 0.008965989889533168
        },
        "min": {
          "btc": -0.03612262483146145,
          "eth": -0.04170398539552955
        },
        "max": {
          "btc": 0.0349913262434709,
          "eth": 0.04260060177264258
        }
      },
      "hedge_table": [
        {
          "target": "BTC",
          "hedge": "ETH",
          "hedge_ratio_units": 0.7229090009680278,
          "target_w": 0.5804137069561673,
          "hedge_w": -0.4195862930438326
        },
        {
          "target": "ETH",
          "hedge": "BTC",
          "hedge_ratio_units": 1.150395248480783,
          "target_w": 0.46503078943579446,
          "hedge_w": -0.5349692105642054
        }
      ],
      "examples": [
        {
          "target": "BTC",
          "hedge": "ETH",
          "target_dollars": 58.041370695616735,
          "hedge_dollars": -41.95862930438326,
          "hedge_units_per_target_unit": -0.7229090009680278
        },
        {
          "target": "ETH",
          "hedge": "BTC",
          "target_dollars": 46.503078943579446,
          "hedge_dollars": -53.49692105642055,
          "hedge_units_per_target_unit": -1.150395248480783
        }
      ]
    },
    "60": {
      "lookback_days": 60,
      "corr": 0.8987035969267729,
      "stats": {
        "mean": {
          "btc": -0.00014152087383623193,
          "eth": -0.00024555878769165127
        },
        "std": {
          "btc": 0.005895783932953979,
          "eth": 0.007806349262042987
        },
        "min": {
          "btc": -0.03612262483146145,
          "eth": -0.04170398539552955
        },
        "max": {
          "btc": 0.0349913262434709,
          "eth": 0.04377388676562077
        }
      },
      "hedge_table": [
        {
          "target": "BTC",
          "hedge": "ETH",
          "hedge_ratio_units": 0.6787503414703916,
          "target_w": 0.5956811893328435,
          "hedge_w": -0.4043188106671565
        },
        {
          "target": "ETH",
          "hedge": "BTC",
          "hedge_ratio_units": 1.189934068216379,
          "target_w": 0.4566347519377436,
          "hedge_w": -0.5433652480622563
        }
      ],
      "examples": [
        {
          "target": "BTC",
          "hedge": "ETH",
          "target_dollars": 59.56811893328435,
          "hedge_dollars": -40.431881066715654,
          "hedge_units_per_target_unit": -0.6787503414703916
        },
        {
          "target": "ETH",
          "hedge": "BTC",
          "target_dollars": 45.66347519377436,
          "hedge_dollars": -54.336524806225626,
          "hedge_units_per_target_unit": -1.189934068216379
        }
      ]
    },
    "120": {
      "lookback_days": 120,
      "corr": 0.8942220932674076,
      "stats": {
        "mean": {
          "btc": -0.00010275574331621431,
          "eth": -0.00012973818047858334
        },
        "std": {
          "btc": 0.005449109582887228,
          "eth": 0.007498322424944095
        },
        "min": {
          "btc": -0.03714671634653788,
          "eth": -0.05178573218862892
        },
        "max": {
          "btc": 0.0349913262434709,
          "eth": 0.04377388676562077
        }
      },
      "hedge_table": [
        {
          "target": "BTC",
          "hedge": "ETH",
          "hedge_ratio_units": 0.6498405778662202,
          "target_w": 0.606119168976511,
          "hedge_w": -0.39388083102348903
        },
        {
          "target": "ETH",
          "hedge": "BTC",
          "hedge_ratio_units": 1.2305066493587928,
          "target_w": 0.4483286343429963,
          "hedge_w": -0.5516713656570038
        }
      ],
      "examples": [
        {
          "target": "BTC",
          "hedge": "ETH",
          "target_dollars": 60.6119168976511,
          "hedge_dollars": -39.3880831023489,
          "hedge_units_per_target_unit": -0.6498405778662202
        },
        {
          "target": "ETH",
          "hedge": "BTC",
          "target_dollars": 44.83286343429963,
          "hedge_dollars": -55.16713656570038,
          "hedge_units_per_target_unit": -1.2305066493587928
        }
      ]
    },
    "150": {
      "lookback_days": 150,
      "corr": 0.8824143366277447,
      "stats": {
        "mean": {
          "btc": -0.00013536290970983414,
          "eth": -0.00018400525583939676
        },
        "std": {
          "btc": 0.005331992499147386,
          "eth": 0.007587657694907851
        },
        "min": {
          "btc": -0.03714671634653788,
          "eth": -0.05178573218862892
        },
        "max": {
          "btc": 0.0349913262434709,
          "eth": 0.04377388676562077
        }
      },
      "hedge_table": [
        {
          "target": "BTC",
          "hedge": "ETH",
          "hedge_ratio_units": 0.6200894680840491,
          "target_w": 0.6172498616280868,
          "hedge_w": -0.38275013837191324
        },
        {
          "target": "ETH",
          "hedge": "BTC",
          "hedge_ratio_units": 1.255714056702284,
          "target_w": 0.4433186010561724,
          "hedge_w": -0.5566813989438276
        }
      ],
      "examples": [
        {
          "target": "BTC",
          "hedge": "ETH",
          "target_dollars": 61.72498616280868,
          "hedge_dollars": -38.275013837191324,
          "hedge_units_per_target_unit": -0.6200894680840491
        },
        {
          "target": "ETH",
          "hedge": "BTC",
          "target_dollars": 44.33186010561724,
          "hedge_dollars": -55.66813989438276,
          "hedge_units_per_target_unit": -1.255714056702284
        }
      ]
    },
    "180": {
      "lookback_days": 180,
      "corr": 0.8761980317967185,
      "stats": {
        "mean": {
          "btc": -8.666343069967236e-05,
          "eth": -0.0001400732058275346
        },
        "std": {
          "btc": 0.0049967521751582865,
          "eth": 0.007194743827922732
        },
        "min": {
          "btc": -0.03714671634653788,
          "eth": -0.05178573218862892
        },
        "max": {
          "btc": 0.0349913262434709,
          "eth": 0.04377388676562077
        }
      },
      "hedge_table": [
        {
          "target": "BTC",
          "hedge": "ETH",
          "hedge_ratio_units": 0.6085198480949559,
          "target_w": 0.6216895621054015,
          "hedge_w": -0.3783104378945985
        },
        {
          "target": "ETH",
          "hedge": "BTC",
          "hedge_ratio_units": 1.2616235827440827,
          "target_w": 0.44216022844379604,
          "hedge_w": -0.557839771556204
        }
      ],
      "examples": [
        {
          "target": "BTC",
          "hedge": "ETH",
          "target_dollars": 62.16895621054015,
          "hedge_dollars": -37.83104378945985,
          "hedge_units_per_target_unit": -0.6085198480949559
        },
        {
          "target": "ETH",
          "hedge": "BTC",
          "target_dollars": 44.2160228443796,
          "hedge_dollars": -55.7839771556204,
          "hedge_units_per_target_unit": -1.2616235827440827
        }
      ]
    }
  },
  "example_notional": 100.0,
  "provider": "cryptocompare"
}