{
  "generated_at": "2026-07-17T02:27:17.115725Z",
  "lookbacks": {
    "30": {
      "lookback_days": 30,
      "corr": 0.9200628519759565,
      "stats": {
        "mean": {
          "btc": -0.00018790034225622666,
          "eth": 0.0025063766094264345
        },
        "std": {
          "btc": 0.017818816673732543,
          "eth": 0.025247782280474914
        },
        "min": {
          "btc": -0.02781940606821942,
          "eth": -0.03574371340405036
        },
        "max": {
          "btc": 0.04394298412064401,
          "eth": 0.06588068107703227
        }
      },
      "hedge_table": [
        {
          "target": "BTC",
          "hedge": "ETH",
          "hedge_ratio_units": 0.649341439400384,
          "target_w": 0.606302598183399,
          "hedge_w": -0.39369740181660096
        },
        {
          "target": "ETH",
          "hedge": "BTC",
          "hedge_ratio_units": 1.3036525935689884,
          "target_w": 0.4340932321095892,
          "hedge_w": -0.5659067678904108
        }
      ],
      "examples": [
        {
          "target": "BTC",
          "hedge": "ETH",
          "target_dollars": 60.6302598183399,
          "hedge_dollars": -39.3697401816601,
          "hedge_units_per_target_unit": -0.649341439400384
        },
        {
          "target": "ETH",
          "hedge": "BTC",
          "target_dollars": 43.409323210958924,
          "hedge_dollars": -56.59067678904108,
          "hedge_units_per_target_unit": -1.3036525935689884
        }
      ]
    },
    "60": {
      "lookback_days": 60,
      "corr": 0.8919538852564257,
      "stats": {
        "mean": {
          "btc": -0.002973905621924502,
          "eth": -0.0018314942490617273
        },
        "std": {
          "btc": 0.020129358891462466,
          "eth": 0.029186551829059486
        },
        "min": {
          "btc": -0.06600964303204149,
          "eth": -0.10658012901637759
        },
        "max": {
          "btc": 0.04394298412064401,
          "eth": 0.07539563557614826
        }
      },
      "hedge_table": [
        {
          "target": "BTC",
          "hedge": "ETH",
          "hedge_ratio_units": 0.6151620779363401,
          "target_w": 0.6191329115884641,
          "hedge_w": -0.3808670884115359
        },
        {
          "target": "ETH",
          "hedge": "BTC",
          "hedge_ratio_units": 1.2932879999575713,
          "target_w": 0.43605513133043095,
          "hedge_w": -0.563944868669569
        }
      ],
      "examples": [
        {
          "target": "BTC",
          "hedge": "ETH",
          "target_dollars": 61.913291158846405,
          "hedge_dollars": -38.08670884115359,
          "hedge_units_per_target_unit": -0.6151620779363401
        },
        {
          "target": "ETH",
          "hedge": "BTC",
          "target_dollars": 43.6055131330431,
          "hedge_dollars": -56.3944868669569,
          "hedge_units_per_target_unit": -1.2932879999575713
        }
      ]
    },
    "120": {
      "lookback_days": 120,
      "corr": 0.9058508722922614,
      "stats": {
        "mean": {
          "btc": -0.000574777498779823,
          "eth": -0.0007914279174932074
        },
        "std": {
          "btc": 0.01957439394496411,
          "eth": 0.027000945453418627
        },
        "min": {
          "btc": -0.06600964303204149,
          "eth": -0.10658012901637759
        },
        "max": {
          "btc": 0.05310982988222279,
          "eth": 0.08197502974334592
        }
      },
      "hedge_table": [
        {
          "target": "BTC",
          "hedge": "ETH",
          "hedge_ratio_units": 0.6566985537683492,
          "target_w": 0.6036101122472681,
          "hedge_w": -0.3963898877527319
        },
        {
          "target": "ETH",
          "hedge": "BTC",
          "hedge_ratio_units": 1.249531917078206,
          "target_w": 0.44453692450776394,
          "hedge_w": -0.5554630754922361
        }
      ],
      "examples": [
        {
          "target": "BTC",
          "hedge": "ETH",
          "target_dollars": 60.36101122472681,
          "hedge_dollars": -39.63898877527319,
          "hedge_units_per_target_unit": -0.6566985537683492
        },
        {
          "target": "ETH",
          "hedge": "BTC",
          "target_dollars": 44.453692450776394,
          "hedge_dollars": -55.546307549223606,
          "hedge_units_per_target_unit": -1.249531917078206
        }
      ]
    },
    "150": {
      "lookback_days": 150,
      "corr": 0.9167256476710065,
      "stats": {
        "mean": {
          "btc": -0.0001548338583037968,
          "eth": -2.2916110462806656e-05
        },
        "std": {
          "btc": 0.021245868843009354,
          "eth": 0.029386259829179036
        },
        "min": {
          "btc": -0.06600964303204149,
          "eth": -0.10658012901637759
        },
        "max": {
          "btc": 0.06364240856302605,
          "eth": 0.10814835249280486
        }
      },
      "hedge_table": [
        {
          "target": "BTC",
          "hedge": "ETH",
          "hedge_ratio_units": 0.6627802581430156,
          "target_w": 0.6014023771949246,
          "hedge_w": -0.3985976228050754
        },
        {
          "target": "ETH",
          "hedge": "BTC",
          "hedge_ratio_units": 1.2679706475452788,
          "target_w": 0.4409228140065845,
          "hedge_w": -0.5590771859934155
        }
      ],
      "examples": [
        {
          "target": "BTC",
          "hedge": "ETH",
          "target_dollars": 60.14023771949246,
          "hedge_dollars": -39.85976228050754,
          "hedge_units_per_target_unit": -0.6627802581430156
        },
        {
          "target": "ETH",
          "hedge": "BTC",
          "target_dollars": 44.09228140065845,
          "hedge_dollars": -55.90771859934155,
          "hedge_units_per_target_unit": -1.2679706475452788
        }
      ]
    },
    "180": {
      "lookback_days": 180,
      "corr": 0.9251812216252933,
      "stats": {
        "mean": {
          "btc": -0.0018120118038629602,
          "eth": -0.0025577677202991405
        },
        "std": {
          "btc": 0.025926514762390277,
          "eth": 0.034735953312155295
        },
        "min": {
          "btc": -0.14101788206180332,
          "eth": -0.15404474276243008
        },
        "max": {
          "btc": 0.12203362664914996,
          "eth": 0.13191787874605776
        }
      },
      "hedge_table": [
        {
          "target": "BTC",
          "hedge": "ETH",
          "hedge_ratio_units": 0.6905445889104378,
          "target_w": 0.5915253620399943,
          "hedge_w": -0.4084746379600057
        },
        {
          "target": "ETH",
          "hedge": "BTC",
          "hedge_ratio_units": 1.239543842054617,
          "target_w": 0.4465195015260668,
          "hedge_w": -0.5534804984739332
        }
      ],
      "examples": [
        {
          "target": "BTC",
          "hedge": "ETH",
          "target_dollars": 59.15253620399943,
          "hedge_dollars": -40.84746379600057,
          "hedge_units_per_target_unit": -0.6905445889104378
        },
        {
          "target": "ETH",
          "hedge": "BTC",
          "target_dollars": 44.65195015260668,
          "hedge_dollars": -55.34804984739332,
          "hedge_units_per_target_unit": -1.239543842054617
        }
      ]
    }
  },
  "example_notional": 100.0,
  "provider": "coingecko"
}