{
  "generated_at": "2026-05-17T02:52:59.139192Z",
  "lookbacks": {
    "30": {
      "lookback_days": 30,
      "corr": 0.890826586080486,
      "stats": {
        "mean": {
          "btc": 6.431888602590293e-05,
          "eth": -8.621884423228938e-05
        },
        "std": {
          "btc": 0.003470562959165779,
          "eth": 0.0043035340661808485
        },
        "min": {
          "btc": -0.020668693538518745,
          "eth": -0.025174966013795874
        },
        "max": {
          "btc": 0.018403612886388032,
          "eth": 0.027605242088407644
        }
      },
      "hedge_table": [
        {
          "target": "BTC",
          "hedge": "ETH",
          "hedge_ratio_units": 0.7184025280494011,
          "target_w": 0.5819358291651976,
          "hedge_w": -0.41806417083480235
        },
        {
          "target": "ETH",
          "hedge": "BTC",
          "hedge_ratio_units": 1.1046342064281314,
          "target_w": 0.47514194958236694,
          "hedge_w": -0.5248580504176331
        }
      ],
      "examples": [
        {
          "target": "BTC",
          "hedge": "ETH",
          "target_dollars": 58.19358291651976,
          "hedge_dollars": -41.806417083480234,
          "hedge_units_per_target_unit": -0.7184025280494011
        },
        {
          "target": "ETH",
          "hedge": "BTC",
          "target_dollars": 47.51419495823669,
          "hedge_dollars": -52.485805041763314,
          "hedge_units_per_target_unit": -1.1046342064281314
        }
      ]
    },
    "60": {
      "lookback_days": 60,
      "corr": 0.9083679950012666,
      "stats": {
        "mean": {
          "btc": 3.860409034699191e-05,
          "eth": -3.836395794664814e-05
        },
        "std": {
          "btc": 0.0040072482370656515,
          "eth": 0.0052977893037774795
        },
        "min": {
          "btc": -0.020668693538518745,
          "eth": -0.030096491146448856
        },
        "max": {
          "btc": 0.022874680739771724,
          "eth": 0.041842617860856635
        }
      },
      "hedge_table": [
        {
          "target": "BTC",
          "hedge": "ETH",
          "hedge_ratio_units": 0.6870896213219011,
          "target_w": 0.5927367386780915,
          "hedge_w": -0.40726326132190854
        },
        {
          "target": "ETH",
          "hedge": "BTC",
          "hedge_ratio_units": 1.2009094428688032,
          "target_w": 0.4543576307694593,
          "hedge_w": -0.5456423692305408
        }
      ],
      "examples": [
        {
          "target": "BTC",
          "hedge": "ETH",
          "target_dollars": 59.27367386780915,
          "hedge_dollars": -40.726326132190856,
          "hedge_units_per_target_unit": -0.6870896213219011
        },
        {
          "target": "ETH",
          "hedge": "BTC",
          "target_dollars": 45.43576307694593,
          "hedge_dollars": -54.564236923054075,
          "hedge_units_per_target_unit": -1.2009094428688032
        }
      ]
    },
    "120": {
      "lookback_days": 120,
      "corr": 0.9032860361093005,
      "stats": {
        "mean": {
          "btc": -5.713774438788078e-05,
          "eth": -0.00012093144815239673
        },
        "std": {
          "btc": 0.005160950614010241,
          "eth": 0.00680715959547846
        },
        "min": {
          "btc": -0.03612262483146145,
          "eth": -0.04170398539552955
        },
        "max": {
          "btc": 0.0349913262434709,
          "eth": 0.04377388676562077
        }
      },
      "hedge_table": [
        {
          "target": "BTC",
          "hedge": "ETH",
          "hedge_ratio_units": 0.684839918514868,
          "target_w": 0.5935281975521257,
          "hedge_w": -0.4064718024478743
        },
        {
          "target": "ETH",
          "hedge": "BTC",
          "hedge_ratio_units": 1.191410782244491,
          "target_w": 0.4563270419687258,
          "hedge_w": -0.5436729580312742
        }
      ],
      "examples": [
        {
          "target": "BTC",
          "hedge": "ETH",
          "target_dollars": 59.35281975521257,
          "hedge_dollars": -40.64718024478743,
          "hedge_units_per_target_unit": -0.684839918514868
        },
        {
          "target": "ETH",
          "hedge": "BTC",
          "target_dollars": 45.63270419687258,
          "hedge_dollars": -54.367295803127426,
          "hedge_units_per_target_unit": -1.191410782244491
        }
      ]
    },
    "150": {
      "lookback_days": 150,
      "corr": 0.9003684278411078,
      "stats": {
        "mean": {
          "btc": -1.76591532584383e-05,
          "eth": -5.2796879218849704e-05
        },
        "std": {
          "btc": 0.004892689625912234,
          "eth": 0.006459635482173316
        },
        "min": {
          "btc": -0.03612262483146145,
          "eth": -0.04170398539552955
        },
        "max": {
          "btc": 0.0349913262434709,
          "eth": 0.04377388676562077
        }
      },
      "hedge_table": [
        {
          "target": "BTC",
          "hedge": "ETH",
          "hedge_ratio_units": 0.681961587237269,
          "target_w": 0.5945438989736769,
          "hedge_w": -0.4054561010263232
        },
        {
          "target": "ETH",
          "hedge": "BTC",
          "hedge_ratio_units": 1.188722826951573,
          "target_w": 0.4568874540376535,
          "hedge_w": -0.5431125459623464
        }
      ],
      "examples": [
        {
          "target": "BTC",
          "hedge": "ETH",
          "target_dollars": 59.45438989736769,
          "hedge_dollars": -40.54561010263232,
          "hedge_units_per_target_unit": -0.681961587237269
        },
        {
          "target": "ETH",
          "hedge": "BTC",
          "target_dollars": 45.68874540376535,
          "hedge_dollars": -54.31125459623464,
          "hedge_units_per_target_unit": -1.188722826951573
        }
      ]
    },
    "180": {
      "lookback_days": 180,
      "corr": 0.9003442050939006,
      "stats": {
        "mean": {
          "btc": -2.305256781221677e-05,
          "eth": -5.384611241488922e-05
        },
        "std": {
          "btc": 0.005017637519850191,
          "eth": 0.006722676583848784
        },
        "min": {
          "btc": -0.03714671634653788,
          "eth": -0.05178573218862892
        },
        "max": {
          "btc": 0.0349913262434709,
          "eth": 0.04377388676562077
        }
      },
      "hedge_table": [
        {
          "target": "BTC",
          "hedge": "ETH",
          "hedge_ratio_units": 0.6719943772265317,
          "target_w": 0.5980881357141754,
          "hedge_w": -0.40191186428582465
        },
        {
          "target": "ETH",
          "hedge": "BTC",
          "hedge_ratio_units": 1.2062893903841474,
          "target_w": 0.4532496980488518,
          "hedge_w": -0.5467503019511483
        }
      ],
      "examples": [
        {
          "target": "BTC",
          "hedge": "ETH",
          "target_dollars": 59.80881357141754,
          "hedge_dollars": -40.19118642858246,
          "hedge_units_per_target_unit": -0.6719943772265317
        },
        {
          "target": "ETH",
          "hedge": "BTC",
          "target_dollars": 45.32496980488518,
          "hedge_dollars": -54.67503019511483,
          "hedge_units_per_target_unit": -1.2062893903841474
        }
      ]
    }
  },
  "example_notional": 100.0,
  "provider": "cryptocompare"
}