{
  "generated_at": "2026-03-30T09:09:51.722434Z",
  "lookbacks": {
    "30": {
      "lookback_days": 30,
      "corr": 0.9140346791860375,
      "stats": {
        "mean": {
          "btc": 8.910727638392489e-05,
          "eth": 0.00016149681834666795
        },
        "std": {
          "btc": 0.005291747589874277,
          "eth": 0.0068387490227970115
        },
        "min": {
          "btc": -0.0193691951400623,
          "eth": -0.030096491146448856
        },
        "max": {
          "btc": 0.029223763595974894,
          "eth": 0.041842617860856635
        }
      },
      "hedge_table": [
        {
          "target": "BTC",
          "hedge": "ETH",
          "hedge_ratio_units": 0.7072698229633203,
          "target_w": 0.5857304958769158,
          "hedge_w": -0.4142695041230841
        },
        {
          "target": "ETH",
          "hedge": "BTC",
          "hedge_ratio_units": 1.1812456401070717,
          "target_w": 0.4584536384223615,
          "hedge_w": -0.5415463615776384
        }
      ],
      "examples": [
        {
          "target": "BTC",
          "hedge": "ETH",
          "target_dollars": 58.573049587691585,
          "hedge_dollars": -41.42695041230841,
          "hedge_units_per_target_unit": -0.7072698229633203
        },
        {
          "target": "ETH",
          "hedge": "BTC",
          "target_dollars": 45.84536384223615,
          "hedge_dollars": -54.15463615776383,
          "hedge_units_per_target_unit": -1.1812456401070717
        }
      ]
    },
    "60": {
      "lookback_days": 60,
      "corr": 0.9034663847978064,
      "stats": {
        "mean": {
          "btc": -0.00016311036912782398,
          "eth": -0.00021480787245132805
        },
        "std": {
          "btc": 0.0061747019571516655,
          "eth": 0.008050223594403936
        },
        "min": {
          "btc": -0.03612262483146145,
          "eth": -0.04170398539552955
        },
        "max": {
          "btc": 0.0349913262434709,
          "eth": 0.04260060177264258
        }
      },
      "hedge_table": [
        {
          "target": "BTC",
          "hedge": "ETH",
          "hedge_ratio_units": 0.6929789699642267,
          "target_w": 0.5906747914424066,
          "hedge_w": -0.40932520855759336
        },
        {
          "target": "ETH",
          "hedge": "BTC",
          "hedge_ratio_units": 1.1778878491821403,
          "target_w": 0.4591604661257139,
          "hedge_w": -0.5408395338742861
        }
      ],
      "examples": [
        {
          "target": "BTC",
          "hedge": "ETH",
          "target_dollars": 59.067479144240664,
          "hedge_dollars": -40.932520855759336,
          "hedge_units_per_target_unit": -0.6929789699642267
        },
        {
          "target": "ETH",
          "hedge": "BTC",
          "target_dollars": 45.916046612571385,
          "hedge_dollars": -54.08395338742861,
          "hedge_units_per_target_unit": -1.1778878491821403
        }
      ]
    },
    "120": {
      "lookback_days": 120,
      "corr": 0.8996510338706998,
      "stats": {
        "mean": {
          "btc": -9.019520263301588e-05,
          "eth": -0.0001061352260843346
        },
        "std": {
          "btc": 0.005320930279690037,
          "eth": 0.007147638290584378
        },
        "min": {
          "btc": -0.03714671634653788,
          "eth": -0.05178573218862892
        },
        "max": {
          "btc": 0.0349913262434709,
          "eth": 0.04377388676562077
        }
      },
      "hedge_table": [
        {
          "target": "BTC",
          "hedge": "ETH",
          "hedge_ratio_units": 0.6697289695790802,
          "target_w": 0.5988995928195991,
          "hedge_w": -0.40110040718040085
        },
        {
          "target": "ETH",
          "hedge": "BTC",
          "hedge_ratio_units": 1.2085067534906,
          "target_w": 0.45279463077007803,
          "hedge_w": -0.5472053692299219
        }
      ],
      "examples": [
        {
          "target": "BTC",
          "hedge": "ETH",
          "target_dollars": 59.88995928195992,
          "hedge_dollars": -40.11004071804008,
          "hedge_units_per_target_unit": -0.6697289695790802
        },
        {
          "target": "ETH",
          "hedge": "BTC",
          "target_dollars": 45.279463077007804,
          "hedge_dollars": -54.72053692299219,
          "hedge_units_per_target_unit": -1.2085067534906
        }
      ]
    },
    "150": {
      "lookback_days": 150,
      "corr": 0.8943341965380978,
      "stats": {
        "mean": {
          "btc": -0.0001206840086432666,
          "eth": -0.00014562029571911058
        },
        "std": {
          "btc": 0.005333049934010528,
          "eth": 0.0073486765420296835
        },
        "min": {
          "btc": -0.03714671634653788,
          "eth": -0.05178573218862892
        },
        "max": {
          "btc": 0.0349913262434709,
          "eth": 0.04377388676562077
        }
      },
      "hedge_table": [
        {
          "target": "BTC",
          "hedge": "ETH",
          "hedge_ratio_units": 0.6490323666516326,
          "target_w": 0.6064162354984605,
          "hedge_w": -0.39358376450153953
        },
        {
          "target": "ETH",
          "hedge": "BTC",
          "hedge_ratio_units": 1.232347870759972,
          "target_w": 0.44795885672583985,
          "hedge_w": -0.5520411432741601
        }
      ],
      "examples": [
        {
          "target": "BTC",
          "hedge": "ETH",
          "target_dollars": 60.641623549846045,
          "hedge_dollars": -39.358376450153955,
          "hedge_units_per_target_unit": -0.6490323666516326
        },
        {
          "target": "ETH",
          "hedge": "BTC",
          "target_dollars": 44.795885672583985,
          "hedge_dollars": -55.20411432741601,
          "hedge_units_per_target_unit": -1.232347870759972
        }
      ]
    },
    "180": {
      "lookback_days": 180,
      "corr": 0.8835128655425674,
      "stats": {
        "mean": {
          "btc": -0.00011216571998028768,
          "eth": -0.00014245458287296122
        },
        "std": {
          "btc": 0.005214835498246472,
          "eth": 0.0073501923831883025
        },
        "min": {
          "btc": -0.03714671634653788,
          "eth": -0.05178573218862892
        },
        "max": {
          "btc": 0.0349913262434709,
          "eth": 0.04377388676562077
        }
      },
      "hedge_table": [
        {
          "target": "BTC",
          "hedge": "ETH",
          "hedge_ratio_units": 0.6268372328494476,
          "target_w": 0.6146896443035509,
          "hedge_w": -0.38531035569644906
        },
        {
          "target": "ETH",
          "hedge": "BTC",
          "hedge_ratio_units": 1.2452913494478401,
          "target_w": 0.445376498798661,
          "hedge_w": -0.5546235012013389
        }
      ],
      "examples": [
        {
          "target": "BTC",
          "hedge": "ETH",
          "target_dollars": 61.468964430355086,
          "hedge_dollars": -38.53103556964491,
          "hedge_units_per_target_unit": -0.6268372328494476
        },
        {
          "target": "ETH",
          "hedge": "BTC",
          "target_dollars": 44.537649879866095,
          "hedge_dollars": -55.462350120133884,
          "hedge_units_per_target_unit": -1.2452913494478401
        }
      ]
    }
  },
  "example_notional": 100.0,
  "provider": "cryptocompare"
}