{
  "generated_at": "2026-02-26T01:55:50.868402Z",
  "lookbacks": {
    "30": {
      "lookback_days": 30,
      "corr": 0.8926528698066697,
      "stats": {
        "mean": {
          "btc": -0.00034130563377388485,
          "eth": -0.0004560437803545658
        },
        "std": {
          "btc": 0.006788308531307965,
          "eth": 0.008922871512434257
        },
        "min": {
          "btc": -0.03450018927739806,
          "eth": -0.04170398539552955
        },
        "max": {
          "btc": 0.0349913262434709,
          "eth": 0.04260060177264258
        }
      },
      "hedge_table": [
        {
          "target": "BTC",
          "hedge": "ETH",
          "hedge_ratio_units": 0.679109083119816,
          "target_w": 0.5955539220489364,
          "hedge_w": -0.40444607795106363
        },
        {
          "target": "ETH",
          "hedge": "BTC",
          "hedge_ratio_units": 1.1733448510414013,
          "target_w": 0.4601202609520667,
          "hedge_w": -0.5398797390479334
        }
      ],
      "examples": [
        {
          "target": "BTC",
          "hedge": "ETH",
          "target_dollars": 59.55539220489364,
          "hedge_dollars": -40.444607795106364,
          "hedge_units_per_target_unit": -0.679109083119816
        },
        {
          "target": "ETH",
          "hedge": "BTC",
          "target_dollars": 46.01202609520667,
          "hedge_dollars": -53.98797390479334,
          "hedge_units_per_target_unit": -1.1733448510414013
        }
      ]
    },
    "60": {
      "lookback_days": 60,
      "corr": 0.8891599017533255,
      "stats": {
        "mean": {
          "btc": -0.00015952026304637425,
          "eth": -0.00022230027982499242
        },
        "std": {
          "btc": 0.0054372113461234085,
          "eth": 0.007250836425216097
        },
        "min": {
          "btc": -0.03450018927739806,
          "eth": -0.04170398539552955
        },
        "max": {
          "btc": 0.0349913262434709,
          "eth": 0.04377388676562077
        }
      },
      "hedge_table": [
        {
          "target": "BTC",
          "hedge": "ETH",
          "hedge_ratio_units": 0.6667576018565433,
          "target_w": 0.599967265117696,
          "hedge_w": -0.40003273488230395
        },
        {
          "target": "ETH",
          "hedge": "BTC",
          "hedge_ratio_units": 1.1857462572374038,
          "target_w": 0.45750964764954666,
          "hedge_w": -0.5424903523504533
        }
      ],
      "examples": [
        {
          "target": "BTC",
          "hedge": "ETH",
          "target_dollars": 59.9967265117696,
          "hedge_dollars": -40.0032734882304,
          "hedge_units_per_target_unit": -0.6667576018565433
        },
        {
          "target": "ETH",
          "hedge": "BTC",
          "target_dollars": 45.75096476495467,
          "hedge_dollars": -54.249035235045326,
          "hedge_units_per_target_unit": -1.1857462572374038
        }
      ]
    },
    "120": {
      "lookback_days": 120,
      "corr": 0.888711004219944,
      "stats": {
        "mean": {
          "btc": -0.00015978670542272658,
          "eth": -0.0002031095409094725
        },
        "std": {
          "btc": 0.0053272971202013315,
          "eth": 0.007450758841992511
        },
        "min": {
          "btc": -0.03714671634653788,
          "eth": -0.05178573218862892
        },
        "max": {
          "btc": 0.0349913262434709,
          "eth": 0.04377388676562077
        }
      },
      "hedge_table": [
        {
          "target": "BTC",
          "hedge": "ETH",
          "hedge_ratio_units": 0.6354289105143069,
          "target_w": 0.6114603903422018,
          "hedge_w": -0.38853960965779816
        },
        {
          "target": "ETH",
          "hedge": "BTC",
          "hedge_ratio_units": 1.2429513922845636,
          "target_w": 0.4458411374583769,
          "hedge_w": -0.554158862541623
        }
      ],
      "examples": [
        {
          "target": "BTC",
          "hedge": "ETH",
          "target_dollars": 61.14603903422018,
          "hedge_dollars": -38.85396096577981,
          "hedge_units_per_target_unit": -0.6354289105143069
        },
        {
          "target": "ETH",
          "hedge": "BTC",
          "target_dollars": 44.58411374583769,
          "hedge_dollars": -55.4158862541623,
          "hedge_units_per_target_unit": -1.2429513922845636
        }
      ]
    },
    "150": {
      "lookback_days": 150,
      "corr": 0.8764923139122557,
      "stats": {
        "mean": {
          "btc": -0.0001237116584327498,
          "eth": -0.00016463574228472617
        },
        "std": {
          "btc": 0.005150419454238674,
          "eth": 0.007418485903448085
        },
        "min": {
          "btc": -0.03714671634653788,
          "eth": -0.05178573218862892
        },
        "max": {
          "btc": 0.0349913262434709,
          "eth": 0.04377388676562077
        }
      },
      "hedge_table": [
        {
          "target": "BTC",
          "hedge": "ETH",
          "hedge_ratio_units": 0.6085208119039656,
          "target_w": 0.6216891895954552,
          "hedge_w": -0.3783108104045448
        },
        {
          "target": "ETH",
          "hedge": "BTC",
          "hedge_ratio_units": 1.2624691897448213,
          "target_w": 0.44199496927195187,
          "hedge_w": -0.5580050307280482
        }
      ],
      "examples": [
        {
          "target": "BTC",
          "hedge": "ETH",
          "target_dollars": 62.168918959545515,
          "hedge_dollars": -37.83108104045448,
          "hedge_units_per_target_unit": -0.6085208119039656
        },
        {
          "target": "ETH",
          "hedge": "BTC",
          "target_dollars": 44.199496927195185,
          "hedge_dollars": -55.800503072804815,
          "hedge_units_per_target_unit": -1.2624691897448213
        }
      ]
    },
    "180": {
      "lookback_days": 180,
      "corr": 0.8700492732081753,
      "stats": {
        "mean": {
          "btc": -9.392015457425213e-05,
          "eth": -0.000145560129829798
        },
        "std": {
          "btc": 0.0048547122511083665,
          "eth": 0.007087045975034978
        },
        "min": {
          "btc": -0.03714671634653788,
          "eth": -0.05178573218862892
        },
        "max": {
          "btc": 0.0349913262434709,
          "eth": 0.04377388676562077
        }
      },
      "hedge_table": [
        {
          "target": "BTC",
          "hedge": "ETH",
          "hedge_ratio_units": 0.5959942803518798,
          "target_w": 0.6265686614989141,
          "hedge_w": -0.3734313385010859
        },
        {
          "target": "ETH",
          "hedge": "BTC",
          "hedge_ratio_units": 1.2701224873553207,
          "target_w": 0.4405048650766832,
          "hedge_w": -0.5594951349233168
        }
      ],
      "examples": [
        {
          "target": "BTC",
          "hedge": "ETH",
          "target_dollars": 62.656866149891414,
          "hedge_dollars": -37.343133850108586,
          "hedge_units_per_target_unit": -0.5959942803518798
        },
        {
          "target": "ETH",
          "hedge": "BTC",
          "target_dollars": 44.05048650766832,
          "hedge_dollars": -55.94951349233168,
          "hedge_units_per_target_unit": -1.2701224873553207
        }
      ]
    }
  },
  "example_notional": 100.0,
  "provider": "cryptocompare"
}