{
  "generated_at": "2026-01-17T01:25:54.364872Z",
  "lookbacks": {
    "30": {
      "lookback_days": 30,
      "corr": 0.8767534215562087,
      "stats": {
        "mean": {
          "btc": 0.00014076249343681585,
          "eth": 0.0002186601624495617
        },
        "std": {
          "btc": 0.0036281664477911366,
          "eth": 0.004824213350975296
        },
        "min": {
          "btc": -0.018243058433974557,
          "eth": -0.033430869773559135
        },
        "max": {
          "btc": 0.019859354511182037,
          "eth": 0.03730338759129537
        }
      },
      "hedge_table": [
        {
          "target": "BTC",
          "hedge": "ETH",
          "hedge_ratio_units": 0.6593836374241658,
          "target_w": 0.6026333979960677,
          "hedge_w": -0.39736660200393215
        },
        {
          "target": "ETH",
          "hedge": "BTC",
          "hedge_ratio_units": 1.165780463120644,
          "target_w": 0.46172731586982435,
          "hedge_w": -0.5382726841301757
        }
      ],
      "examples": [
        {
          "target": "BTC",
          "hedge": "ETH",
          "target_dollars": 60.263339799606776,
          "hedge_dollars": -39.73666020039322,
          "hedge_units_per_target_unit": -0.6593836374241658
        },
        {
          "target": "ETH",
          "hedge": "BTC",
          "target_dollars": 46.17273158698244,
          "hedge_dollars": -53.82726841301757,
          "hedge_units_per_target_unit": -1.165780463120644
        }
      ]
    },
    "60": {
      "lookback_days": 60,
      "corr": 0.8931841703669446,
      "stats": {
        "mean": {
          "btc": 4.581008604181683e-05,
          "eth": 9.002035738260762e-05
        },
        "std": {
          "btc": 0.0047206763711339006,
          "eth": 0.006561800918683142
        },
        "min": {
          "btc": -0.03714671634653788,
          "eth": -0.05178573218862892
        },
        "max": {
          "btc": 0.026004133739085944,
          "eth": 0.04132265866066209
        }
      },
      "hedge_table": [
        {
          "target": "BTC",
          "hedge": "ETH",
          "hedge_ratio_units": 0.6425725895031037,
          "target_w": 0.6088011004143878,
          "hedge_w": -0.39119889958561227
        },
        {
          "target": "ETH",
          "hedge": "BTC",
          "hedge_ratio_units": 1.24153749354762,
          "target_w": 0.4461223614945327,
          "hedge_w": -0.5538776385054673
        }
      ],
      "examples": [
        {
          "target": "BTC",
          "hedge": "ETH",
          "target_dollars": 60.88011004143878,
          "hedge_dollars": -39.119889958561224,
          "hedge_units_per_target_unit": -0.6425725895031037
        },
        {
          "target": "ETH",
          "hedge": "BTC",
          "target_dollars": 44.612236149453274,
          "hedge_dollars": -55.38776385054673,
          "hedge_units_per_target_unit": -1.24153749354762
        }
      ]
    },
    "120": {
      "lookback_days": 120,
      "corr": 0.8670070173719631,
      "stats": {
        "mean": {
          "btc": -6.0756031078028354e-05,
          "eth": -9.152906762054519e-05
        },
        "std": {
          "btc": 0.004574794558427646,
          "eth": 0.006933148771170709
        },
        "min": {
          "btc": -0.03714671634653788,
          "eth": -0.05178573218862892
        },
        "max": {
          "btc": 0.03468753462614105,
          "eth": 0.04368288914132212
        }
      },
      "hedge_table": [
        {
          "target": "BTC",
          "hedge": "ETH",
          "hedge_ratio_units": 0.5720891208457496,
          "target_w": 0.6360962535393807,
          "hedge_w": -0.36390374646061935
        },
        {
          "target": "ETH",
          "hedge": "BTC",
          "hedge_ratio_units": 1.3139581592828542,
          "target_w": 0.43215993166873934,
          "hedge_w": -0.5678400683312608
        }
      ],
      "examples": [
        {
          "target": "BTC",
          "hedge": "ETH",
          "target_dollars": 63.60962535393807,
          "hedge_dollars": -36.390374646061936,
          "hedge_units_per_target_unit": -0.5720891208457496
        },
        {
          "target": "ETH",
          "hedge": "BTC",
          "target_dollars": 43.215993166873936,
          "hedge_dollars": -56.78400683312608,
          "hedge_units_per_target_unit": -1.3139581592828542
        }
      ]
    },
    "150": {
      "lookback_days": 150,
      "corr": 0.854040577129117,
      "stats": {
        "mean": {
          "btc": -3.847026963420791e-05,
          "eth": -4.0022160858479474e-05
        },
        "std": {
          "btc": 0.004370255660765975,
          "eth": 0.0068632184095305466
        },
        "min": {
          "btc": -0.03714671634653788,
          "eth": -0.05178573218862892
        },
        "max": {
          "btc": 0.03468753462614105,
          "eth": 0.0757825447476439
        }
      },
      "hedge_table": [
        {
          "target": "BTC",
          "hedge": "ETH",
          "hedge_ratio_units": 0.5438229477790527,
          "target_w": 0.6477426711648524,
          "hedge_w": -0.35225732883514765
        },
        {
          "target": "ETH",
          "hedge": "BTC",
          "hedge_ratio_units": 1.3412183328449276,
          "target_w": 0.4271280409738,
          "hedge_w": -0.5728719590262
        }
      ],
      "examples": [
        {
          "target": "BTC",
          "hedge": "ETH",
          "target_dollars": 64.77426711648523,
          "hedge_dollars": -35.225732883514766,
          "hedge_units_per_target_unit": -0.5438229477790527
        },
        {
          "target": "ETH",
          "hedge": "BTC",
          "target_dollars": 42.71280409738,
          "hedge_dollars": -57.287195902620006,
          "hedge_units_per_target_unit": -1.3412183328449276
        }
      ]
    },
    "180": {
      "lookback_days": 180,
      "corr": 0.833398711990541,
      "stats": {
        "mean": {
          "btc": -4.075399579776803e-05,
          "eth": -6.3409585535163325e-06
        },
        "std": {
          "btc": 0.004199925877472238,
          "eth": 0.0068712676161018825
        },
        "min": {
          "btc": -0.03714671634653788,
          "eth": -0.05178573218862892
        },
        "max": {
          "btc": 0.03468753462614105,
          "eth": 0.0757825447476439
        }
      },
      "hedge_table": [
        {
          "target": "BTC",
          "hedge": "ETH",
          "hedge_ratio_units": 0.5093984126799009,
          "target_w": 0.6625156033021949,
          "hedge_w": -0.33748439669780506
        },
        {
          "target": "ETH",
          "hedge": "BTC",
          "hedge_ratio_units": 1.363477772719211,
          "target_w": 0.423105311817461,
          "hedge_w": -0.576894688182539
        }
      ],
      "examples": [
        {
          "target": "BTC",
          "hedge": "ETH",
          "target_dollars": 66.25156033021949,
          "hedge_dollars": -33.7484396697805,
          "hedge_units_per_target_unit": -0.5093984126799009
        },
        {
          "target": "ETH",
          "hedge": "BTC",
          "target_dollars": 42.3105311817461,
          "hedge_dollars": -57.6894688182539,
          "hedge_units_per_target_unit": -1.363477772719211
        }
      ]
    }
  },
  "example_notional": 100.0,
  "provider": "cryptocompare"
}