{
  "generated_at": "2026-05-05T10:00:34.615406Z",
  "lookbacks": {
    "30": {
      "lookback_days": 30,
      "corr": 0.9073060700560588,
      "stats": {
        "mean": {
          "btc": 0.00026463314706845064,
          "eth": 0.00022078021307820816
        },
        "std": {
          "btc": 0.003995239103515254,
          "eth": 0.005333015969447259
        },
        "min": {
          "btc": -0.019619547762256384,
          "eth": -0.02913186092280784
        },
        "max": {
          "btc": 0.022681960554355562,
          "eth": 0.0410922552310693
        }
      },
      "hedge_table": [
        {
          "target": "BTC",
          "hedge": "ETH",
          "hedge_ratio_units": 0.6797100760079704,
          "target_w": 0.5953408354712131,
          "hedge_w": -0.40465916452878686
        },
        {
          "target": "ETH",
          "hedge": "BTC",
          "hedge_ratio_units": 1.2111109336430035,
          "target_w": 0.45226134283204433,
          "hedge_w": -0.5477386571679557
        }
      ],
      "examples": [
        {
          "target": "BTC",
          "hedge": "ETH",
          "target_dollars": 59.534083547121305,
          "hedge_dollars": -40.46591645287869,
          "hedge_units_per_target_unit": -0.6797100760079704
        },
        {
          "target": "ETH",
          "hedge": "BTC",
          "target_dollars": 45.22613428320443,
          "hedge_dollars": -54.77386571679557,
          "hedge_units_per_target_unit": -1.2111109336430035
        }
      ]
    },
    "60": {
      "lookback_days": 60,
      "corr": 0.9064296200324382,
      "stats": {
        "mean": {
          "btc": 0.00010476360956173353,
          "eth": 0.00011631047026337918
        },
        "std": {
          "btc": 0.004322400232930661,
          "eth": 0.005710193269871329
        },
        "min": {
          "btc": -0.019619547762256384,
          "eth": -0.030096491146448856
        },
        "max": {
          "btc": 0.022874680739771724,
          "eth": 0.041842617860856635
        }
      },
      "hedge_table": [
        {
          "target": "BTC",
          "hedge": "ETH",
          "hedge_ratio_units": 0.6861329232822531,
          "target_w": 0.5930730526590894,
          "hedge_w": -0.4069269473409106
        },
        {
          "target": "ETH",
          "hedge": "BTC",
          "hedge_ratio_units": 1.197456976910237,
          "target_w": 0.4550714805830069,
          "hedge_w": -0.544928519416993
        }
      ],
      "examples": [
        {
          "target": "BTC",
          "hedge": "ETH",
          "target_dollars": 59.30730526590894,
          "hedge_dollars": -40.69269473409106,
          "hedge_units_per_target_unit": -0.6861329232822531
        },
        {
          "target": "ETH",
          "hedge": "BTC",
          "target_dollars": 45.507148058300686,
          "hedge_dollars": -54.49285194169931,
          "hedge_units_per_target_unit": -1.197456976910237
        }
      ]
    },
    "120": {
      "lookback_days": 120,
      "corr": 0.9020648472635536,
      "stats": {
        "mean": {
          "btc": -3.6718952884331624e-05,
          "eth": -7.864551408081958e-05
        },
        "std": {
          "btc": 0.0051885795494896365,
          "eth": 0.006868122711252899
        },
        "min": {
          "btc": -0.03612262483146145,
          "eth": -0.04170398539552955
        },
        "max": {
          "btc": 0.0349913262434709,
          "eth": 0.04377388676562077
        }
      },
      "hedge_table": [
        {
          "target": "BTC",
          "hedge": "ETH",
          "hedge_ratio_units": 0.6814722764281174,
          "target_w": 0.5947169120886483,
          "hedge_w": -0.4052830879113517
        },
        {
          "target": "ETH",
          "hedge": "BTC",
          "hedge_ratio_units": 1.194063231645566,
          "target_w": 0.4557753785655447,
          "hedge_w": -0.5442246214344555
        }
      ],
      "examples": [
        {
          "target": "BTC",
          "hedge": "ETH",
          "target_dollars": 59.47169120886483,
          "hedge_dollars": -40.52830879113517,
          "hedge_units_per_target_unit": -0.6814722764281174
        },
        {
          "target": "ETH",
          "hedge": "BTC",
          "target_dollars": 45.577537856554464,
          "hedge_dollars": -54.42246214344555,
          "hedge_units_per_target_unit": -1.194063231645566
        }
      ]
    },
    "150": {
      "lookback_days": 150,
      "corr": 0.9010645727080521,
      "stats": {
        "mean": {
          "btc": -1.713178442775354e-05,
          "eth": -4.674756765816047e-05
        },
        "std": {
          "btc": 0.0050115700918440965,
          "eth": 0.006717181791429993
        },
        "min": {
          "btc": -0.03612262483146145,
          "eth": -0.04988725258205495
        },
        "max": {
          "btc": 0.0349913262434709,
          "eth": 0.04377388676562077
        }
      },
      "hedge_table": [
        {
          "target": "BTC",
          "hedge": "ETH",
          "hedge_ratio_units": 0.6722682820889704,
          "target_w": 0.5979901734133332,
          "hedge_w": -0.40200982658666695
        },
        {
          "target": "ETH",
          "hedge": "BTC",
          "hedge_ratio_units": 1.2077282028933984,
          "target_w": 0.4529543078216887,
          "hedge_w": -0.5470456921783113
        }
      ],
      "examples": [
        {
          "target": "BTC",
          "hedge": "ETH",
          "target_dollars": 59.79901734133332,
          "hedge_dollars": -40.200982658666696,
          "hedge_units_per_target_unit": -0.6722682820889704
        },
        {
          "target": "ETH",
          "hedge": "BTC",
          "target_dollars": 45.29543078216887,
          "hedge_dollars": -54.704569217831136,
          "hedge_units_per_target_unit": -1.2077282028933984
        }
      ]
    },
    "180": {
      "lookback_days": 180,
      "corr": 0.8977911607894237,
      "stats": {
        "mean": {
          "btc": -4.4308377845204536e-05,
          "eth": -5.944904488358385e-05
        },
        "std": {
          "btc": 0.005111092902824072,
          "eth": 0.006953779294282442
        },
        "min": {
          "btc": -0.03714671634653788,
          "eth": -0.05178573218862892
        },
        "max": {
          "btc": 0.0349913262434709,
          "eth": 0.04377388676562077
        }
      },
      "hedge_table": [
        {
          "target": "BTC",
          "hedge": "ETH",
          "hedge_ratio_units": 0.6598849109148371,
          "target_w": 0.6024514069766771,
          "hedge_w": -0.39754859302332285
        },
        {
          "target": "ETH",
          "hedge": "BTC",
          "hedge_ratio_units": 1.2214690093067526,
          "target_w": 0.45015257733082986,
          "hedge_w": -0.5498474226691701
        }
      ],
      "examples": [
        {
          "target": "BTC",
          "hedge": "ETH",
          "target_dollars": 60.24514069766771,
          "hedge_dollars": -39.754859302332285,
          "hedge_units_per_target_unit": -0.6598849109148371
        },
        {
          "target": "ETH",
          "hedge": "BTC",
          "target_dollars": 45.01525773308298,
          "hedge_dollars": -54.98474226691701,
          "hedge_units_per_target_unit": -1.2214690093067526
        }
      ]
    }
  },
  "example_notional": 100.0,
  "provider": "cryptocompare"
}