{
  "generated_at": "2026-05-21T17:55:16.761588Z",
  "lookbacks": {
    "30": {
      "lookback_days": 30,
      "corr": 0.8856327694857999,
      "stats": {
        "mean": {
          "btc": 4.8359913274651375e-05,
          "eth": -9.289826935970967e-05
        },
        "std": {
          "btc": 0.003377382097491603,
          "eth": 0.004293415045923841
        },
        "min": {
          "btc": -0.020668693538518745,
          "eth": -0.025174966013795874
        },
        "max": {
          "btc": 0.018403612886388032,
          "eth": 0.02102707121219405
        }
      },
      "hedge_table": [
        {
          "target": "BTC",
          "hedge": "ETH",
          "hedge_ratio_units": 0.6966762422498638,
          "target_w": 0.5893876363082435,
          "hedge_w": -0.41061236369175647
        },
        {
          "target": "ETH",
          "hedge": "BTC",
          "hedge_ratio_units": 1.1258391700771986,
          "target_w": 0.4704024716807178,
          "hedge_w": -0.5295975283192822
        }
      ],
      "examples": [
        {
          "target": "BTC",
          "hedge": "ETH",
          "target_dollars": 58.938763630824354,
          "hedge_dollars": -41.061236369175646,
          "hedge_units_per_target_unit": -0.6966762422498638
        },
        {
          "target": "ETH",
          "hedge": "BTC",
          "target_dollars": 47.04024716807178,
          "hedge_dollars": -52.95975283192822,
          "hedge_units_per_target_unit": -1.1258391700771986
        }
      ]
    },
    "60": {
      "lookback_days": 60,
      "corr": 0.9048142054391942,
      "stats": {
        "mean": {
          "btc": 9.659429386400352e-05,
          "eth": 3.9238085131862456e-05
        },
        "std": {
          "btc": 0.003929601015857284,
          "eth": 0.005206105502264077
        },
        "min": {
          "btc": -0.020668693538518745,
          "eth": -0.02913186092280784
        },
        "max": {
          "btc": 0.022874680739771724,
          "eth": 0.041842617860856635
        }
      },
      "hedge_table": [
        {
          "target": "BTC",
          "hedge": "ETH",
          "hedge_ratio_units": 0.6829594251037914,
          "target_w": 0.5941913899310604,
          "hedge_w": -0.4058086100689397
        },
        {
          "target": "ETH",
          "hedge": "BTC",
          "hedge_ratio_units": 1.1987370204901144,
          "target_w": 0.45480655061563147,
          "hedge_w": -0.5451934493843685
        }
      ],
      "examples": [
        {
          "target": "BTC",
          "hedge": "ETH",
          "target_dollars": 59.41913899310604,
          "hedge_dollars": -40.58086100689397,
          "hedge_units_per_target_unit": -0.6829594251037914
        },
        {
          "target": "ETH",
          "hedge": "BTC",
          "target_dollars": 45.48065506156315,
          "hedge_dollars": -54.51934493843685,
          "hedge_units_per_target_unit": -1.1987370204901144
        }
      ]
    },
    "120": {
      "lookback_days": 120,
      "corr": 0.9019346147845415,
      "stats": {
        "mean": {
          "btc": -3.0473428339073162e-05,
          "eth": -8.405920385666617e-05
        },
        "std": {
          "btc": 0.005121461289840377,
          "eth": 0.006765250554564904
        },
        "min": {
          "btc": -0.03612262483146145,
          "eth": -0.04170398539552955
        },
        "max": {
          "btc": 0.0349913262434709,
          "eth": 0.04377388676562077
        }
      },
      "hedge_table": [
        {
          "target": "BTC",
          "hedge": "ETH",
          "hedge_ratio_units": 0.6827867169633897,
          "target_w": 0.5942523731138744,
          "hedge_w": -0.4057476268861256
        },
        {
          "target": "ETH",
          "hedge": "BTC",
          "hedge_ratio_units": 1.1914204379435192,
          "target_w": 0.45632503132918834,
          "hedge_w": -0.5436749686708117
        }
      ],
      "examples": [
        {
          "target": "BTC",
          "hedge": "ETH",
          "target_dollars": 59.425237311387434,
          "hedge_dollars": -40.57476268861256,
          "hedge_units_per_target_unit": -0.6827867169633897
        },
        {
          "target": "ETH",
          "hedge": "BTC",
          "target_dollars": 45.632503132918835,
          "hedge_dollars": -54.367496867081165,
          "hedge_units_per_target_unit": -1.1914204379435192
        }
      ]
    },
    "150": {
      "lookback_days": 150,
      "corr": 0.8996920902992916,
      "stats": {
        "mean": {
          "btc": -2.5251029687068192e-05,
          "eth": -7.335094502597143e-05
        },
        "std": {
          "btc": 0.00486181577809904,
          "eth": 0.006413349948545418
        },
        "min": {
          "btc": -0.03612262483146145,
          "eth": -0.04170398539552955
        },
        "max": {
          "btc": 0.0349913262434709,
          "eth": 0.04377388676562077
        }
      },
      "hedge_table": [
        {
          "target": "BTC",
          "hedge": "ETH",
          "hedge_ratio_units": 0.6820362579840322,
          "target_w": 0.5945175053470775,
          "hedge_w": -0.4054824946529226
        },
        {
          "target": "ETH",
          "hedge": "BTC",
          "hedge_ratio_units": 1.1868076628941615,
          "target_w": 0.45728758727529595,
          "hedge_w": -0.5427124127247039
        }
      ],
      "examples": [
        {
          "target": "BTC",
          "hedge": "ETH",
          "target_dollars": 59.45175053470775,
          "hedge_dollars": -40.54824946529226,
          "hedge_units_per_target_unit": -0.6820362579840322
        },
        {
          "target": "ETH",
          "hedge": "BTC",
          "target_dollars": 45.728758727529595,
          "hedge_dollars": -54.27124127247039,
          "hedge_units_per_target_unit": -1.1868076628941615
        }
      ]
    },
    "180": {
      "lookback_days": 180,
      "corr": 0.8985084957798168,
      "stats": {
        "mean": {
          "btc": -6.959093643746352e-06,
          "eth": -3.5496264782963906e-05
        },
        "std": {
          "btc": 0.004889014343915634,
          "eth": 0.006570676929779667
        },
        "min": {
          "btc": -0.03714671634653788,
          "eth": -0.05178573218862892
        },
        "max": {
          "btc": 0.0349913262434709,
          "eth": 0.04377388676562077
        }
      },
      "hedge_table": [
        {
          "target": "BTC",
          "hedge": "ETH",
          "hedge_ratio_units": 0.6685492181313027,
          "target_w": 0.5993230461130498,
          "hedge_w": -0.4006769538869501
        },
        {
          "target": "ETH",
          "hedge": "BTC",
          "hedge_ratio_units": 1.2075663168750461,
          "target_w": 0.45298752402399634,
          "hedge_w": -0.5470124759760037
        }
      ],
      "examples": [
        {
          "target": "BTC",
          "hedge": "ETH",
          "target_dollars": 59.93230461130498,
          "hedge_dollars": -40.067695388695014,
          "hedge_units_per_target_unit": -0.6685492181313027
        },
        {
          "target": "ETH",
          "hedge": "BTC",
          "target_dollars": 45.298752402399636,
          "hedge_dollars": -54.701247597600364,
          "hedge_units_per_target_unit": -1.2075663168750461
        }
      ]
    }
  },
  "example_notional": 100.0,
  "provider": "cryptocompare"
}