{
  "generated_at": "2026-04-22T02:25:41.529698Z",
  "lookbacks": {
    "30": {
      "lookback_days": 30,
      "corr": 0.9154321867978525,
      "stats": {
        "mean": {
          "btc": 0.00018401106591242248,
          "eth": 0.0002037649039265247
        },
        "std": {
          "btc": 0.004438598290754486,
          "eth": 0.005981153898449459
        },
        "min": {
          "btc": -0.019619547762256384,
          "eth": -0.02913186092280784
        },
        "max": {
          "btc": 0.022874680739771724,
          "eth": 0.041842617860856635
        }
      },
      "hedge_table": [
        {
          "target": "BTC",
          "hedge": "ETH",
          "hedge_ratio_units": 0.6793397743328312,
          "target_w": 0.5954721106973604,
          "hedge_w": -0.4045278893026395
        },
        {
          "target": "ETH",
          "hedge": "BTC",
          "hedge_ratio_units": 1.2335743030039725,
          "target_w": 0.4477128872118034,
          "hedge_w": -0.5522871127881965
        }
      ],
      "examples": [
        {
          "target": "BTC",
          "hedge": "ETH",
          "target_dollars": 59.547211069736036,
          "hedge_dollars": -40.45278893026395,
          "hedge_units_per_target_unit": -0.6793397743328312
        },
        {
          "target": "ETH",
          "hedge": "BTC",
          "target_dollars": 44.77128872118034,
          "hedge_dollars": -55.22871127881965,
          "hedge_units_per_target_unit": -1.2335743030039725
        }
      ]
    },
    "60": {
      "lookback_days": 60,
      "corr": 0.9159801450037385,
      "stats": {
        "mean": {
          "btc": 0.00010414912316437052,
          "eth": 0.0001471268682266358
        },
        "std": {
          "btc": 0.0050793344037743235,
          "eth": 0.006611988357863962
        },
        "min": {
          "btc": -0.03612262483146145,
          "eth": -0.04038541666666662
        },
        "max": {
          "btc": 0.029223763595974894,
          "eth": 0.041842617860856635
        }
      },
      "hedge_table": [
        {
          "target": "BTC",
          "hedge": "ETH",
          "hedge_ratio_units": 0.7036566327522573,
          "target_w": 0.5869727389752828,
          "hedge_w": -0.41302726102471715
        },
        {
          "target": "ETH",
          "hedge": "BTC",
          "hedge_ratio_units": 1.1923708055722555,
          "target_w": 0.4561272196556999,
          "hedge_w": -0.5438727803443001
        }
      ],
      "examples": [
        {
          "target": "BTC",
          "hedge": "ETH",
          "target_dollars": 58.69727389752828,
          "hedge_dollars": -41.302726102471716,
          "hedge_units_per_target_unit": -0.7036566327522573
        },
        {
          "target": "ETH",
          "hedge": "BTC",
          "target_dollars": 45.61272196556999,
          "hedge_dollars": -54.38727803443001,
          "hedge_units_per_target_unit": -1.1923708055722555
        }
      ]
    },
    "120": {
      "lookback_days": 120,
      "corr": 0.9014188481061398,
      "stats": {
        "mean": {
          "btc": -3.285057821974106e-05,
          "eth": -6.0995396898459825e-05
        },
        "std": {
          "btc": 0.0051725380690900965,
          "eth": 0.006840140648305781
        },
        "min": {
          "btc": -0.03612262483146145,
          "eth": -0.04170398539552955
        },
        "max": {
          "btc": 0.0349913262434709,
          "eth": 0.04377388676562077
        }
      },
      "hedge_table": [
        {
          "target": "BTC",
          "hedge": "ETH",
          "hedge_ratio_units": 0.6816560576395788,
          "target_w": 0.594651917945474,
          "hedge_w": -0.4053480820545261
        },
        {
          "target": "ETH",
          "hedge": "BTC",
          "hedge_ratio_units": 1.1920321555341238,
          "target_w": 0.45619768737212435,
          "hedge_w": -0.5438023126278757
        }
      ],
      "examples": [
        {
          "target": "BTC",
          "hedge": "ETH",
          "target_dollars": 59.4651917945474,
          "hedge_dollars": -40.53480820545261,
          "hedge_units_per_target_unit": -0.6816560576395788
        },
        {
          "target": "ETH",
          "hedge": "BTC",
          "target_dollars": 45.61976873721243,
          "hedge_dollars": -54.38023126278757,
          "hedge_units_per_target_unit": -1.1920321555341238
        }
      ]
    },
    "150": {
      "lookback_days": 150,
      "corr": 0.8996005904199019,
      "stats": {
        "mean": {
          "btc": -1.78314155062644e-05,
          "eth": -2.7492759884909764e-05
        },
        "std": {
          "btc": 0.0051424885205376605,
          "eth": 0.006933223840824402
        },
        "min": {
          "btc": -0.03714671634653788,
          "eth": -0.05178573218862892
        },
        "max": {
          "btc": 0.0349913262434709,
          "eth": 0.04377388676562077
        }
      },
      "hedge_table": [
        {
          "target": "BTC",
          "hedge": "ETH",
          "hedge_ratio_units": 0.6672488607771772,
          "target_w": 0.5997904833078468,
          "hedge_w": -0.40020951669215327
        },
        {
          "target": "ETH",
          "hedge": "BTC",
          "hedge_ratio_units": 1.2128626511871852,
          "target_w": 0.45190332959142626,
          "hedge_w": -0.5480966704085736
        }
      ],
      "examples": [
        {
          "target": "BTC",
          "hedge": "ETH",
          "target_dollars": 59.97904833078468,
          "hedge_dollars": -40.02095166921533,
          "hedge_units_per_target_unit": -0.6672488607771772
        },
        {
          "target": "ETH",
          "hedge": "BTC",
          "target_dollars": 45.19033295914262,
          "hedge_dollars": -54.809667040857356,
          "hedge_units_per_target_unit": -1.2128626511871852
        }
      ]
    },
    "180": {
      "lookback_days": 180,
      "corr": 0.8954996208418916,
      "stats": {
        "mean": {
          "btc": -6.975066355557347e-05,
          "eth": -9.175907751976047e-05
        },
        "std": {
          "btc": 0.0051767660725879515,
          "eth": 0.007140456854913551
        },
        "min": {
          "btc": -0.03714671634653788,
          "eth": -0.05178573218862892
        },
        "max": {
          "btc": 0.0349913262434709,
          "eth": 0.04377388676562077
        }
      },
      "hedge_table": [
        {
          "target": "BTC",
          "hedge": "ETH",
          "hedge_ratio_units": 0.6492290548607766,
          "target_w": 0.6063439138746056,
          "hedge_w": -0.3936560861253944
        },
        {
          "target": "ETH",
          "hedge": "BTC",
          "hedge_ratio_units": 1.2351874348875813,
          "target_w": 0.4473897733996053,
          "hedge_w": -0.5526102266003947
        }
      ],
      "examples": [
        {
          "target": "BTC",
          "hedge": "ETH",
          "target_dollars": 60.63439138746056,
          "hedge_dollars": -39.36560861253944,
          "hedge_units_per_target_unit": -0.6492290548607766
        },
        {
          "target": "ETH",
          "hedge": "BTC",
          "target_dollars": 44.73897733996053,
          "hedge_dollars": -55.26102266003947,
          "hedge_units_per_target_unit": -1.2351874348875813
        }
      ]
    }
  },
  "example_notional": 100.0,
  "provider": "cryptocompare"
}