{
  "generated_at": "2026-05-30T02:51:59.717230Z",
  "lookbacks": {
    "30": {
      "lookback_days": 30,
      "corr": 0.8944818261880644,
      "stats": {
        "mean": {
          "btc": -3.651421657295576e-05,
          "eth": -0.00014364401257430014
        },
        "std": {
          "btc": 0.0033593865791624843,
          "eth": 0.0044515318788701285
        },
        "min": {
          "btc": -0.020668693538518745,
          "eth": -0.02232136709767152
        },
        "max": {
          "btc": 0.018403612886388032,
          "eth": 0.032926153475484776
        }
      },
      "hedge_table": [
        {
          "target": "BTC",
          "hedge": "ETH",
          "hedge_ratio_units": 0.6750283551745851,
          "target_w": 0.5970048189994801,
          "hedge_w": -0.40299518100051995
        },
        {
          "target": "ETH",
          "hedge": "BTC",
          "hedge_ratio_units": 1.1852801904503736,
          "target_w": 0.4576072232613365,
          "hedge_w": -0.5423927767386636
        }
      ],
      "examples": [
        {
          "target": "BTC",
          "hedge": "ETH",
          "target_dollars": 59.70048189994801,
          "hedge_dollars": -40.299518100052,
          "hedge_units_per_target_unit": -0.6750283551745851
        },
        {
          "target": "ETH",
          "hedge": "BTC",
          "target_dollars": 45.76072232613365,
          "hedge_dollars": -54.23927767386636,
          "hedge_units_per_target_unit": -1.1852801904503736
        }
      ]
    },
    "60": {
      "lookback_days": 60,
      "corr": 0.9040499038551272,
      "stats": {
        "mean": {
          "btc": 6.593517235127588e-05,
          "eth": -3.878826397634801e-06
        },
        "std": {
          "btc": 0.0037412536990713576,
          "eth": 0.005022062011670497
        },
        "min": {
          "btc": -0.020668693538518745,
          "eth": -0.02913186092280784
        },
        "max": {
          "btc": 0.022681960554355562,
          "eth": 0.0410922552310693
        }
      },
      "hedge_table": [
        {
          "target": "BTC",
          "hedge": "ETH",
          "hedge_ratio_units": 0.6734843255784582,
          "target_w": 0.5975556416725559,
          "hedge_w": -0.40244435832744413
        },
        {
          "target": "ETH",
          "hedge": "BTC",
          "hedge_ratio_units": 1.2135489982762069,
          "target_w": 0.45176320956922406,
          "hedge_w": -0.548236790430776
        }
      ],
      "examples": [
        {
          "target": "BTC",
          "hedge": "ETH",
          "target_dollars": 59.75556416725559,
          "hedge_dollars": -40.244435832744415,
          "hedge_units_per_target_unit": -0.6734843255784582
        },
        {
          "target": "ETH",
          "hedge": "BTC",
          "target_dollars": 45.1763209569224,
          "hedge_dollars": -54.8236790430776,
          "hedge_units_per_target_unit": -1.2135489982762069
        }
      ]
    },
    "120": {
      "lookback_days": 120,
      "corr": 0.9040797884211286,
      "stats": {
        "mean": {
          "btc": -2.6870448388164867e-05,
          "eth": -8.376931387587534e-05
        },
        "std": {
          "btc": 0.005064558493802108,
          "eth": 0.006677465185855606
        },
        "min": {
          "btc": -0.03612262483146145,
          "eth": -0.04170398539552955
        },
        "max": {
          "btc": 0.0349913262434709,
          "eth": 0.04260060177264258
        }
      },
      "hedge_table": [
        {
          "target": "BTC",
          "hedge": "ETH",
          "hedge_ratio_units": 0.6857040574650854,
          "target_w": 0.5932239384318574,
          "hedge_w": -0.4067760615681426
        },
        {
          "target": "ETH",
          "hedge": "BTC",
          "hedge_ratio_units": 1.1920014982166134,
          "target_w": 0.45620406774976585,
          "hedge_w": -0.5437959322502343
        }
      ],
      "examples": [
        {
          "target": "BTC",
          "hedge": "ETH",
          "target_dollars": 59.322393843185736,
          "hedge_dollars": -40.677606156814264,
          "hedge_units_per_target_unit": -0.6857040574650854
        },
        {
          "target": "ETH",
          "hedge": "BTC",
          "target_dollars": 45.62040677497659,
          "hedge_dollars": -54.37959322502343,
          "hedge_units_per_target_unit": -1.1920014982166134
        }
      ]
    },
    "150": {
      "lookback_days": 150,
      "corr": 0.9007123536025755,
      "stats": {
        "mean": {
          "btc": -3.879721813322728e-05,
          "eth": -8.650135591871599e-05
        },
        "std": {
          "btc": 0.00485654082777092,
          "eth": 0.006443212367708662
        },
        "min": {
          "btc": -0.03612262483146145,
          "eth": -0.04170398539552955
        },
        "max": {
          "btc": 0.0349913262434709,
          "eth": 0.04377388676562077
        }
      },
      "hedge_table": [
        {
          "target": "BTC",
          "hedge": "ETH",
          "hedge_ratio_units": 0.6789076736429459,
          "target_w": 0.5956253674332007,
          "hedge_w": -0.4043746325667992
        },
        {
          "target": "ETH",
          "hedge": "BTC",
          "hedge_ratio_units": 1.1949824334419945,
          "target_w": 0.4555845116408884,
          "hedge_w": -0.5444154883591115
        }
      ],
      "examples": [
        {
          "target": "BTC",
          "hedge": "ETH",
          "target_dollars": 59.562536743320074,
          "hedge_dollars": -40.43746325667992,
          "hedge_units_per_target_unit": -0.6789076736429459
        },
        {
          "target": "ETH",
          "hedge": "BTC",
          "target_dollars": 45.558451164088844,
          "hedge_dollars": -54.44154883591115,
          "hedge_units_per_target_unit": -1.1949824334419945
        }
      ]
    },
    "180": {
      "lookback_days": 180,
      "corr": 0.899120037137968,
      "stats": {
        "mean": {
          "btc": -2.5254127733062245e-05,
          "eth": -5.7126011915168005e-05
        },
        "std": {
          "btc": 0.004821697169759208,
          "eth": 0.006473345034671354
        },
        "min": {
          "btc": -0.03612262483146145,
          "eth": -0.04988725258205495
        },
        "max": {
          "btc": 0.0349913262434709,
          "eth": 0.04377388676562077
        }
      },
      "hedge_table": [
        {
          "target": "BTC",
          "hedge": "ETH",
          "hedge_ratio_units": 0.6697131877139364,
          "target_w": 0.5989052535238915,
          "hedge_w": -0.40109474647610854
        },
        {
          "target": "ETH",
          "hedge": "BTC",
          "hedge_ratio_units": 1.2071090371424653,
          "target_w": 0.4530813762127021,
          "hedge_w": -0.5469186237872979
        }
      ],
      "examples": [
        {
          "target": "BTC",
          "hedge": "ETH",
          "target_dollars": 59.89052535238915,
          "hedge_dollars": -40.10947464761085,
          "hedge_units_per_target_unit": -0.6697131877139364
        },
        {
          "target": "ETH",
          "hedge": "BTC",
          "target_dollars": 45.30813762127021,
          "hedge_dollars": -54.691862378729795,
          "hedge_units_per_target_unit": -1.2071090371424653
        }
      ]
    }
  },
  "example_notional": 100.0,
  "provider": "cryptocompare"
}