{
  "generated_at": "2026-02-18T08:42:03.024264Z",
  "lookbacks": {
    "30": {
      "lookback_days": 30,
      "corr": 0.8925511106317641,
      "stats": {
        "mean": {
          "btc": -0.0004109053189634182,
          "eth": -0.0006016017173601761
        },
        "std": {
          "btc": 0.006555408647190128,
          "eth": 0.00891787129503231
        },
        "min": {
          "btc": -0.031142278584685545,
          "eth": -0.04170398539552955
        },
        "max": {
          "btc": 0.0349913262434709,
          "eth": 0.04377388676562077
        }
      },
      "hedge_table": [
        {
          "target": "BTC",
          "hedge": "ETH",
          "hedge_ratio_units": 0.656102457091294,
          "target_w": 0.6038273753644182,
          "hedge_w": -0.3961726246355819
        },
        {
          "target": "ETH",
          "hedge": "BTC",
          "hedge_ratio_units": 1.2142120128947258,
          "target_w": 0.4516279354354423,
          "hedge_w": -0.5483720645645577
        }
      ],
      "examples": [
        {
          "target": "BTC",
          "hedge": "ETH",
          "target_dollars": 60.38273753644182,
          "hedge_dollars": -39.61726246355819,
          "hedge_units_per_target_unit": -0.656102457091294
        },
        {
          "target": "ETH",
          "hedge": "BTC",
          "target_dollars": 45.162793543544225,
          "hedge_dollars": -54.83720645645577,
          "hedge_units_per_target_unit": -1.2142120128947258
        }
      ]
    },
    "60": {
      "lookback_days": 60,
      "corr": 0.8873854038027607,
      "stats": {
        "mean": {
          "btc": -0.00016558965489092933,
          "eth": -0.0002451056255128375
        },
        "std": {
          "btc": 0.005219125026931898,
          "eth": 0.007029423273176596
        },
        "min": {
          "btc": -0.031142278584685545,
          "eth": -0.04170398539552955
        },
        "max": {
          "btc": 0.0349913262434709,
          "eth": 0.04377388676562077
        }
      },
      "hedge_table": [
        {
          "target": "BTC",
          "hedge": "ETH",
          "hedge_ratio_units": 0.6588556684577251,
          "target_w": 0.6028251999341945,
          "hedge_w": -0.3971748000658055
        },
        {
          "target": "ETH",
          "hedge": "BTC",
          "hedge_ratio_units": 1.1951826364725504,
          "target_w": 0.45554296184070814,
          "hedge_w": -0.5444570381592919
        }
      ],
      "examples": [
        {
          "target": "BTC",
          "hedge": "ETH",
          "target_dollars": 60.28251999341945,
          "hedge_dollars": -39.71748000658055,
          "hedge_units_per_target_unit": -0.6588556684577251
        },
        {
          "target": "ETH",
          "hedge": "BTC",
          "target_dollars": 45.554296184070814,
          "hedge_dollars": -54.44570381592919,
          "hedge_units_per_target_unit": -1.1951826364725504
        }
      ]
    },
    "120": {
      "lookback_days": 120,
      "corr": 0.8876095527597013,
      "stats": {
        "mean": {
          "btc": -0.00014536351218808917,
          "eth": -0.00019726117052315404
        },
        "std": {
          "btc": 0.005268414241805473,
          "eth": 0.0074417081993440794
        },
        "min": {
          "btc": -0.03714671634653788,
          "eth": -0.05178573218862892
        },
        "max": {
          "btc": 0.0349913262434709,
          "eth": 0.04377388676562077
        }
      },
      "hedge_table": [
        {
          "target": "BTC",
          "hedge": "ETH",
          "hedge_ratio_units": 0.6283899722558284,
          "target_w": 0.6141035114670277,
          "hedge_w": -0.3858964885329723
        },
        {
          "target": "ETH",
          "hedge": "BTC",
          "hedge_ratio_units": 1.253760806083534,
          "target_w": 0.44370280878996515,
          "hedge_w": -0.5562971912100348
        }
      ],
      "examples": [
        {
          "target": "BTC",
          "hedge": "ETH",
          "target_dollars": 61.410351146702766,
          "hedge_dollars": -38.589648853297234,
          "hedge_units_per_target_unit": -0.6283899722558284
        },
        {
          "target": "ETH",
          "hedge": "BTC",
          "target_dollars": 44.37028087899652,
          "hedge_dollars": -55.62971912100348,
          "hedge_units_per_target_unit": -1.253760806083534
        }
      ]
    },
    "150": {
      "lookback_days": 150,
      "corr": 0.8744432589348569,
      "stats": {
        "mean": {
          "btc": -0.0001344447710192385,
          "eth": -0.00019294821003690556
        },
        "std": {
          "btc": 0.005045819286795137,
          "eth": 0.007386641910718465
        },
        "min": {
          "btc": -0.03714671634653788,
          "eth": -0.05178573218862892
        },
        "max": {
          "btc": 0.0349913262434709,
          "eth": 0.04377388676562077
        }
      },
      "hedge_table": [
        {
          "target": "BTC",
          "hedge": "ETH",
          "hedge_ratio_units": 0.5973326870954724,
          "target_w": 0.6260436589564577,
          "hedge_w": -0.37395634104354236
        },
        {
          "target": "ETH",
          "hedge": "BTC",
          "hedge_ratio_units": 1.2801091077314477,
          "target_w": 0.43857550351830815,
          "hedge_w": -0.5614244964816919
        }
      ],
      "examples": [
        {
          "target": "BTC",
          "hedge": "ETH",
          "target_dollars": 62.60436589564578,
          "hedge_dollars": -37.39563410435424,
          "hedge_units_per_target_unit": -0.5973326870954724
        },
        {
          "target": "ETH",
          "hedge": "BTC",
          "target_dollars": 43.85755035183082,
          "hedge_dollars": -56.14244964816919,
          "hedge_units_per_target_unit": -1.2801091077314477
        }
      ]
    },
    "180": {
      "lookback_days": 180,
      "corr": 0.8638944483805411,
      "stats": {
        "mean": {
          "btc": -0.0001055732464091489,
          "eth": -0.00015003066084733006
        },
        "std": {
          "btc": 0.004806355605513703,
          "eth": 0.0072268620369514225
        },
        "min": {
          "btc": -0.03714671634653788,
          "eth": -0.05178573218862892
        },
        "max": {
          "btc": 0.0349913262434709,
          "eth": 0.0757825447476439
        }
      },
      "hedge_table": [
        {
          "target": "BTC",
          "hedge": "ETH",
          "hedge_ratio_units": 0.5745486634884673,
          "target_w": 0.6351026317500186,
          "hedge_w": -0.3648973682499814
        },
        {
          "target": "ETH",
          "hedge": "BTC",
          "hedge_ratio_units": 1.2989563206210466,
          "target_w": 0.43497999115087893,
          "hedge_w": -0.5650200088491211
        }
      ],
      "examples": [
        {
          "target": "BTC",
          "hedge": "ETH",
          "target_dollars": 63.51026317500186,
          "hedge_dollars": -36.48973682499814,
          "hedge_units_per_target_unit": -0.5745486634884673
        },
        {
          "target": "ETH",
          "hedge": "BTC",
          "target_dollars": 43.49799911508789,
          "hedge_dollars": -56.50200088491211,
          "hedge_units_per_target_unit": -1.2989563206210466
        }
      ]
    }
  },
  "example_notional": 100.0,
  "provider": "cryptocompare"
}