{
  "generated_at": "2026-05-13T02:52:40.296380Z",
  "lookbacks": {
    "30": {
      "lookback_days": 30,
      "corr": 0.8880330611570478,
      "stats": {
        "mean": {
          "btc": 0.00019067349141461157,
          "eth": 7.249092634592958e-05
        },
        "std": {
          "btc": 0.0035932001946062026,
          "eth": 0.004653281774569753
        },
        "min": {
          "btc": -0.014486935649736465,
          "eth": -0.025174966013795874
        },
        "max": {
          "btc": 0.019739125410830338,
          "eth": 0.0410922552310693
        }
      },
      "hedge_table": [
        {
          "target": "BTC",
          "hedge": "ETH",
          "hedge_ratio_units": 0.685726917635732,
          "target_w": 0.5932158937122042,
          "hedge_w": -0.40678410628779577
        },
        {
          "target": "ETH",
          "hedge": "BTC",
          "hedge_ratio_units": 1.1500244447555348,
          "target_w": 0.4651109909188514,
          "hedge_w": -0.5348890090811487
        }
      ],
      "examples": [
        {
          "target": "BTC",
          "hedge": "ETH",
          "target_dollars": 59.32158937122042,
          "hedge_dollars": -40.678410628779574,
          "hedge_units_per_target_unit": -0.685726917635732
        },
        {
          "target": "ETH",
          "hedge": "BTC",
          "target_dollars": 46.511099091885136,
          "hedge_dollars": -53.488900908114864,
          "hedge_units_per_target_unit": -1.1500244447555348
        }
      ]
    },
    "60": {
      "lookback_days": 60,
      "corr": 0.9034601504176455,
      "stats": {
        "mean": {
          "btc": 9.919927093974263e-05,
          "eth": 7.528427781686116e-05
        },
        "std": {
          "btc": 0.004004963261684115,
          "eth": 0.0053781453333338735
        },
        "min": {
          "btc": -0.019619547762256384,
          "eth": -0.030096491146448856
        },
        "max": {
          "btc": 0.022874680739771724,
          "eth": 0.041842617860856635
        }
      },
      "hedge_table": [
        {
          "target": "BTC",
          "hedge": "ETH",
          "hedge_ratio_units": 0.6727829923806282,
          "target_w": 0.5978061736369317,
          "hedge_w": -0.40219382636306833
        },
        {
          "target": "ETH",
          "hedge": "BTC",
          "hedge_ratio_units": 1.2132296039536108,
          "target_w": 0.451828404162698,
          "hedge_w": -0.548171595837302
        }
      ],
      "examples": [
        {
          "target": "BTC",
          "hedge": "ETH",
          "target_dollars": 59.78061736369317,
          "hedge_dollars": -40.21938263630683,
          "hedge_units_per_target_unit": -0.6727829923806282
        },
        {
          "target": "ETH",
          "hedge": "BTC",
          "target_dollars": 45.1828404162698,
          "hedge_dollars": -54.8171595837302,
          "hedge_units_per_target_unit": -1.2132296039536108
        }
      ]
    },
    "120": {
      "lookback_days": 120,
      "corr": 0.901572409916128,
      "stats": {
        "mean": {
          "btc": -2.809215934681772e-05,
          "eth": -8.265443424490933e-05
        },
        "std": {
          "btc": 0.005161391218227136,
          "eth": 0.006837330758737406
        },
        "min": {
          "btc": -0.03612262483146145,
          "eth": -0.04170398539552955
        },
        "max": {
          "btc": 0.0349913262434709,
          "eth": 0.04377388676562077
        }
      },
      "hedge_table": [
        {
          "target": "BTC",
          "hedge": "ETH",
          "hedge_ratio_units": 0.6805825377382033,
          "target_w": 0.5950317687733688,
          "hedge_w": -0.40496823122663117
        },
        {
          "target": "ETH",
          "hedge": "BTC",
          "hedge_ratio_units": 1.194319226912994,
          "target_w": 0.45572220656646073,
          "hedge_w": -0.5442777934335392
        }
      ],
      "examples": [
        {
          "target": "BTC",
          "hedge": "ETH",
          "target_dollars": 59.503176877336884,
          "hedge_dollars": -40.496823122663116,
          "hedge_units_per_target_unit": -0.6805825377382033
        },
        {
          "target": "ETH",
          "hedge": "BTC",
          "target_dollars": 45.572220656646074,
          "hedge_dollars": -54.42777934335392,
          "hedge_units_per_target_unit": -1.194319226912994
        }
      ]
    },
    "150": {
      "lookback_days": 150,
      "corr": 0.9005454967925366,
      "stats": {
        "mean": {
          "btc": -1.7788240899037016e-05,
          "eth": -6.420649314647118e-05
        },
        "std": {
          "btc": 0.004933318316027624,
          "eth": 0.006515322775604611
        },
        "min": {
          "btc": -0.03612262483146145,
          "eth": -0.04170398539552955
        },
        "max": {
          "btc": 0.0349913262434709,
          "eth": 0.04377388676562077
        }
      },
      "hedge_table": [
        {
          "target": "BTC",
          "hedge": "ETH",
          "hedge_ratio_units": 0.6818814273296757,
          "target_w": 0.5945722354445049,
          "hedge_w": -0.405427764555495
        },
        {
          "target": "ETH",
          "hedge": "BTC",
          "hedge_ratio_units": 1.189330225592467,
          "target_w": 0.4567606970891677,
          "hedge_w": -0.5432393029108323
        }
      ],
      "examples": [
        {
          "target": "BTC",
          "hedge": "ETH",
          "target_dollars": 59.457223544450486,
          "hedge_dollars": -40.5427764555495,
          "hedge_units_per_target_unit": -0.6818814273296757
        },
        {
          "target": "ETH",
          "hedge": "BTC",
          "target_dollars": 45.67606970891677,
          "hedge_dollars": -54.32393029108324,
          "hedge_units_per_target_unit": -1.189330225592467
        }
      ]
    },
    "180": {
      "lookback_days": 180,
      "corr": 0.8987932368237079,
      "stats": {
        "mean": {
          "btc": -3.380749363284497e-05,
          "eth": -5.570493520766567e-05
        },
        "std": {
          "btc": 0.005049434755449535,
          "eth": 0.006823868884458413
        },
        "min": {
          "btc": -0.03714671634653788,
          "eth": -0.05178573218862892
        },
        "max": {
          "btc": 0.0349913262434709,
          "eth": 0.04377388676562077
        }
      },
      "hedge_table": [
        {
          "target": "BTC",
          "hedge": "ETH",
          "hedge_ratio_units": 0.6650769358005936,
          "target_w": 0.6005728495177223,
          "hedge_w": -0.3994271504822777
        },
        {
          "target": "ETH",
          "hedge": "BTC",
          "hedge_ratio_units": 1.2146403507251455,
          "target_w": 0.45154058521175566,
          "hedge_w": -0.5484594147882443
        }
      ],
      "examples": [
        {
          "target": "BTC",
          "hedge": "ETH",
          "target_dollars": 60.057284951772225,
          "hedge_dollars": -39.942715048227775,
          "hedge_units_per_target_unit": -0.6650769358005936
        },
        {
          "target": "ETH",
          "hedge": "BTC",
          "target_dollars": 45.154058521175564,
          "hedge_dollars": -54.845941478824436,
          "hedge_units_per_target_unit": -1.2146403507251455
        }
      ]
    }
  },
  "example_notional": 100.0,
  "provider": "cryptocompare"
}