{
  "generated_at": "2026-02-15T08:31:14.467712Z",
  "lookbacks": {
    "30": {
      "lookback_days": 30,
      "corr": 0.8907865921714855,
      "stats": {
        "mean": {
          "btc": -0.00040255859474502413,
          "eth": -0.0006118984186670716
        },
        "std": {
          "btc": 0.006391900433234602,
          "eth": 0.008724660514559357
        },
        "min": {
          "btc": -0.031142278584685545,
          "eth": -0.04170398539552955
        },
        "max": {
          "btc": 0.0349913262434709,
          "eth": 0.04377388676562077
        }
      },
      "hedge_table": [
        {
          "target": "BTC",
          "hedge": "ETH",
          "hedge_ratio_units": 0.6526121211156445,
          "target_w": 0.6051026657876142,
          "hedge_w": -0.39489733421238576
        },
        {
          "target": "ETH",
          "hedge": "BTC",
          "hedge_ratio_units": 1.2158841785469658,
          "target_w": 0.4512871248784021,
          "hedge_w": -0.5487128751215979
        }
      ],
      "examples": [
        {
          "target": "BTC",
          "hedge": "ETH",
          "target_dollars": 60.51026657876142,
          "hedge_dollars": -39.489733421238576,
          "hedge_units_per_target_unit": -0.6526121211156445
        },
        {
          "target": "ETH",
          "hedge": "BTC",
          "target_dollars": 45.12871248784021,
          "hedge_dollars": -54.871287512159796,
          "hedge_units_per_target_unit": -1.2158841785469658
        }
      ]
    },
    "60": {
      "lookback_days": 60,
      "corr": 0.8879260995377786,
      "stats": {
        "mean": {
          "btc": -0.0001270939122398029,
          "eth": -0.0002135082081239176
        },
        "std": {
          "btc": 0.00529506628098432,
          "eth": 0.007132023190097819
        },
        "min": {
          "btc": -0.031142278584685545,
          "eth": -0.04170398539552955
        },
        "max": {
          "btc": 0.0349913262434709,
          "eth": 0.04377388676562077
        }
      },
      "hedge_table": [
        {
          "target": "BTC",
          "hedge": "ETH",
          "hedge_ratio_units": 0.6592277428649154,
          "target_w": 0.602690019076793,
          "hedge_w": -0.397309980923207
        },
        {
          "target": "ETH",
          "hedge": "BTC",
          "hedge_ratio_units": 1.1959641668204632,
          "target_w": 0.4553808368594193,
          "hedge_w": -0.5446191631405807
        }
      ],
      "examples": [
        {
          "target": "BTC",
          "hedge": "ETH",
          "target_dollars": 60.269001907679296,
          "hedge_dollars": -39.730998092320704,
          "hedge_units_per_target_unit": -0.6592277428649154
        },
        {
          "target": "ETH",
          "hedge": "BTC",
          "target_dollars": 45.538083685941935,
          "hedge_dollars": -54.461916314058065,
          "hedge_units_per_target_unit": -1.1959641668204632
        }
      ]
    },
    "120": {
      "lookback_days": 120,
      "corr": 0.8865485991199835,
      "stats": {
        "mean": {
          "btc": -0.00013101539192220105,
          "eth": -0.00019041107014674942
        },
        "std": {
          "btc": 0.005225863551448692,
          "eth": 0.007406711162765913
        },
        "min": {
          "btc": -0.03714671634653788,
          "eth": -0.05178573218862892
        },
        "max": {
          "btc": 0.0349913262434709,
          "eth": 0.04377388676562077
        }
      },
      "hedge_table": [
        {
          "target": "BTC",
          "hedge": "ETH",
          "hedge_ratio_units": 0.6255113651548024,
          "target_w": 0.6151910232290299,
          "hedge_w": -0.38480897677097026
        },
        {
          "target": "ETH",
          "hedge": "BTC",
          "hedge_ratio_units": 1.2565214037431482,
          "target_w": 0.4431599887956686,
          "hedge_w": -0.5568400112043314
        }
      ],
      "examples": [
        {
          "target": "BTC",
          "hedge": "ETH",
          "target_dollars": 61.51910232290299,
          "hedge_dollars": -38.480897677097026,
          "hedge_units_per_target_unit": -0.6255113651548024
        },
        {
          "target": "ETH",
          "hedge": "BTC",
          "target_dollars": 44.31599887956686,
          "hedge_dollars": -55.68400112043314,
          "hedge_units_per_target_unit": -1.2565214037431482
        }
      ]
    },
    "150": {
      "lookback_days": 150,
      "corr": 0.8731577846493143,
      "stats": {
        "mean": {
          "btc": -0.00012903384104952123,
          "eth": -0.00019466333841662922
        },
        "std": {
          "btc": 0.0049893556024884845,
          "eth": 0.007326970744378287
        },
        "min": {
          "btc": -0.03714671634653788,
          "eth": -0.05178573218862892
        },
        "max": {
          "btc": 0.0349913262434709,
          "eth": 0.04377388676562077
        }
      },
      "hedge_table": [
        {
          "target": "BTC",
          "hedge": "ETH",
          "hedge_ratio_units": 0.5945833328240142,
          "target_w": 0.6271230731033639,
          "hedge_w": -0.37287692689663604
        },
        {
          "target": "ETH",
          "hedge": "BTC",
          "hedge_ratio_units": 1.282250064549583,
          "target_w": 0.43816408005989327,
          "hedge_w": -0.5618359199401067
        }
      ],
      "examples": [
        {
          "target": "BTC",
          "hedge": "ETH",
          "target_dollars": 62.71230731033639,
          "hedge_dollars": -37.2876926896636,
          "hedge_units_per_target_unit": -0.5945833328240142
        },
        {
          "target": "ETH",
          "hedge": "BTC",
          "target_dollars": 43.816408005989324,
          "hedge_dollars": -56.183591994010676,
          "hedge_units_per_target_unit": -1.282250064549583
        }
      ]
    },
    "180": {
      "lookback_days": 180,
      "corr": 0.8621922954455927,
      "stats": {
        "mean": {
          "btc": -0.00010262477583260416,
          "eth": -0.00014200895643585616
        },
        "std": {
          "btc": 0.004770083528767827,
          "eth": 0.00722531416543736
        },
        "min": {
          "btc": -0.03714671634653788,
          "eth": -0.05178573218862892
        },
        "max": {
          "btc": 0.0349913262434709,
          "eth": 0.0757825447476439
        }
      },
      "hedge_table": [
        {
          "target": "BTC",
          "hedge": "ETH",
          "hedge_ratio_units": 0.5692111336568568,
          "target_w": 0.6372628759455847,
          "hedge_w": -0.3627371240544152
        },
        {
          "target": "ETH",
          "hedge": "BTC",
          "hedge_ratio_units": 1.3059750773846894,
          "target_w": 0.43365603115457135,
          "hedge_w": -0.5663439688454286
        }
      ],
      "examples": [
        {
          "target": "BTC",
          "hedge": "ETH",
          "target_dollars": 63.72628759455847,
          "hedge_dollars": -36.27371240544152,
          "hedge_units_per_target_unit": -0.5692111336568568
        },
        {
          "target": "ETH",
          "hedge": "BTC",
          "target_dollars": 43.365603115457134,
          "hedge_dollars": -56.63439688454286,
          "hedge_units_per_target_unit": -1.3059750773846894
        }
      ]
    }
  },
  "example_notional": 100.0,
  "provider": "cryptocompare"
}