{
  "generated_at": "2026-05-18T03:30:19.108787Z",
  "lookbacks": {
    "30": {
      "lookback_days": 30,
      "corr": 0.8832998538375944,
      "stats": {
        "mean": {
          "btc": 1.6196774894703266e-06,
          "eth": -0.00016936297133323728
        },
        "std": {
          "btc": 0.003377457731072721,
          "eth": 0.004205841409043824
        },
        "min": {
          "btc": -0.020668693538518745,
          "eth": -0.025174966013795874
        },
        "max": {
          "btc": 0.018403612886388032,
          "eth": 0.02067819664086934
        }
      },
      "hedge_table": [
        {
          "target": "BTC",
          "hedge": "ETH",
          "hedge_ratio_units": 0.7093248722560432,
          "target_w": 0.5850262967742085,
          "hedge_w": -0.41497370322579147
        },
        {
          "target": "ETH",
          "hedge": "BTC",
          "hedge_ratio_units": 1.0999454020384074,
          "target_w": 0.47620285700252235,
          "hedge_w": -0.5237971429974777
        }
      ],
      "examples": [
        {
          "target": "BTC",
          "hedge": "ETH",
          "target_dollars": 58.50262967742085,
          "hedge_dollars": -41.497370322579144,
          "hedge_units_per_target_unit": -0.7093248722560432
        },
        {
          "target": "ETH",
          "hedge": "BTC",
          "target_dollars": 47.62028570025223,
          "hedge_dollars": -52.37971429974777,
          "hedge_units_per_target_unit": -1.0999454020384074
        }
      ]
    },
    "60": {
      "lookback_days": 60,
      "corr": 0.9059737444394568,
      "stats": {
        "mean": {
          "btc": 6.521445603781456e-05,
          "eth": -1.0387708530841414e-05
        },
        "std": {
          "btc": 0.0039670016301386205,
          "eth": 0.005239124376937114
        },
        "min": {
          "btc": -0.020668693538518745,
          "eth": -0.030096491146448856
        },
        "max": {
          "btc": 0.022874680739771724,
          "eth": 0.041842617860856635
        }
      },
      "hedge_table": [
        {
          "target": "BTC",
          "hedge": "ETH",
          "hedge_ratio_units": 0.6859923648453697,
          "target_w": 0.5931224961933411,
          "hedge_w": -0.40687750380665894
        },
        {
          "target": "ETH",
          "hedge": "BTC",
          "hedge_ratio_units": 1.1964979024200435,
          "target_w": 0.4552701820922416,
          "hedge_w": -0.5447298179077583
        }
      ],
      "examples": [
        {
          "target": "BTC",
          "hedge": "ETH",
          "target_dollars": 59.31224961933411,
          "hedge_dollars": -40.687750380665896,
          "hedge_units_per_target_unit": -0.6859923648453697
        },
        {
          "target": "ETH",
          "hedge": "BTC",
          "target_dollars": 45.52701820922416,
          "hedge_dollars": -54.47298179077583,
          "hedge_units_per_target_unit": -1.1964979024200435
        }
      ]
    },
    "120": {
      "lookback_days": 120,
      "corr": 0.9029024117346719,
      "stats": {
        "mean": {
          "btc": -6.0218579215159185e-05,
          "eth": -0.00013178885334042006
        },
        "std": {
          "btc": 0.005164602655506482,
          "eth": 0.006820856435545656
        },
        "min": {
          "btc": -0.03612262483146145,
          "eth": -0.04170398539552955
        },
        "max": {
          "btc": 0.0349913262434709,
          "eth": 0.04377388676562077
        }
      },
      "hedge_table": [
        {
          "target": "BTC",
          "hedge": "ETH",
          "hedge_ratio_units": 0.6836578716137501,
          "target_w": 0.5939448963235751,
          "hedge_w": -0.40605510367642483
        },
        {
          "target": "ETH",
          "hedge": "BTC",
          "hedge_ratio_units": 1.1924572201472046,
          "target_w": 0.45610924163567423,
          "hedge_w": -0.5438907583643258
        }
      ],
      "examples": [
        {
          "target": "BTC",
          "hedge": "ETH",
          "target_dollars": 59.394489632357505,
          "hedge_dollars": -40.60551036764248,
          "hedge_units_per_target_unit": -0.6836578716137501
        },
        {
          "target": "ETH",
          "hedge": "BTC",
          "target_dollars": 45.610924163567425,
          "hedge_dollars": -54.389075836432575,
          "hedge_units_per_target_unit": -1.1924572201472046
        }
      ]
    },
    "150": {
      "lookback_days": 150,
      "corr": 0.8989201938307345,
      "stats": {
        "mean": {
          "btc": -2.2599656826439858e-05,
          "eth": -6.866347359918042e-05
        },
        "std": {
          "btc": 0.004855245242882963,
          "eth": 0.006394630966628491
        },
        "min": {
          "btc": -0.03612262483146145,
          "eth": -0.04170398539552955
        },
        "max": {
          "btc": 0.0349913262434709,
          "eth": 0.04377388676562077
        }
      },
      "hedge_table": [
        {
          "target": "BTC",
          "hedge": "ETH",
          "hedge_ratio_units": 0.6825222624424933,
          "target_w": 0.5943457761731572,
          "hedge_w": -0.4056542238268429
        },
        {
          "target": "ETH",
          "hedge": "BTC",
          "hedge_ratio_units": 1.1839284362460913,
          "target_w": 0.4578904617034425,
          "hedge_w": -0.5421095382965574
        }
      ],
      "examples": [
        {
          "target": "BTC",
          "hedge": "ETH",
          "target_dollars": 59.43457761731572,
          "hedge_dollars": -40.56542238268429,
          "hedge_units_per_target_unit": -0.6825222624424933
        },
        {
          "target": "ETH",
          "hedge": "BTC",
          "target_dollars": 45.78904617034425,
          "hedge_dollars": -54.210953829655736,
          "hedge_units_per_target_unit": -1.1839284362460913
        }
      ]
    },
    "180": {
      "lookback_days": 180,
      "corr": 0.8998608163679676,
      "stats": {
        "mean": {
          "btc": -2.6694846281696517e-05,
          "eth": -6.158827705552196e-05
        },
        "std": {
          "btc": 0.005001266607361663,
          "eth": 0.006708015608694821
        },
        "min": {
          "btc": -0.03714671634653788,
          "eth": -0.05178573218862892
        },
        "max": {
          "btc": 0.0349913262434709,
          "eth": 0.04377388676562077
        }
      },
      "hedge_table": [
        {
          "target": "BTC",
          "hedge": "ETH",
          "hedge_ratio_units": 0.6709053935922449,
          "target_w": 0.5984779292920474,
          "hedge_w": -0.4015220707079527
        },
        {
          "target": "ETH",
          "hedge": "BTC",
          "hedge_ratio_units": 1.2069503339342136,
          "target_w": 0.45311395758388134,
          "hedge_w": -0.5468860424161187
        }
      ],
      "examples": [
        {
          "target": "BTC",
          "hedge": "ETH",
          "target_dollars": 59.847792929204736,
          "hedge_dollars": -40.15220707079527,
          "hedge_units_per_target_unit": -0.6709053935922449
        },
        {
          "target": "ETH",
          "hedge": "BTC",
          "target_dollars": 45.31139575838814,
          "hedge_dollars": -54.68860424161187,
          "hedge_units_per_target_unit": -1.2069503339342136
        }
      ]
    }
  },
  "example_notional": 100.0,
  "provider": "cryptocompare"
}