{
  "generated_at": "2026-05-04T10:11:43.948166Z",
  "lookbacks": {
    "30": {
      "lookback_days": 30,
      "corr": 0.9084313047906145,
      "stats": {
        "mean": {
          "btc": 0.00022860339224577828,
          "eth": 0.00018860041624822093
        },
        "std": {
          "btc": 0.00393446646811823,
          "eth": 0.005301187060593817
        },
        "min": {
          "btc": -0.019619547762256384,
          "eth": -0.02913186092280784
        },
        "max": {
          "btc": 0.022681960554355562,
          "eth": 0.0410922552310693
        }
      },
      "hedge_table": [
        {
          "target": "BTC",
          "hedge": "ETH",
          "hedge_ratio_units": 0.6742249361197222,
          "target_w": 0.5972913068166671,
          "hedge_w": -0.4027086931833328
        },
        {
          "target": "ETH",
          "hedge": "BTC",
          "hedge_ratio_units": 1.2239942359192706,
          "target_w": 0.44964145313382875,
          "hedge_w": -0.5503585468661712
        }
      ],
      "examples": [
        {
          "target": "BTC",
          "hedge": "ETH",
          "target_dollars": 59.72913068166671,
          "hedge_dollars": -40.27086931833328,
          "hedge_units_per_target_unit": -0.6742249361197222
        },
        {
          "target": "ETH",
          "hedge": "BTC",
          "target_dollars": 44.96414531338287,
          "hedge_dollars": -55.03585468661713,
          "hedge_units_per_target_unit": -1.2239942359192706
        }
      ]
    },
    "60": {
      "lookback_days": 60,
      "corr": 0.907464420306301,
      "stats": {
        "mean": {
          "btc": 6.228274584488765e-05,
          "eth": 7.490421804045098e-05
        },
        "std": {
          "btc": 0.004334678141743199,
          "eth": 0.005740834620000327
        },
        "min": {
          "btc": -0.019619547762256384,
          "eth": -0.030096491146448856
        },
        "max": {
          "btc": 0.022874680739771724,
          "eth": 0.041842617860856635
        }
      },
      "hedge_table": [
        {
          "target": "BTC",
          "hedge": "ETH",
          "hedge_ratio_units": 0.6851906469152322,
          "target_w": 0.5934046701662602,
          "hedge_w": -0.4065953298337398
        },
        {
          "target": "ETH",
          "hedge": "BTC",
          "hedge_ratio_units": 1.2018431334830064,
          "target_w": 0.45416496061558237,
          "hedge_w": -0.5458350393844177
        }
      ],
      "examples": [
        {
          "target": "BTC",
          "hedge": "ETH",
          "target_dollars": 59.34046701662602,
          "hedge_dollars": -40.65953298337398,
          "hedge_units_per_target_unit": -0.6851906469152322
        },
        {
          "target": "ETH",
          "hedge": "BTC",
          "target_dollars": 45.416496061558234,
          "hedge_dollars": -54.583503938441766,
          "hedge_units_per_target_unit": -1.2018431334830064
        }
      ]
    },
    "120": {
      "lookback_days": 120,
      "corr": 0.9021489934625933,
      "stats": {
        "mean": {
          "btc": -3.803926357147785e-05,
          "eth": -8.048369367046671e-05
        },
        "std": {
          "btc": 0.005181909531826645,
          "eth": 0.006865773235747512
        },
        "min": {
          "btc": -0.03612262483146145,
          "eth": -0.04170398539552955
        },
        "max": {
          "btc": 0.0349913262434709,
          "eth": 0.04377388676562077
        }
      },
      "hedge_table": [
        {
          "target": "BTC",
          "hedge": "ETH",
          "hedge_ratio_units": 0.6808926406149577,
          "target_w": 0.5949219931346408,
          "hedge_w": -0.4050780068653593
        },
        {
          "target": "ETH",
          "hedge": "BTC",
          "hedge_ratio_units": 1.1953026921696634,
          "target_w": 0.4555180493181462,
          "hedge_w": -0.5444819506818537
        }
      ],
      "examples": [
        {
          "target": "BTC",
          "hedge": "ETH",
          "target_dollars": 59.49219931346408,
          "hedge_dollars": -40.50780068653593,
          "hedge_units_per_target_unit": -0.6808926406149577
        },
        {
          "target": "ETH",
          "hedge": "BTC",
          "target_dollars": 45.55180493181462,
          "hedge_dollars": -54.44819506818537,
          "hedge_units_per_target_unit": -1.1953026921696634
        }
      ]
    },
    "150": {
      "lookback_days": 150,
      "corr": 0.9014831278706892,
      "stats": {
        "mean": {
          "btc": -2.8930186714519052e-05,
          "eth": -6.0079277806829995e-05
        },
        "std": {
          "btc": 0.00501666750727834,
          "eth": 0.0067293826531009265
        },
        "min": {
          "btc": -0.03612262483146145,
          "eth": -0.04988725258205495
        },
        "max": {
          "btc": 0.0349913262434709,
          "eth": 0.04377388676562077
        }
      },
      "hedge_table": [
        {
          "target": "BTC",
          "hedge": "ETH",
          "hedge_ratio_units": 0.6720439822016322,
          "target_w": 0.5980703920738191,
          "hedge_w": -0.4019296079261809
        },
        {
          "target": "ETH",
          "hedge": "BTC",
          "hedge_ratio_units": 1.2092539347993103,
          "target_w": 0.45264149324275865,
          "hedge_w": -0.5473585067572413
        }
      ],
      "examples": [
        {
          "target": "BTC",
          "hedge": "ETH",
          "target_dollars": 59.807039207381905,
          "hedge_dollars": -40.19296079261809,
          "hedge_units_per_target_unit": -0.6720439822016322
        },
        {
          "target": "ETH",
          "hedge": "BTC",
          "target_dollars": 45.26414932427586,
          "hedge_dollars": -54.73585067572413,
          "hedge_units_per_target_unit": -1.2092539347993103
        }
      ]
    },
    "180": {
      "lookback_days": 180,
      "corr": 0.8974250208354363,
      "stats": {
        "mean": {
          "btc": -4.7161319813053106e-05,
          "eth": -5.833214604561536e-05
        },
        "std": {
          "btc": 0.005107840563200845,
          "eth": 0.006964548938009459
        },
        "min": {
          "btc": -0.03714671634653788,
          "eth": -0.05178573218862892
        },
        "max": {
          "btc": 0.0349913262434709,
          "eth": 0.04377388676562077
        }
      },
      "hedge_table": [
        {
          "target": "BTC",
          "hedge": "ETH",
          "hedge_ratio_units": 0.6581767124698721,
          "target_w": 0.6030720323592588,
          "hedge_w": -0.39692796764074123
        },
        {
          "target": "ETH",
          "hedge": "BTC",
          "hedge_ratio_units": 1.223640479468269,
          "target_w": 0.4497129860844799,
          "hedge_w": -0.5502870139155199
        }
      ],
      "examples": [
        {
          "target": "BTC",
          "hedge": "ETH",
          "target_dollars": 60.307203235925876,
          "hedge_dollars": -39.692796764074124,
          "hedge_units_per_target_unit": -0.6581767124698721
        },
        {
          "target": "ETH",
          "hedge": "BTC",
          "target_dollars": 44.97129860844799,
          "hedge_dollars": -55.02870139155199,
          "hedge_units_per_target_unit": -1.223640479468269
        }
      ]
    }
  },
  "example_notional": 100.0,
  "provider": "cryptocompare"
}