{
  "generated_at": "2026-05-22T10:48:13.464651Z",
  "lookbacks": {
    "30": {
      "lookback_days": 30,
      "corr": 0.8820333202627219,
      "stats": {
        "mean": {
          "btc": -1.3866366450826946e-05,
          "eth": -0.00016222947018140182
        },
        "std": {
          "btc": 0.0032680185416634677,
          "eth": 0.0041833802219863785
        },
        "min": {
          "btc": -0.020668693538518745,
          "eth": -0.025174966013795874
        },
        "max": {
          "btc": 0.018403612886388032,
          "eth": 0.02102707121219405
        }
      },
      "hedge_table": [
        {
          "target": "BTC",
          "hedge": "ETH",
          "hedge_ratio_units": 0.6890363992816506,
          "target_w": 0.5920535522060397,
          "hedge_w": -0.40794644779396033
        },
        {
          "target": "ETH",
          "hedge": "BTC",
          "hedge_ratio_units": 1.1290880697518462,
          "target_w": 0.46968465711075724,
          "hedge_w": -0.5303153428892426
        }
      ],
      "examples": [
        {
          "target": "BTC",
          "hedge": "ETH",
          "target_dollars": 59.20535522060397,
          "hedge_dollars": -40.79464477939603,
          "hedge_units_per_target_unit": -0.6890363992816506
        },
        {
          "target": "ETH",
          "hedge": "BTC",
          "target_dollars": 46.96846571107572,
          "hedge_dollars": -53.03153428892426,
          "hedge_units_per_target_unit": -1.1290880697518462
        }
      ]
    },
    "60": {
      "lookback_days": 60,
      "corr": 0.9029576583420702,
      "stats": {
        "mean": {
          "btc": 7.477451067271234e-05,
          "eth": 8.787083700514151e-06
        },
        "std": {
          "btc": 0.0038364821296748845,
          "eth": 0.005057910426859116
        },
        "min": {
          "btc": -0.020668693538518745,
          "eth": -0.02913186092280784
        },
        "max": {
          "btc": 0.022681960554355562,
          "eth": 0.0410922552310693
        }
      },
      "hedge_table": [
        {
          "target": "BTC",
          "hedge": "ETH",
          "hedge_ratio_units": 0.6849035723698323,
          "target_w": 0.593505774691599,
          "hedge_w": -0.406494225308401
        },
        {
          "target": "ETH",
          "hedge": "BTC",
          "hedge_ratio_units": 1.1904340488945995,
          "target_w": 0.4565305221148517,
          "hedge_w": -0.5434694778851484
        }
      ],
      "examples": [
        {
          "target": "BTC",
          "hedge": "ETH",
          "target_dollars": 59.3505774691599,
          "hedge_dollars": -40.6494225308401,
          "hedge_units_per_target_unit": -0.6849035723698323
        },
        {
          "target": "ETH",
          "hedge": "BTC",
          "target_dollars": 45.65305221148517,
          "hedge_dollars": -54.346947788514846,
          "hedge_units_per_target_unit": -1.1904340488945995
        }
      ]
    },
    "120": {
      "lookback_days": 120,
      "corr": 0.9020859312515328,
      "stats": {
        "mean": {
          "btc": -3.950785305265411e-05,
          "eth": -9.593608649777746e-05
        },
        "std": {
          "btc": 0.00510398960184996,
          "eth": 0.006707974182485014
        },
        "min": {
          "btc": -0.03612262483146145,
          "eth": -0.04170398539552955
        },
        "max": {
          "btc": 0.0349913262434709,
          "eth": 0.04260060177264258
        }
      },
      "hedge_table": [
        {
          "target": "BTC",
          "hedge": "ETH",
          "hedge_ratio_units": 0.6863826675279914,
          "target_w": 0.5929852217147514,
          "hedge_w": -0.4070147782852485
        },
        {
          "target": "ETH",
          "hedge": "BTC",
          "hedge_ratio_units": 1.1855763058421915,
          "target_w": 0.45754522380524215,
          "hedge_w": -0.5424547761947578
        }
      ],
      "examples": [
        {
          "target": "BTC",
          "hedge": "ETH",
          "target_dollars": 59.29852217147514,
          "hedge_dollars": -40.70147782852485,
          "hedge_units_per_target_unit": -0.6863826675279914
        },
        {
          "target": "ETH",
          "hedge": "BTC",
          "target_dollars": 45.754522380524214,
          "hedge_dollars": -54.24547761947578,
          "hedge_units_per_target_unit": -1.1855763058421915
        }
      ]
    },
    "150": {
      "lookback_days": 150,
      "corr": 0.8998463263664193,
      "stats": {
        "mean": {
          "btc": -2.383533419955788e-05,
          "eth": -7.312843854497525e-05
        },
        "std": {
          "btc": 0.004856052817759005,
          "eth": 0.006407667181132348
        },
        "min": {
          "btc": -0.03612262483146145,
          "eth": -0.04170398539552955
        },
        "max": {
          "btc": 0.0349913262434709,
          "eth": 0.04377388676562077
        }
      },
      "hedge_table": [
        {
          "target": "BTC",
          "hedge": "ETH",
          "hedge_ratio_units": 0.6819488536434154,
          "target_w": 0.5945484001096782,
          "hedge_w": -0.40545159989032176
        },
        {
          "target": "ETH",
          "hedge": "BTC",
          "hedge_ratio_units": 1.1873667750140937,
          "target_w": 0.4571707001417523,
          "hedge_w": -0.5428292998582477
        }
      ],
      "examples": [
        {
          "target": "BTC",
          "hedge": "ETH",
          "target_dollars": 59.45484001096782,
          "hedge_dollars": -40.54515998903218,
          "hedge_units_per_target_unit": -0.6819488536434154
        },
        {
          "target": "ETH",
          "hedge": "BTC",
          "target_dollars": 45.717070014175235,
          "hedge_dollars": -54.282929985824765,
          "hedge_units_per_target_unit": -1.1873667750140937
        }
      ]
    },
    "180": {
      "lookback_days": 180,
      "corr": 0.8984911012161271,
      "stats": {
        "mean": {
          "btc": -1.3725248858756205e-05,
          "eth": -4.3874880336629055e-05
        },
        "std": {
          "btc": 0.004882516545990654,
          "eth": 0.00656247936681133
        },
        "min": {
          "btc": -0.03714671634653788,
          "eth": -0.05178573218862892
        },
        "max": {
          "btc": 0.0349913262434709,
          "eth": 0.04377388676562077
        }
      },
      "hedge_table": [
        {
          "target": "BTC",
          "hedge": "ETH",
          "hedge_ratio_units": 0.6684817464416153,
          "target_w": 0.5993472821220299,
          "hedge_w": -0.4006527178779701
        },
        {
          "target": "ETH",
          "hedge": "BTC",
          "hedge_ratio_units": 1.207641440116834,
          "target_w": 0.452972109432353,
          "hedge_w": -0.5470278905676469
        }
      ],
      "examples": [
        {
          "target": "BTC",
          "hedge": "ETH",
          "target_dollars": 59.93472821220299,
          "hedge_dollars": -40.06527178779701,
          "hedge_units_per_target_unit": -0.6684817464416153
        },
        {
          "target": "ETH",
          "hedge": "BTC",
          "target_dollars": 45.2972109432353,
          "hedge_dollars": -54.702789056764686,
          "hedge_units_per_target_unit": -1.207641440116834
        }
      ]
    }
  },
  "example_notional": 100.0,
  "provider": "cryptocompare"
}