{
  "generated_at": "2026-02-10T17:00:41.541757Z",
  "lookbacks": {
    "30": {
      "lookback_days": 30,
      "corr": 0.8894569926961056,
      "stats": {
        "mean": {
          "btc": -0.00035231476437232005,
          "eth": -0.0005659659441591868
        },
        "std": {
          "btc": 0.006245856009438679,
          "eth": 0.00863680013375178
        },
        "min": {
          "btc": -0.031142278584685545,
          "eth": -0.04170398539552955
        },
        "max": {
          "btc": 0.0349913262434709,
          "eth": 0.04377388676562077
        }
      },
      "hedge_table": [
        {
          "target": "BTC",
          "hedge": "ETH",
          "hedge_ratio_units": 0.643226683139069,
          "target_w": 0.6085587644485495,
          "hedge_w": -0.3914412355514505
        },
        {
          "target": "ETH",
          "hedge": "BTC",
          "hedge_ratio_units": 1.229945464941094,
          "target_w": 0.4484414599916756,
          "hedge_w": -0.5515585400083244
        }
      ],
      "examples": [
        {
          "target": "BTC",
          "hedge": "ETH",
          "target_dollars": 60.85587644485495,
          "hedge_dollars": -39.14412355514505,
          "hedge_units_per_target_unit": -0.643226683139069
        },
        {
          "target": "ETH",
          "hedge": "BTC",
          "target_dollars": 44.84414599916756,
          "hedge_dollars": -55.15585400083244,
          "hedge_units_per_target_unit": -1.229945464941094
        }
      ]
    },
    "60": {
      "lookback_days": 60,
      "corr": 0.8903366925561974,
      "stats": {
        "mean": {
          "btc": -0.0001696040647030855,
          "eth": -0.0002666962402823027
        },
        "std": {
          "btc": 0.0051737027292957,
          "eth": 0.007049699757254653
        },
        "min": {
          "btc": -0.031142278584685545,
          "eth": -0.04170398539552955
        },
        "max": {
          "btc": 0.0349913262434709,
          "eth": 0.04377388676562077
        }
      },
      "hedge_table": [
        {
          "target": "BTC",
          "hedge": "ETH",
          "hedge_ratio_units": 0.6534090152605222,
          "target_w": 0.6048110242355449,
          "hedge_w": -0.3951889757644552
        },
        {
          "target": "ETH",
          "hedge": "BTC",
          "hedge_ratio_units": 1.213174914331186,
          "target_w": 0.451839569265223,
          "hedge_w": -0.5481604307347769
        }
      ],
      "examples": [
        {
          "target": "BTC",
          "hedge": "ETH",
          "target_dollars": 60.48110242355449,
          "hedge_dollars": -39.518897576445525,
          "hedge_units_per_target_unit": -0.6534090152605222
        },
        {
          "target": "ETH",
          "hedge": "BTC",
          "target_dollars": 45.1839569265223,
          "hedge_dollars": -54.816043073477694,
          "hedge_units_per_target_unit": -1.213174914331186
        }
      ]
    },
    "120": {
      "lookback_days": 120,
      "corr": 0.8866131559036972,
      "stats": {
        "mean": {
          "btc": -0.0001623303952722235,
          "eth": -0.00022821431819053983
        },
        "std": {
          "btc": 0.005203579496773858,
          "eth": 0.00745606401946136
        },
        "min": {
          "btc": -0.03714671634653788,
          "eth": -0.05178573218862892
        },
        "max": {
          "btc": 0.0349913262434709,
          "eth": 0.04377388676562077
        }
      },
      "hedge_table": [
        {
          "target": "BTC",
          "hedge": "ETH",
          "hedge_ratio_units": 0.6187664198682317,
          "target_w": 0.6177543515397363,
          "hedge_w": -0.38224564846026365
        },
        {
          "target": "ETH",
          "hedge": "BTC",
          "hedge_ratio_units": 1.2704032781690264,
          "target_w": 0.4404503858919958,
          "hedge_w": -0.5595496141080042
        }
      ],
      "examples": [
        {
          "target": "BTC",
          "hedge": "ETH",
          "target_dollars": 61.77543515397363,
          "hedge_dollars": -38.22456484602637,
          "hedge_units_per_target_unit": -0.6187664198682317
        },
        {
          "target": "ETH",
          "hedge": "BTC",
          "target_dollars": 44.04503858919958,
          "hedge_dollars": -55.95496141080042,
          "hedge_units_per_target_unit": -1.2704032781690264
        }
      ]
    },
    "150": {
      "lookback_days": 150,
      "corr": 0.8725544273875419,
      "stats": {
        "mean": {
          "btc": -0.00012966532976064707,
          "eth": -0.00020422195368977272
        },
        "std": {
          "btc": 0.00491460081401936,
          "eth": 0.007274993995286766
        },
        "min": {
          "btc": -0.03714671634653788,
          "eth": -0.05178573218862892
        },
        "max": {
          "btc": 0.0349913262434709,
          "eth": 0.04377388676562077
        }
      },
      "hedge_table": [
        {
          "target": "BTC",
          "hedge": "ETH",
          "hedge_ratio_units": 0.5894515791893756,
          "target_w": 0.6291478224898192,
          "hedge_w": -0.3708521775101809
        },
        {
          "target": "ETH",
          "hedge": "BTC",
          "hedge_ratio_units": 1.2916264128100645,
          "target_w": 0.436371301364854,
          "hedge_w": -0.5636286986351461
        }
      ],
      "examples": [
        {
          "target": "BTC",
          "hedge": "ETH",
          "target_dollars": 62.914782248981915,
          "hedge_dollars": -37.08521775101809,
          "hedge_units_per_target_unit": -0.5894515791893756
        },
        {
          "target": "ETH",
          "hedge": "BTC",
          "target_dollars": 43.6371301364854,
          "hedge_dollars": -56.36286986351461,
          "hedge_units_per_target_unit": -1.2916264128100645
        }
      ]
    },
    "180": {
      "lookback_days": 180,
      "corr": 0.8605136348085701,
      "stats": {
        "mean": {
          "btc": -0.00011190149561071346,
          "eth": -0.00016079715764175537
        },
        "std": {
          "btc": 0.004708823168690765,
          "eth": 0.007233043616450356
        },
        "min": {
          "btc": -0.03714671634653788,
          "eth": -0.05178573218862892
        },
        "max": {
          "btc": 0.0349913262434709,
          "eth": 0.0757825447476439
        }
      },
      "hedge_table": [
        {
          "target": "BTC",
          "hedge": "ETH",
          "hedge_ratio_units": 0.5602076740343835,
          "target_w": 0.6409403162427736,
          "hedge_w": -0.3590596837572264
        },
        {
          "target": "ETH",
          "hedge": "BTC",
          "hedge_ratio_units": 1.3218021637561663,
          "target_w": 0.4306999173358593,
          "hedge_w": -0.5693000826641408
        }
      ],
      "examples": [
        {
          "target": "BTC",
          "hedge": "ETH",
          "target_dollars": 64.09403162427736,
          "hedge_dollars": -35.905968375722644,
          "hedge_units_per_target_unit": -0.5602076740343835
        },
        {
          "target": "ETH",
          "hedge": "BTC",
          "target_dollars": 43.06999173358593,
          "hedge_dollars": -56.93000826641408,
          "hedge_units_per_target_unit": -1.3218021637561663
        }
      ]
    }
  },
  "example_notional": 100.0,
  "provider": "cryptocompare"
}