{
  "generated_at": "2026-02-27T16:38:43.412697Z",
  "lookbacks": {
    "30": {
      "lookback_days": 30,
      "corr": 0.8927532027299419,
      "stats": {
        "mean": {
          "btc": -0.00041017643799909966,
          "eth": -0.0005726918095934301
        },
        "std": {
          "btc": 0.006798741077754802,
          "eth": 0.008950934174090704
        },
        "min": {
          "btc": -0.03450018927739806,
          "eth": -0.04170398539552955
        },
        "max": {
          "btc": 0.0349913262434709,
          "eth": 0.04260060177264258
        }
      },
      "hedge_table": [
        {
          "target": "BTC",
          "hedge": "ETH",
          "hedge_ratio_units": 0.678096582283693,
          "target_w": 0.5959132570540827,
          "hedge_w": -0.4040867429459173
        },
        {
          "target": "ETH",
          "hedge": "BTC",
          "hedge_ratio_units": 1.1753610058030453,
          "target_w": 0.4596938151104005,
          "hedge_w": -0.5403061848895995
        }
      ],
      "examples": [
        {
          "target": "BTC",
          "hedge": "ETH",
          "target_dollars": 59.59132570540827,
          "hedge_dollars": -40.40867429459173,
          "hedge_units_per_target_unit": -0.678096582283693
        },
        {
          "target": "ETH",
          "hedge": "BTC",
          "target_dollars": 45.969381511040055,
          "hedge_dollars": -54.030618488959945,
          "hedge_units_per_target_unit": -1.1753610058030453
        }
      ]
    },
    "60": {
      "lookback_days": 60,
      "corr": 0.8895708604550686,
      "stats": {
        "mean": {
          "btc": -0.0001836328440353903,
          "eth": -0.0002630089114927419
        },
        "std": {
          "btc": 0.0054568908989426936,
          "eth": 0.007315253179344618
        },
        "min": {
          "btc": -0.03450018927739806,
          "eth": -0.04170398539552955
        },
        "max": {
          "btc": 0.0349913262434709,
          "eth": 0.04377388676562077
        }
      },
      "hedge_table": [
        {
          "target": "BTC",
          "hedge": "ETH",
          "hedge_ratio_units": 0.6635848429810308,
          "target_w": 0.6011115118168954,
          "hedge_w": -0.3988884881831046
        },
        {
          "target": "ETH",
          "hedge": "BTC",
          "hedge_ratio_units": 1.192517165123665,
          "target_w": 0.45609677128507076,
          "hedge_w": -0.5439032287149292
        }
      ],
      "examples": [
        {
          "target": "BTC",
          "hedge": "ETH",
          "target_dollars": 60.111151181689536,
          "hedge_dollars": -39.88884881831046,
          "hedge_units_per_target_unit": -0.6635848429810308
        },
        {
          "target": "ETH",
          "hedge": "BTC",
          "target_dollars": 45.60967712850707,
          "hedge_dollars": -54.39032287149293,
          "hedge_units_per_target_unit": -1.192517165123665
        }
      ]
    },
    "120": {
      "lookback_days": 120,
      "corr": 0.8890813623810215,
      "stats": {
        "mean": {
          "btc": -0.00015554818717669483,
          "eth": -0.00020338212277257043
        },
        "std": {
          "btc": 0.005304410104524339,
          "eth": 0.00744383290043393
        },
        "min": {
          "btc": -0.03714671634653788,
          "eth": -0.05178573218862892
        },
        "max": {
          "btc": 0.0349913262434709,
          "eth": 0.04377388676562077
        }
      },
      "hedge_table": [
        {
          "target": "BTC",
          "hedge": "ETH",
          "hedge_ratio_units": 0.6335515890050728,
          "target_w": 0.6121630971012416,
          "hedge_w": -0.38783690289875833
        },
        {
          "target": "ETH",
          "hedge": "BTC",
          "hedge_ratio_units": 1.2476737216848244,
          "target_w": 0.4449044317920014,
          "hedge_w": -0.5550955682079985
        }
      ],
      "examples": [
        {
          "target": "BTC",
          "hedge": "ETH",
          "target_dollars": 61.216309710124165,
          "hedge_dollars": -38.783690289875835,
          "hedge_units_per_target_unit": -0.6335515890050728
        },
        {
          "target": "ETH",
          "hedge": "BTC",
          "target_dollars": 44.49044317920014,
          "hedge_dollars": -55.50955682079986,
          "hedge_units_per_target_unit": -1.2476737216848244
        }
      ]
    },
    "150": {
      "lookback_days": 150,
      "corr": 0.8771546567241241,
      "stats": {
        "mean": {
          "btc": -0.00013697017907737604,
          "eth": -0.00018058294168664884
        },
        "std": {
          "btc": 0.005164301560980861,
          "eth": 0.007441968871186609
        },
        "min": {
          "btc": -0.03714671634653788,
          "eth": -0.05178573218862892
        },
        "max": {
          "btc": 0.0349913262434709,
          "eth": 0.04377388676562077
        }
      },
      "hedge_table": [
        {
          "target": "BTC",
          "hedge": "ETH",
          "hedge_ratio_units": 0.608695258116518,
          "target_w": 0.6216217738907327,
          "hedge_w": -0.37837822610926736
        },
        {
          "target": "ETH",
          "hedge": "BTC",
          "hedge_ratio_units": 1.2640155834194708,
          "target_w": 0.4416930728407989,
          "hedge_w": -0.5583069271592013
        }
      ],
      "examples": [
        {
          "target": "BTC",
          "hedge": "ETH",
          "target_dollars": 62.16217738907327,
          "hedge_dollars": -37.837822610926736,
          "hedge_units_per_target_unit": -0.608695258116518
        },
        {
          "target": "ETH",
          "hedge": "BTC",
          "target_dollars": 44.16930728407989,
          "hedge_dollars": -55.83069271592013,
          "hedge_units_per_target_unit": -1.2640155834194708
        }
      ]
    },
    "180": {
      "lookback_days": 180,
      "corr": 0.8713776421894961,
      "stats": {
        "mean": {
          "btc": -0.00010447726534295949,
          "eth": -0.00016861114761556237
        },
        "std": {
          "btc": 0.004871084408127845,
          "eth": 0.007104009438050736
        },
        "min": {
          "btc": -0.03714671634653788,
          "eth": -0.05178573218862892
        },
        "max": {
          "btc": 0.0349913262434709,
          "eth": 0.04377388676562077
        }
      },
      "hedge_table": [
        {
          "target": "BTC",
          "hedge": "ETH",
          "hedge_ratio_units": 0.597487106890038,
          "target_w": 0.6259831429543014,
          "hedge_w": -0.37401685704569865
        },
        {
          "target": "ETH",
          "hedge": "BTC",
          "hedge_ratio_units": 1.2708207198979231,
          "target_w": 0.4403694185267746,
          "hedge_w": -0.5596305814732254
        }
      ],
      "examples": [
        {
          "target": "BTC",
          "hedge": "ETH",
          "target_dollars": 62.598314295430136,
          "hedge_dollars": -37.401685704569864,
          "hedge_units_per_target_unit": -0.597487106890038
        },
        {
          "target": "ETH",
          "hedge": "BTC",
          "target_dollars": 44.03694185267746,
          "hedge_dollars": -55.96305814732254,
          "hedge_units_per_target_unit": -1.2708207198979231
        }
      ]
    }
  },
  "example_notional": 100.0,
  "provider": "cryptocompare"
}