{
  "generated_at": "2026-01-16T01:39:25.812956Z",
  "lookbacks": {
    "30": {
      "lookback_days": 30,
      "corr": 0.8799964363940788,
      "stats": {
        "mean": {
          "btc": 0.00013297040727295852,
          "eth": 0.0001714996103488465
        },
        "std": {
          "btc": 0.003907612149086083,
          "eth": 0.005050803135803859
        },
        "min": {
          "btc": -0.027310019462305046,
          "eth": -0.033430869773559135
        },
        "max": {
          "btc": 0.023396335129270085,
          "eth": 0.03730338759129537
        }
      },
      "hedge_table": [
        {
          "target": "BTC",
          "hedge": "ETH",
          "hedge_ratio_units": 0.6808194011027671,
          "target_w": 0.5949479160842093,
          "hedge_w": -0.4050520839157907
        },
        {
          "target": "ETH",
          "hedge": "BTC",
          "hedge_ratio_units": 1.1374436844953928,
          "target_w": 0.4678485834521903,
          "hedge_w": -0.5321514165478096
        }
      ],
      "examples": [
        {
          "target": "BTC",
          "hedge": "ETH",
          "target_dollars": 59.494791608420925,
          "hedge_dollars": -40.50520839157907,
          "hedge_units_per_target_unit": -0.6808194011027671
        },
        {
          "target": "ETH",
          "hedge": "BTC",
          "target_dollars": 46.784858345219035,
          "hedge_dollars": -53.215141654780965,
          "hedge_units_per_target_unit": -1.1374436844953928
        }
      ]
    },
    "60": {
      "lookback_days": 60,
      "corr": 0.8943570010452604,
      "stats": {
        "mean": {
          "btc": 1.705799992234294e-05,
          "eth": 5.8611549047715074e-05
        },
        "std": {
          "btc": 0.004778864815695959,
          "eth": 0.00664981883530236
        },
        "min": {
          "btc": -0.03714671634653788,
          "eth": -0.05178573218862892
        },
        "max": {
          "btc": 0.026004133739085944,
          "eth": 0.04132265866066209
        }
      },
      "hedge_table": [
        {
          "target": "BTC",
          "hedge": "ETH",
          "hedge_ratio_units": 0.6427259615369979,
          "target_w": 0.6087442600982341,
          "hedge_w": -0.3912557399017658
        },
        {
          "target": "ETH",
          "hedge": "BTC",
          "hedge_ratio_units": 1.2445030902530734,
          "target_w": 0.4455329129830904,
          "hedge_w": -0.5544670870169096
        }
      ],
      "examples": [
        {
          "target": "BTC",
          "hedge": "ETH",
          "target_dollars": 60.87442600982341,
          "hedge_dollars": -39.12557399017658,
          "hedge_units_per_target_unit": -0.6427259615369979
        },
        {
          "target": "ETH",
          "hedge": "BTC",
          "target_dollars": 44.55329129830904,
          "hedge_dollars": -55.44670870169096,
          "hedge_units_per_target_unit": -1.2445030902530734
        }
      ]
    },
    "120": {
      "lookback_days": 120,
      "corr": 0.8664585043996936,
      "stats": {
        "mean": {
          "btc": -5.9257626036652984e-05,
          "eth": -9.07116469445858e-05
        },
        "std": {
          "btc": 0.004572929946769917,
          "eth": 0.006933343395848947
        },
        "min": {
          "btc": -0.03714671634653788,
          "eth": -0.05178573218862892
        },
        "max": {
          "btc": 0.03468753462614105,
          "eth": 0.04368288914132212
        }
      },
      "hedge_table": [
        {
          "target": "BTC",
          "hedge": "ETH",
          "hedge_ratio_units": 0.571478119023366,
          "target_w": 0.6363435722677926,
          "hedge_w": -0.36365642773220747
        },
        {
          "target": "ETH",
          "hedge": "BTC",
          "hedge_ratio_units": 1.3136991861202967,
          "target_w": 0.4322083034816812,
          "hedge_w": -0.5677916965183188
        }
      ],
      "examples": [
        {
          "target": "BTC",
          "hedge": "ETH",
          "target_dollars": 63.63435722677926,
          "hedge_dollars": -36.36564277322075,
          "hedge_units_per_target_unit": -0.571478119023366
        },
        {
          "target": "ETH",
          "hedge": "BTC",
          "target_dollars": 43.22083034816812,
          "hedge_dollars": -56.779169651831886,
          "hedge_units_per_target_unit": -1.3136991861202967
        }
      ]
    },
    "150": {
      "lookback_days": 150,
      "corr": 0.853859767484024,
      "stats": {
        "mean": {
          "btc": -4.335225709717434e-05,
          "eth": -4.7585530657573255e-05
        },
        "std": {
          "btc": 0.0043762974317442796,
          "eth": 0.006890640159892115
        },
        "min": {
          "btc": -0.03714671634653788,
          "eth": -0.05178573218862892
        },
        "max": {
          "btc": 0.03468753462614105,
          "eth": 0.0757825447476439
        }
      },
      "hedge_table": [
        {
          "target": "BTC",
          "hedge": "ETH",
          "hedge_ratio_units": 0.5422927653747351,
          "target_w": 0.6483853276436963,
          "hedge_w": -0.3516146723563037
        },
        {
          "target": "ETH",
          "hedge": "BTC",
          "hedge_ratio_units": 1.3444333929553074,
          "target_w": 0.426542295040183,
          "hedge_w": -0.573457704959817
        }
      ],
      "examples": [
        {
          "target": "BTC",
          "hedge": "ETH",
          "target_dollars": 64.83853276436963,
          "hedge_dollars": -35.161467235630376,
          "hedge_units_per_target_unit": -0.5422927653747351
        },
        {
          "target": "ETH",
          "hedge": "BTC",
          "target_dollars": 42.654229504018296,
          "hedge_dollars": -57.3457704959817,
          "hedge_units_per_target_unit": -1.3444333929553074
        }
      ]
    },
    "180": {
      "lookback_days": 180,
      "corr": 0.8315687125786768,
      "stats": {
        "mean": {
          "btc": -3.97358746881604e-05,
          "eth": 3.5717785060652965e-06
        },
        "std": {
          "btc": 0.004199819284417477,
          "eth": 0.006886621534640751
        },
        "min": {
          "btc": -0.03714671634653788,
          "eth": -0.05178573218862892
        },
        "max": {
          "btc": 0.03468753462614105,
          "eth": 0.0757825447476439
        }
      },
      "hedge_table": [
        {
          "target": "BTC",
          "hedge": "ETH",
          "hedge_ratio_units": 0.5071337662217456,
          "target_w": 0.6635111112312968,
          "hedge_w": -0.3364888887687031
        },
        {
          "target": "ETH",
          "hedge": "BTC",
          "hedge_ratio_units": 1.3635584332938995,
          "target_w": 0.4230908726070212,
          "hedge_w": -0.5769091273929787
        }
      ],
      "examples": [
        {
          "target": "BTC",
          "hedge": "ETH",
          "target_dollars": 66.35111112312968,
          "hedge_dollars": -33.64888887687031,
          "hedge_units_per_target_unit": -0.5071337662217456
        },
        {
          "target": "ETH",
          "hedge": "BTC",
          "target_dollars": 42.30908726070212,
          "hedge_dollars": -57.69091273929787,
          "hedge_units_per_target_unit": -1.3635584332938995
        }
      ]
    }
  },
  "example_notional": 100.0,
  "provider": "cryptocompare"
}