{
  "generated_at": "2026-03-13T01:56:10.009307Z",
  "lookbacks": {
    "30": {
      "lookback_days": 30,
      "corr": 0.9156041008432371,
      "stats": {
        "mean": {
          "btc": 7.71222452514909e-05,
          "eth": 9.95030518900388e-05
        },
        "std": {
          "btc": 0.005886518109067626,
          "eth": 0.0072632355417255046
        },
        "min": {
          "btc": -0.03612262483146145,
          "eth": -0.04038541666666662
        },
        "max": {
          "btc": 0.029223763595974894,
          "eth": 0.035902309432658264
        }
      },
      "hedge_table": [
        {
          "target": "BTC",
          "hedge": "ETH",
          "hedge_ratio_units": 0.7420549821615555,
          "target_w": 0.5740346947943009,
          "hedge_w": -0.425965305205699
        },
        {
          "target": "ETH",
          "hedge": "BTC",
          "hedge_ratio_units": 1.1297422558082584,
          "target_w": 0.46954038559022254,
          "hedge_w": -0.5304596144097775
        }
      ],
      "examples": [
        {
          "target": "BTC",
          "hedge": "ETH",
          "target_dollars": 57.40346947943009,
          "hedge_dollars": -42.5965305205699,
          "hedge_units_per_target_unit": -0.7420549821615555
        },
        {
          "target": "ETH",
          "hedge": "BTC",
          "target_dollars": 46.95403855902225,
          "hedge_dollars": -53.04596144097775,
          "hedge_units_per_target_unit": -1.1297422558082584
        }
      ]
    },
    "60": {
      "lookback_days": 60,
      "corr": 0.8997347542303353,
      "stats": {
        "mean": {
          "btc": -0.00015587035541959866,
          "eth": -0.00024228811111841095
        },
        "std": {
          "btc": 0.006080354590334388,
          "eth": 0.007988953189970838
        },
        "min": {
          "btc": -0.03612262483146145,
          "eth": -0.04170398539552955
        },
        "max": {
          "btc": 0.0349913262434709,
          "eth": 0.04377388676562077
        }
      },
      "hedge_table": [
        {
          "target": "BTC",
          "hedge": "ETH",
          "hedge_ratio_units": 0.6847838775467617,
          "target_w": 0.593547940081261,
          "hedge_w": -0.4064520599187389
        },
        {
          "target": "ETH",
          "hedge": "BTC",
          "hedge_ratio_units": 1.182157837696233,
          "target_w": 0.45826199311766047,
          "hedge_w": -0.5417380068823395
        }
      ],
      "examples": [
        {
          "target": "BTC",
          "hedge": "ETH",
          "target_dollars": 59.3547940081261,
          "hedge_dollars": -40.64520599187389,
          "hedge_units_per_target_unit": -0.6847838775467617
        },
        {
          "target": "ETH",
          "hedge": "BTC",
          "target_dollars": 45.82619931176605,
          "hedge_dollars": -54.17380068823395,
          "hedge_units_per_target_unit": -1.182157837696233
        }
      ]
    },
    "120": {
      "lookback_days": 120,
      "corr": 0.8969107357858902,
      "stats": {
        "mean": {
          "btc": -0.00010768093576615769,
          "eth": -0.00013870278461154128
        },
        "std": {
          "btc": 0.0055069308114764634,
          "eth": 0.0074680091184623435
        },
        "min": {
          "btc": -0.03714671634653788,
          "eth": -0.05178573218862892
        },
        "max": {
          "btc": 0.0349913262434709,
          "eth": 0.04377388676562077
        }
      },
      "hedge_table": [
        {
          "target": "BTC",
          "hedge": "ETH",
          "hedge_ratio_units": 0.6613844851678925,
          "target_w": 0.6019076312121359,
          "hedge_w": -0.39809236878786414
        },
        {
          "target": "ETH",
          "hedge": "BTC",
          "hedge_ratio_units": 1.2163104608717537,
          "target_w": 0.45120032488889866,
          "hedge_w": -0.5487996751111013
        }
      ],
      "examples": [
        {
          "target": "BTC",
          "hedge": "ETH",
          "target_dollars": 60.190763121213585,
          "hedge_dollars": -39.809236878786415,
          "hedge_units_per_target_unit": -0.6613844851678925
        },
        {
          "target": "ETH",
          "hedge": "BTC",
          "target_dollars": 45.12003248888987,
          "hedge_dollars": -54.87996751111013,
          "hedge_units_per_target_unit": -1.2163104608717537
        }
      ]
    },
    "150": {
      "lookback_days": 150,
      "corr": 0.8915270933360188,
      "stats": {
        "mean": {
          "btc": -0.0001140347492762318,
          "eth": -0.0001600966767320003
        },
        "std": {
          "btc": 0.0053522812001310024,
          "eth": 0.007417193146788389
        },
        "min": {
          "btc": -0.03714671634653788,
          "eth": -0.05178573218862892
        },
        "max": {
          "btc": 0.0349913262434709,
          "eth": 0.04377388676562077
        }
      },
      "hedge_table": [
        {
          "target": "BTC",
          "hedge": "ETH",
          "hedge_ratio_units": 0.6433301124342349,
          "target_w": 0.6085204624643056,
          "hedge_w": -0.3914795375356943
        },
        {
          "target": "ETH",
          "hedge": "BTC",
          "hedge_ratio_units": 1.2354785557056007,
          "target_w": 0.4473315109410041,
          "hedge_w": -0.5526684890589959
        }
      ],
      "examples": [
        {
          "target": "BTC",
          "hedge": "ETH",
          "target_dollars": 60.85204624643056,
          "hedge_dollars": -39.14795375356943,
          "hedge_units_per_target_unit": -0.6433301124342349
        },
        {
          "target": "ETH",
          "hedge": "BTC",
          "target_dollars": 44.73315109410041,
          "hedge_dollars": -55.26684890589959,
          "hedge_units_per_target_unit": -1.2354785557056007
        }
      ]
    },
    "180": {
      "lookback_days": 180,
      "corr": 0.8786733887941167,
      "stats": {
        "mean": {
          "btc": -9.836469589060494e-05,
          "eth": -0.00015650895543101767
        },
        "std": {
          "btc": 0.005096231125391739,
          "eth": 0.00727733800731217
        },
        "min": {
          "btc": -0.03714671634653788,
          "eth": -0.05178573218862892
        },
        "max": {
          "btc": 0.0349913262434709,
          "eth": 0.04377388676562077
        }
      },
      "hedge_table": [
        {
          "target": "BTC",
          "hedge": "ETH",
          "hedge_ratio_units": 0.6153242667204215,
          "target_w": 0.6190707467239944,
          "hedge_w": -0.38092925327600563
        },
        {
          "target": "ETH",
          "hedge": "BTC",
          "hedge_ratio_units": 1.2547317990397624,
          "target_w": 0.44351172961053575,
          "hedge_w": -0.5564882703894642
        }
      ],
      "examples": [
        {
          "target": "BTC",
          "hedge": "ETH",
          "target_dollars": 61.907074672399446,
          "hedge_dollars": -38.09292532760056,
          "hedge_units_per_target_unit": -0.6153242667204215
        },
        {
          "target": "ETH",
          "hedge": "BTC",
          "target_dollars": 44.35117296105358,
          "hedge_dollars": -55.64882703894642,
          "hedge_units_per_target_unit": -1.2547317990397624
        }
      ]
    }
  },
  "example_notional": 100.0,
  "provider": "cryptocompare"
}