{
  "generated_at": "2026-07-02T10:35:49.736158Z",
  "lookbacks": {
    "30": {
      "lookback_days": 30,
      "corr": 0.8900123928868302,
      "stats": {
        "mean": {
          "btc": -0.0034260581741590935,
          "eth": -0.004414391469655426
        },
        "std": {
          "btc": 0.02048636151220845,
          "eth": 0.03226137488839354
        },
        "min": {
          "btc": -0.04505687683436033,
          "eth": -0.10658012901637759
        },
        "max": {
          "btc": 0.039313475306052226,
          "eth": 0.07539563557614826
        }
      },
      "hedge_table": [
        {
          "target": "BTC",
          "hedge": "ETH",
          "hedge_ratio_units": 0.5651685860910072,
          "target_w": 0.6389088107738541,
          "hedge_w": -0.36109118922614597
        },
        {
          "target": "ETH",
          "hedge": "BTC",
          "hedge_ratio_units": 1.401567742770099,
          "target_w": 0.41639466677985343,
          "hedge_w": -0.5836053332201466
        }
      ],
      "examples": [
        {
          "target": "BTC",
          "hedge": "ETH",
          "target_dollars": 63.89088107738541,
          "hedge_dollars": -36.1091189226146,
          "hedge_units_per_target_unit": -0.5651685860910072
        },
        {
          "target": "ETH",
          "hedge": "BTC",
          "target_dollars": 41.63946667798534,
          "hedge_dollars": -58.36053332201466,
          "hedge_units_per_target_unit": -1.401567742770099
        }
      ]
    },
    "60": {
      "lookback_days": 60,
      "corr": 0.8746419569549252,
      "stats": {
        "mean": {
          "btc": -0.004382461784096454,
          "eth": -0.005875053017566762
        },
        "std": {
          "btc": 0.019109194309795085,
          "eth": 0.02622384118952001
        },
        "min": {
          "btc": -0.06600964303204149,
          "eth": -0.10658012901637759
        },
        "max": {
          "btc": 0.039313475306052226,
          "eth": 0.07539563557614826
        }
      },
      "hedge_table": [
        {
          "target": "BTC",
          "hedge": "ETH",
          "hedge_ratio_units": 0.6373476328719719,
          "target_w": 0.6107438517781107,
          "hedge_w": -0.38925614822188936
        },
        {
          "target": "ETH",
          "hedge": "BTC",
          "hedge_ratio_units": 1.2002846067204447,
          "target_w": 0.4544866591102113,
          "hedge_w": -0.5455133408897888
        }
      ],
      "examples": [
        {
          "target": "BTC",
          "hedge": "ETH",
          "target_dollars": 61.074385177811074,
          "hedge_dollars": -38.92561482218893,
          "hedge_units_per_target_unit": -0.6373476328719719
        },
        {
          "target": "ETH",
          "hedge": "BTC",
          "target_dollars": 45.44866591102113,
          "hedge_dollars": -54.55133408897888,
          "hedge_units_per_target_unit": -1.2002846067204447
        }
      ]
    },
    "120": {
      "lookback_days": 120,
      "corr": 0.9068648626634316,
      "stats": {
        "mean": {
          "btc": -0.0014095317942422754,
          "eth": -0.0019621921896895967
        },
        "std": {
          "btc": 0.020154198405138272,
          "eth": 0.027609594500828203
        },
        "min": {
          "btc": -0.06600964303204149,
          "eth": -0.10658012901637759
        },
        "max": {
          "btc": 0.05310982988222279,
          "eth": 0.08197502974334592
        }
      },
      "hedge_table": [
        {
          "target": "BTC",
          "hedge": "ETH",
          "hedge_ratio_units": 0.6619848896447579,
          "target_w": 0.6016901875767028,
          "hedge_w": -0.39830981242329727
        },
        {
          "target": "ETH",
          "hedge": "BTC",
          "hedge_ratio_units": 1.2423302887999343,
          "target_w": 0.4459646310781392,
          "hedge_w": -0.5540353689218609
        }
      ],
      "examples": [
        {
          "target": "BTC",
          "hedge": "ETH",
          "target_dollars": 60.16901875767028,
          "hedge_dollars": -39.83098124232973,
          "hedge_units_per_target_unit": -0.6619848896447579
        },
        {
          "target": "ETH",
          "hedge": "BTC",
          "target_dollars": 44.596463107813925,
          "hedge_dollars": -55.40353689218609,
          "hedge_units_per_target_unit": -1.2423302887999343
        }
      ]
    },
    "150": {
      "lookback_days": 150,
      "corr": 0.9280688797929139,
      "stats": {
        "mean": {
          "btc": -0.0014772813579035642,
          "eth": -0.001950583200069533
        },
        "std": {
          "btc": 0.026445581652015784,
          "eth": 0.03396135433686353
        },
        "min": {
          "btc": -0.14101788206180332,
          "eth": -0.15404474276243008
        },
        "max": {
          "btc": 0.12203362664914996,
          "eth": 0.13191787874605776
        }
      },
      "hedge_table": [
        {
          "target": "BTC",
          "hedge": "ETH",
          "hedge_ratio_units": 0.7226838216112498,
          "target_w": 0.5804895753096969,
          "hedge_w": -0.41951042469030314
        },
        {
          "target": "ETH",
          "hedge": "BTC",
          "hedge_ratio_units": 1.1918238929435947,
          "target_w": 0.45624103433648183,
          "hedge_w": -0.543758965663518
        }
      ],
      "examples": [
        {
          "target": "BTC",
          "hedge": "ETH",
          "target_dollars": 58.048957530969695,
          "hedge_dollars": -41.95104246903031,
          "hedge_units_per_target_unit": -0.7226838216112498
        },
        {
          "target": "ETH",
          "hedge": "BTC",
          "target_dollars": 45.62410343364818,
          "hedge_dollars": -54.3758965663518,
          "hedge_units_per_target_unit": -1.1918238929435947
        }
      ]
    },
    "180": {
      "lookback_days": 180,
      "corr": 0.9249482874435302,
      "stats": {
        "mean": {
          "btc": -0.001965337996785151,
          "eth": -0.003109054493458073
        },
        "std": {
          "btc": 0.02588337575837925,
          "eth": 0.03450589798176841
        },
        "min": {
          "btc": -0.14101788206180332,
          "eth": -0.15404474276243008
        },
        "max": {
          "btc": 0.12203362664914996,
          "eth": 0.13191787874605776
        }
      },
      "hedge_table": [
        {
          "target": "BTC",
          "hedge": "ETH",
          "hedge_ratio_units": 0.6938171582614561,
          "target_w": 0.5903824950187693,
          "hedge_w": -0.40961750498123073
        },
        {
          "target": "ETH",
          "hedge": "BTC",
          "hedge_ratio_units": 1.2330760694769731,
          "target_w": 0.44781277882495873,
          "hedge_w": -0.5521872211750413
        }
      ],
      "examples": [
        {
          "target": "BTC",
          "hedge": "ETH",
          "target_dollars": 59.038249501876926,
          "hedge_dollars": -40.961750498123074,
          "hedge_units_per_target_unit": -0.6938171582614561
        },
        {
          "target": "ETH",
          "hedge": "BTC",
          "target_dollars": 44.78127788249587,
          "hedge_dollars": -55.21872211750413,
          "hedge_units_per_target_unit": -1.2330760694769731
        }
      ]
    }
  },
  "example_notional": 100.0,
  "provider": "coingecko"
}