{
  "generated_at": "2026-06-23T17:50:58.708626Z",
  "lookbacks": {
    "30": {
      "lookback_days": 30,
      "corr": 0.8696071592021821,
      "stats": {
        "mean": {
          "btc": -0.006126650327976151,
          "eth": -0.00616513310855128
        },
        "std": {
          "btc": 0.022484066987172945,
          "eth": 0.03278115881661479
        },
        "min": {
          "btc": -0.06600964303204149,
          "eth": -0.10658012901637759
        },
        "max": {
          "btc": 0.039313475306052226,
          "eth": 0.07539563557614826
        }
      },
      "hedge_table": [
        {
          "target": "BTC",
          "hedge": "ETH",
          "hedge_ratio_units": 0.5964494949494327,
          "target_w": 0.626390000537834,
          "hedge_w": -0.37360999946216594
        },
        {
          "target": "ETH",
          "hedge": "BTC",
          "hedge_ratio_units": 1.2678636124921219,
          "target_w": 0.4409436239867682,
          "hedge_w": -0.5590563760132318
        }
      ],
      "examples": [
        {
          "target": "BTC",
          "hedge": "ETH",
          "target_dollars": 62.6390000537834,
          "hedge_dollars": -37.360999946216594,
          "hedge_units_per_target_unit": -0.5964494949494327
        },
        {
          "target": "ETH",
          "hedge": "BTC",
          "target_dollars": 44.094362398676815,
          "hedge_dollars": -55.90563760132318,
          "hedge_units_per_target_unit": -1.2678636124921219
        }
      ]
    },
    "60": {
      "lookback_days": 60,
      "corr": 0.8674288873823222,
      "stats": {
        "mean": {
          "btc": -0.003065674514536285,
          "eth": -0.004635087275274498
        },
        "std": {
          "btc": 0.018618650859129417,
          "eth": 0.025479664307894206
        },
        "min": {
          "btc": -0.06600964303204149,
          "eth": -0.10658012901637759
        },
        "max": {
          "btc": 0.039313475306052226,
          "eth": 0.07539563557614826
        }
      },
      "hedge_table": [
        {
          "target": "BTC",
          "hedge": "ETH",
          "hedge_ratio_units": 0.6338527621139335,
          "target_w": 0.6120502551932321,
          "hedge_w": -0.387949744806768
        },
        {
          "target": "ETH",
          "hedge": "BTC",
          "hedge_ratio_units": 1.1870783242403626,
          "target_w": 0.4572309957611279,
          "hedge_w": -0.5427690042388721
        }
      ],
      "examples": [
        {
          "target": "BTC",
          "hedge": "ETH",
          "target_dollars": 61.20502551932321,
          "hedge_dollars": -38.7949744806768,
          "hedge_units_per_target_unit": -0.6338527621139335
        },
        {
          "target": "ETH",
          "hedge": "BTC",
          "target_dollars": 45.723099576112794,
          "hedge_dollars": -54.276900423887206,
          "hedge_units_per_target_unit": -1.1870783242403626
        }
      ]
    },
    "120": {
      "lookback_days": 120,
      "corr": 0.9157414051833498,
      "stats": {
        "mean": {
          "btc": 0.00015560510840796637,
          "eth": -0.00014541841584534307
        },
        "std": {
          "btc": 0.021888322337062147,
          "eth": 0.030247832896957115
        },
        "min": {
          "btc": -0.06600964303204149,
          "eth": -0.10658012901637759
        },
        "max": {
          "btc": 0.06364240856302605,
          "eth": 0.10814835249280486
        }
      },
      "hedge_table": [
        {
          "target": "BTC",
          "hedge": "ETH",
          "hedge_ratio_units": 0.6626604663656348,
          "target_w": 0.6014457071839047,
          "hedge_w": -0.39855429281609533
        },
        {
          "target": "ETH",
          "hedge": "BTC",
          "hedge_ratio_units": 1.2654781199886354,
          "target_w": 0.44140792673160595,
          "hedge_w": -0.558592073268394
        }
      ],
      "examples": [
        {
          "target": "BTC",
          "hedge": "ETH",
          "target_dollars": 60.14457071839047,
          "hedge_dollars": -39.85542928160953,
          "hedge_units_per_target_unit": -0.6626604663656348
        },
        {
          "target": "ETH",
          "hedge": "BTC",
          "target_dollars": 44.1407926731606,
          "hedge_dollars": -55.859207326839396,
          "hedge_units_per_target_unit": -1.2654781199886354
        }
      ]
    },
    "150": {
      "lookback_days": 150,
      "corr": 0.9255242876036389,
      "stats": {
        "mean": {
          "btc": -0.0018570449536871685,
          "eth": -0.0029412727617289143
        },
        "std": {
          "btc": 0.02721038257829064,
          "eth": 0.035896262725344824
        },
        "min": {
          "btc": -0.14101788206180332,
          "eth": -0.15404474276243008
        },
        "max": {
          "btc": 0.12203362664914996,
          "eth": 0.13191787874605776
        }
      },
      "hedge_table": [
        {
          "target": "BTC",
          "hedge": "ETH",
          "hedge_ratio_units": 0.7015735912088044,
          "target_w": 0.5876913024311785,
          "hedge_w": -0.41230869756882144
        },
        {
          "target": "ETH",
          "hedge": "BTC",
          "hedge_ratio_units": 1.2209627296094743,
          "target_w": 0.4502551918896164,
          "hedge_w": -0.5497448081103836
        }
      ],
      "examples": [
        {
          "target": "BTC",
          "hedge": "ETH",
          "target_dollars": 58.76913024311785,
          "hedge_dollars": -41.23086975688214,
          "hedge_units_per_target_unit": -0.7015735912088044
        },
        {
          "target": "ETH",
          "hedge": "BTC",
          "target_dollars": 45.02551918896164,
          "hedge_dollars": -54.97448081103836,
          "hedge_units_per_target_unit": -1.2209627296094743
        }
      ]
    },
    "180": {
      "lookback_days": 180,
      "corr": 0.9231695554653052,
      "stats": {
        "mean": {
          "btc": -0.0014014718000850454,
          "eth": -0.002309977287756069
        },
        "std": {
          "btc": 0.02568149490320433,
          "eth": 0.034329017780195904
        },
        "min": {
          "btc": -0.14101788206180332,
          "eth": -0.15404474276243008
        },
        "max": {
          "btc": 0.12203362664914996,
          "eth": 0.13191787874605776
        }
      },
      "hedge_table": [
        {
          "target": "BTC",
          "hedge": "ETH",
          "hedge_ratio_units": 0.6906219800775304,
          "target_w": 0.591498283935798,
          "hedge_w": -0.40850171606420205
        },
        {
          "target": "ETH",
          "hedge": "BTC",
          "hedge_ratio_units": 1.2340210024047238,
          "target_w": 0.4476233656369342,
          "hedge_w": -0.5523766343630657
        }
      ],
      "examples": [
        {
          "target": "BTC",
          "hedge": "ETH",
          "target_dollars": 59.149828393579796,
          "hedge_dollars": -40.850171606420204,
          "hedge_units_per_target_unit": -0.6906219800775304
        },
        {
          "target": "ETH",
          "hedge": "BTC",
          "target_dollars": 44.762336563693424,
          "hedge_dollars": -55.23766343630657,
          "hedge_units_per_target_unit": -1.2340210024047238
        }
      ]
    }
  },
  "example_notional": 100.0,
  "provider": "coingecko"
}