{
  "generated_at": "2026-01-03T16:22:45.431275Z",
  "lookbacks": {
    "30": {
      "lookback_days": 30,
      "corr": 0.8999643037524666,
      "stats": {
        "mean": {
          "btc": -2.8666385348381022e-05,
          "eth": -7.1552171697947384e-06
        },
        "std": {
          "btc": 0.004318029195221266,
          "eth": 0.0062045507034660325
        },
        "min": {
          "btc": -0.027358625956130256,
          "eth": -0.04988725258205495
        },
        "max": {
          "btc": 0.026004133739085944,
          "eth": 0.04132265866066209
        }
      },
      "hedge_table": [
        {
          "target": "BTC",
          "hedge": "ETH",
          "hedge_ratio_units": 0.6263261151350192,
          "target_w": 0.6148828274315566,
          "hedge_w": -0.3851171725684433
        },
        {
          "target": "ETH",
          "hedge": "BTC",
          "hedge_ratio_units": 1.2931534043635742,
          "target_w": 0.4360807253876385,
          "hedge_w": -0.5639192746123616
        }
      ],
      "examples": [
        {
          "target": "BTC",
          "hedge": "ETH",
          "target_dollars": 61.488282743155665,
          "hedge_dollars": -38.51171725684433,
          "hedge_units_per_target_unit": -0.6263261151350192
        },
        {
          "target": "ETH",
          "hedge": "BTC",
          "target_dollars": 43.60807253876385,
          "hedge_dollars": -56.39192746123616,
          "hedge_units_per_target_unit": -1.2931534043635742
        }
      ]
    },
    "60": {
      "lookback_days": 60,
      "corr": 0.8854668990658516,
      "stats": {
        "mean": {
          "btc": -6.842586056709679e-05,
          "eth": -3.134392227501605e-05
        },
        "std": {
          "btc": 0.004987252660374202,
          "eth": 0.0072725623491189245
        },
        "min": {
          "btc": -0.03714671634653788,
          "eth": -0.05178573218862892
        },
        "max": {
          "btc": 0.026004133739085944,
          "eth": 0.04132265866066209
        }
      },
      "hedge_table": [
        {
          "target": "BTC",
          "hedge": "ETH",
          "hedge_ratio_units": 0.6072202527867595,
          "target_w": 0.6221922591294503,
          "hedge_w": -0.3778077408705498
        },
        {
          "target": "ETH",
          "hedge": "BTC",
          "hedge_ratio_units": 1.29121455640353,
          "target_w": 0.4364497411231877,
          "hedge_w": -0.5635502588768123
        }
      ],
      "examples": [
        {
          "target": "BTC",
          "hedge": "ETH",
          "target_dollars": 62.21922591294503,
          "hedge_dollars": -37.78077408705498,
          "hedge_units_per_target_unit": -0.6072202527867595
        },
        {
          "target": "ETH",
          "hedge": "BTC",
          "target_dollars": 43.64497411231877,
          "hedge_dollars": -56.35502588768123,
          "hedge_units_per_target_unit": -1.29121455640353
        }
      ]
    },
    "120": {
      "lookback_days": 120,
      "corr": 0.8633758950680903,
      "stats": {
        "mean": {
          "btc": -6.168591716230409e-05,
          "eth": -8.891294099430768e-05
        },
        "std": {
          "btc": 0.004484767411327067,
          "eth": 0.006871894012074316
        },
        "min": {
          "btc": -0.03714671634653788,
          "eth": -0.05178573218862892
        },
        "max": {
          "btc": 0.03468753462614105,
          "eth": 0.04368288914132212
        }
      },
      "hedge_table": [
        {
          "target": "BTC",
          "hedge": "ETH",
          "hedge_ratio_units": 0.5634603896863528,
          "target_w": 0.639606866024032,
          "hedge_w": -0.36039313397596795
        },
        {
          "target": "ETH",
          "hedge": "BTC",
          "hedge_ratio_units": 1.3229287272518997,
          "target_w": 0.4304910384327773,
          "hedge_w": -0.5695089615672227
        }
      ],
      "examples": [
        {
          "target": "BTC",
          "hedge": "ETH",
          "target_dollars": 63.96068660240321,
          "hedge_dollars": -36.03931339759679,
          "hedge_units_per_target_unit": -0.5634603896863528
        },
        {
          "target": "ETH",
          "hedge": "BTC",
          "target_dollars": 43.04910384327773,
          "hedge_dollars": -56.95089615672227,
          "hedge_units_per_target_unit": -1.3229287272518997
        }
      ]
    },
    "150": {
      "lookback_days": 150,
      "corr": 0.8363626026341789,
      "stats": {
        "mean": {
          "btc": -6.007200158703515e-05,
          "eth": -2.2728921413028243e-05
        },
        "std": {
          "btc": 0.004343087163161732,
          "eth": 0.007061970784744726
        },
        "min": {
          "btc": -0.03714671634653788,
          "eth": -0.05178573218862892
        },
        "max": {
          "btc": 0.03468753462614105,
          "eth": 0.0757825447476439
        }
      },
      "hedge_table": [
        {
          "target": "BTC",
          "hedge": "ETH",
          "hedge_ratio_units": 0.5143600552831148,
          "target_w": 0.6603449401027991,
          "hedge_w": -0.33965505989720085
        },
        {
          "target": "ETH",
          "hedge": "BTC",
          "hedge_ratio_units": 1.3599469785809792,
          "target_w": 0.42373833356260127,
          "hedge_w": -0.5762616664373987
        }
      ],
      "examples": [
        {
          "target": "BTC",
          "hedge": "ETH",
          "target_dollars": 66.03449401027991,
          "hedge_dollars": -33.965505989720086,
          "hedge_units_per_target_unit": -0.5143600552831148
        },
        {
          "target": "ETH",
          "hedge": "BTC",
          "target_dollars": 42.37383335626013,
          "hedge_dollars": -57.62616664373987,
          "hedge_units_per_target_unit": -1.3599469785809792
        }
      ]
    },
    "180": {
      "lookback_days": 180,
      "corr": 0.8252973722117068,
      "stats": {
        "mean": {
          "btc": -3.3328078623200164e-05,
          "eth": 7.151638037814073e-05
        },
        "std": {
          "btc": 0.004206433560322184,
          "eth": 0.007017776719728093
        },
        "min": {
          "btc": -0.03714671634653788,
          "eth": -0.05178573218862892
        },
        "max": {
          "btc": 0.03468753462614105,
          "eth": 0.0757825447476439
        }
      },
      "hedge_table": [
        {
          "target": "BTC",
          "hedge": "ETH",
          "hedge_ratio_units": 0.4946806805576938,
          "target_w": 0.6690392222283097,
          "hedge_w": -0.33096077777169036
        },
        {
          "target": "ETH",
          "hedge": "BTC",
          "hedge_ratio_units": 1.376879630333797,
          "target_w": 0.4207196642345599,
          "hedge_w": -0.57928033576544
        }
      ],
      "examples": [
        {
          "target": "BTC",
          "hedge": "ETH",
          "target_dollars": 66.90392222283097,
          "hedge_dollars": -33.096077777169036,
          "hedge_units_per_target_unit": -0.4946806805576938
        },
        {
          "target": "ETH",
          "hedge": "BTC",
          "target_dollars": 42.07196642345599,
          "hedge_dollars": -57.928033576544,
          "hedge_units_per_target_unit": -1.376879630333797
        }
      ]
    }
  },
  "example_notional": 100.0,
  "provider": "cryptocompare"
}