{
  "generated_at": "2026-07-19T02:29:24.975426Z",
  "lookbacks": {
    "30": {
      "lookback_days": 30,
      "corr": 0.9171583024909773,
      "stats": {
        "mean": {
          "btc": 0.0008325750673720181,
          "eth": 0.0032997232981757042
        },
        "std": {
          "btc": 0.017327250742815284,
          "eth": 0.024986811659044986
        },
        "min": {
          "btc": -0.02781940606821942,
          "eth": -0.03574371340405036
        },
        "max": {
          "btc": 0.04394298412064401,
          "eth": 0.06588068107703227
        }
      },
      "hedge_table": [
        {
          "target": "BTC",
          "hedge": "ETH",
          "hedge_ratio_units": 0.6360087911561657,
          "target_w": 0.6112436592063182,
          "hedge_w": -0.38875634079368176
        },
        {
          "target": "ETH",
          "hedge": "BTC",
          "hedge_ratio_units": 1.3225907621481092,
          "target_w": 0.43055368009606815,
          "hedge_w": -0.5694463199039319
        }
      ],
      "examples": [
        {
          "target": "BTC",
          "hedge": "ETH",
          "target_dollars": 61.12436592063182,
          "hedge_dollars": -38.875634079368176,
          "hedge_units_per_target_unit": -0.6360087911561657
        },
        {
          "target": "ETH",
          "hedge": "BTC",
          "target_dollars": 43.055368009606816,
          "hedge_dollars": -56.94463199039319,
          "hedge_units_per_target_unit": -1.3225907621481092
        }
      ]
    },
    "60": {
      "lookback_days": 60,
      "corr": 0.8893494653284387,
      "stats": {
        "mean": {
          "btc": -0.002819637481576392,
          "eth": -0.0018382961172155885
        },
        "std": {
          "btc": 0.020200430071606067,
          "eth": 0.029226138702471052
        },
        "min": {
          "btc": -0.06600964303204149,
          "eth": -0.10658012901637759
        },
        "max": {
          "btc": 0.04394298412064401,
          "eth": 0.07539563557614826
        }
      },
      "hedge_table": [
        {
          "target": "BTC",
          "hedge": "ETH",
          "hedge_ratio_units": 0.6146977493837877,
          "target_w": 0.619310951775109,
          "hedge_w": -0.380689048224891
        },
        {
          "target": "ETH",
          "hedge": "BTC",
          "hedge_ratio_units": 1.2867176954411677,
          "target_w": 0.43730802538223845,
          "hedge_w": -0.5626919746177615
        }
      ],
      "examples": [
        {
          "target": "BTC",
          "hedge": "ETH",
          "target_dollars": 61.9310951775109,
          "hedge_dollars": -38.0689048224891,
          "hedge_units_per_target_unit": -0.6146977493837877
        },
        {
          "target": "ETH",
          "hedge": "BTC",
          "target_dollars": 43.73080253822385,
          "hedge_dollars": -56.26919746177615,
          "hedge_units_per_target_unit": -1.2867176954411677
        }
      ]
    },
    "120": {
      "lookback_days": 120,
      "corr": 0.9037911192939079,
      "stats": {
        "mean": {
          "btc": -0.0003079714794548934,
          "eth": -0.0005667102225634076
        },
        "std": {
          "btc": 0.019456507929139985,
          "eth": 0.02688103229856592
        },
        "min": {
          "btc": -0.06600964303204149,
          "eth": -0.10658012901637759
        },
        "max": {
          "btc": 0.05310982988222279,
          "eth": 0.08197502974334592
        }
      },
      "hedge_table": [
        {
          "target": "BTC",
          "hedge": "ETH",
          "hedge_ratio_units": 0.6541645753599404,
          "target_w": 0.6045347693305568,
          "hedge_w": -0.3954652306694432
        },
        {
          "target": "ETH",
          "hedge": "BTC",
          "hedge_ratio_units": 1.2486741381021533,
          "target_w": 0.44470649751145575,
          "hedge_w": -0.5552935024885444
        }
      ],
      "examples": [
        {
          "target": "BTC",
          "hedge": "ETH",
          "target_dollars": 60.45347693305568,
          "hedge_dollars": -39.546523066944324,
          "hedge_units_per_target_unit": -0.6541645753599404
        },
        {
          "target": "ETH",
          "hedge": "BTC",
          "target_dollars": 44.47064975114557,
          "hedge_dollars": -55.529350248854435,
          "hedge_units_per_target_unit": -1.2486741381021533
        }
      ]
    },
    "150": {
      "lookback_days": 150,
      "corr": 0.9162803482962624,
      "stats": {
        "mean": {
          "btc": 6.684933382152605e-06,
          "eth": 0.00012344123192761883
        },
        "std": {
          "btc": 0.02123150428189105,
          "eth": 0.029372882625913012
        },
        "min": {
          "btc": -0.06600964303204149,
          "eth": -0.10658012901637759
        },
        "max": {
          "btc": 0.06364240856302605,
          "eth": 0.10814835249280486
        }
      },
      "hedge_table": [
        {
          "target": "BTC",
          "hedge": "ETH",
          "hedge_ratio_units": 0.6623119149055605,
          "target_w": 0.6015718175591686,
          "hedge_w": -0.39842818244083145
        },
        {
          "target": "ETH",
          "hedge": "BTC",
          "hedge_ratio_units": 1.267634867770172,
          "target_w": 0.4409881036021145,
          "hedge_w": -0.5590118963978854
        }
      ],
      "examples": [
        {
          "target": "BTC",
          "hedge": "ETH",
          "target_dollars": 60.15718175591685,
          "hedge_dollars": -39.84281824408315,
          "hedge_units_per_target_unit": -0.6623119149055605
        },
        {
          "target": "ETH",
          "hedge": "BTC",
          "target_dollars": 44.09881036021145,
          "hedge_dollars": -55.90118963978854,
          "hedge_units_per_target_unit": -1.267634867770172
        }
      ]
    },
    "180": {
      "lookback_days": 180,
      "corr": 0.9239432969879559,
      "stats": {
        "mean": {
          "btc": -0.00139679697573154,
          "eth": -0.0019565301180702304
        },
        "std": {
          "btc": 0.02572650415622149,
          "eth": 0.03422061666662494
        },
        "min": {
          "btc": -0.14101788206180332,
          "eth": -0.15404474276243008
        },
        "max": {
          "btc": 0.12203362664914996,
          "eth": 0.13191787874605776
        }
      },
      "hedge_table": [
        {
          "target": "BTC",
          "hedge": "ETH",
          "hedge_ratio_units": 0.6946055736411126,
          "target_w": 0.5901078195153997,
          "hedge_w": -0.40989218048460035
        },
        {
          "target": "ETH",
          "hedge": "BTC",
          "hedge_ratio_units": 1.2290013907807298,
          "target_w": 0.4486313934733527,
          "hedge_w": -0.5513686065266473
        }
      ],
      "examples": [
        {
          "target": "BTC",
          "hedge": "ETH",
          "target_dollars": 59.01078195153997,
          "hedge_dollars": -40.98921804846004,
          "hedge_units_per_target_unit": -0.6946055736411126
        },
        {
          "target": "ETH",
          "hedge": "BTC",
          "target_dollars": 44.86313934733527,
          "hedge_dollars": -55.13686065266473,
          "hedge_units_per_target_unit": -1.2290013907807298
        }
      ]
    }
  },
  "example_notional": 100.0,
  "provider": "coingecko"
}