{
  "generated_at": "2026-05-02T16:43:08.506432Z",
  "lookbacks": {
    "30": {
      "lookback_days": 30,
      "corr": 0.9056310739914464,
      "stats": {
        "mean": {
          "btc": 0.0002340861688191119,
          "eth": 0.00018130166955879941
        },
        "std": {
          "btc": 0.003843819122953502,
          "eth": 0.005191637098334812
        },
        "min": {
          "btc": -0.019619547762256384,
          "eth": -0.02913186092280784
        },
        "max": {
          "btc": 0.022681960554355562,
          "eth": 0.0410922552310693
        }
      },
      "hedge_table": [
        {
          "target": "BTC",
          "hedge": "ETH",
          "hedge_ratio_units": 0.6705172134750668,
          "target_w": 0.5986169983365607,
          "hedge_w": -0.4013830016634393
        },
        {
          "target": "ETH",
          "hedge": "BTC",
          "hedge_ratio_units": 1.2231865576250394,
          "target_w": 0.44980480678520685,
          "hedge_w": -0.550195193214793
        }
      ],
      "examples": [
        {
          "target": "BTC",
          "hedge": "ETH",
          "target_dollars": 59.86169983365607,
          "hedge_dollars": -40.13830016634393,
          "hedge_units_per_target_unit": -0.6705172134750668
        },
        {
          "target": "ETH",
          "hedge": "BTC",
          "target_dollars": 44.980480678520685,
          "hedge_dollars": -55.01951932147931,
          "hedge_units_per_target_unit": -1.2231865576250394
        }
      ]
    },
    "60": {
      "lookback_days": 60,
      "corr": 0.9103209885101119,
      "stats": {
        "mean": {
          "btc": 0.00010625143202536868,
          "eth": 0.00012400525284372561
        },
        "std": {
          "btc": 0.004451687396974808,
          "eth": 0.005896596599373816
        },
        "min": {
          "btc": -0.019619547762256384,
          "eth": -0.030096491146448856
        },
        "max": {
          "btc": 0.02490195224471292,
          "eth": 0.041842617860856635
        }
      },
      "hedge_table": [
        {
          "target": "BTC",
          "hedge": "ETH",
          "hedge_ratio_units": 0.6872548263149734,
          "target_w": 0.5926787017607985,
          "hedge_w": -0.4073212982392015
        },
        {
          "target": "ETH",
          "hedge": "BTC",
          "hedge_ratio_units": 1.2057889888753373,
          "target_w": 0.45335252149838173,
          "hedge_w": -0.5466474785016183
        }
      ],
      "examples": [
        {
          "target": "BTC",
          "hedge": "ETH",
          "target_dollars": 59.26787017607985,
          "hedge_dollars": -40.73212982392015,
          "hedge_units_per_target_unit": -0.6872548263149734
        },
        {
          "target": "ETH",
          "hedge": "BTC",
          "target_dollars": 45.335252149838176,
          "hedge_dollars": -54.66474785016183,
          "hedge_units_per_target_unit": -1.2057889888753373
        }
      ]
    },
    "120": {
      "lookback_days": 120,
      "corr": 0.9017599589507446,
      "stats": {
        "mean": {
          "btc": -3.551943201942389e-05,
          "eth": -8.121396182338024e-05
        },
        "std": {
          "btc": 0.005168090791482424,
          "eth": 0.006847254924139682
        },
        "min": {
          "btc": -0.03612262483146145,
          "eth": -0.04170398539552955
        },
        "max": {
          "btc": 0.0349913262434709,
          "eth": 0.04377388676562077
        }
      },
      "hedge_table": [
        {
          "target": "BTC",
          "hedge": "ETH",
          "hedge_ratio_units": 0.680619809195502,
          "target_w": 0.5950185726292797,
          "hedge_w": -0.4049814273707203
        },
        {
          "target": "ETH",
          "hedge": "BTC",
          "hedge_ratio_units": 1.1947507442194831,
          "target_w": 0.45563260549462936,
          "hedge_w": -0.5443673945053705
        }
      ],
      "examples": [
        {
          "target": "BTC",
          "hedge": "ETH",
          "target_dollars": 59.50185726292797,
          "hedge_dollars": -40.49814273707203,
          "hedge_units_per_target_unit": -0.680619809195502
        },
        {
          "target": "ETH",
          "hedge": "BTC",
          "target_dollars": 45.56326054946294,
          "hedge_dollars": -54.436739450537054,
          "hedge_units_per_target_unit": -1.1947507442194831
        }
      ]
    },
    "150": {
      "lookback_days": 150,
      "corr": 0.9005220575583763,
      "stats": {
        "mean": {
          "btc": -3.4521872912761344e-05,
          "eth": -6.169302767805876e-05
        },
        "std": {
          "btc": 0.00501967514797833,
          "eth": 0.006740917205137832
        },
        "min": {
          "btc": -0.03612262483146145,
          "eth": -0.04988725258205495
        },
        "max": {
          "btc": 0.0349913262434709,
          "eth": 0.04377388676562077
        }
      },
      "hedge_table": [
        {
          "target": "BTC",
          "hedge": "ETH",
          "hedge_ratio_units": 0.6705805834681906,
          "target_w": 0.5985942910481822,
          "hedge_w": -0.4014057089518179
        },
        {
          "target": "ETH",
          "hedge": "BTC",
          "hedge_ratio_units": 1.2093102546379335,
          "target_w": 0.45262995448499477,
          "hedge_w": -0.5473700455150053
        }
      ],
      "examples": [
        {
          "target": "BTC",
          "hedge": "ETH",
          "target_dollars": 59.85942910481822,
          "hedge_dollars": -40.14057089518179,
          "hedge_units_per_target_unit": -0.6705805834681906
        },
        {
          "target": "ETH",
          "hedge": "BTC",
          "target_dollars": 45.262995448499474,
          "hedge_dollars": -54.73700455150053,
          "hedge_units_per_target_unit": -1.2093102546379335
        }
      ]
    },
    "180": {
      "lookback_days": 180,
      "corr": 0.8959187579705696,
      "stats": {
        "mean": {
          "btc": -5.95860999755162e-05,
          "eth": -8.223130532844924e-05
        },
        "std": {
          "btc": 0.005133643807914198,
          "eth": 0.007040430447905362
        },
        "min": {
          "btc": -0.03714671634653788,
          "eth": -0.05178573218862892
        },
        "max": {
          "btc": 0.0349913262434709,
          "eth": 0.04377388676562077
        }
      },
      "hedge_table": [
        {
          "target": "BTC",
          "hedge": "ETH",
          "hedge_ratio_units": 0.653273662495759,
          "target_w": 0.6048605398397345,
          "hedge_w": -0.39513946016026535
        },
        {
          "target": "ETH",
          "hedge": "BTC",
          "hedge_ratio_units": 1.228689394605341,
          "target_w": 0.4486941977740605,
          "hedge_w": -0.5513058022259395
        }
      ],
      "examples": [
        {
          "target": "BTC",
          "hedge": "ETH",
          "target_dollars": 60.486053983973456,
          "hedge_dollars": -39.51394601602654,
          "hedge_units_per_target_unit": -0.653273662495759
        },
        {
          "target": "ETH",
          "hedge": "BTC",
          "target_dollars": 44.86941977740605,
          "hedge_dollars": -55.13058022259395,
          "hedge_units_per_target_unit": -1.228689394605341
        }
      ]
    }
  },
  "example_notional": 100.0,
  "provider": "cryptocompare"
}