{
  "generated_at": "2026-03-28T02:00:50.838123Z",
  "lookbacks": {
    "30": {
      "lookback_days": 30,
      "corr": 0.9177348506633516,
      "stats": {
        "mean": {
          "btc": -2.7786341937149176e-05,
          "eth": -1.9083908967428002e-05
        },
        "std": {
          "btc": 0.005540495895438409,
          "eth": 0.007145155138435201
        },
        "min": {
          "btc": -0.03612262483146145,
          "eth": -0.04038541666666662
        },
        "max": {
          "btc": 0.029223763595974894,
          "eth": 0.041842617860856635
        }
      },
      "hedge_table": [
        {
          "target": "BTC",
          "hedge": "ETH",
          "hedge_ratio_units": 0.7116299191111249,
          "target_w": 0.5842384436229737,
          "hedge_w": -0.41576155637702633
        },
        {
          "target": "ETH",
          "hedge": "BTC",
          "hedge_ratio_units": 1.1835326670555069,
          "target_w": 0.45797345516634735,
          "hedge_w": -0.5420265448336526
        }
      ],
      "examples": [
        {
          "target": "BTC",
          "hedge": "ETH",
          "target_dollars": 58.42384436229737,
          "hedge_dollars": -41.576155637702634,
          "hedge_units_per_target_unit": -0.7116299191111249
        },
        {
          "target": "ETH",
          "hedge": "BTC",
          "target_dollars": 45.797345516634735,
          "hedge_dollars": -54.202654483365265,
          "hedge_units_per_target_unit": -1.1835326670555069
        }
      ]
    },
    "60": {
      "lookback_days": 60,
      "corr": 0.9025523123464161,
      "stats": {
        "mean": {
          "btc": -0.00018469186158606398,
          "eth": -0.00023814020843090588
        },
        "std": {
          "btc": 0.006193607136199147,
          "eth": 0.008080613383309378
        },
        "min": {
          "btc": -0.03612262483146145,
          "eth": -0.04170398539552955
        },
        "max": {
          "btc": 0.0349913262434709,
          "eth": 0.04260060177264258
        }
      },
      "hedge_table": [
        {
          "target": "BTC",
          "hedge": "ETH",
          "hedge_ratio_units": 0.6917859050264848,
          "target_w": 0.591091341421446,
          "hedge_w": -0.408908658578554
        },
        {
          "target": "ETH",
          "hedge": "BTC",
          "hedge_ratio_units": 1.1775329196547821,
          "target_w": 0.4592353075234042,
          "hedge_w": -0.5407646924765959
        }
      ],
      "examples": [
        {
          "target": "BTC",
          "hedge": "ETH",
          "target_dollars": 59.109134142144605,
          "hedge_dollars": -40.8908658578554,
          "hedge_units_per_target_unit": -0.6917859050264848
        },
        {
          "target": "ETH",
          "hedge": "BTC",
          "target_dollars": 45.92353075234042,
          "hedge_dollars": -54.07646924765959,
          "hedge_units_per_target_unit": -1.1775329196547821
        }
      ]
    },
    "120": {
      "lookback_days": 120,
      "corr": 0.899285524250104,
      "stats": {
        "mean": {
          "btc": -9.739876678928909e-05,
          "eth": -0.00011794724676039036
        },
        "std": {
          "btc": 0.005323609149948846,
          "eth": 0.0071576445410477104
        },
        "min": {
          "btc": -0.03714671634653788,
          "eth": -0.05178573218862892
        },
        "max": {
          "btc": 0.0349913262434709,
          "eth": 0.04377388676562077
        }
      },
      "hedge_table": [
        {
          "target": "BTC",
          "hedge": "ETH",
          "hedge_ratio_units": 0.6688575575190032,
          "target_w": 0.5992123147326269,
          "hedge_w": -0.4007876852673731
        },
        {
          "target": "ETH",
          "hedge": "BTC",
          "hedge_ratio_units": 1.2090981779821,
          "target_w": 0.4526734076225845,
          "hedge_w": -0.5473265923774154
        }
      ],
      "examples": [
        {
          "target": "BTC",
          "hedge": "ETH",
          "target_dollars": 59.921231473262694,
          "hedge_dollars": -40.078768526737306,
          "hedge_units_per_target_unit": -0.6688575575190032
        },
        {
          "target": "ETH",
          "hedge": "BTC",
          "target_dollars": 45.26734076225845,
          "hedge_dollars": -54.732659237741544,
          "hedge_units_per_target_unit": -1.2090981779821
        }
      ]
    },
    "150": {
      "lookback_days": 150,
      "corr": 0.894013366614094,
      "stats": {
        "mean": {
          "btc": -0.00013324691058916508,
          "eth": -0.00016658633270772596
        },
        "std": {
          "btc": 0.005369295564962009,
          "eth": 0.007389172762603739
        },
        "min": {
          "btc": -0.03714671634653788,
          "eth": -0.05178573218862892
        },
        "max": {
          "btc": 0.0349913262434709,
          "eth": 0.04377388676562077
        }
      },
      "hedge_table": [
        {
          "target": "BTC",
          "hedge": "ETH",
          "hedge_ratio_units": 0.649629147754064,
          "target_w": 0.6061968542211317,
          "hedge_w": -0.3938031457788683
        },
        {
          "target": "ETH",
          "hedge": "BTC",
          "hedge_ratio_units": 1.2303325712029929,
          "target_w": 0.4483636265333388,
          "hedge_w": -0.5516363734666612
        }
      ],
      "examples": [
        {
          "target": "BTC",
          "hedge": "ETH",
          "target_dollars": 60.619685422113164,
          "hedge_dollars": -39.380314577886836,
          "hedge_units_per_target_unit": -0.649629147754064
        },
        {
          "target": "ETH",
          "hedge": "BTC",
          "target_dollars": 44.83636265333388,
          "hedge_dollars": -55.163637346666114,
          "hedge_units_per_target_unit": -1.2303325712029929
        }
      ]
    },
    "180": {
      "lookback_days": 180,
      "corr": 0.8827801527676735,
      "stats": {
        "mean": {
          "btc": -0.00010815629976131032,
          "eth": -0.00014148779725188122
        },
        "std": {
          "btc": 0.0052162349819566255,
          "eth": 0.007372223398075294
        },
        "min": {
          "btc": -0.03714671634653788,
          "eth": -0.05178573218862892
        },
        "max": {
          "btc": 0.0349913262434709,
          "eth": 0.04377388676562077
        }
      },
      "hedge_table": [
        {
          "target": "BTC",
          "hedge": "ETH",
          "hedge_ratio_units": 0.6246132904010953,
          "target_w": 0.6155310964821132,
          "hedge_w": -0.38446890351788676
        },
        {
          "target": "ETH",
          "hedge": "BTC",
          "hedge_ratio_units": 1.2476532441698274,
          "target_w": 0.4449084851472946,
          "hedge_w": -0.5550915148527056
        }
      ],
      "examples": [
        {
          "target": "BTC",
          "hedge": "ETH",
          "target_dollars": 61.553109648211326,
          "hedge_dollars": -38.446890351788674,
          "hedge_units_per_target_unit": -0.6246132904010953
        },
        {
          "target": "ETH",
          "hedge": "BTC",
          "target_dollars": 44.49084851472946,
          "hedge_dollars": -55.50915148527056,
          "hedge_units_per_target_unit": -1.2476532441698274
        }
      ]
    }
  },
  "example_notional": 100.0,
  "provider": "cryptocompare"
}