{
  "generated_at": "2026-02-22T08:29:22.478429Z",
  "lookbacks": {
    "30": {
      "lookback_days": 30,
      "corr": 0.8897527911944164,
      "stats": {
        "mean": {
          "btc": -0.0003528673314993608,
          "eth": -0.0005070474162760715
        },
        "std": {
          "btc": 0.0064447925937526325,
          "eth": 0.00858271148659346
        },
        "min": {
          "btc": -0.031142278584685545,
          "eth": -0.04170398539552955
        },
        "max": {
          "btc": 0.0349913262434709,
          "eth": 0.04260060177264258
        }
      },
      "hedge_table": [
        {
          "target": "BTC",
          "hedge": "ETH",
          "hedge_ratio_units": 0.6681189514429875,
          "target_w": 0.5994776326562091,
          "hedge_w": -0.4005223673437909
        },
        {
          "target": "ETH",
          "hedge": "BTC",
          "hedge_ratio_units": 1.1849088066255957,
          "target_w": 0.45768500587647604,
          "hedge_w": -0.542314994123524
        }
      ],
      "examples": [
        {
          "target": "BTC",
          "hedge": "ETH",
          "target_dollars": 59.947763265620914,
          "hedge_dollars": -40.052236734379086,
          "hedge_units_per_target_unit": -0.6681189514429875
        },
        {
          "target": "ETH",
          "hedge": "BTC",
          "target_dollars": 45.7685005876476,
          "hedge_dollars": -54.2314994123524,
          "hedge_units_per_target_unit": -1.1849088066255957
        }
      ]
    },
    "60": {
      "lookback_days": 60,
      "corr": 0.8880332324475605,
      "stats": {
        "mean": {
          "btc": -0.0001561357828498596,
          "eth": -0.00024715177684765574
        },
        "std": {
          "btc": 0.005244962386241945,
          "eth": 0.007020721380500161
        },
        "min": {
          "btc": -0.031142278584685545,
          "eth": -0.04170398539552955
        },
        "max": {
          "btc": 0.0349913262434709,
          "eth": 0.04377388676562077
        }
      },
      "hedge_table": [
        {
          "target": "BTC",
          "hedge": "ETH",
          "hedge_ratio_units": 0.6634219832248189,
          "target_w": 0.6011703645164858,
          "hedge_w": -0.3988296354835143
        },
        {
          "target": "ETH",
          "hedge": "BTC",
          "hedge_ratio_units": 1.1886899166318747,
          "target_w": 0.4568943240433425,
          "hedge_w": -0.5431056759566576
        }
      ],
      "examples": [
        {
          "target": "BTC",
          "hedge": "ETH",
          "target_dollars": 60.11703645164857,
          "hedge_dollars": -39.88296354835143,
          "hedge_units_per_target_unit": -0.6634219832248189
        },
        {
          "target": "ETH",
          "hedge": "BTC",
          "target_dollars": 45.689432404334255,
          "hedge_dollars": -54.31056759566576,
          "hedge_units_per_target_unit": -1.1886899166318747
        }
      ]
    },
    "120": {
      "lookback_days": 120,
      "corr": 0.8875537549377536,
      "stats": {
        "mean": {
          "btc": -0.00015858872203680424,
          "eth": -0.00021329216118971174
        },
        "std": {
          "btc": 0.005223466384367454,
          "eth": 0.007372548858501758
        },
        "min": {
          "btc": -0.03714671634653788,
          "eth": -0.05178573218862892
        },
        "max": {
          "btc": 0.0349913262434709,
          "eth": 0.04377388676562077
        }
      },
      "hedge_table": [
        {
          "target": "BTC",
          "hedge": "ETH",
          "hedge_ratio_units": 0.6288337035420624,
          "target_w": 0.6139362157262583,
          "hedge_w": -0.3860637842737416
        },
        {
          "target": "ETH",
          "hedge": "BTC",
          "hedge_ratio_units": 1.2527185859582566,
          "target_w": 0.4439080878691388,
          "hedge_w": -0.5560919121308611
        }
      ],
      "examples": [
        {
          "target": "BTC",
          "hedge": "ETH",
          "target_dollars": 61.39362157262583,
          "hedge_dollars": -38.60637842737416,
          "hedge_units_per_target_unit": -0.6288337035420624
        },
        {
          "target": "ETH",
          "hedge": "BTC",
          "target_dollars": 44.39080878691388,
          "hedge_dollars": -55.609191213086106,
          "hedge_units_per_target_unit": -1.2527185859582566
        }
      ]
    },
    "150": {
      "lookback_days": 150,
      "corr": 0.8750318705940365,
      "stats": {
        "mean": {
          "btc": -0.0001250945116699097,
          "eth": -0.0001709734613704169
        },
        "std": {
          "btc": 0.005064879644524183,
          "eth": 0.007367404200060189
        },
        "min": {
          "btc": -0.03714671634653788,
          "eth": -0.05178573218862892
        },
        "max": {
          "btc": 0.0349913262434709,
          "eth": 0.04377388676562077
        }
      },
      "hedge_table": [
        {
          "target": "BTC",
          "hedge": "ETH",
          "hedge_ratio_units": 0.601559380934393,
          "target_w": 0.6243914599136331,
          "hedge_w": -0.37560854008636696
        },
        {
          "target": "ETH",
          "hedge": "BTC",
          "hedge_ratio_units": 1.2728265884009295,
          "target_w": 0.43998077332576446,
          "hedge_w": -0.5600192266742355
        }
      ],
      "examples": [
        {
          "target": "BTC",
          "hedge": "ETH",
          "target_dollars": 62.43914599136331,
          "hedge_dollars": -37.560854008636696,
          "hedge_units_per_target_unit": -0.601559380934393
        },
        {
          "target": "ETH",
          "hedge": "BTC",
          "target_dollars": 43.99807733257644,
          "hedge_dollars": -56.00192266742356,
          "hedge_units_per_target_unit": -1.2728265884009295
        }
      ]
    },
    "180": {
      "lookback_days": 180,
      "corr": 0.8678466454384963,
      "stats": {
        "mean": {
          "btc": -0.00010048772019563371,
          "eth": -0.0001618524103024022
        },
        "std": {
          "btc": 0.00478579002560896,
          "eth": 0.007053629407244553
        },
        "min": {
          "btc": -0.03714671634653788,
          "eth": -0.05178573218862892
        },
        "max": {
          "btc": 0.0349913262434709,
          "eth": 0.04377388676562077
        }
      },
      "hedge_table": [
        {
          "target": "BTC",
          "hedge": "ETH",
          "hedge_ratio_units": 0.5888219496238348,
          "target_w": 0.6293971456252585,
          "hedge_w": -0.3706028543747414
        },
        {
          "target": "ETH",
          "hedge": "BTC",
          "hedge_ratio_units": 1.2790926025770633,
          "target_w": 0.43877111393773954,
          "hedge_w": -0.5612288860622604
        }
      ],
      "examples": [
        {
          "target": "BTC",
          "hedge": "ETH",
          "target_dollars": 62.93971456252585,
          "hedge_dollars": -37.060285437474136,
          "hedge_units_per_target_unit": -0.5888219496238348
        },
        {
          "target": "ETH",
          "hedge": "BTC",
          "target_dollars": 43.87711139377395,
          "hedge_dollars": -56.12288860622604,
          "hedge_units_per_target_unit": -1.2790926025770633
        }
      ]
    }
  },
  "example_notional": 100.0,
  "provider": "cryptocompare"
}