{
  "generated_at": "2026-03-23T08:53:15.071254Z",
  "lookbacks": {
    "30": {
      "lookback_days": 30,
      "corr": 0.9170213593245025,
      "stats": {
        "mean": {
          "btc": 2.3414302570521795e-05,
          "eth": 8.20297393158317e-05
        },
        "std": {
          "btc": 0.005693975339799727,
          "eth": 0.007224103454299433
        },
        "min": {
          "btc": -0.03612262483146145,
          "eth": -0.04038541666666662
        },
        "max": {
          "btc": 0.029223763595974894,
          "eth": 0.035902309432658264
        }
      },
      "hedge_table": [
        {
          "target": "BTC",
          "hedge": "ETH",
          "hedge_ratio_units": 0.7227882378893344,
          "target_w": 0.5804543924824708,
          "hedge_w": -0.41954560751752923
        },
        {
          "target": "ETH",
          "hedge": "BTC",
          "hedge_ratio_units": 1.163450274056773,
          "target_w": 0.46222462886787763,
          "hedge_w": -0.5377753711321224
        }
      ],
      "examples": [
        {
          "target": "BTC",
          "hedge": "ETH",
          "target_dollars": 58.04543924824708,
          "hedge_dollars": -41.95456075175292,
          "hedge_units_per_target_unit": -0.7227882378893344
        },
        {
          "target": "ETH",
          "hedge": "BTC",
          "target_dollars": 46.22246288678776,
          "hedge_dollars": -53.77753711321224,
          "hedge_units_per_target_unit": -1.163450274056773
        }
      ]
    },
    "60": {
      "lookback_days": 60,
      "corr": 0.9009210464094634,
      "stats": {
        "mean": {
          "btc": -0.00017098330110174053,
          "eth": -0.0002353320548302785
        },
        "std": {
          "btc": 0.006084405648914668,
          "eth": 0.007952811539937326
        },
        "min": {
          "btc": -0.03612262483146145,
          "eth": -0.04170398539552955
        },
        "max": {
          "btc": 0.0349913262434709,
          "eth": 0.04260060177264258
        }
      },
      "hedge_table": [
        {
          "target": "BTC",
          "hedge": "ETH",
          "hedge_ratio_units": 0.6892617882961993,
          "target_w": 0.5919745577200362,
          "hedge_w": -0.4080254422799638
        },
        {
          "target": "ETH",
          "hedge": "BTC",
          "hedge_ratio_units": 1.1775768592509366,
          "target_w": 0.4592260409784064,
          "hedge_w": -0.5407739590215938
        }
      ],
      "examples": [
        {
          "target": "BTC",
          "hedge": "ETH",
          "target_dollars": 59.197455772003615,
          "hedge_dollars": -40.80254422799638,
          "hedge_units_per_target_unit": -0.6892617882961993
        },
        {
          "target": "ETH",
          "hedge": "BTC",
          "target_dollars": 45.92260409784064,
          "hedge_dollars": -54.077395902159374,
          "hedge_units_per_target_unit": -1.1775768592509366
        }
      ]
    },
    "120": {
      "lookback_days": 120,
      "corr": 0.8968963299444173,
      "stats": {
        "mean": {
          "btc": -6.646350683463167e-05,
          "eth": -8.444773147185954e-05
        },
        "std": {
          "btc": 0.005313155699218255,
          "eth": 0.007157034376790942
        },
        "min": {
          "btc": -0.03714671634653788,
          "eth": -0.05178573218862892
        },
        "max": {
          "btc": 0.0349913262434709,
          "eth": 0.04377388676562077
        }
      },
      "hedge_table": [
        {
          "target": "BTC",
          "hedge": "ETH",
          "hedge_ratio_units": 0.6658274358029277,
          "target_w": 0.6003022753182119,
          "hedge_w": -0.39969772468178816
        },
        {
          "target": "ETH",
          "hedge": "BTC",
          "hedge_ratio_units": 1.2081554219791253,
          "target_w": 0.4528666732632978,
          "hedge_w": -0.5471333267367022
        }
      ],
      "examples": [
        {
          "target": "BTC",
          "hedge": "ETH",
          "target_dollars": 60.03022753182119,
          "hedge_dollars": -39.96977246817882,
          "hedge_units_per_target_unit": -0.6658274358029277
        },
        {
          "target": "ETH",
          "hedge": "BTC",
          "target_dollars": 45.286667326329784,
          "hedge_dollars": -54.71333267367022,
          "hedge_units_per_target_unit": -1.2081554219791253
        }
      ]
    },
    "150": {
      "lookback_days": 150,
      "corr": 0.8930473138172232,
      "stats": {
        "mean": {
          "btc": -0.00012092679706375301,
          "eth": -0.00015577506114185566
        },
        "std": {
          "btc": 0.005319203677883528,
          "eth": 0.007346034484651229
        },
        "min": {
          "btc": -0.03714671634653788,
          "eth": -0.05178573218862892
        },
        "max": {
          "btc": 0.0349913262434709,
          "eth": 0.04377388676562077
        }
      },
      "hedge_table": [
        {
          "target": "BTC",
          "hedge": "ETH",
          "hedge_ratio_units": 0.646648278891943,
          "target_w": 0.6072942308438306,
          "hedge_w": -0.3927057691561694
        },
        {
          "target": "ETH",
          "hedge": "BTC",
          "hedge_ratio_units": 1.233334303591997,
          "target_w": 0.4477609995026915,
          "hedge_w": -0.5522390004973086
        }
      ],
      "examples": [
        {
          "target": "BTC",
          "hedge": "ETH",
          "target_dollars": 60.72942308438306,
          "hedge_dollars": -39.27057691561694,
          "hedge_units_per_target_unit": -0.646648278891943
        },
        {
          "target": "ETH",
          "hedge": "BTC",
          "target_dollars": 44.77609995026915,
          "hedge_dollars": -55.22390004973086,
          "hedge_units_per_target_unit": -1.233334303591997
        }
      ]
    },
    "180": {
      "lookback_days": 180,
      "corr": 0.8813654208126406,
      "stats": {
        "mean": {
          "btc": -0.00010205528712943012,
          "eth": -0.00013804029323676153
        },
        "std": {
          "btc": 0.005175153934755398,
          "eth": 0.0073521874100596725
        },
        "min": {
          "btc": -0.03714671634653788,
          "eth": -0.05178573218862892
        },
        "max": {
          "btc": 0.0349913262434709,
          "eth": 0.04377388676562077
        }
      },
      "hedge_table": [
        {
          "target": "BTC",
          "hedge": "ETH",
          "hedge_ratio_units": 0.6203870319239949,
          "target_w": 0.6171365114003858,
          "hedge_w": -0.38286348859961405
        },
        {
          "target": "ETH",
          "hedge": "BTC",
          "hedge_ratio_units": 1.252129662664211,
          "target_w": 0.44402416813649437,
          "hedge_w": -0.5559758318635056
        }
      ],
      "examples": [
        {
          "target": "BTC",
          "hedge": "ETH",
          "target_dollars": 61.713651140038586,
          "hedge_dollars": -38.28634885996141,
          "hedge_units_per_target_unit": -0.6203870319239949
        },
        {
          "target": "ETH",
          "hedge": "BTC",
          "target_dollars": 44.40241681364944,
          "hedge_dollars": -55.59758318635056,
          "hedge_units_per_target_unit": -1.252129662664211
        }
      ]
    }
  },
  "example_notional": 100.0,
  "provider": "cryptocompare"
}