{
  "generated_at": "2026-03-26T08:53:36.274565Z",
  "lookbacks": {
    "30": {
      "lookback_days": 30,
      "corr": 0.9155620283495538,
      "stats": {
        "mean": {
          "btc": 0.00015570077691550303,
          "eth": 0.00023279035894098837
        },
        "std": {
          "btc": 0.005671503418473225,
          "eth": 0.007327249023813591
        },
        "min": {
          "btc": -0.03612262483146145,
          "eth": -0.04038541666666662
        },
        "max": {
          "btc": 0.029223763595974894,
          "eth": 0.041842617860856635
        }
      },
      "hedge_table": [
        {
          "target": "BTC",
          "hedge": "ETH",
          "hedge_ratio_units": 0.7086715842102213,
          "target_w": 0.5852499738633027,
          "hedge_w": -0.41475002613669726
        },
        {
          "target": "ETH",
          "hedge": "BTC",
          "hedge_ratio_units": 1.1828523203590007,
          "target_w": 0.458116195343685,
          "hedge_w": -0.541883804656315
        }
      ],
      "examples": [
        {
          "target": "BTC",
          "hedge": "ETH",
          "target_dollars": 58.52499738633027,
          "hedge_dollars": -41.47500261366972,
          "hedge_units_per_target_unit": -0.7086715842102213
        },
        {
          "target": "ETH",
          "hedge": "BTC",
          "target_dollars": 45.811619534368496,
          "hedge_dollars": -54.188380465631504,
          "hedge_units_per_target_unit": -1.1828523203590007
        }
      ]
    },
    "60": {
      "lookback_days": 60,
      "corr": 0.9022210106826802,
      "stats": {
        "mean": {
          "btc": -0.00014289724959771282,
          "eth": -0.0001930478524010505
        },
        "std": {
          "btc": 0.006181939633890334,
          "eth": 0.008084302224852869
        },
        "min": {
          "btc": -0.03612262483146145,
          "eth": -0.04170398539552955
        },
        "max": {
          "btc": 0.0349913262434709,
          "eth": 0.04260060177264258
        }
      },
      "hedge_table": [
        {
          "target": "BTC",
          "hedge": "ETH",
          "hedge_ratio_units": 0.6899143141038822,
          "target_w": 0.5917459788665522,
          "hedge_w": -0.4082540211334477
        },
        {
          "target": "ETH",
          "hedge": "BTC",
          "hedge_ratio_units": 1.1798606514992678,
          "target_w": 0.4587449199159674,
          "hedge_w": -0.5412550800840327
        }
      ],
      "examples": [
        {
          "target": "BTC",
          "hedge": "ETH",
          "target_dollars": 59.17459788665522,
          "hedge_dollars": -40.82540211334477,
          "hedge_units_per_target_unit": -0.6899143141038822
        },
        {
          "target": "ETH",
          "hedge": "BTC",
          "target_dollars": 45.87449199159674,
          "hedge_dollars": -54.125508008403266,
          "hedge_units_per_target_unit": -1.1798606514992678
        }
      ]
    },
    "120": {
      "lookback_days": 120,
      "corr": 0.8989079887461787,
      "stats": {
        "mean": {
          "btc": -6.090987845804059e-05,
          "eth": -8.41756797878201e-05
        },
        "std": {
          "btc": 0.005329238012376176,
          "eth": 0.0071616252328552624
        },
        "min": {
          "btc": -0.03714671634653788,
          "eth": -0.05178573218862892
        },
        "max": {
          "btc": 0.0349913262434709,
          "eth": 0.04377388676562077
        }
      },
      "hedge_table": [
        {
          "target": "BTC",
          "hedge": "ETH",
          "hedge_ratio_units": 0.6689116600625069,
          "target_w": 0.5991928895520727,
          "hedge_w": -0.4008071104479273
        },
        {
          "target": "ETH",
          "hedge": "BTC",
          "hedge_ratio_units": 1.2079854792128946,
          "target_w": 0.4529015292059263,
          "hedge_w": -0.5470984707940737
        }
      ],
      "examples": [
        {
          "target": "BTC",
          "hedge": "ETH",
          "target_dollars": 59.91928895520727,
          "hedge_dollars": -40.08071104479273,
          "hedge_units_per_target_unit": -0.6689116600625069
        },
        {
          "target": "ETH",
          "hedge": "BTC",
          "target_dollars": 45.29015292059263,
          "hedge_dollars": -54.70984707940737,
          "hedge_units_per_target_unit": -1.2079854792128946
        }
      ]
    },
    "150": {
      "lookback_days": 150,
      "corr": 0.8938857102637403,
      "stats": {
        "mean": {
          "btc": -0.00012444940233033756,
          "eth": -0.00016013686586349984
        },
        "std": {
          "btc": 0.005363524732527381,
          "eth": 0.007397107734973911
        },
        "min": {
          "btc": -0.03714671634653788,
          "eth": -0.05178573218862892
        },
        "max": {
          "btc": 0.0349913262434709,
          "eth": 0.04377388676562077
        }
      },
      "hedge_table": [
        {
          "target": "BTC",
          "hedge": "ETH",
          "hedge_ratio_units": 0.6481422586809581,
          "target_w": 0.606743741162441,
          "hedge_w": -0.3932562588375591
        },
        {
          "target": "ETH",
          "hedge": "BTC",
          "hedge_ratio_units": 1.2328029106446943,
          "target_w": 0.447867563783882,
          "hedge_w": -0.552132436216118
        }
      ],
      "examples": [
        {
          "target": "BTC",
          "hedge": "ETH",
          "target_dollars": 60.6743741162441,
          "hedge_dollars": -39.32562588375591,
          "hedge_units_per_target_unit": -0.6481422586809581
        },
        {
          "target": "ETH",
          "hedge": "BTC",
          "target_dollars": 44.7867563783882,
          "hedge_dollars": -55.213243621611795,
          "hedge_units_per_target_unit": -1.2328029106446943
        }
      ]
    },
    "180": {
      "lookback_days": 180,
      "corr": 0.8825382187824418,
      "stats": {
        "mean": {
          "btc": -9.00298079591024e-05,
          "eth": -0.00011988343374683892
        },
        "std": {
          "btc": 0.0052027993875773965,
          "eth": 0.007361882635854002
        },
        "min": {
          "btc": -0.03714671634653788,
          "eth": -0.05178573218862892
        },
        "max": {
          "btc": 0.0349913262434709,
          "eth": 0.04377388676562077
        }
      },
      "hedge_table": [
        {
          "target": "BTC",
          "hedge": "ETH",
          "hedge_ratio_units": 0.6237085717493628,
          "target_w": 0.6158740659492934,
          "hedge_w": -0.38412593405070666
        },
        {
          "target": "ETH",
          "hedge": "BTC",
          "hedge_ratio_units": 1.24877826422542,
          "target_w": 0.4446859060799597,
          "hedge_w": -0.5553140939200403
        }
      ],
      "examples": [
        {
          "target": "BTC",
          "hedge": "ETH",
          "target_dollars": 61.58740659492934,
          "hedge_dollars": -38.412593405070666,
          "hedge_units_per_target_unit": -0.6237085717493628
        },
        {
          "target": "ETH",
          "hedge": "BTC",
          "target_dollars": 44.46859060799597,
          "hedge_dollars": -55.53140939200403,
          "hedge_units_per_target_unit": -1.24877826422542
        }
      ]
    }
  },
  "example_notional": 100.0,
  "provider": "cryptocompare"
}