{
  "generated_at": "2026-01-30T01:54:05.313611Z",
  "lookbacks": {
    "30": {
      "lookback_days": 30,
      "corr": 0.8814629257911816,
      "stats": {
        "mean": {
          "btc": -9.480573190513231e-05,
          "eth": -0.00010146572546611094
        },
        "std": {
          "btc": 0.003918749547420895,
          "eth": 0.005420653902084343
        },
        "min": {
          "btc": -0.02980180309593028,
          "eth": -0.0369709977803403
        },
        "max": {
          "btc": 0.02131176803153334,
          "eth": 0.04377388676562077
        }
      },
      "hedge_table": [
        {
          "target": "BTC",
          "hedge": "ETH",
          "hedge_ratio_units": 0.6372353785922901,
          "target_w": 0.6107857263992238,
          "hedge_w": -0.38921427360077626
        },
        {
          "target": "ETH",
          "hedge": "BTC",
          "hedge_ratio_units": 1.2192933971443356,
          "target_w": 0.4505938697815912,
          "hedge_w": -0.5494061302184088
        }
      ],
      "examples": [
        {
          "target": "BTC",
          "hedge": "ETH",
          "target_dollars": 61.07857263992238,
          "hedge_dollars": -38.92142736007763,
          "hedge_units_per_target_unit": -0.6372353785922901
        },
        {
          "target": "ETH",
          "hedge": "BTC",
          "target_dollars": 45.059386978159125,
          "hedge_dollars": -54.940613021840875,
          "hedge_units_per_target_unit": -1.2192933971443356
        }
      ]
    },
    "60": {
      "lookback_days": 60,
      "corr": 0.8882138959431384,
      "stats": {
        "mean": {
          "btc": -2.7340330160911942e-05,
          "eth": -6.37593781464724e-06
        },
        "std": {
          "btc": 0.00429821647199502,
          "eth": 0.006052041262057326
        },
        "min": {
          "btc": -0.02980180309593028,
          "eth": -0.04988725258205495
        },
        "max": {
          "btc": 0.026004133739085944,
          "eth": 0.04377388676562077
        }
      },
      "hedge_table": [
        {
          "target": "BTC",
          "hedge": "ETH",
          "hedge_ratio_units": 0.630817840276897,
          "target_w": 0.6131892693976231,
          "hedge_w": -0.386810730602377
        },
        {
          "target": "ETH",
          "hedge": "BTC",
          "hedge_ratio_units": 1.2506366728629468,
          "target_w": 0.44431871748003604,
          "hedge_w": -0.555681282519964
        }
      ],
      "examples": [
        {
          "target": "BTC",
          "hedge": "ETH",
          "target_dollars": 61.31892693976231,
          "hedge_dollars": -38.6810730602377,
          "hedge_units_per_target_unit": -0.630817840276897
        },
        {
          "target": "ETH",
          "hedge": "BTC",
          "target_dollars": 44.4318717480036,
          "hedge_dollars": -55.5681282519964,
          "hedge_units_per_target_unit": -1.2506366728629468
        }
      ]
    },
    "120": {
      "lookback_days": 120,
      "corr": 0.8722439610487219,
      "stats": {
        "mean": {
          "btc": -0.00011645129112759138,
          "eth": -0.00013902589449846616
        },
        "std": {
          "btc": 0.004711742088930542,
          "eth": 0.007012650670751313
        },
        "min": {
          "btc": -0.03714671634653788,
          "eth": -0.05178573218862892
        },
        "max": {
          "btc": 0.03468753462614105,
          "eth": 0.04377388676562077
        }
      },
      "hedge_table": [
        {
          "target": "BTC",
          "hedge": "ETH",
          "hedge_ratio_units": 0.5860535161447656,
          "target_w": 0.6304957492422505,
          "hedge_w": -0.3695042507577494
        },
        {
          "target": "ETH",
          "hedge": "BTC",
          "hedge_ratio_units": 1.2981912174007517,
          "target_w": 0.4351248026833021,
          "hedge_w": -0.5648751973166979
        }
      ],
      "examples": [
        {
          "target": "BTC",
          "hedge": "ETH",
          "target_dollars": 63.04957492422505,
          "hedge_dollars": -36.95042507577494,
          "hedge_units_per_target_unit": -0.5860535161447656
        },
        {
          "target": "ETH",
          "hedge": "BTC",
          "target_dollars": 43.51248026833021,
          "hedge_dollars": -56.48751973166979,
          "hedge_units_per_target_unit": -1.2981912174007517
        }
      ]
    },
    "150": {
      "lookback_days": 150,
      "corr": 0.8657226432524523,
      "stats": {
        "mean": {
          "btc": -7.149131001771626e-05,
          "eth": -0.00010673795489475251
        },
        "std": {
          "btc": 0.004418297237249321,
          "eth": 0.006688806881020043
        },
        "min": {
          "btc": -0.03714671634653788,
          "eth": -0.05178573218862892
        },
        "max": {
          "btc": 0.03468753462614105,
          "eth": 0.04377388676562077
        }
      },
      "hedge_table": [
        {
          "target": "BTC",
          "hedge": "ETH",
          "hedge_ratio_units": 0.5718538494152449,
          "target_w": 0.6361914629480446,
          "hedge_w": -0.3638085370519554
        },
        {
          "target": "ETH",
          "hedge": "BTC",
          "hedge_ratio_units": 1.3106070647358532,
          "target_w": 0.43278669716796664,
          "hedge_w": -0.5672133028320333
        }
      ],
      "examples": [
        {
          "target": "BTC",
          "hedge": "ETH",
          "target_dollars": 63.619146294804466,
          "hedge_dollars": -36.38085370519554,
          "hedge_units_per_target_unit": -0.5718538494152449
        },
        {
          "target": "ETH",
          "hedge": "BTC",
          "target_dollars": 43.278669716796664,
          "hedge_dollars": -56.72133028320333,
          "hedge_units_per_target_unit": -1.3106070647358532
        }
      ]
    },
    "180": {
      "lookback_days": 180,
      "corr": 0.840488615619554,
      "stats": {
        "mean": {
          "btc": -6.530433206042793e-05,
          "eth": -2.9481529196024042e-05
        },
        "std": {
          "btc": 0.004277336042751588,
          "eth": 0.006851452758312265
        },
        "min": {
          "btc": -0.03714671634653788,
          "eth": -0.05178573218862892
        },
        "max": {
          "btc": 0.03468753462614105,
          "eth": 0.0757825447476439
        }
      },
      "hedge_table": [
        {
          "target": "BTC",
          "hedge": "ETH",
          "hedge_ratio_units": 0.5247138637496032,
          "target_w": 0.6558607642884432,
          "hedge_w": -0.3441392357115568
        },
        {
          "target": "ETH",
          "hedge": "BTC",
          "hedge_ratio_units": 1.34629778587894,
          "target_w": 0.4262033600416977,
          "hedge_w": -0.5737966399583023
        }
      ],
      "examples": [
        {
          "target": "BTC",
          "hedge": "ETH",
          "target_dollars": 65.58607642884432,
          "hedge_dollars": -34.41392357115568,
          "hedge_units_per_target_unit": -0.5247138637496032
        },
        {
          "target": "ETH",
          "hedge": "BTC",
          "target_dollars": 42.620336004169765,
          "hedge_dollars": -57.379663995830235,
          "hedge_units_per_target_unit": -1.34629778587894
        }
      ]
    }
  },
  "example_notional": 100.0,
  "provider": "cryptocompare"
}