{
  "generated_at": "2026-04-13T02:31:43.154993Z",
  "lookbacks": {
    "30": {
      "lookback_days": 30,
      "corr": 0.9143114731746674,
      "stats": {
        "mean": {
          "btc": 1.2944426364084331e-05,
          "eth": 8.344592263732061e-05
        },
        "std": {
          "btc": 0.004380691399512366,
          "eth": 0.006020855936524303
        },
        "min": {
          "btc": -0.019619547762256384,
          "eth": -0.030096491146448856
        },
        "max": {
          "btc": 0.022874680739771724,
          "eth": 0.041842617860856635
        }
      },
      "hedge_table": [
        {
          "target": "BTC",
          "hedge": "ETH",
          "hedge_ratio_units": 0.6652403660274125,
          "target_w": 0.6005139080225361,
          "hedge_w": -0.3994860919774639
        },
        {
          "target": "ETH",
          "hedge": "BTC",
          "hedge_ratio_units": 1.256636717598678,
          "target_w": 0.4431373433753731,
          "hedge_w": -0.5568626566246271
        }
      ],
      "examples": [
        {
          "target": "BTC",
          "hedge": "ETH",
          "target_dollars": 60.051390802253614,
          "hedge_dollars": -39.948609197746386,
          "hedge_units_per_target_unit": -0.6652403660274125
        },
        {
          "target": "ETH",
          "hedge": "BTC",
          "target_dollars": 44.313734337537305,
          "hedge_dollars": -55.68626566246271,
          "hedge_units_per_target_unit": -1.256636717598678
        }
      ]
    },
    "60": {
      "lookback_days": 60,
      "corr": 0.9152450292331951,
      "stats": {
        "mean": {
          "btc": 5.059289575454766e-05,
          "eth": 0.00010074727368825534
        },
        "std": {
          "btc": 0.0051747607660413975,
          "eth": 0.00667672765980231
        },
        "min": {
          "btc": -0.03612262483146145,
          "eth": -0.04038541666666662
        },
        "max": {
          "btc": 0.029223763595974894,
          "eth": 0.041842617860856635
        }
      },
      "hedge_table": [
        {
          "target": "BTC",
          "hedge": "ETH",
          "hedge_ratio_units": 0.7093555870347693,
          "target_w": 0.585015784652921,
          "hedge_w": -0.414984215347079
        },
        {
          "target": "ETH",
          "hedge": "BTC",
          "hedge_ratio_units": 1.1808935868647963,
          "target_w": 0.45852764482543035,
          "hedge_w": -0.5414723551745698
        }
      ],
      "examples": [
        {
          "target": "BTC",
          "hedge": "ETH",
          "target_dollars": 58.501578465292106,
          "hedge_dollars": -41.4984215347079,
          "hedge_units_per_target_unit": -0.7093555870347693
        },
        {
          "target": "ETH",
          "hedge": "BTC",
          "target_dollars": 45.85276448254304,
          "hedge_dollars": -54.147235517456984,
          "hedge_units_per_target_unit": -1.1808935868647963
        }
      ]
    },
    "120": {
      "lookback_days": 120,
      "corr": 0.9020606213836356,
      "stats": {
        "mean": {
          "btc": -6.858651869473679e-05,
          "eth": -9.7053013628475e-05
        },
        "std": {
          "btc": 0.005214441192893588,
          "eth": 0.006903289885946401
        },
        "min": {
          "btc": -0.03612262483146145,
          "eth": -0.04170398539552955
        },
        "max": {
          "btc": 0.0349913262434709,
          "eth": 0.04377388676562077
        }
      },
      "hedge_table": [
        {
          "target": "BTC",
          "hedge": "ETH",
          "hedge_ratio_units": 0.6813768710779209,
          "target_w": 0.5947506577504578,
          "hedge_w": -0.4052493422495423
        },
        {
          "target": "ETH",
          "hedge": "BTC",
          "hedge_ratio_units": 1.1942192334232846,
          "target_w": 0.45574297443371786,
          "hedge_w": -0.5442570255662822
        }
      ],
      "examples": [
        {
          "target": "BTC",
          "hedge": "ETH",
          "target_dollars": 59.47506577504578,
          "hedge_dollars": -40.52493422495423,
          "hedge_units_per_target_unit": -0.6813768710779209
        },
        {
          "target": "ETH",
          "hedge": "BTC",
          "target_dollars": 45.57429744337178,
          "hedge_dollars": -54.42570255662822,
          "hedge_units_per_target_unit": -1.1942192334232846
        }
      ]
    },
    "150": {
      "lookback_days": 150,
      "corr": 0.899869386360672,
      "stats": {
        "mean": {
          "btc": -7.764803371124491e-05,
          "eth": -8.027954225177486e-05
        },
        "std": {
          "btc": 0.005292394348852764,
          "eth": 0.007180090001440036
        },
        "min": {
          "btc": -0.03714671634653788,
          "eth": -0.05178573218862892
        },
        "max": {
          "btc": 0.0349913262434709,
          "eth": 0.04377388676562077
        }
      },
      "hedge_table": [
        {
          "target": "BTC",
          "hedge": "ETH",
          "hedge_ratio_units": 0.6632874593668976,
          "target_w": 0.6012189861520589,
          "hedge_w": -0.3987810138479411
        },
        {
          "target": "ETH",
          "hedge": "BTC",
          "hedge_ratio_units": 1.2208355533844202,
          "target_w": 0.45028097576880916,
          "hedge_w": -0.5497190242311908
        }
      ],
      "examples": [
        {
          "target": "BTC",
          "hedge": "ETH",
          "target_dollars": 60.12189861520589,
          "hedge_dollars": -39.878101384794114,
          "hedge_units_per_target_unit": -0.6632874593668976
        },
        {
          "target": "ETH",
          "hedge": "BTC",
          "target_dollars": 45.02809757688092,
          "hedge_dollars": -54.971902423119076,
          "hedge_units_per_target_unit": -1.2208355533844202
        }
      ]
    },
    "180": {
      "lookback_days": 180,
      "corr": 0.8949486483809569,
      "stats": {
        "mean": {
          "btc": -9.132989328679652e-05,
          "eth": -0.00011705009947269573
        },
        "std": {
          "btc": 0.005208363172659079,
          "eth": 0.007196786111005714
        },
        "min": {
          "btc": -0.03714671634653788,
          "eth": -0.05178573218862892
        },
        "max": {
          "btc": 0.0349913262434709,
          "eth": 0.04377388676562077
        }
      },
      "hedge_table": [
        {
          "target": "BTC",
          "hedge": "ETH",
          "hedge_ratio_units": 0.6476804381500527,
          "target_w": 0.6069138024863356,
          "hedge_w": -0.3930861975136644
        },
        {
          "target": "ETH",
          "hedge": "BTC",
          "hedge_ratio_units": 1.2366176837555558,
          "target_w": 0.4471036812696916,
          "hedge_w": -0.5528963187303083
        }
      ],
      "examples": [
        {
          "target": "BTC",
          "hedge": "ETH",
          "target_dollars": 60.691380248633564,
          "hedge_dollars": -39.30861975136644,
          "hedge_units_per_target_unit": -0.6476804381500527
        },
        {
          "target": "ETH",
          "hedge": "BTC",
          "target_dollars": 44.71036812696916,
          "hedge_dollars": -55.28963187303083,
          "hedge_units_per_target_unit": -1.2366176837555558
        }
      ]
    }
  },
  "example_notional": 100.0,
  "provider": "cryptocompare"
}