{
  "generated_at": "2026-01-06T01:28:54.819416Z",
  "lookbacks": {
    "30": {
      "lookback_days": 30,
      "corr": 0.8972063161836417,
      "stats": {
        "mean": {
          "btc": 7.525965748260675e-05,
          "eth": 0.00010016698361942703
        },
        "std": {
          "btc": 0.004254948373593634,
          "eth": 0.006109634911210785
        },
        "min": {
          "btc": -0.027358625956130256,
          "eth": -0.04988725258205495
        },
        "max": {
          "btc": 0.026004133739085944,
          "eth": 0.04132265866066209
        }
      },
      "hedge_table": [
        {
          "target": "BTC",
          "hedge": "ETH",
          "hedge_ratio_units": 0.6248436463557805,
          "target_w": 0.6154438319298059,
          "hedge_w": -0.38455616807019405
        },
        {
          "target": "ETH",
          "hedge": "BTC",
          "hedge_ratio_units": 1.2882889639586297,
          "target_w": 0.4370077449790467,
          "hedge_w": -0.5629922550209532
        }
      ],
      "examples": [
        {
          "target": "BTC",
          "hedge": "ETH",
          "target_dollars": 61.54438319298059,
          "hedge_dollars": -38.4556168070194,
          "hedge_units_per_target_unit": -0.6248436463557805
        },
        {
          "target": "ETH",
          "hedge": "BTC",
          "target_dollars": 43.70077449790467,
          "hedge_dollars": -56.29922550209532,
          "hedge_units_per_target_unit": -1.2882889639586297
        }
      ]
    },
    "60": {
      "lookback_days": 60,
      "corr": 0.8907917698356128,
      "stats": {
        "mean": {
          "btc": -4.3561117857785196e-05,
          "eth": 2.641151524095841e-06
        },
        "std": {
          "btc": 0.004932400284678659,
          "eth": 0.0070852507914760665
        },
        "min": {
          "btc": -0.03714671634653788,
          "eth": -0.05178573218862892
        },
        "max": {
          "btc": 0.026004133739085944,
          "eth": 0.04132265866066209
        }
      },
      "hedge_table": [
        {
          "target": "BTC",
          "hedge": "ETH",
          "hedge_ratio_units": 0.6201250609805496,
          "target_w": 0.617236301125278,
          "hedge_w": -0.38276369887472195
        },
        {
          "target": "ETH",
          "hedge": "BTC",
          "hedge_ratio_units": 1.2795966928866822,
          "target_w": 0.4386740878859968,
          "hedge_w": -0.5613259121140033
        }
      ],
      "examples": [
        {
          "target": "BTC",
          "hedge": "ETH",
          "target_dollars": 61.72363011252781,
          "hedge_dollars": -38.27636988747219,
          "hedge_units_per_target_unit": -0.6201250609805496
        },
        {
          "target": "ETH",
          "hedge": "BTC",
          "target_dollars": 43.86740878859968,
          "hedge_dollars": -56.13259121140033,
          "hedge_units_per_target_unit": -1.2795966928866822
        }
      ]
    },
    "120": {
      "lookback_days": 120,
      "corr": 0.8632985629112958,
      "stats": {
        "mean": {
          "btc": -4.8327427131493626e-05,
          "eth": -7.546593081164248e-05
        },
        "std": {
          "btc": 0.004494160129997386,
          "eth": 0.006879856331553702
        },
        "min": {
          "btc": -0.03714671634653788,
          "eth": -0.05178573218862892
        },
        "max": {
          "btc": 0.03468753462614105,
          "eth": 0.04368288914132212
        }
      },
      "hedge_table": [
        {
          "target": "BTC",
          "hedge": "ETH",
          "hedge_ratio_units": 0.5639364827904474,
          "target_w": 0.6394121570818234,
          "hedge_w": -0.3605878429181766
        },
        {
          "target": "ETH",
          "hedge": "BTC",
          "hedge_ratio_units": 1.321575091288513,
          "target_w": 0.4307420439478369,
          "hedge_w": -0.5692579560521631
        }
      ],
      "examples": [
        {
          "target": "BTC",
          "hedge": "ETH",
          "target_dollars": 63.94121570818234,
          "hedge_dollars": -36.05878429181766,
          "hedge_units_per_target_unit": -0.5639364827904474
        },
        {
          "target": "ETH",
          "hedge": "BTC",
          "target_dollars": 43.07420439478369,
          "hedge_dollars": -56.92579560521631,
          "hedge_units_per_target_unit": -1.321575091288513
        }
      ]
    },
    "150": {
      "lookback_days": 150,
      "corr": 0.8378974549798213,
      "stats": {
        "mean": {
          "btc": -4.992906403538294e-05,
          "eth": -3.62625115428977e-05
        },
        "std": {
          "btc": 0.0043457871743887875,
          "eth": 0.007024968988192261
        },
        "min": {
          "btc": -0.03714671634653788,
          "eth": -0.05178573218862892
        },
        "max": {
          "btc": 0.03468753462614105,
          "eth": 0.0757825447476439
        }
      },
      "hedge_table": [
        {
          "target": "BTC",
          "hedge": "ETH",
          "hedge_ratio_units": 0.5183402260458003,
          "target_w": 0.6586139146193148,
          "hedge_w": -0.3413860853806851
        },
        {
          "target": "ETH",
          "hedge": "BTC",
          "hedge_ratio_units": 1.3544620112111978,
          "target_w": 0.4247254766644433,
          "hedge_w": -0.5752745233355566
        }
      ],
      "examples": [
        {
          "target": "BTC",
          "hedge": "ETH",
          "target_dollars": 65.86139146193149,
          "hedge_dollars": -34.13860853806851,
          "hedge_units_per_target_unit": -0.5183402260458003
        },
        {
          "target": "ETH",
          "hedge": "BTC",
          "target_dollars": 42.472547666444335,
          "hedge_dollars": -57.527452333555665,
          "hedge_units_per_target_unit": -1.3544620112111978
        }
      ]
    },
    "180": {
      "lookback_days": 180,
      "corr": 0.8254939996499039,
      "stats": {
        "mean": {
          "btc": -3.0190730711416116e-05,
          "eth": 5.94195508078465e-05
        },
        "std": {
          "btc": 0.00419832706395083,
          "eth": 0.00699615641744003
        },
        "min": {
          "btc": -0.03714671634653788,
          "eth": -0.05178573218862892
        },
        "max": {
          "btc": 0.03468753462614105,
          "eth": 0.0757825447476439
        }
      },
      "hedge_table": [
        {
          "target": "BTC",
          "hedge": "ETH",
          "hedge_ratio_units": 0.49537111423351277,
          "target_w": 0.6687303174988593,
          "hedge_w": -0.3312696825011407
        },
        {
          "target": "ETH",
          "hedge": "BTC",
          "hedge_ratio_units": 1.3756158239310896,
          "target_w": 0.4209434833386627,
          "hedge_w": -0.5790565166613374
        }
      ],
      "examples": [
        {
          "target": "BTC",
          "hedge": "ETH",
          "target_dollars": 66.87303174988593,
          "hedge_dollars": -33.12696825011407,
          "hedge_units_per_target_unit": -0.49537111423351277
        },
        {
          "target": "ETH",
          "hedge": "BTC",
          "target_dollars": 42.09434833386627,
          "hedge_dollars": -57.90565166613374,
          "hedge_units_per_target_unit": -1.3756158239310896
        }
      ]
    }
  },
  "example_notional": 100.0,
  "provider": "cryptocompare"
}