{
  "generated_at": "2026-02-11T17:02:49.478920Z",
  "lookbacks": {
    "30": {
      "lookback_days": 30,
      "corr": 0.8893406616984622,
      "stats": {
        "mean": {
          "btc": -0.0004388126324477589,
          "eth": -0.0006383390947889596
        },
        "std": {
          "btc": 0.00629551186677908,
          "eth": 0.008693324560075539
        },
        "min": {
          "btc": -0.031142278584685545,
          "eth": -0.04170398539552955
        },
        "max": {
          "btc": 0.0349913262434709,
          "eth": 0.04377388676562077
        }
      },
      "hedge_table": [
        {
          "target": "BTC",
          "hedge": "ETH",
          "hedge_ratio_units": 0.6440406832438772,
          "target_w": 0.608257453840429,
          "hedge_w": -0.391742546159571
        },
        {
          "target": "ETH",
          "hedge": "BTC",
          "hedge_ratio_units": 1.2280696439339072,
          "target_w": 0.44881900470327657,
          "hedge_w": -0.5511809952967235
        }
      ],
      "examples": [
        {
          "target": "BTC",
          "hedge": "ETH",
          "target_dollars": 60.8257453840429,
          "hedge_dollars": -39.174254615957096,
          "hedge_units_per_target_unit": -0.6440406832438772
        },
        {
          "target": "ETH",
          "hedge": "BTC",
          "target_dollars": 44.88190047032766,
          "hedge_dollars": -55.11809952967235,
          "hedge_units_per_target_unit": -1.2280696439339072
        }
      ]
    },
    "60": {
      "lookback_days": 60,
      "corr": 0.8901751365721795,
      "stats": {
        "mean": {
          "btc": -0.0002041282198069228,
          "eth": -0.0003118541843316816
        },
        "std": {
          "btc": 0.005232096410440226,
          "eth": 0.007100229839088361
        },
        "min": {
          "btc": -0.031142278584685545,
          "eth": -0.04170398539552955
        },
        "max": {
          "btc": 0.0349913262434709,
          "eth": 0.04377388676562077
        }
      },
      "hedge_table": [
        {
          "target": "BTC",
          "hedge": "ETH",
          "hedge_ratio_units": 0.6559621649262609,
          "target_w": 0.603878531273406,
          "hedge_w": -0.3961214687265941
        },
        {
          "target": "ETH",
          "hedge": "BTC",
          "hedge_ratio_units": 1.2080144498278742,
          "target_w": 0.45289558683728504,
          "hedge_w": -0.5471044131627151
        }
      ],
      "examples": [
        {
          "target": "BTC",
          "hedge": "ETH",
          "target_dollars": 60.3878531273406,
          "hedge_dollars": -39.61214687265941,
          "hedge_units_per_target_unit": -0.6559621649262609
        },
        {
          "target": "ETH",
          "hedge": "BTC",
          "target_dollars": 45.2895586837285,
          "hedge_dollars": -54.710441316271506,
          "hedge_units_per_target_unit": -1.2080144498278742
        }
      ]
    },
    "120": {
      "lookback_days": 120,
      "corr": 0.8872067119826744,
      "stats": {
        "mean": {
          "btc": -0.00017352844795870607,
          "eth": -0.00023960364989968476
        },
        "std": {
          "btc": 0.005216310317413723,
          "eth": 0.007434950416647596
        },
        "min": {
          "btc": -0.03714671634653788,
          "eth": -0.05178573218862892
        },
        "max": {
          "btc": 0.0349913262434709,
          "eth": 0.04377388676562077
        }
      },
      "hedge_table": [
        {
          "target": "BTC",
          "hedge": "ETH",
          "hedge_ratio_units": 0.6224581558784169,
          "target_w": 0.6163487152977384,
          "hedge_w": -0.3836512847022617
        },
        {
          "target": "ETH",
          "hedge": "BTC",
          "hedge_ratio_units": 1.2645601031225902,
          "target_w": 0.4415868665270157,
          "hedge_w": -0.5584131334729844
        }
      ],
      "examples": [
        {
          "target": "BTC",
          "hedge": "ETH",
          "target_dollars": 61.63487152977384,
          "hedge_dollars": -38.36512847022617,
          "hedge_units_per_target_unit": -0.6224581558784169
        },
        {
          "target": "ETH",
          "hedge": "BTC",
          "target_dollars": 44.15868665270157,
          "hedge_dollars": -55.84131334729844,
          "hedge_units_per_target_unit": -1.2645601031225902
        }
      ]
    },
    "150": {
      "lookback_days": 150,
      "corr": 0.8725628583289555,
      "stats": {
        "mean": {
          "btc": -0.00014364819610454286,
          "eth": -0.00021798481984879332
        },
        "std": {
          "btc": 0.004939118199968276,
          "eth": 0.007293214583201645
        },
        "min": {
          "btc": -0.03714671634653788,
          "eth": -0.05178573218862892
        },
        "max": {
          "btc": 0.0349913262434709,
          "eth": 0.04377388676562077
        }
      },
      "hedge_table": [
        {
          "target": "BTC",
          "hedge": "ETH",
          "hedge_ratio_units": 0.5909179066409664,
          "target_w": 0.6285679454770742,
          "hedge_w": -0.3714320545229258
        },
        {
          "target": "ETH",
          "hedge": "BTC",
          "hedge_ratio_units": 1.2884462176195186,
          "target_w": 0.436977715403868,
          "hedge_w": -0.5630222845961321
        }
      ],
      "examples": [
        {
          "target": "BTC",
          "hedge": "ETH",
          "target_dollars": 62.856794547707416,
          "hedge_dollars": -37.143205452292584,
          "hedge_units_per_target_unit": -0.5909179066409664
        },
        {
          "target": "ETH",
          "hedge": "BTC",
          "target_dollars": 43.697771540386796,
          "hedge_dollars": -56.30222845961321,
          "hedge_units_per_target_unit": -1.2884462176195186
        }
      ]
    },
    "180": {
      "lookback_days": 180,
      "corr": 0.8612211541631575,
      "stats": {
        "mean": {
          "btc": -0.00012220465076348398,
          "eth": -0.00016702877674895766
        },
        "std": {
          "btc": 0.004727634505151494,
          "eth": 0.007230875464691418
        },
        "min": {
          "btc": -0.03714671634653788,
          "eth": -0.05178573218862892
        },
        "max": {
          "btc": 0.0349913262434709,
          "eth": 0.0757825447476439
        }
      },
      "hedge_table": [
        {
          "target": "BTC",
          "hedge": "ETH",
          "hedge_ratio_units": 0.5630768867296339,
          "target_w": 0.6397637944044211,
          "hedge_w": -0.36023620559557895
        },
        {
          "target": "ETH",
          "hedge": "BTC",
          "hedge_ratio_units": 1.317230193350585,
          "target_w": 0.43154970225640643,
          "hedge_w": -0.5684502977435937
        }
      ],
      "examples": [
        {
          "target": "BTC",
          "hedge": "ETH",
          "target_dollars": 63.97637944044211,
          "hedge_dollars": -36.0236205595579,
          "hedge_units_per_target_unit": -0.5630768867296339
        },
        {
          "target": "ETH",
          "hedge": "BTC",
          "target_dollars": 43.154970225640646,
          "hedge_dollars": -56.84502977435937,
          "hedge_units_per_target_unit": -1.317230193350585
        }
      ]
    }
  },
  "example_notional": 100.0,
  "provider": "cryptocompare"
}