{
  "generated_at": "2026-02-08T02:25:20.366203Z",
  "lookbacks": {
    "30": {
      "lookback_days": 30,
      "corr": 0.8927660118780317,
      "stats": {
        "mean": {
          "btc": -0.0003577854195773173,
          "eth": -0.0005127441666438472
        },
        "std": {
          "btc": 0.006031322636600843,
          "eth": 0.008374340397808242
        },
        "min": {
          "btc": -0.031142278584685545,
          "eth": -0.04170398539552955
        },
        "max": {
          "btc": 0.0349913262434709,
          "eth": 0.04377388676562077
        }
      },
      "hedge_table": [
        {
          "target": "BTC",
          "hedge": "ETH",
          "hedge_ratio_units": 0.6429831605647525,
          "target_w": 0.608648964884256,
          "hedge_w": -0.391351035115744
        },
        {
          "target": "ETH",
          "hedge": "BTC",
          "hedge_ratio_units": 1.239583243929045,
          "target_w": 0.4465116457317459,
          "hedge_w": -0.5534883542682542
        }
      ],
      "examples": [
        {
          "target": "BTC",
          "hedge": "ETH",
          "target_dollars": 60.8648964884256,
          "hedge_dollars": -39.1351035115744,
          "hedge_units_per_target_unit": -0.6429831605647525
        },
        {
          "target": "ETH",
          "hedge": "BTC",
          "target_dollars": 44.65116457317459,
          "hedge_dollars": -55.34883542682542,
          "hedge_units_per_target_unit": -1.239583243929045
        }
      ]
    },
    "60": {
      "lookback_days": 60,
      "corr": 0.8939502636796794,
      "stats": {
        "mean": {
          "btc": -0.0001844711000206165,
          "eth": -0.00029054711492079184
        },
        "std": {
          "btc": 0.005137847187755499,
          "eth": 0.007078086545048909
        },
        "min": {
          "btc": -0.031142278584685545,
          "eth": -0.04988725258205495
        },
        "max": {
          "btc": 0.0349913262434709,
          "eth": 0.04377388676562077
        }
      },
      "hedge_table": [
        {
          "target": "BTC",
          "hedge": "ETH",
          "hedge_ratio_units": 0.6489013406388336,
          "target_w": 0.6064644229184568,
          "hedge_w": -0.39353557708154324
        },
        {
          "target": "ETH",
          "hedge": "BTC",
          "hedge_ratio_units": 1.2315386390575491,
          "target_w": 0.44812130182174764,
          "hedge_w": -0.5518786981782523
        }
      ],
      "examples": [
        {
          "target": "BTC",
          "hedge": "ETH",
          "target_dollars": 60.64644229184568,
          "hedge_dollars": -39.35355770815433,
          "hedge_units_per_target_unit": -0.6489013406388336
        },
        {
          "target": "ETH",
          "hedge": "BTC",
          "target_dollars": 44.81213018217476,
          "hedge_dollars": -55.18786981782523,
          "hedge_units_per_target_unit": -1.2315386390575491
        }
      ]
    },
    "120": {
      "lookback_days": 120,
      "corr": 0.8836188590636711,
      "stats": {
        "mean": {
          "btc": -0.00015350967926110567,
          "eth": -0.00017725441469707614
        },
        "std": {
          "btc": 0.005174377000681891,
          "eth": 0.007505953949919993
        },
        "min": {
          "btc": -0.03714671634653788,
          "eth": -0.05178573218862892
        },
        "max": {
          "btc": 0.0349913262434709,
          "eth": 0.04377388676562077
        }
      },
      "hedge_table": [
        {
          "target": "BTC",
          "hedge": "ETH",
          "hedge_ratio_units": 0.609140041654075,
          "target_w": 0.6214499509763459,
          "hedge_w": -0.3785500490236542
        },
        {
          "target": "ETH",
          "hedge": "BTC",
          "hedge_ratio_units": 1.2817779733750994,
          "target_w": 0.43825473453968294,
          "hedge_w": -0.561745265460317
        }
      ],
      "examples": [
        {
          "target": "BTC",
          "hedge": "ETH",
          "target_dollars": 62.14499509763459,
          "hedge_dollars": -37.85500490236542,
          "hedge_units_per_target_unit": -0.609140041654075
        },
        {
          "target": "ETH",
          "hedge": "BTC",
          "target_dollars": 43.82547345396829,
          "hedge_dollars": -56.1745265460317,
          "hedge_units_per_target_unit": -1.2817779733750994
        }
      ]
    },
    "150": {
      "lookback_days": 150,
      "corr": 0.8718323967044981,
      "stats": {
        "mean": {
          "btc": -0.00012658697091613564,
          "eth": -0.00017950931116131677
        },
        "std": {
          "btc": 0.004857408270137672,
          "eth": 0.007222734041770687
        },
        "min": {
          "btc": -0.03714671634653788,
          "eth": -0.05178573218862892
        },
        "max": {
          "btc": 0.0349913262434709,
          "eth": 0.04377388676562077
        }
      },
      "hedge_table": [
        {
          "target": "BTC",
          "hedge": "ETH",
          "hedge_ratio_units": 0.5863217265699271,
          "target_w": 0.6303891469495791,
          "hedge_w": -0.36961085305042074
        },
        {
          "target": "ETH",
          "hedge": "BTC",
          "hedge_ratio_units": 1.2963731233194509,
          "target_w": 0.4354693015020491,
          "hedge_w": -0.564530698497951
        }
      ],
      "examples": [
        {
          "target": "BTC",
          "hedge": "ETH",
          "target_dollars": 63.03891469495792,
          "hedge_dollars": -36.961085305042076,
          "hedge_units_per_target_unit": -0.5863217265699271
        },
        {
          "target": "ETH",
          "hedge": "BTC",
          "target_dollars": 43.54693015020491,
          "hedge_dollars": -56.4530698497951,
          "hedge_units_per_target_unit": -1.2963731233194509
        }
      ]
    },
    "180": {
      "lookback_days": 180,
      "corr": 0.8556304173603119,
      "stats": {
        "mean": {
          "btc": -0.00011314711220205457,
          "eth": -0.00013874075625961365
        },
        "std": {
          "btc": 0.00467882801423276,
          "eth": 0.00724749717257784
        },
        "min": {
          "btc": -0.03714671634653788,
          "eth": -0.05178573218862892
        },
        "max": {
          "btc": 0.0349913262434709,
          "eth": 0.0757825447476439
        }
      },
      "hedge_table": [
        {
          "target": "BTC",
          "hedge": "ETH",
          "hedge_ratio_units": 0.5523765613489928,
          "target_w": 0.6441736012369411,
          "hedge_w": -0.3558263987630589
        },
        {
          "target": "ETH",
          "hedge": "BTC",
          "hedge_ratio_units": 1.3253701593063012,
          "target_w": 0.4300390610922425,
          "hedge_w": -0.5699609389077576
        }
      ],
      "examples": [
        {
          "target": "BTC",
          "hedge": "ETH",
          "target_dollars": 64.41736012369411,
          "hedge_dollars": -35.58263987630589,
          "hedge_units_per_target_unit": -0.5523765613489928
        },
        {
          "target": "ETH",
          "hedge": "BTC",
          "target_dollars": 43.003906109224246,
          "hedge_dollars": -56.996093890775754,
          "hedge_units_per_target_unit": -1.3253701593063012
        }
      ]
    }
  },
  "example_notional": 100.0,
  "provider": "cryptocompare"
}