{
  "generated_at": "2026-03-19T02:03:43.116398Z",
  "lookbacks": {
    "30": {
      "lookback_days": 30,
      "corr": 0.9165385516373175,
      "stats": {
        "mean": {
          "btc": 6.777097651951892e-05,
          "eth": 0.00016526288143310603
        },
        "std": {
          "btc": 0.005702198120158162,
          "eth": 0.007205900897234484
        },
        "min": {
          "btc": -0.03612262483146145,
          "eth": -0.04038541666666662
        },
        "max": {
          "btc": 0.029223763595974894,
          "eth": 0.035902309432658264
        }
      },
      "hedge_table": [
        {
          "target": "BTC",
          "hedge": "ETH",
          "hedge_ratio_units": 0.7252784184423859,
          "target_w": 0.579616593652646,
          "hedge_w": -0.4203834063473541
        },
        {
          "target": "ETH",
          "hedge": "BTC",
          "hedge_ratio_units": 1.1582350932784058,
          "target_w": 0.46334155306546254,
          "hedge_w": -0.5366584469345375
        }
      ],
      "examples": [
        {
          "target": "BTC",
          "hedge": "ETH",
          "target_dollars": 57.961659365264595,
          "hedge_dollars": -42.03834063473541,
          "hedge_units_per_target_unit": -0.7252784184423859
        },
        {
          "target": "ETH",
          "hedge": "BTC",
          "target_dollars": 46.33415530654625,
          "hedge_dollars": -53.66584469345375,
          "hedge_units_per_target_unit": -1.1582350932784058
        }
      ]
    },
    "60": {
      "lookback_days": 60,
      "corr": 0.9015957194193706,
      "stats": {
        "mean": {
          "btc": -0.00018440988457206828,
          "eth": -0.0002539684602446465
        },
        "std": {
          "btc": 0.006131260622015243,
          "eth": 0.008096465234685948
        },
        "min": {
          "btc": -0.03612262483146145,
          "eth": -0.04170398539552955
        },
        "max": {
          "btc": 0.0349913262434709,
          "eth": 0.04377388676562077
        }
      },
      "hedge_table": [
        {
          "target": "BTC",
          "hedge": "ETH",
          "hedge_ratio_units": 0.6827570021262385,
          "target_w": 0.5942628666744251,
          "hedge_w": -0.405737133325575
        },
        {
          "target": "ETH",
          "hedge": "BTC",
          "hedge_ratio_units": 1.1905770848836137,
          "target_w": 0.4565007124837748,
          "hedge_w": -0.5434992875162252
        }
      ],
      "examples": [
        {
          "target": "BTC",
          "hedge": "ETH",
          "target_dollars": 59.426286667442504,
          "hedge_dollars": -40.573713332557496,
          "hedge_units_per_target_unit": -0.6827570021262385
        },
        {
          "target": "ETH",
          "hedge": "BTC",
          "target_dollars": 45.65007124837748,
          "hedge_dollars": -54.34992875162252,
          "hedge_units_per_target_unit": -1.1905770848836137
        }
      ]
    },
    "120": {
      "lookback_days": 120,
      "corr": 0.8983655195398184,
      "stats": {
        "mean": {
          "btc": -7.438066887454461e-05,
          "eth": -8.989877411207965e-05
        },
        "std": {
          "btc": 0.005446801194637278,
          "eth": 0.007333168734073018
        },
        "min": {
          "btc": -0.03714671634653788,
          "eth": -0.05178573218862892
        },
        "max": {
          "btc": 0.0349913262434709,
          "eth": 0.04377388676562077
        }
      },
      "hedge_table": [
        {
          "target": "BTC",
          "hedge": "ETH",
          "hedge_ratio_units": 0.6672720296635818,
          "target_w": 0.5997821484486713,
          "hedge_w": -0.4002178515513286
        },
        {
          "target": "ETH",
          "hedge": "BTC",
          "hedge_ratio_units": 1.2094926369159262,
          "target_w": 0.45259259220516296,
          "hedge_w": -0.547407407794837
        }
      ],
      "examples": [
        {
          "target": "BTC",
          "hedge": "ETH",
          "target_dollars": 59.978214844867125,
          "hedge_dollars": -40.02178515513286,
          "hedge_units_per_target_unit": -0.6672720296635818
        },
        {
          "target": "ETH",
          "hedge": "BTC",
          "target_dollars": 45.2592592205163,
          "hedge_dollars": -54.7407407794837,
          "hedge_units_per_target_unit": -1.2094926369159262
        }
      ]
    },
    "150": {
      "lookback_days": 150,
      "corr": 0.8920392346751901,
      "stats": {
        "mean": {
          "btc": -0.00010768247388206732,
          "eth": -0.00014156467192317807
        },
        "std": {
          "btc": 0.005347731360962523,
          "eth": 0.007387658348321655
        },
        "min": {
          "btc": -0.03714671634653788,
          "eth": -0.05178573218862892
        },
        "max": {
          "btc": 0.0349913262434709,
          "eth": 0.04377388676562077
        }
      },
      "hedge_table": [
        {
          "target": "BTC",
          "hedge": "ETH",
          "hedge_ratio_units": 0.6457237145468793,
          "target_w": 0.6076354075479384,
          "hedge_w": -0.3923645924520616
        },
        {
          "target": "ETH",
          "hedge": "BTC",
          "hedge_ratio_units": 1.2323134155887174,
          "target_w": 0.44796577085313743,
          "hedge_w": -0.5520342291468625
        }
      ],
      "examples": [
        {
          "target": "BTC",
          "hedge": "ETH",
          "target_dollars": 60.763540754793844,
          "hedge_dollars": -39.23645924520616,
          "hedge_units_per_target_unit": -0.6457237145468793
        },
        {
          "target": "ETH",
          "hedge": "BTC",
          "target_dollars": 44.79657708531374,
          "hedge_dollars": -55.20342291468625,
          "hedge_units_per_target_unit": -1.2323134155887174
        }
      ]
    },
    "180": {
      "lookback_days": 180,
      "corr": 0.8802230249882247,
      "stats": {
        "mean": {
          "btc": -9.936028656945763e-05,
          "eth": -0.00013772759339906302
        },
        "std": {
          "btc": 0.00514409130669151,
          "eth": 0.007337158618238109
        },
        "min": {
          "btc": -0.03714671634653788,
          "eth": -0.05178573218862892
        },
        "max": {
          "btc": 0.0349913262434709,
          "eth": 0.04377388676562077
        }
      },
      "hedge_table": [
        {
          "target": "BTC",
          "hedge": "ETH",
          "hedge_ratio_units": 0.6171254904502717,
          "target_w": 0.6183811991743204,
          "hedge_w": -0.3816188008256796
        },
        {
          "target": "ETH",
          "hedge": "BTC",
          "hedge_ratio_units": 1.2554862596165184,
          "target_w": 0.44336337485382055,
          "hedge_w": -0.5566366251461795
        }
      ],
      "examples": [
        {
          "target": "BTC",
          "hedge": "ETH",
          "target_dollars": 61.838119917432046,
          "hedge_dollars": -38.16188008256796,
          "hedge_units_per_target_unit": -0.6171254904502717
        },
        {
          "target": "ETH",
          "hedge": "BTC",
          "target_dollars": 44.33633748538205,
          "hedge_dollars": -55.663662514617954,
          "hedge_units_per_target_unit": -1.2554862596165184
        }
      ]
    }
  },
  "example_notional": 100.0,
  "provider": "cryptocompare"
}