{
  "generated_at": "2026-07-14T02:13:01.885404Z",
  "lookbacks": {
    "30": {
      "lookback_days": 30,
      "corr": 0.8922299401359973,
      "stats": {
        "mean": {
          "btc": -0.0017458187216310849,
          "eth": 0.0012217524145178293
        },
        "std": {
          "btc": 0.015993541419096088,
          "eth": 0.0230223861118092
        },
        "min": {
          "btc": -0.02781940606821942,
          "eth": -0.03574371340405036
        },
        "max": {
          "btc": 0.02513172386367879,
          "eth": 0.05593861591100735
        }
      },
      "hedge_table": [
        {
          "target": "BTC",
          "hedge": "ETH",
          "hedge_ratio_units": 0.6198278681288828,
          "target_w": 0.6173495466250579,
          "hedge_w": -0.38265045337494197
        },
        {
          "target": "ETH",
          "hedge": "BTC",
          "hedge_ratio_units": 1.284347327715757,
          "target_w": 0.43776180087287964,
          "hedge_w": -0.5622381991271204
        }
      ],
      "examples": [
        {
          "target": "BTC",
          "hedge": "ETH",
          "target_dollars": 61.73495466250579,
          "hedge_dollars": -38.2650453374942,
          "hedge_units_per_target_unit": -0.6198278681288828
        },
        {
          "target": "ETH",
          "hedge": "BTC",
          "target_dollars": 43.77618008728796,
          "hedge_dollars": -56.22381991271204,
          "hedge_units_per_target_unit": -1.284347327715757
        }
      ]
    },
    "60": {
      "lookback_days": 60,
      "corr": 0.8821429057176561,
      "stats": {
        "mean": {
          "btc": -0.003865427874998417,
          "eth": -0.003441449023550708
        },
        "std": {
          "btc": 0.019139385585393368,
          "eth": 0.02770440984846449
        },
        "min": {
          "btc": -0.06600964303204149,
          "eth": -0.10658012901637759
        },
        "max": {
          "btc": 0.039313475306052226,
          "eth": 0.07539563557614826
        }
      },
      "hedge_table": [
        {
          "target": "BTC",
          "hedge": "ETH",
          "hedge_ratio_units": 0.6094218684425541,
          "target_w": 0.6213411285182208,
          "hedge_w": -0.37865887148177924
        },
        {
          "target": "ETH",
          "hedge": "BTC",
          "hedge_ratio_units": 1.2769087333487157,
          "target_w": 0.43919195589771004,
          "hedge_w": -0.5608080441022899
        }
      ],
      "examples": [
        {
          "target": "BTC",
          "hedge": "ETH",
          "target_dollars": 62.134112851822074,
          "hedge_dollars": -37.865887148177926,
          "hedge_units_per_target_unit": -0.6094218684425541
        },
        {
          "target": "ETH",
          "hedge": "BTC",
          "target_dollars": 43.91919558977101,
          "hedge_dollars": -56.08080441022899,
          "hedge_units_per_target_unit": -1.2769087333487157
        }
      ]
    },
    "120": {
      "lookback_days": 120,
      "corr": 0.9068735412468278,
      "stats": {
        "mean": {
          "btc": -0.0013613007418932885,
          "eth": -0.002011925143468093
        },
        "std": {
          "btc": 0.019466247501324134,
          "eth": 0.0266523769076985
        },
        "min": {
          "btc": -0.06600964303204149,
          "eth": -0.10658012901637759
        },
        "max": {
          "btc": 0.05310982988222279,
          "eth": 0.08197502974334592
        }
      },
      "hedge_table": [
        {
          "target": "BTC",
          "hedge": "ETH",
          "hedge_ratio_units": 0.6623583655390175,
          "target_w": 0.6015550080717712,
          "hedge_w": -0.39844499192822885
        },
        {
          "target": "ETH",
          "hedge": "BTC",
          "hedge_ratio_units": 1.241653555842522,
          "target_w": 0.4460992633735286,
          "hedge_w": -0.5539007366264715
        }
      ],
      "examples": [
        {
          "target": "BTC",
          "hedge": "ETH",
          "target_dollars": 60.15550080717712,
          "hedge_dollars": -39.84449919282289,
          "hedge_units_per_target_unit": -0.6623583655390175
        },
        {
          "target": "ETH",
          "hedge": "BTC",
          "target_dollars": 44.60992633735286,
          "hedge_dollars": -55.390073662647154,
          "hedge_units_per_target_unit": -1.241653555842522
        }
      ]
    },
    "150": {
      "lookback_days": 150,
      "corr": 0.9083143205972932,
      "stats": {
        "mean": {
          "btc": -0.0005470027069072591,
          "eth": -0.0006651380016221564
        },
        "std": {
          "btc": 0.02099991306200436,
          "eth": 0.029196668097748533
        },
        "min": {
          "btc": -0.06600964303204149,
          "eth": -0.10658012901637759
        },
        "max": {
          "btc": 0.06364240856302605,
          "eth": 0.10814835249280486
        }
      },
      "hedge_table": [
        {
          "target": "BTC",
          "hedge": "ETH",
          "hedge_ratio_units": 0.6533115936947483,
          "target_w": 0.6048466627910373,
          "hedge_w": -0.3951533372089626
        },
        {
          "target": "ETH",
          "hedge": "BTC",
          "hedge_ratio_units": 1.2628505493622229,
          "target_w": 0.4419204795835266,
          "hedge_w": -0.5580795204164736
        }
      ],
      "examples": [
        {
          "target": "BTC",
          "hedge": "ETH",
          "target_dollars": 60.48466627910373,
          "hedge_dollars": -39.515333720896265,
          "hedge_units_per_target_unit": -0.6533115936947483
        },
        {
          "target": "ETH",
          "hedge": "BTC",
          "target_dollars": 44.19204795835266,
          "hedge_dollars": -55.807952041647354,
          "hedge_units_per_target_unit": -1.2628505493622229
        }
      ]
    },
    "180": {
      "lookback_days": 180,
      "corr": 0.9241057773563465,
      "stats": {
        "mean": {
          "btc": -0.0020625084796775856,
          "eth": -0.0029039964625288527
        },
        "std": {
          "btc": 0.025697119886491274,
          "eth": 0.034281805551686036
        },
        "min": {
          "btc": -0.14101788206180332,
          "eth": -0.15404474276243008
        },
        "max": {
          "btc": 0.12203362664914996,
          "eth": 0.13191787874605776
        }
      },
      "hedge_table": [
        {
          "target": "BTC",
          "hedge": "ETH",
          "hedge_ratio_units": 0.6926956315857564,
          "target_w": 0.5907736638176214,
          "hedge_w": -0.4092263361823786
        },
        {
          "target": "ETH",
          "hedge": "BTC",
          "hedge_ratio_units": 1.232823550205477,
          "target_w": 0.44786342382853067,
          "hedge_w": -0.5521365761714694
        }
      ],
      "examples": [
        {
          "target": "BTC",
          "hedge": "ETH",
          "target_dollars": 59.07736638176214,
          "hedge_dollars": -40.92263361823786,
          "hedge_units_per_target_unit": -0.6926956315857564
        },
        {
          "target": "ETH",
          "hedge": "BTC",
          "target_dollars": 44.786342382853064,
          "hedge_dollars": -55.213657617146936,
          "hedge_units_per_target_unit": -1.232823550205477
        }
      ]
    }
  },
  "example_notional": 100.0,
  "provider": "coingecko"
}