{
  "generated_at": "2026-01-13T16:29:32.997373Z",
  "lookbacks": {
    "30": {
      "lookback_days": 30,
      "corr": 0.8951290103648628,
      "stats": {
        "mean": {
          "btc": 7.346449537692908e-05,
          "eth": 5.101573294293493e-05
        },
        "std": {
          "btc": 0.003919994825752056,
          "eth": 0.005044560570170216
        },
        "min": {
          "btc": -0.027310019462305046,
          "eth": -0.033430869773559135
        },
        "max": {
          "btc": 0.023396335129270085,
          "eth": 0.03218906547200184
        }
      },
      "hedge_table": [
        {
          "target": "BTC",
          "hedge": "ETH",
          "hedge_ratio_units": 0.695581119544853,
          "target_w": 0.5897683033109211,
          "hedge_w": -0.41023169668907894
        },
        {
          "target": "ETH",
          "hedge": "BTC",
          "hedge_ratio_units": 1.151923079397372,
          "target_w": 0.46470062502421855,
          "hedge_w": -0.5352993749757813
        }
      ],
      "examples": [
        {
          "target": "BTC",
          "hedge": "ETH",
          "target_dollars": 58.97683033109211,
          "hedge_dollars": -41.0231696689079,
          "hedge_units_per_target_unit": -0.695581119544853
        },
        {
          "target": "ETH",
          "hedge": "BTC",
          "target_dollars": 46.470062502421854,
          "hedge_dollars": -53.52993749757813,
          "hedge_units_per_target_unit": -1.151923079397372
        }
      ]
    },
    "60": {
      "lookback_days": 60,
      "corr": 0.895869814710007,
      "stats": {
        "mean": {
          "btc": -8.178079627636724e-06,
          "eth": 2.1150932199937203e-05
        },
        "std": {
          "btc": 0.004785497222744904,
          "eth": 0.0067103288255975805
        },
        "min": {
          "btc": -0.03714671634653788,
          "eth": -0.05178573218862892
        },
        "max": {
          "btc": 0.026004133739085944,
          "eth": 0.04132265866066209
        }
      },
      "hedge_table": [
        {
          "target": "BTC",
          "hedge": "ETH",
          "hedge_ratio_units": 0.6388930589931172,
          "target_w": 0.6101679389711783,
          "hedge_w": -0.38983206102882173
        },
        {
          "target": "ETH",
          "hedge": "BTC",
          "hedge_ratio_units": 1.2562082395657839,
          "target_w": 0.4432214998879952,
          "hedge_w": -0.5567785001120047
        }
      ],
      "examples": [
        {
          "target": "BTC",
          "hedge": "ETH",
          "target_dollars": 61.01679389711783,
          "hedge_dollars": -38.98320610288217,
          "hedge_units_per_target_unit": -0.6388930589931172
        },
        {
          "target": "ETH",
          "hedge": "BTC",
          "target_dollars": 44.32214998879952,
          "hedge_dollars": -55.67785001120047,
          "hedge_units_per_target_unit": -1.2562082395657839
        }
      ]
    },
    "120": {
      "lookback_days": 120,
      "corr": 0.8664219825608418,
      "stats": {
        "mean": {
          "btc": -6.344729914824397e-05,
          "eth": -9.853399836229851e-05
        },
        "std": {
          "btc": 0.004538181256906255,
          "eth": 0.006892909874415841
        },
        "min": {
          "btc": -0.03714671634653788,
          "eth": -0.05178573218862892
        },
        "max": {
          "btc": 0.03468753462614105,
          "eth": 0.04368288914132212
        }
      },
      "hedge_table": [
        {
          "target": "BTC",
          "hedge": "ETH",
          "hedge_ratio_units": 0.5704383306132226,
          "target_w": 0.6367648958297658,
          "hedge_w": -0.3632351041702342
        },
        {
          "target": "ETH",
          "hedge": "BTC",
          "hedge_ratio_units": 1.3159828356163745,
          "target_w": 0.43178212922025416,
          "hedge_w": -0.568217870779746
        }
      ],
      "examples": [
        {
          "target": "BTC",
          "hedge": "ETH",
          "target_dollars": 63.67648958297658,
          "hedge_dollars": -36.32351041702342,
          "hedge_units_per_target_unit": -0.5704383306132226
        },
        {
          "target": "ETH",
          "hedge": "BTC",
          "target_dollars": 43.178212922025416,
          "hedge_dollars": -56.8217870779746,
          "hedge_units_per_target_unit": -1.3159828356163745
        }
      ]
    },
    "150": {
      "lookback_days": 150,
      "corr": 0.8532904420967216,
      "stats": {
        "mean": {
          "btc": -5.5781621220779136e-05,
          "eth": -6.776307601808094e-05
        },
        "std": {
          "btc": 0.004352126426379658,
          "eth": 0.006891829290884197
        },
        "min": {
          "btc": -0.03714671634653788,
          "eth": -0.05178573218862892
        },
        "max": {
          "btc": 0.03468753462614105,
          "eth": 0.0757825447476439
        }
      },
      "hedge_table": [
        {
          "target": "BTC",
          "hedge": "ETH",
          "hedge_ratio_units": 0.5388450185988106,
          "target_w": 0.6498380200174714,
          "hedge_w": -0.3501619799825286
        },
        {
          "target": "ETH",
          "hedge": "BTC",
          "hedge_ratio_units": 1.3512319005322724,
          "target_w": 0.4253089624097138,
          "hedge_w": -0.5746910375902863
        }
      ],
      "examples": [
        {
          "target": "BTC",
          "hedge": "ETH",
          "target_dollars": 64.98380200174714,
          "hedge_dollars": -35.01619799825286,
          "hedge_units_per_target_unit": -0.5388450185988106
        },
        {
          "target": "ETH",
          "hedge": "BTC",
          "target_dollars": 42.53089624097138,
          "hedge_dollars": -57.46910375902863,
          "hedge_units_per_target_unit": -1.3512319005322724
        }
      ]
    },
    "180": {
      "lookback_days": 180,
      "corr": 0.8299110800437457,
      "stats": {
        "mean": {
          "btc": -4.8649174229360703e-05,
          "eth": 5.8208862346146404e-06
        },
        "std": {
          "btc": 0.004179473633689086,
          "eth": 0.006885862174244313
        },
        "min": {
          "btc": -0.03714671634653788,
          "eth": -0.05178573218862892
        },
        "max": {
          "btc": 0.03468753462614105,
          "eth": 0.0757825447476439
        }
      },
      "hedge_table": [
        {
          "target": "BTC",
          "hedge": "ETH",
          "hedge_ratio_units": 0.5037265326516541,
          "target_w": 0.6650145344157833,
          "hedge_w": -0.33498546558421666
        },
        {
          "target": "ETH",
          "hedge": "BTC",
          "hedge_ratio_units": 1.367314120131279,
          "target_w": 0.42241964912731783,
          "hedge_w": -0.5775803508726822
        }
      ],
      "examples": [
        {
          "target": "BTC",
          "hedge": "ETH",
          "target_dollars": 66.50145344157833,
          "hedge_dollars": -33.498546558421666,
          "hedge_units_per_target_unit": -0.5037265326516541
        },
        {
          "target": "ETH",
          "hedge": "BTC",
          "target_dollars": 42.24196491273178,
          "hedge_dollars": -57.758035087268226,
          "hedge_units_per_target_unit": -1.367314120131279
        }
      ]
    }
  },
  "example_notional": 100.0,
  "provider": "cryptocompare"
}