{
  "generated_at": "2026-01-02T08:27:26.516973Z",
  "lookback_days": 180,
  "example_notional": 100.0,
  "provider": "cryptocompare",
  "corr": 0.8250033855355003,
  "stats": {
    "mean": {
      "btc": -3.572688912360029e-05,
      "eth": 6.795766080547838e-05
    },
    "std": {
      "btc": 0.004203189088697757,
      "eth": 0.0070259644327883616
    },
    "min": {
      "btc": -0.03714671634653788,
      "eth": -0.05178573218862892
    },
    "max": {
      "btc": 0.03468753462614105,
      "eth": 0.0757825447476439
    }
  },
  "hedge_table": [
    {
      "target": "BTC",
      "hedge": "ETH",
      "hedge_ratio_units": 0.4935472220779996,
      "target_w": 0.6695469585546024,
      "hedge_w": -0.3304530414453976
    },
    {
      "target": "ETH",
      "hedge": "BTC",
      "hedge_ratio_units": 1.3790586912420537,
      "target_w": 0.42033431276044825,
      "hedge_w": -0.5796656872395518
    }
  ],
  "examples": [
    {
      "target": "BTC",
      "hedge": "ETH",
      "target_dollars": 66.95469585546024,
      "hedge_dollars": -33.04530414453976,
      "hedge_units_per_target_unit": -0.4935472220779996
    },
    {
      "target": "ETH",
      "hedge": "BTC",
      "target_dollars": 42.03343127604482,
      "hedge_dollars": -57.96656872395518,
      "hedge_units_per_target_unit": -1.3790586912420537
    }
  ]
}