{
  "generated_at": "2026-02-05T16:44:21.381332Z",
  "lookbacks": {
    "30": {
      "lookback_days": 30,
      "corr": 0.8964542858735228,
      "stats": {
        "mean": {
          "btc": -0.00040539593365516356,
          "eth": -0.0006439920900246649
        },
        "std": {
          "btc": 0.005110063759055354,
          "eth": 0.007605806168450739
        },
        "min": {
          "btc": -0.02980180309593028,
          "eth": -0.04170398539552955
        },
        "max": {
          "btc": 0.024487333823877355,
          "eth": 0.04377388676562077
        }
      },
      "hedge_table": [
        {
          "target": "BTC",
          "hedge": "ETH",
          "hedge_ratio_units": 0.6022949384240288,
          "target_w": 0.6241048236622224,
          "hedge_w": -0.3758951763377776
        },
        {
          "target": "ETH",
          "hedge": "BTC",
          "hedge_ratio_units": 1.3342803257882176,
          "target_w": 0.4283975617462866,
          "hedge_w": -0.5716024382537135
        }
      ],
      "examples": [
        {
          "target": "BTC",
          "hedge": "ETH",
          "target_dollars": 62.41048236622224,
          "hedge_dollars": -37.58951763377776,
          "hedge_units_per_target_unit": -0.6022949384240288
        },
        {
          "target": "ETH",
          "hedge": "BTC",
          "target_dollars": 42.83975617462866,
          "hedge_dollars": -57.160243825371346,
          "hedge_units_per_target_unit": -1.3342803257882176
        }
      ]
    },
    "60": {
      "lookback_days": 60,
      "corr": 0.8962160942108248,
      "stats": {
        "mean": {
          "btc": -0.0001939089055974213,
          "eth": -0.000295243954845214
        },
        "std": {
          "btc": 0.0046883210542587785,
          "eth": 0.006811447851666668
        },
        "min": {
          "btc": -0.02980180309593028,
          "eth": -0.04988725258205495
        },
        "max": {
          "btc": 0.026004133739085944,
          "eth": 0.04377388676562077
        }
      },
      "hedge_table": [
        {
          "target": "BTC",
          "hedge": "ETH",
          "hedge_ratio_units": 0.6168657347389173,
          "target_w": 0.6184805444970819,
          "hedge_w": -0.38151945550291805
        },
        {
          "target": "ETH",
          "hedge": "BTC",
          "hedge_ratio_units": 1.302071491882191,
          "target_w": 0.43439137469288264,
          "hedge_w": -0.5656086253071175
        }
      ],
      "examples": [
        {
          "target": "BTC",
          "hedge": "ETH",
          "target_dollars": 61.84805444970819,
          "hedge_dollars": -38.151945550291806,
          "hedge_units_per_target_unit": -0.6168657347389173
        },
        {
          "target": "ETH",
          "hedge": "BTC",
          "target_dollars": 43.43913746928826,
          "hedge_dollars": -56.56086253071175,
          "hedge_units_per_target_unit": -1.302071491882191
        }
      ]
    },
    "120": {
      "lookback_days": 120,
      "corr": 0.8789666507727347,
      "stats": {
        "mean": {
          "btc": -0.0001979179817663402,
          "eth": -0.0002623143917892221
        },
        "std": {
          "btc": 0.0049655613003188786,
          "eth": 0.007458339733118813
        },
        "min": {
          "btc": -0.03714671634653788,
          "eth": -0.05178573218862892
        },
        "max": {
          "btc": 0.03468753462614105,
          "eth": 0.04377388676562077
        }
      },
      "hedge_table": [
        {
          "target": "BTC",
          "hedge": "ETH",
          "hedge_ratio_units": 0.5851922735521308,
          "target_w": 0.6308383006177414,
          "hedge_w": -0.36916169938225857
        },
        {
          "target": "ETH",
          "hedge": "BTC",
          "hedge_ratio_units": 1.320219709124055,
          "target_w": 0.43099366670647177,
          "hedge_w": -0.5690063332935281
        }
      ],
      "examples": [
        {
          "target": "BTC",
          "hedge": "ETH",
          "target_dollars": 63.08383006177414,
          "hedge_dollars": -36.916169938225856,
          "hedge_units_per_target_unit": -0.5851922735521308
        },
        {
          "target": "ETH",
          "hedge": "BTC",
          "target_dollars": 43.09936667064718,
          "hedge_dollars": -56.900633329352814,
          "hedge_units_per_target_unit": -1.320219709124055
        }
      ]
    },
    "150": {
      "lookback_days": 150,
      "corr": 0.8713287393593058,
      "stats": {
        "mean": {
          "btc": -0.00012952116406478927,
          "eth": -0.0001929278259579138
        },
        "std": {
          "btc": 0.0046313546952494716,
          "eth": 0.007038824366624687
        },
        "min": {
          "btc": -0.03714671634653788,
          "eth": -0.05178573218862892
        },
        "max": {
          "btc": 0.03468753462614105,
          "eth": 0.04377388676562077
        }
      },
      "hedge_table": [
        {
          "target": "BTC",
          "hedge": "ETH",
          "hedge_ratio_units": 0.573310575452336,
          "target_w": 0.6356024141720996,
          "hedge_w": -0.36439758582790044
        },
        {
          "target": "ETH",
          "hedge": "BTC",
          "hedge_ratio_units": 1.3242626327527018,
          "target_w": 0.4302439775558697,
          "hedge_w": -0.5697560224441304
        }
      ],
      "examples": [
        {
          "target": "BTC",
          "hedge": "ETH",
          "target_dollars": 63.56024141720996,
          "hedge_dollars": -36.43975858279004,
          "hedge_units_per_target_unit": -0.573310575452336
        },
        {
          "target": "ETH",
          "hedge": "BTC",
          "target_dollars": 43.02439775558697,
          "hedge_dollars": -56.97560224441304,
          "hedge_units_per_target_unit": -1.3242626327527018
        }
      ]
    },
    "180": {
      "lookback_days": 180,
      "corr": 0.8504553610183055,
      "stats": {
        "mean": {
          "btc": -0.00011584217426113359,
          "eth": -0.00015197210080650784
        },
        "std": {
          "btc": 0.004489905056286654,
          "eth": 0.007119430855697084
        },
        "min": {
          "btc": -0.03714671634653788,
          "eth": -0.05178573218862892
        },
        "max": {
          "btc": 0.03468753462614105,
          "eth": 0.0757825447476439
        }
      },
      "hedge_table": [
        {
          "target": "BTC",
          "hedge": "ETH",
          "hedge_ratio_units": 0.536343972289103,
          "target_w": 0.6508959048474231,
          "hedge_w": -0.3491040951525769
        },
        {
          "target": "ETH",
          "hedge": "BTC",
          "hedge_ratio_units": 1.3485269872575603,
          "target_w": 0.42579881152131344,
          "hedge_w": -0.5742011884786865
        }
      ],
      "examples": [
        {
          "target": "BTC",
          "hedge": "ETH",
          "target_dollars": 65.08959048474232,
          "hedge_dollars": -34.91040951525769,
          "hedge_units_per_target_unit": -0.536343972289103
        },
        {
          "target": "ETH",
          "hedge": "BTC",
          "target_dollars": 42.57988115213134,
          "hedge_dollars": -57.42011884786865,
          "hedge_units_per_target_unit": -1.3485269872575603
        }
      ]
    }
  },
  "example_notional": 100.0,
  "provider": "cryptocompare"
}