{
  "generated_at": "2026-02-13T08:40:16.492240Z",
  "lookbacks": {
    "30": {
      "lookback_days": 30,
      "corr": 0.8889997988325561,
      "stats": {
        "mean": {
          "btc": -0.00047803756660251925,
          "eth": -0.000707741077113287
        },
        "std": {
          "btc": 0.0063717954850213525,
          "eth": 0.008671782181368312
        },
        "min": {
          "btc": -0.031142278584685545,
          "eth": -0.04170398539552955
        },
        "max": {
          "btc": 0.0349913262434709,
          "eth": 0.04377388676562077
        }
      },
      "hedge_table": [
        {
          "target": "BTC",
          "hedge": "ETH",
          "hedge_ratio_units": 0.6532134670721597,
          "target_w": 0.604882563514922,
          "hedge_w": -0.395117436485078
        },
        {
          "target": "ETH",
          "hedge": "BTC",
          "hedge_ratio_units": 1.2098964307437026,
          "target_w": 0.4525098941688716,
          "hedge_w": -0.5474901058311283
        }
      ],
      "examples": [
        {
          "target": "BTC",
          "hedge": "ETH",
          "target_dollars": 60.4882563514922,
          "hedge_dollars": -39.5117436485078,
          "hedge_units_per_target_unit": -0.6532134670721597
        },
        {
          "target": "ETH",
          "hedge": "BTC",
          "target_dollars": 45.25098941688716,
          "hedge_dollars": -54.749010583112835,
          "hedge_units_per_target_unit": -1.2098964307437026
        }
      ]
    },
    "60": {
      "lookback_days": 60,
      "corr": 0.8900501492460402,
      "stats": {
        "mean": {
          "btc": -0.0001958726268965647,
          "eth": -0.0003097401525584943
        },
        "std": {
          "btc": 0.005313584752982414,
          "eth": 0.007160327972349342
        },
        "min": {
          "btc": -0.031142278584685545,
          "eth": -0.04170398539552955
        },
        "max": {
          "btc": 0.0349913262434709,
          "eth": 0.04377388676562077
        }
      },
      "hedge_table": [
        {
          "target": "BTC",
          "hedge": "ETH",
          "hedge_ratio_units": 0.6604944523053395,
          "target_w": 0.6022302565429561,
          "hedge_w": -0.3977697434570439
        },
        {
          "target": "ETH",
          "hedge": "BTC",
          "hedge_ratio_units": 1.1993882240916653,
          "target_w": 0.45467188968559397,
          "hedge_w": -0.5453281103144061
        }
      ],
      "examples": [
        {
          "target": "BTC",
          "hedge": "ETH",
          "target_dollars": 60.22302565429561,
          "hedge_dollars": -39.77697434570439,
          "hedge_units_per_target_unit": -0.6604944523053395
        },
        {
          "target": "ETH",
          "hedge": "BTC",
          "target_dollars": 45.4671889685594,
          "hedge_dollars": -54.53281103144061,
          "hedge_units_per_target_unit": -1.1993882240916653
        }
      ]
    },
    "120": {
      "lookback_days": 120,
      "corr": 0.8874086600700017,
      "stats": {
        "mean": {
          "btc": -0.0001651340495285221,
          "eth": -0.0002252034459129429
        },
        "std": {
          "btc": 0.005250439964150635,
          "eth": 0.007443804151187149
        },
        "min": {
          "btc": -0.03714671634653788,
          "eth": -0.05178573218862892
        },
        "max": {
          "btc": 0.0349913262434709,
          "eth": 0.04377388676562077
        }
      },
      "hedge_table": [
        {
          "target": "BTC",
          "hedge": "ETH",
          "hedge_ratio_units": 0.6259280602676568,
          "target_w": 0.6150333612148757,
          "hedge_w": -0.38496663878512427
        },
        {
          "target": "ETH",
          "hedge": "BTC",
          "hedge_ratio_units": 1.2581224264502393,
          "target_w": 0.44284578563439386,
          "hedge_w": -0.5571542143656061
        }
      ],
      "examples": [
        {
          "target": "BTC",
          "hedge": "ETH",
          "target_dollars": 61.50333612148757,
          "hedge_dollars": -38.49666387851243,
          "hedge_units_per_target_unit": -0.6259280602676568
        },
        {
          "target": "ETH",
          "hedge": "BTC",
          "target_dollars": 44.28457856343939,
          "hedge_dollars": -55.71542143656061,
          "hedge_units_per_target_unit": -1.2581224264502393
        }
      ]
    },
    "150": {
      "lookback_days": 150,
      "corr": 0.872451896938938,
      "stats": {
        "mean": {
          "btc": -0.00014131945288150294,
          "eth": -0.00020685577071969427
        },
        "std": {
          "btc": 0.004971684377694627,
          "eth": 0.00731384305005036
        },
        "min": {
          "btc": -0.03714671634653788,
          "eth": -0.05178573218862892
        },
        "max": {
          "btc": 0.0349913262434709,
          "eth": 0.04377388676562077
        }
      },
      "hedge_table": [
        {
          "target": "BTC",
          "hedge": "ETH",
          "hedge_ratio_units": 0.5930610537604433,
          "target_w": 0.627722332197806,
          "hedge_w": -0.3722776678021939
        },
        {
          "target": "ETH",
          "hedge": "BTC",
          "hedge_ratio_units": 1.2834636630511462,
          "target_w": 0.4379312078317935,
          "hedge_w": -0.5620687921682065
        }
      ],
      "examples": [
        {
          "target": "BTC",
          "hedge": "ETH",
          "target_dollars": 62.7722332197806,
          "hedge_dollars": -37.22776678021939,
          "hedge_units_per_target_unit": -0.5930610537604433
        },
        {
          "target": "ETH",
          "hedge": "BTC",
          "target_dollars": 43.793120783179354,
          "hedge_dollars": -56.206879216820646,
          "hedge_units_per_target_unit": -1.2834636630511462
        }
      ]
    },
    "180": {
      "lookback_days": 180,
      "corr": 0.8614639418297533,
      "stats": {
        "mean": {
          "btc": -0.00012246910179652997,
          "eth": -0.0001701444352192148
        },
        "std": {
          "btc": 0.004759868342890362,
          "eth": 0.007239122725137205
        },
        "min": {
          "btc": -0.03714671634653788,
          "eth": -0.05178573218862892
        },
        "max": {
          "btc": 0.0349913262434709,
          "eth": 0.0757825447476439
        }
      },
      "hedge_table": [
        {
          "target": "BTC",
          "hedge": "ETH",
          "hedge_ratio_units": 0.5664298149026435,
          "target_w": 0.6383943860658398,
          "hedge_w": -0.36160561393416035
        },
        {
          "target": "ETH",
          "hedge": "BTC",
          "hedge_ratio_units": 1.3101713637733041,
          "target_w": 0.43286832123425517,
          "hedge_w": -0.5671316787657448
        }
      ],
      "examples": [
        {
          "target": "BTC",
          "hedge": "ETH",
          "target_dollars": 63.839438606583975,
          "hedge_dollars": -36.16056139341603,
          "hedge_units_per_target_unit": -0.5664298149026435
        },
        {
          "target": "ETH",
          "hedge": "BTC",
          "target_dollars": 43.28683212342552,
          "hedge_dollars": -56.713167876574474,
          "hedge_units_per_target_unit": -1.3101713637733041
        }
      ]
    }
  },
  "example_notional": 100.0,
  "provider": "cryptocompare"
}