{
  "generated_at": "2026-02-25T02:00:19.644948Z",
  "lookbacks": {
    "30": {
      "lookback_days": 30,
      "corr": 0.8944682695989,
      "stats": {
        "mean": {
          "btc": -0.00036377126627902957,
          "eth": -0.0005072710036167533
        },
        "std": {
          "btc": 0.006717964972667549,
          "eth": 0.00883045171320145
        },
        "min": {
          "btc": -0.03450018927739806,
          "eth": -0.04170398539552955
        },
        "max": {
          "btc": 0.0349913262434709,
          "eth": 0.04260060177264258
        }
      },
      "hedge_table": [
        {
          "target": "BTC",
          "hedge": "ETH",
          "hedge_ratio_units": 0.6804868764917824,
          "target_w": 0.5950656407907331,
          "hedge_w": -0.40493435920926696
        },
        {
          "target": "ETH",
          "hedge": "BTC",
          "hedge_ratio_units": 1.1757368333743496,
          "target_w": 0.4596144095465352,
          "hedge_w": -0.5403855904534648
        }
      ],
      "examples": [
        {
          "target": "BTC",
          "hedge": "ETH",
          "target_dollars": 59.50656407907331,
          "hedge_dollars": -40.49343592092669,
          "hedge_units_per_target_unit": -0.6804868764917824
        },
        {
          "target": "ETH",
          "hedge": "BTC",
          "target_dollars": 45.96144095465352,
          "hedge_dollars": -54.03855904534648,
          "hedge_units_per_target_unit": -1.1757368333743496
        }
      ]
    },
    "60": {
      "lookback_days": 60,
      "corr": 0.8907033342978383,
      "stats": {
        "mean": {
          "btc": -0.00018091612402865246,
          "eth": -0.00026757846426606627
        },
        "std": {
          "btc": 0.005378329593253103,
          "eth": 0.007168561052871415
        },
        "min": {
          "btc": -0.03450018927739806,
          "eth": -0.04170398539552955
        },
        "max": {
          "btc": 0.0349913262434709,
          "eth": 0.04377388676562077
        }
      },
      "hedge_table": [
        {
          "target": "BTC",
          "hedge": "ETH",
          "hedge_ratio_units": 0.6682646721331069,
          "target_w": 0.5994252690859669,
          "hedge_w": -0.40057473091403306
        },
        {
          "target": "ETH",
          "hedge": "BTC",
          "hedge_ratio_units": 1.1871829573107593,
          "target_w": 0.45720912219869586,
          "hedge_w": -0.5427908778013041
        }
      ],
      "examples": [
        {
          "target": "BTC",
          "hedge": "ETH",
          "target_dollars": 59.94252690859669,
          "hedge_dollars": -40.05747309140331,
          "hedge_units_per_target_unit": -0.6682646721331069
        },
        {
          "target": "ETH",
          "hedge": "BTC",
          "target_dollars": 45.72091221986959,
          "hedge_dollars": -54.27908778013041,
          "hedge_units_per_target_unit": -1.1871829573107593
        }
      ]
    },
    "120": {
      "lookback_days": 120,
      "corr": 0.8897016547108912,
      "stats": {
        "mean": {
          "btc": -0.00017534456403966035,
          "eth": -0.00023497989193991354
        },
        "std": {
          "btc": 0.005310407638217566,
          "eth": 0.0074353885608064935
        },
        "min": {
          "btc": -0.03714671634653788,
          "eth": -0.05178573218862892
        },
        "max": {
          "btc": 0.0349913262434709,
          "eth": 0.04377388676562077
        }
      },
      "hedge_table": [
        {
          "target": "BTC",
          "hedge": "ETH",
          "hedge_ratio_units": 0.6354312789806715,
          "target_w": 0.6114595048122585,
          "hedge_w": -0.3885404951877415
        },
        {
          "target": "ETH",
          "hedge": "BTC",
          "hedge_ratio_units": 1.2457193414606458,
          "target_w": 0.4452916183861099,
          "hedge_w": -0.55470838161389
        }
      ],
      "examples": [
        {
          "target": "BTC",
          "hedge": "ETH",
          "target_dollars": 61.14595048122585,
          "hedge_dollars": -38.85404951877415,
          "hedge_units_per_target_unit": -0.6354312789806715
        },
        {
          "target": "ETH",
          "hedge": "BTC",
          "target_dollars": 44.52916183861099,
          "hedge_dollars": -55.470838161389004,
          "hedge_units_per_target_unit": -1.2457193414606458
        }
      ]
    },
    "150": {
      "lookback_days": 150,
      "corr": 0.8769469187136316,
      "stats": {
        "mean": {
          "btc": -0.0001274888117678802,
          "eth": -0.0001765755984935759
        },
        "std": {
          "btc": 0.005129541802613257,
          "eth": 0.007396430321276835
        },
        "min": {
          "btc": -0.03714671634653788,
          "eth": -0.05178573218862892
        },
        "max": {
          "btc": 0.0349913262434709,
          "eth": 0.04377388676562077
        }
      },
      "hedge_table": [
        {
          "target": "BTC",
          "hedge": "ETH",
          "hedge_ratio_units": 0.6081766044999288,
          "target_w": 0.6218222533531729,
          "hedge_w": -0.37817774664682713
        },
        {
          "target": "ETH",
          "hedge": "BTC",
          "hedge_ratio_units": 1.2644943796772157,
          "target_w": 0.4415996829025212,
          "hedge_w": -0.5584003170974787
        }
      ],
      "examples": [
        {
          "target": "BTC",
          "hedge": "ETH",
          "target_dollars": 62.182225335317284,
          "hedge_dollars": -37.817774664682716,
          "hedge_units_per_target_unit": -0.6081766044999288
        },
        {
          "target": "ETH",
          "hedge": "BTC",
          "target_dollars": 44.159968290252124,
          "hedge_dollars": -55.840031709747876,
          "hedge_units_per_target_unit": -1.2644943796772157
        }
      ]
    },
    "180": {
      "lookback_days": 180,
      "corr": 0.8708255227290332,
      "stats": {
        "mean": {
          "btc": -0.00011005900192176487,
          "eth": -0.00017132293316719175
        },
        "std": {
          "btc": 0.00484720523831391,
          "eth": 0.007086345654157578
        },
        "min": {
          "btc": -0.03714671634653788,
          "eth": -0.05178573218862892
        },
        "max": {
          "btc": 0.0349913262434709,
          "eth": 0.04377388676562077
        }
      },
      "hedge_table": [
        {
          "target": "BTC",
          "hedge": "ETH",
          "hedge_ratio_units": 0.5956624530378511,
          "target_w": 0.6266989601066202,
          "hedge_w": -0.3733010398933798
        },
        {
          "target": "ETH",
          "hedge": "BTC",
          "hedge_ratio_units": 1.273098694015058,
          "target_w": 0.4399281045882188,
          "hedge_w": -0.5600718954117812
        }
      ],
      "examples": [
        {
          "target": "BTC",
          "hedge": "ETH",
          "target_dollars": 62.669896010662015,
          "hedge_dollars": -37.330103989337985,
          "hedge_units_per_target_unit": -0.5956624530378511
        },
        {
          "target": "ETH",
          "hedge": "BTC",
          "target_dollars": 43.99281045882188,
          "hedge_dollars": -56.007189541178114,
          "hedge_units_per_target_unit": -1.273098694015058
        }
      ]
    }
  },
  "example_notional": 100.0,
  "provider": "cryptocompare"
}