{
  "generated_at": "2026-04-02T02:06:23.337213Z",
  "lookbacks": {
    "30": {
      "lookback_days": 30,
      "corr": 0.9136812518623448,
      "stats": {
        "mean": {
          "btc": -1.1592205205691335e-05,
          "eth": 7.789356270895263e-05
        },
        "std": {
          "btc": 0.005057797103213849,
          "eth": 0.0065651854285755165
        },
        "min": {
          "btc": -0.0193691951400623,
          "eth": -0.030096491146448856
        },
        "max": {
          "btc": 0.02490195224471292,
          "eth": 0.041842617860856635
        }
      },
      "hedge_table": [
        {
          "target": "BTC",
          "hedge": "ETH",
          "hedge_ratio_units": 0.7038970093389824,
          "target_w": 0.5868899320317162,
          "hedge_w": -0.4131100679682837
        },
        {
          "target": "ETH",
          "hedge": "BTC",
          "hedge_ratio_units": 1.185988033659499,
          "target_w": 0.45745904579629787,
          "hedge_w": -0.5425409542037021
        }
      ],
      "examples": [
        {
          "target": "BTC",
          "hedge": "ETH",
          "target_dollars": 58.68899320317163,
          "hedge_dollars": -41.31100679682837,
          "hedge_units_per_target_unit": -0.7038970093389824
        },
        {
          "target": "ETH",
          "hedge": "BTC",
          "target_dollars": 45.74590457962979,
          "hedge_dollars": -54.254095420370206,
          "hedge_units_per_target_unit": -1.185988033659499
        }
      ]
    },
    "60": {
      "lookback_days": 60,
      "corr": 0.907510762764434,
      "stats": {
        "mean": {
          "btc": -9.211317794779679e-05,
          "eth": -7.672427515950909e-05
        },
        "std": {
          "btc": 0.006118949606353505,
          "eth": 0.007916350151175979
        },
        "min": {
          "btc": -0.03612262483146145,
          "eth": -0.04170398539552955
        },
        "max": {
          "btc": 0.0349913262434709,
          "eth": 0.04260060177264258
        }
      },
      "hedge_table": [
        {
          "target": "BTC",
          "hedge": "ETH",
          "hedge_ratio_units": 0.7014612186847368,
          "target_w": 0.5877301163367213,
          "hedge_w": -0.4122698836632787
        },
        {
          "target": "ETH",
          "hedge": "BTC",
          "hedge_ratio_units": 1.1740859830818828,
          "target_w": 0.45996340889077747,
          "hedge_w": -0.5400365911092225
        }
      ],
      "examples": [
        {
          "target": "BTC",
          "hedge": "ETH",
          "target_dollars": 58.773011633672134,
          "hedge_dollars": -41.22698836632787,
          "hedge_units_per_target_unit": -0.7014612186847368
        },
        {
          "target": "ETH",
          "hedge": "BTC",
          "target_dollars": 45.99634088907775,
          "hedge_dollars": -54.00365911092225,
          "hedge_units_per_target_unit": -1.1740859830818828
        }
      ]
    },
    "120": {
      "lookback_days": 120,
      "corr": 0.899414380521708,
      "stats": {
        "mean": {
          "btc": -9.776278929789755e-05,
          "eth": -0.00010389627507364059
        },
        "std": {
          "btc": 0.005269945138053098,
          "eth": 0.007070750702983852
        },
        "min": {
          "btc": -0.03612262483146145,
          "eth": -0.04988725258205495
        },
        "max": {
          "btc": 0.0349913262434709,
          "eth": 0.04377388676562077
        }
      },
      "hedge_table": [
        {
          "target": "BTC",
          "hedge": "ETH",
          "hedge_ratio_units": 0.670348120140227,
          "target_w": 0.598677597766895,
          "hedge_w": -0.40132240223310506
        },
        {
          "target": "ETH",
          "hedge": "BTC",
          "hedge_ratio_units": 1.2067554209296925,
          "target_w": 0.4531539791476784,
          "hedge_w": -0.5468460208523217
        }
      ],
      "examples": [
        {
          "target": "BTC",
          "hedge": "ETH",
          "target_dollars": 59.867759776689496,
          "hedge_dollars": -40.132240223310504,
          "hedge_units_per_target_unit": -0.670348120140227
        },
        {
          "target": "ETH",
          "hedge": "BTC",
          "target_dollars": 45.31539791476784,
          "hedge_dollars": -54.68460208523217,
          "hedge_units_per_target_unit": -1.2067554209296925
        }
      ]
    },
    "150": {
      "lookback_days": 150,
      "corr": 0.8953045068785955,
      "stats": {
        "mean": {
          "btc": -0.00011740965941757825,
          "eth": -0.00013393103731038463
        },
        "std": {
          "btc": 0.005362588021916291,
          "eth": 0.007381625267361024
        },
        "min": {
          "btc": -0.03714671634653788,
          "eth": -0.05178573218862892
        },
        "max": {
          "btc": 0.0349913262434709,
          "eth": 0.04377388676562077
        }
      },
      "hedge_table": [
        {
          "target": "BTC",
          "hedge": "ETH",
          "hedge_ratio_units": 0.6504189864234694,
          "target_w": 0.6059067474538959,
          "hedge_w": -0.39409325254610406
        },
        {
          "target": "ETH",
          "hedge": "BTC",
          "hedge_ratio_units": 1.23239046948,
          "target_w": 0.4479503087257553,
          "hedge_w": -0.5520496912742445
        }
      ],
      "examples": [
        {
          "target": "BTC",
          "hedge": "ETH",
          "target_dollars": 60.59067474538959,
          "hedge_dollars": -39.40932525461041,
          "hedge_units_per_target_unit": -0.6504189864234694
        },
        {
          "target": "ETH",
          "hedge": "BTC",
          "target_dollars": 44.79503087257553,
          "hedge_dollars": -55.204969127424455,
          "hedge_units_per_target_unit": -1.23239046948
        }
      ]
    },
    "180": {
      "lookback_days": 180,
      "corr": 0.8848229419475336,
      "stats": {
        "mean": {
          "btc": -0.00012501581673399662,
          "eth": -0.0001496442058677077
        },
        "std": {
          "btc": 0.005241417896964267,
          "eth": 0.00737726733715077
        },
        "min": {
          "btc": -0.03714671634653788,
          "eth": -0.05178573218862892
        },
        "max": {
          "btc": 0.0349913262434709,
          "eth": 0.04377388676562077
        }
      },
      "hedge_table": [
        {
          "target": "BTC",
          "hedge": "ETH",
          "hedge_ratio_units": 0.6286510426717908,
          "target_w": 0.6140050715587956,
          "hedge_w": -0.3859949284412044
        },
        {
          "target": "ETH",
          "hedge": "BTC",
          "hedge_ratio_units": 1.2453835044467345,
          "target_w": 0.4453582196625255,
          "hedge_w": -0.5546417803374746
        }
      ],
      "examples": [
        {
          "target": "BTC",
          "hedge": "ETH",
          "target_dollars": 61.40050715587956,
          "hedge_dollars": -38.59949284412044,
          "hedge_units_per_target_unit": -0.6286510426717908
        },
        {
          "target": "ETH",
          "hedge": "BTC",
          "target_dollars": 44.53582196625255,
          "hedge_dollars": -55.46417803374746,
          "hedge_units_per_target_unit": -1.2453835044467345
        }
      ]
    }
  },
  "example_notional": 100.0,
  "provider": "cryptocompare"
}