{
  "generated_at": "2026-07-11T16:54:38.137453Z",
  "lookbacks": {
    "30": {
      "lookback_days": 30,
      "corr": 0.8938414518826283,
      "stats": {
        "mean": {
          "btc": 0.00041219217255618475,
          "eth": 0.0027242200902449854
        },
        "std": {
          "btc": 0.016124938232831485,
          "eth": 0.02323260784150716
        },
        "min": {
          "btc": -0.02781940606821942,
          "eth": -0.03574371340405036
        },
        "max": {
          "btc": 0.02513172386367879,
          "eth": 0.05593861591100735
        }
      },
      "hedge_table": [
        {
          "target": "BTC",
          "hedge": "ETH",
          "hedge_ratio_units": 0.620384000792258,
          "target_w": 0.6171376658317212,
          "hedge_w": -0.3828623341682788
        },
        {
          "target": "ETH",
          "hedge": "BTC",
          "hedge_ratio_units": 1.2878355020170524,
          "target_w": 0.4370943623867878,
          "hedge_w": -0.5629056376132123
        }
      ],
      "examples": [
        {
          "target": "BTC",
          "hedge": "ETH",
          "target_dollars": 61.713766583172124,
          "hedge_dollars": -38.28623341682788,
          "hedge_units_per_target_unit": -0.620384000792258
        },
        {
          "target": "ETH",
          "hedge": "BTC",
          "target_dollars": 43.70943623867878,
          "hedge_dollars": -56.29056376132123,
          "hedge_units_per_target_unit": -1.2878355020170524
        }
      ]
    },
    "60": {
      "lookback_days": 60,
      "corr": 0.8798044269826503,
      "stats": {
        "mean": {
          "btc": -0.0036653765713684995,
          "eth": -0.0036140995632145245
        },
        "std": {
          "btc": 0.01951455054277027,
          "eth": 0.027813887419407837
        },
        "min": {
          "btc": -0.06600964303204149,
          "eth": -0.10658012901637759
        },
        "max": {
          "btc": 0.039313475306052226,
          "eth": 0.07539563557614826
        }
      },
      "hedge_table": [
        {
          "target": "BTC",
          "hedge": "ETH",
          "hedge_ratio_units": 0.6172811336730252,
          "target_w": 0.6183216876640915,
          "hedge_w": -0.38167831233590854
        },
        {
          "target": "ETH",
          "hedge": "BTC",
          "hedge_ratio_units": 1.2539761666331573,
          "target_w": 0.44366041433957787,
          "hedge_w": -0.5563395856604221
        }
      ],
      "examples": [
        {
          "target": "BTC",
          "hedge": "ETH",
          "target_dollars": 61.83216876640915,
          "hedge_dollars": -38.16783123359085,
          "hedge_units_per_target_unit": -0.6172811336730252
        },
        {
          "target": "ETH",
          "hedge": "BTC",
          "target_dollars": 44.36604143395779,
          "hedge_dollars": -55.63395856604221,
          "hedge_units_per_target_unit": -1.2539761666331573
        }
      ]
    },
    "120": {
      "lookback_days": 120,
      "corr": 0.9049154745098469,
      "stats": {
        "mean": {
          "btc": -0.0006646715572923458,
          "eth": -0.0009008966977268905
        },
        "std": {
          "btc": 0.019667503096162865,
          "eth": 0.02788893607084116
        },
        "min": {
          "btc": -0.06600964303204149,
          "eth": -0.10658012901637759
        },
        "max": {
          "btc": 0.05310982988222279,
          "eth": 0.08197502974334592
        }
      },
      "hedge_table": [
        {
          "target": "BTC",
          "hedge": "ETH",
          "hedge_ratio_units": 0.6381537055225253,
          "target_w": 0.6104433281375314,
          "hedge_w": -0.3895566718624685
        },
        {
          "target": "ETH",
          "hedge": "BTC",
          "hedge_ratio_units": 1.2831893146132913,
          "target_w": 0.43798382972433114,
          "hedge_w": -0.562016170275669
        }
      ],
      "examples": [
        {
          "target": "BTC",
          "hedge": "ETH",
          "target_dollars": 61.044332813753144,
          "hedge_dollars": -38.95566718624685,
          "hedge_units_per_target_unit": -0.6381537055225253
        },
        {
          "target": "ETH",
          "hedge": "BTC",
          "target_dollars": 43.79838297243312,
          "hedge_dollars": -56.2016170275669,
          "hedge_units_per_target_unit": -1.2831893146132913
        }
      ]
    },
    "150": {
      "lookback_days": 150,
      "corr": 0.9102251907548587,
      "stats": {
        "mean": {
          "btc": -6.943542170625144e-05,
          "eth": -8.646108870695903e-05
        },
        "std": {
          "btc": 0.021222233148821035,
          "eth": 0.02951466061959217
        },
        "min": {
          "btc": -0.06600964303204149,
          "eth": -0.10658012901637759
        },
        "max": {
          "btc": 0.06364240856302605,
          "eth": 0.10814835249280486
        }
      },
      "hedge_table": [
        {
          "target": "BTC",
          "hedge": "ETH",
          "hedge_ratio_units": 0.6544886781895387,
          "target_w": 0.6044163451721365,
          "hedge_w": -0.39558365482786356
        },
        {
          "target": "ETH",
          "hedge": "BTC",
          "hedge_ratio_units": 1.265888815947988,
          "target_w": 0.44132792084135275,
          "hedge_w": -0.5586720791586474
        }
      ],
      "examples": [
        {
          "target": "BTC",
          "hedge": "ETH",
          "target_dollars": 60.44163451721365,
          "hedge_dollars": -39.55836548278636,
          "hedge_units_per_target_unit": -0.6544886781895387
        },
        {
          "target": "ETH",
          "hedge": "BTC",
          "target_dollars": 44.132792084135275,
          "hedge_dollars": -55.86720791586474,
          "hedge_units_per_target_unit": -1.265888815947988
        }
      ]
    },
    "180": {
      "lookback_days": 180,
      "corr": 0.9256164501708227,
      "stats": {
        "mean": {
          "btc": -0.0016279707296485459,
          "eth": -0.0024234298663997943
        },
        "std": {
          "btc": 0.025949167239223934,
          "eth": 0.03475740369744127
        },
        "min": {
          "btc": -0.14101788206180332,
          "eth": -0.15404474276243008
        },
        "max": {
          "btc": 0.12203362664914996,
          "eth": 0.13191787874605776
        }
      },
      "hedge_table": [
        {
          "target": "BTC",
          "hedge": "ETH",
          "hedge_ratio_units": 0.6910463242289777,
          "target_w": 0.5913498558095054,
          "hedge_w": -0.40865014419049467
        },
        {
          "target": "ETH",
          "hedge": "BTC",
          "hedge_ratio_units": 1.2398095218620198,
          "target_w": 0.4464665366582916,
          "hedge_w": -0.5535334633417085
        }
      ],
      "examples": [
        {
          "target": "BTC",
          "hedge": "ETH",
          "target_dollars": 59.13498558095054,
          "hedge_dollars": -40.865014419049466,
          "hedge_units_per_target_unit": -0.6910463242289777
        },
        {
          "target": "ETH",
          "hedge": "BTC",
          "target_dollars": 44.64665366582916,
          "hedge_dollars": -55.35334633417085,
          "hedge_units_per_target_unit": -1.2398095218620198
        }
      ]
    }
  },
  "example_notional": 100.0,
  "provider": "coingecko"
}