{
  "generated_at": "2026-03-22T08:32:05.757795Z",
  "lookbacks": {
    "30": {
      "lookback_days": 30,
      "corr": 0.9164705909513622,
      "stats": {
        "mean": {
          "btc": 2.5347576164401704e-05,
          "eth": 0.00010255331317144108
        },
        "std": {
          "btc": 0.005667559885436608,
          "eth": 0.007202714067970094
        },
        "min": {
          "btc": -0.03612262483146145,
          "eth": -0.04038541666666662
        },
        "max": {
          "btc": 0.029223763595974894,
          "eth": 0.035902309432658264
        }
      },
      "hedge_table": [
        {
          "target": "BTC",
          "hedge": "ETH",
          "hedge_ratio_units": 0.7211381582612463,
          "target_w": 0.5810108823630027,
          "hedge_w": -0.41898911763699737
        },
        {
          "target": "ETH",
          "hedge": "BTC",
          "hedge_ratio_units": 1.1647121074606377,
          "target_w": 0.46195519328113877,
          "hedge_w": -0.5380448067188613
        }
      ],
      "examples": [
        {
          "target": "BTC",
          "hedge": "ETH",
          "target_dollars": 58.10108823630027,
          "hedge_dollars": -41.898911763699736,
          "hedge_units_per_target_unit": -0.7211381582612463
        },
        {
          "target": "ETH",
          "hedge": "BTC",
          "target_dollars": 46.195519328113875,
          "hedge_dollars": -53.80448067188613,
          "hedge_units_per_target_unit": -1.1647121074606377
        }
      ]
    },
    "60": {
      "lookback_days": 60,
      "corr": 0.9026885248752887,
      "stats": {
        "mean": {
          "btc": -0.0001615660988706211,
          "eth": -0.00021046258160249955
        },
        "std": {
          "btc": 0.006145654071289545,
          "eth": 0.008108617407837743
        },
        "min": {
          "btc": -0.03612262483146145,
          "eth": -0.04170398539552955
        },
        "max": {
          "btc": 0.0349913262434709,
          "eth": 0.04377388676562077
        }
      },
      "hedge_table": [
        {
          "target": "BTC",
          "hedge": "ETH",
          "hedge_ratio_units": 0.6841624322592754,
          "target_w": 0.5937669555177745,
          "hedge_w": -0.4062330444822256
        },
        {
          "target": "ETH",
          "hedge": "BTC",
          "hedge_ratio_units": 1.1910133244976597,
          "target_w": 0.4564098213456885,
          "hedge_w": -0.5435901786543115
        }
      ],
      "examples": [
        {
          "target": "BTC",
          "hedge": "ETH",
          "target_dollars": 59.376695551777445,
          "hedge_dollars": -40.623304448222555,
          "hedge_units_per_target_unit": -0.6841624322592754
        },
        {
          "target": "ETH",
          "hedge": "BTC",
          "target_dollars": 45.64098213456885,
          "hedge_dollars": -54.35901786543115,
          "hedge_units_per_target_unit": -1.1910133244976597
        }
      ]
    },
    "120": {
      "lookback_days": 120,
      "corr": 0.8970087202271505,
      "stats": {
        "mean": {
          "btc": -5.546921367850326e-05,
          "eth": -6.821570841221884e-05
        },
        "std": {
          "btc": 0.005305554573886664,
          "eth": 0.007162321253056011
        },
        "min": {
          "btc": -0.03714671634653788,
          "eth": -0.05178573218862892
        },
        "max": {
          "btc": 0.0349913262434709,
          "eth": 0.04377388676562077
        }
      },
      "hedge_table": [
        {
          "target": "BTC",
          "hedge": "ETH",
          "hedge_ratio_units": 0.6644673633407273,
          "target_w": 0.6007927953558159,
          "hedge_w": -0.39920720464418413
        },
        {
          "target": "ETH",
          "hedge": "BTC",
          "hedge_ratio_units": 1.2109317756678937,
          "target_w": 0.45229799083145067,
          "hedge_w": -0.5477020091685493
        }
      ],
      "examples": [
        {
          "target": "BTC",
          "hedge": "ETH",
          "target_dollars": 60.079279535581584,
          "hedge_dollars": -39.920720464418416,
          "hedge_units_per_target_unit": -0.6644673633407273
        },
        {
          "target": "ETH",
          "hedge": "BTC",
          "target_dollars": 45.22979908314507,
          "hedge_dollars": -54.770200916854925,
          "hedge_units_per_target_unit": -1.2109317756678937
        }
      ]
    },
    "150": {
      "lookback_days": 150,
      "corr": 0.8923311139369018,
      "stats": {
        "mean": {
          "btc": -0.0001154828991033734,
          "eth": -0.00014709093265913937
        },
        "std": {
          "btc": 0.005310169941979528,
          "eth": 0.007354011865166469
        },
        "min": {
          "btc": -0.03714671634653788,
          "eth": -0.05178573218862892
        },
        "max": {
          "btc": 0.0349913262434709,
          "eth": 0.04377388676562077
        }
      },
      "hedge_table": [
        {
          "target": "BTC",
          "hedge": "ETH",
          "hedge_ratio_units": 0.6443326372595652,
          "target_w": 0.6081494567100449,
          "hedge_w": -0.39185054328995506
        },
        {
          "target": "ETH",
          "hedge": "BTC",
          "hedge_ratio_units": 1.2357822200136448,
          "target_w": 0.447270754301775,
          "hedge_w": -0.5527292456982249
        }
      ],
      "examples": [
        {
          "target": "BTC",
          "hedge": "ETH",
          "target_dollars": 60.814945671004494,
          "hedge_dollars": -39.185054328995506,
          "hedge_units_per_target_unit": -0.6443326372595652
        },
        {
          "target": "ETH",
          "hedge": "BTC",
          "target_dollars": 44.7270754301775,
          "hedge_dollars": -55.27292456982249,
          "hedge_units_per_target_unit": -1.2357822200136448
        }
      ]
    },
    "180": {
      "lookback_days": 180,
      "corr": 0.8812561610054518,
      "stats": {
        "mean": {
          "btc": -0.00010203527146929756,
          "eth": -0.0001354923134460531
        },
        "std": {
          "btc": 0.00516424012241102,
          "eth": 0.007347477047144718
        },
        "min": {
          "btc": -0.03714671634653788,
          "eth": -0.05178573218862892
        },
        "max": {
          "btc": 0.0349913262434709,
          "eth": 0.04377388676562077
        }
      },
      "hedge_table": [
        {
          "target": "BTC",
          "hedge": "ETH",
          "hedge_ratio_units": 0.6193987943868186,
          "target_w": 0.6175131187365418,
          "hedge_w": -0.3824868812634583
        },
        {
          "target": "ETH",
          "hedge": "BTC",
          "hedge_ratio_units": 1.2538164884206526,
          "target_w": 0.44369184675756074,
          "hedge_w": -0.5563081532424391
        }
      ],
      "examples": [
        {
          "target": "BTC",
          "hedge": "ETH",
          "target_dollars": 61.75131187365418,
          "hedge_dollars": -38.24868812634583,
          "hedge_units_per_target_unit": -0.6193987943868186
        },
        {
          "target": "ETH",
          "hedge": "BTC",
          "target_dollars": 44.369184675756074,
          "hedge_dollars": -55.63081532424391,
          "hedge_units_per_target_unit": -1.2538164884206526
        }
      ]
    }
  },
  "example_notional": 100.0,
  "provider": "cryptocompare"
}