{
  "generated_at": "2026-02-12T16:56:20.001240Z",
  "lookbacks": {
    "30": {
      "lookback_days": 30,
      "corr": 0.8892993534043492,
      "stats": {
        "mean": {
          "btc": -0.00046464757803196946,
          "eth": -0.0006728517945683096
        },
        "std": {
          "btc": 0.006390478364328723,
          "eth": 0.008775586676892436
        },
        "min": {
          "btc": -0.031142278584685545,
          "eth": -0.04170398539552955
        },
        "max": {
          "btc": 0.0349913262434709,
          "eth": 0.04377388676562077
        }
      },
      "hedge_table": [
        {
          "target": "BTC",
          "hedge": "ETH",
          "hedge_ratio_units": 0.647597532402753,
          "target_w": 0.6069443418877076,
          "hedge_w": -0.3930556581122923
        },
        {
          "target": "ETH",
          "hedge": "BTC",
          "hedge_ratio_units": 1.2212111695841779,
          "target_w": 0.45020483135207945,
          "hedge_w": -0.5497951686479204
        }
      ],
      "examples": [
        {
          "target": "BTC",
          "hedge": "ETH",
          "target_dollars": 60.694434188770764,
          "hedge_dollars": -39.30556581122923,
          "hedge_units_per_target_unit": -0.647597532402753
        },
        {
          "target": "ETH",
          "hedge": "BTC",
          "target_dollars": 45.02048313520795,
          "hedge_dollars": -54.979516864792046,
          "hedge_units_per_target_unit": -1.2212111695841779
        }
      ]
    },
    "60": {
      "lookback_days": 60,
      "corr": 0.8906960628615816,
      "stats": {
        "mean": {
          "btc": -0.0001949076508722453,
          "eth": -0.0003091542269389264
        },
        "std": {
          "btc": 0.0053039195181885,
          "eth": 0.0071611389639312404
        },
        "min": {
          "btc": -0.031142278584685545,
          "eth": -0.04170398539552955
        },
        "max": {
          "btc": 0.0349913262434709,
          "eth": 0.04377388676562077
        }
      },
      "hedge_table": [
        {
          "target": "BTC",
          "hedge": "ETH",
          "hedge_ratio_units": 0.6596967684022944,
          "target_w": 0.6025197006093161,
          "hedge_w": -0.3974802993906838
        },
        {
          "target": "ETH",
          "hedge": "BTC",
          "hedge_ratio_units": 1.2025820261610416,
          "target_w": 0.4540126034456639,
          "hedge_w": -0.545987396554336
        }
      ],
      "examples": [
        {
          "target": "BTC",
          "hedge": "ETH",
          "target_dollars": 60.25197006093161,
          "hedge_dollars": -39.74802993906838,
          "hedge_units_per_target_unit": -0.6596967684022944
        },
        {
          "target": "ETH",
          "hedge": "BTC",
          "target_dollars": 45.40126034456639,
          "hedge_dollars": -54.598739655433604,
          "hedge_units_per_target_unit": -1.2025820261610416
        }
      ]
    },
    "120": {
      "lookback_days": 120,
      "corr": 0.8876126394542536,
      "stats": {
        "mean": {
          "btc": -0.00016883503157342545,
          "eth": -0.00022931112709151323
        },
        "std": {
          "btc": 0.005249208639858861,
          "eth": 0.007448983950925169
        },
        "min": {
          "btc": -0.03714671634653788,
          "eth": -0.05178573218862892
        },
        "max": {
          "btc": 0.0349913262434709,
          "eth": 0.04377388676562077
        }
      },
      "hedge_table": [
        {
          "target": "BTC",
          "hedge": "ETH",
          "hedge_ratio_units": 0.6254898609752693,
          "target_w": 0.6151991618083764,
          "hedge_w": -0.3848008381916236
        },
        {
          "target": "ETH",
          "hedge": "BTC",
          "hedge_ratio_units": 1.2595826837073179,
          "target_w": 0.4425595961637,
          "hedge_w": -0.5574404038363
        }
      ],
      "examples": [
        {
          "target": "BTC",
          "hedge": "ETH",
          "target_dollars": 61.51991618083764,
          "hedge_dollars": -38.48008381916236,
          "hedge_units_per_target_unit": -0.6254898609752693
        },
        {
          "target": "ETH",
          "hedge": "BTC",
          "target_dollars": 44.25595961637,
          "hedge_dollars": -55.74404038363,
          "hedge_units_per_target_unit": -1.2595826837073179
        }
      ]
    },
    "150": {
      "lookback_days": 150,
      "corr": 0.8726557238542224,
      "stats": {
        "mean": {
          "btc": -0.0001433614492995186,
          "eth": -0.00021262368042126778
        },
        "std": {
          "btc": 0.00496461110931053,
          "eth": 0.007309048827953862
        },
        "min": {
          "btc": -0.03714671634653788,
          "eth": -0.05178573218862892
        },
        "max": {
          "btc": 0.0349913262434709,
          "eth": 0.04377388676562077
        }
      },
      "hedge_table": [
        {
          "target": "BTC",
          "hedge": "ETH",
          "hedge_ratio_units": 0.5927442001318428,
          "target_w": 0.6278472085581746,
          "hedge_w": -0.37215279144182545
        },
        {
          "target": "ETH",
          "hedge": "BTC",
          "hedge_ratio_units": 1.2847498334123757,
          "target_w": 0.4376846801237996,
          "hedge_w": -0.5623153198762004
        }
      ],
      "examples": [
        {
          "target": "BTC",
          "hedge": "ETH",
          "target_dollars": 62.784720855817454,
          "hedge_dollars": -37.215279144182546,
          "hedge_units_per_target_unit": -0.5927442001318428
        },
        {
          "target": "ETH",
          "hedge": "BTC",
          "target_dollars": 43.768468012379955,
          "hedge_dollars": -56.231531987620045,
          "hedge_units_per_target_unit": -1.2847498334123757
        }
      ]
    },
    "180": {
      "lookback_days": 180,
      "corr": 0.8614643332457993,
      "stats": {
        "mean": {
          "btc": -0.00012365157132548208,
          "eth": -0.0001679630829220094
        },
        "std": {
          "btc": 0.004753434740579879,
          "eth": 0.007240935396247865
        },
        "min": {
          "btc": -0.03714671634653788,
          "eth": -0.05178573218862892
        },
        "max": {
          "btc": 0.0349913262434709,
          "eth": 0.0757825447476439
        }
      },
      "hedge_table": [
        {
          "target": "BTC",
          "hedge": "ETH",
          "hedge_ratio_units": 0.5655228593177315,
          "target_w": 0.6387642275857975,
          "hedge_w": -0.3612357724142024
        },
        {
          "target": "ETH",
          "hedge": "BTC",
          "hedge_ratio_units": 1.3122737396503343,
          "target_w": 0.4324747467621293,
          "hedge_w": -0.5675252532378707
        }
      ],
      "examples": [
        {
          "target": "BTC",
          "hedge": "ETH",
          "target_dollars": 63.87642275857976,
          "hedge_dollars": -36.12357724142024,
          "hedge_units_per_target_unit": -0.5655228593177315
        },
        {
          "target": "ETH",
          "hedge": "BTC",
          "target_dollars": 43.24747467621293,
          "hedge_dollars": -56.752525323787076,
          "hedge_units_per_target_unit": -1.3122737396503343
        }
      ]
    }
  },
  "example_notional": 100.0,
  "provider": "cryptocompare"
}