{
  "generated_at": "2026-04-07T16:56:21.733791Z",
  "lookbacks": {
    "30": {
      "lookback_days": 30,
      "corr": 0.9086431237980621,
      "stats": {
        "mean": {
          "btc": 3.5129404177251463e-05,
          "eth": 0.00012113313729126
        },
        "std": {
          "btc": 0.004662197344314263,
          "eth": 0.0061081925884502435
        },
        "min": {
          "btc": -0.0193691951400623,
          "eth": -0.030096491146448856
        },
        "max": {
          "btc": 0.022874680739771724,
          "eth": 0.041842617860856635
        }
      },
      "hedge_table": [
        {
          "target": "BTC",
          "hedge": "ETH",
          "hedge_ratio_units": 0.6935396186935813,
          "target_w": 0.5904792477021666,
          "hedge_w": -0.4095207522978334
        },
        {
          "target": "ETH",
          "hedge": "BTC",
          "hedge_ratio_units": 1.1904616609801497,
          "target_w": 0.4565247672732776,
          "hedge_w": -0.5434752327267224
        }
      ],
      "examples": [
        {
          "target": "BTC",
          "hedge": "ETH",
          "target_dollars": 59.04792477021667,
          "hedge_dollars": -40.95207522978334,
          "hedge_units_per_target_unit": -0.6935396186935813
        },
        {
          "target": "ETH",
          "hedge": "BTC",
          "target_dollars": 45.65247672732776,
          "hedge_dollars": -54.34752327267224,
          "hedge_units_per_target_unit": -1.1904616609801497
        }
      ]
    },
    "60": {
      "lookback_days": 60,
      "corr": 0.9061249246020054,
      "stats": {
        "mean": {
          "btc": -1.0665203272844897e-05,
          "eth": 2.878381257486037e-05
        },
        "std": {
          "btc": 0.005365965807598021,
          "eth": 0.0067754195716921255
        },
        "min": {
          "btc": -0.03612262483146145,
          "eth": -0.04038541666666662
        },
        "max": {
          "btc": 0.029223763595974894,
          "eth": 0.041842617860856635
        }
      },
      "hedge_table": [
        {
          "target": "BTC",
          "hedge": "ETH",
          "hedge_ratio_units": 0.7176286739704266,
          "target_w": 0.5821980123843796,
          "hedge_w": -0.4178019876156204
        },
        {
          "target": "ETH",
          "hedge": "BTC",
          "hedge_ratio_units": 1.1441326256409117,
          "target_w": 0.4663890600988761,
          "hedge_w": -0.5336109399011241
        }
      ],
      "examples": [
        {
          "target": "BTC",
          "hedge": "ETH",
          "target_dollars": 58.21980123843796,
          "hedge_dollars": -41.78019876156204,
          "hedge_units_per_target_unit": -0.7176286739704266
        },
        {
          "target": "ETH",
          "hedge": "BTC",
          "target_dollars": 46.63890600988761,
          "hedge_dollars": -53.36109399011241,
          "hedge_units_per_target_unit": -1.1441326256409117
        }
      ]
    },
    "120": {
      "lookback_days": 120,
      "corr": 0.9011286375656448,
      "stats": {
        "mean": {
          "btc": -8.356703238793095e-05,
          "eth": -0.00011605107898106379
        },
        "std": {
          "btc": 0.0052278543106627495,
          "eth": 0.006973481494123099
        },
        "min": {
          "btc": -0.03612262483146145,
          "eth": -0.04988725258205495
        },
        "max": {
          "btc": 0.0349913262434709,
          "eth": 0.04377388676562077
        }
      },
      "hedge_table": [
        {
          "target": "BTC",
          "hedge": "ETH",
          "hedge_ratio_units": 0.6755548482245741,
          "target_w": 0.5968172280720053,
          "hedge_w": -0.4031827719279946
        },
        {
          "target": "ETH",
          "hedge": "BTC",
          "hedge_ratio_units": 1.2020235271421986,
          "target_w": 0.4541277546193191,
          "hedge_w": -0.5458722453806808
        }
      ],
      "examples": [
        {
          "target": "BTC",
          "hedge": "ETH",
          "target_dollars": 59.68172280720053,
          "hedge_dollars": -40.318277192799464,
          "hedge_units_per_target_unit": -0.6755548482245741
        },
        {
          "target": "ETH",
          "hedge": "BTC",
          "target_dollars": 45.41277546193191,
          "hedge_dollars": -54.58722453806808,
          "hedge_units_per_target_unit": -1.2020235271421986
        }
      ]
    },
    "150": {
      "lookback_days": 150,
      "corr": 0.8977677921991754,
      "stats": {
        "mean": {
          "btc": -9.761829810540801e-05,
          "eth": -0.00010995092495242993
        },
        "std": {
          "btc": 0.0053011191886304125,
          "eth": 0.007206029074068916
        },
        "min": {
          "btc": -0.03714671634653788,
          "eth": -0.05178573218862892
        },
        "max": {
          "btc": 0.0349913262434709,
          "eth": 0.04377388676562077
        }
      },
      "hedge_table": [
        {
          "target": "BTC",
          "hedge": "ETH",
          "hedge_ratio_units": 0.6604433622516764,
          "target_w": 0.6022487865192406,
          "hedge_w": -0.39775121348075937
        },
        {
          "target": "ETH",
          "hedge": "BTC",
          "hedge_ratio_units": 1.2203726387109068,
          "target_w": 0.4503748526556224,
          "hedge_w": -0.5496251473443777
        }
      ],
      "examples": [
        {
          "target": "BTC",
          "hedge": "ETH",
          "target_dollars": 60.224878651924065,
          "hedge_dollars": -39.775121348075935,
          "hedge_units_per_target_unit": -0.6604433622516764
        },
        {
          "target": "ETH",
          "hedge": "BTC",
          "target_dollars": 45.03748526556224,
          "hedge_dollars": -54.962514734437775,
          "hedge_units_per_target_unit": -1.2203726387109068
        }
      ]
    },
    "180": {
      "lookback_days": 180,
      "corr": 0.8867741499044299,
      "stats": {
        "mean": {
          "btc": -0.00011907250524972152,
          "eth": -0.00014270682094723772
        },
        "std": {
          "btc": 0.005226680804411,
          "eth": 0.0073455873658136404
        },
        "min": {
          "btc": -0.03714671634653788,
          "eth": -0.05178573218862892
        },
        "max": {
          "btc": 0.0349913262434709,
          "eth": 0.04377388676562077
        }
      },
      "hedge_table": [
        {
          "target": "BTC",
          "hedge": "ETH",
          "hedge_ratio_units": 0.6309754681734671,
          "target_w": 0.6131300068663217,
          "hedge_w": -0.38686999313367837
        },
        {
          "target": "ETH",
          "hedge": "BTC",
          "hedge_ratio_units": 1.2462741146103273,
          "target_w": 0.4451816425679086,
          "hedge_w": -0.5548183574320915
        }
      ],
      "examples": [
        {
          "target": "BTC",
          "hedge": "ETH",
          "target_dollars": 61.313000686632165,
          "hedge_dollars": -38.686999313367835,
          "hedge_units_per_target_unit": -0.6309754681734671
        },
        {
          "target": "ETH",
          "hedge": "BTC",
          "target_dollars": 44.51816425679086,
          "hedge_dollars": -55.48183574320915,
          "hedge_units_per_target_unit": -1.2462741146103273
        }
      ]
    }
  },
  "example_notional": 100.0,
  "provider": "cryptocompare"
}