{
  "generated_at": "2026-05-12T17:57:18.329093Z",
  "lookbacks": {
    "30": {
      "lookback_days": 30,
      "corr": 0.8884292378665625,
      "stats": {
        "mean": {
          "btc": 0.00017827344537400656,
          "eth": 5.6882292301935195e-05
        },
        "std": {
          "btc": 0.0036073862857030495,
          "eth": 0.0046686197014888155
        },
        "min": {
          "btc": -0.014486935649736465,
          "eth": -0.025174966013795874
        },
        "max": {
          "btc": 0.019739125410830338,
          "eth": 0.0410922552310693
        }
      },
      "hedge_table": [
        {
          "target": "BTC",
          "hedge": "ETH",
          "hedge_ratio_units": 0.6864785854104608,
          "target_w": 0.592951495886689,
          "hedge_w": -0.407048504113311
        },
        {
          "target": "ETH",
          "hedge": "BTC",
          "hedge_ratio_units": 1.149790434066078,
          "target_w": 0.4651616195484769,
          "hedge_w": -0.5348383804515231
        }
      ],
      "examples": [
        {
          "target": "BTC",
          "hedge": "ETH",
          "target_dollars": 59.295149588668906,
          "hedge_dollars": -40.7048504113311,
          "hedge_units_per_target_unit": -0.6864785854104608
        },
        {
          "target": "ETH",
          "hedge": "BTC",
          "target_dollars": 46.51616195484769,
          "hedge_dollars": -53.48383804515231,
          "hedge_units_per_target_unit": -1.149790434066078
        }
      ]
    },
    "60": {
      "lookback_days": 60,
      "corr": 0.9036692802284206,
      "stats": {
        "mean": {
          "btc": 9.492472363041728e-05,
          "eth": 6.99689877321151e-05
        },
        "std": {
          "btc": 0.0040092252123436495,
          "eth": 0.005382841775355035
        },
        "min": {
          "btc": -0.019619547762256384,
          "eth": -0.030096491146448856
        },
        "max": {
          "btc": 0.022874680739771724,
          "eth": 0.041842617860856635
        }
      },
      "hedge_table": [
        {
          "target": "BTC",
          "hedge": "ETH",
          "hedge_ratio_units": 0.6730670922745561,
          "target_w": 0.597704661467274,
          "hedge_w": -0.40229533853272603
        },
        {
          "target": "ETH",
          "hedge": "BTC",
          "hedge_ratio_units": 1.2132789990799886,
          "target_w": 0.45181832042669634,
          "hedge_w": -0.5481816795733038
        }
      ],
      "examples": [
        {
          "target": "BTC",
          "hedge": "ETH",
          "target_dollars": 59.770466146727394,
          "hedge_dollars": -40.229533853272606,
          "hedge_units_per_target_unit": -0.6730670922745561
        },
        {
          "target": "ETH",
          "hedge": "BTC",
          "target_dollars": 45.18183204266963,
          "hedge_dollars": -54.818167957330374,
          "hedge_units_per_target_unit": -1.2132789990799886
        }
      ]
    },
    "120": {
      "lookback_days": 120,
      "corr": 0.9015909149802422,
      "stats": {
        "mean": {
          "btc": -3.1553123412390544e-05,
          "eth": -8.462112430269517e-05
        },
        "std": {
          "btc": 0.005162633073460782,
          "eth": 0.006839200267208446
        },
        "min": {
          "btc": -0.03612262483146145,
          "eth": -0.04170398539552955
        },
        "max": {
          "btc": 0.0349913262434709,
          "eth": 0.04377388676562077
        }
      },
      "hedge_table": [
        {
          "target": "BTC",
          "hedge": "ETH",
          "hedge_ratio_units": 0.6805741745457948,
          "target_w": 0.5950347298834745,
          "hedge_w": -0.4049652701165256
        },
        {
          "target": "ETH",
          "hedge": "BTC",
          "hedge_ratio_units": 1.1943829319080543,
          "target_w": 0.4557089765232919,
          "hedge_w": -0.5442910234767081
        }
      ],
      "examples": [
        {
          "target": "BTC",
          "hedge": "ETH",
          "target_dollars": 59.50347298834745,
          "hedge_dollars": -40.49652701165256,
          "hedge_units_per_target_unit": -0.6805741745457948
        },
        {
          "target": "ETH",
          "hedge": "BTC",
          "target_dollars": 45.57089765232919,
          "hedge_dollars": -54.42910234767081,
          "hedge_units_per_target_unit": -1.1943829319080543
        }
      ]
    },
    "150": {
      "lookback_days": 150,
      "corr": 0.9005367189539022,
      "stats": {
        "mean": {
          "btc": -1.919301691483625e-05,
          "eth": -6.485595414489784e-05
        },
        "std": {
          "btc": 0.0049325053455671055,
          "eth": 0.006514663407165993
        },
        "min": {
          "btc": -0.03612262483146145,
          "eth": -0.04170398539552955
        },
        "max": {
          "btc": 0.0349913262434709,
          "eth": 0.04377388676562077
        }
      },
      "hedge_table": [
        {
          "target": "BTC",
          "hedge": "ETH",
          "hedge_ratio_units": 0.6818314166827998,
          "target_w": 0.5945899155412222,
          "hedge_w": -0.40541008445877785
        },
        {
          "target": "ETH",
          "hedge": "BTC",
          "hedge_ratio_units": 1.1893942730443814,
          "target_w": 0.45674733523874933,
          "hedge_w": -0.5432526647612507
        }
      ],
      "examples": [
        {
          "target": "BTC",
          "hedge": "ETH",
          "target_dollars": 59.45899155412222,
          "hedge_dollars": -40.541008445877786,
          "hedge_units_per_target_unit": -0.6818314166827998
        },
        {
          "target": "ETH",
          "hedge": "BTC",
          "target_dollars": 45.674733523874934,
          "hedge_dollars": -54.325266476125066,
          "hedge_units_per_target_unit": -1.1893942730443814
        }
      ]
    },
    "180": {
      "lookback_days": 180,
      "corr": 0.8987483279192986,
      "stats": {
        "mean": {
          "btc": -3.398717275118505e-05,
          "eth": -5.6452442076841816e-05
        },
        "std": {
          "btc": 0.005055186913380271,
          "eth": 0.00683227735342892
        },
        "min": {
          "btc": -0.03714671634653788,
          "eth": -0.05178573218862892
        },
        "max": {
          "btc": 0.0349913262434709,
          "eth": 0.04377388676562077
        }
      },
      "hedge_table": [
        {
          "target": "BTC",
          "hedge": "ETH",
          "hedge_ratio_units": 0.664981901450454,
          "target_w": 0.6006071291999313,
          "hedge_w": -0.3993928708000688
        },
        {
          "target": "ETH",
          "hedge": "BTC",
          "hedge_ratio_units": 1.214692543023922,
          "target_w": 0.4515299440321448,
          "hedge_w": -0.5484700559678551
        }
      ],
      "examples": [
        {
          "target": "BTC",
          "hedge": "ETH",
          "target_dollars": 60.06071291999313,
          "hedge_dollars": -39.93928708000688,
          "hedge_units_per_target_unit": -0.664981901450454
        },
        {
          "target": "ETH",
          "hedge": "BTC",
          "target_dollars": 45.15299440321448,
          "hedge_dollars": -54.847005596785515,
          "hedge_units_per_target_unit": -1.214692543023922
        }
      ]
    }
  },
  "example_notional": 100.0,
  "provider": "cryptocompare"
}