{
  "generated_at": "2026-04-10T16:52:32.774513Z",
  "lookbacks": {
    "30": {
      "lookback_days": 30,
      "corr": 0.9152759587694281,
      "stats": {
        "mean": {
          "btc": 5.0605203515775285e-05,
          "eth": 0.00013027624675748489
        },
        "std": {
          "btc": 0.0044972560565717514,
          "eth": 0.006125462970698528
        },
        "min": {
          "btc": -0.0193691951400623,
          "eth": -0.030096491146448856
        },
        "max": {
          "btc": 0.022874680739771724,
          "eth": 0.041842617860856635
        }
      },
      "hedge_table": [
        {
          "target": "BTC",
          "hedge": "ETH",
          "hedge_ratio_units": 0.6719868144988436,
          "target_w": 0.5980908409853323,
          "hedge_w": -0.40190915901466784
        },
        {
          "target": "ETH",
          "hedge": "BTC",
          "hedge_ratio_units": 1.2466466047046785,
          "target_w": 0.4451078322268891,
          "hedge_w": -0.5548921677731109
        }
      ],
      "examples": [
        {
          "target": "BTC",
          "hedge": "ETH",
          "target_dollars": 59.809084098533226,
          "hedge_dollars": -40.19091590146678,
          "hedge_units_per_target_unit": -0.6719868144988436
        },
        {
          "target": "ETH",
          "hedge": "BTC",
          "target_dollars": 44.51078322268891,
          "hedge_dollars": -55.48921677731109,
          "hedge_units_per_target_unit": -1.2466466047046785
        }
      ]
    },
    "60": {
      "lookback_days": 60,
      "corr": 0.9122381987473197,
      "stats": {
        "mean": {
          "btc": 3.623095094391854e-05,
          "eth": 5.9258613057973345e-05
        },
        "std": {
          "btc": 0.005258234882116686,
          "eth": 0.006733668070642309
        },
        "min": {
          "btc": -0.03612262483146145,
          "eth": -0.04038541666666662
        },
        "max": {
          "btc": 0.029223763595974894,
          "eth": 0.041842617860856635
        }
      },
      "hedge_table": [
        {
          "target": "BTC",
          "hedge": "ETH",
          "hedge_ratio_units": 0.7123550889544958,
          "target_w": 0.5839910229195306,
          "hedge_w": -0.4160089770804693
        },
        {
          "target": "ETH",
          "hedge": "BTC",
          "hedge_ratio_units": 1.1682074630436348,
          "target_w": 0.46121047780005503,
          "hedge_w": -0.5387895221999449
        }
      ],
      "examples": [
        {
          "target": "BTC",
          "hedge": "ETH",
          "target_dollars": 58.399102291953064,
          "hedge_dollars": -41.60089770804693,
          "hedge_units_per_target_unit": -0.7123550889544958
        },
        {
          "target": "ETH",
          "hedge": "BTC",
          "target_dollars": 46.121047780005505,
          "hedge_dollars": -53.87895221999449,
          "hedge_units_per_target_unit": -1.1682074630436348
        }
      ]
    },
    "120": {
      "lookback_days": 120,
      "corr": 0.9023294891131128,
      "stats": {
        "mean": {
          "btc": -5.946153790034528e-05,
          "eth": -9.767619573210635e-05
        },
        "std": {
          "btc": 0.005234774815427215,
          "eth": 0.006941954172954146
        },
        "min": {
          "btc": -0.03612262483146145,
          "eth": -0.04988725258205495
        },
        "max": {
          "btc": 0.0349913262434709,
          "eth": 0.04377388676562077
        }
      },
      "hedge_table": [
        {
          "target": "BTC",
          "hedge": "ETH",
          "hedge_ratio_units": 0.6804268030505519,
          "target_w": 0.5950869137439705,
          "hedge_w": -0.4049130862560294
        },
        {
          "target": "ETH",
          "hedge": "BTC",
          "hedge_ratio_units": 1.1965996978261904,
          "target_w": 0.45524908384064006,
          "hedge_w": -0.5447509161593599
        }
      ],
      "examples": [
        {
          "target": "BTC",
          "hedge": "ETH",
          "target_dollars": 59.508691374397046,
          "hedge_dollars": -40.49130862560294,
          "hedge_units_per_target_unit": -0.6804268030505519
        },
        {
          "target": "ETH",
          "hedge": "BTC",
          "target_dollars": 45.524908384064005,
          "hedge_dollars": -54.47509161593599,
          "hedge_units_per_target_unit": -1.1965996978261904
        }
      ]
    },
    "150": {
      "lookback_days": 150,
      "corr": 0.8993931164501934,
      "stats": {
        "mean": {
          "btc": -8.275639270742622e-05,
          "eth": -9.554018048628459e-05
        },
        "std": {
          "btc": 0.0053183037890383875,
          "eth": 0.007227686303020455
        },
        "min": {
          "btc": -0.03714671634653788,
          "eth": -0.05178573218862892
        },
        "max": {
          "btc": 0.0349913262434709,
          "eth": 0.04377388676562077
        }
      },
      "hedge_table": [
        {
          "target": "BTC",
          "hedge": "ETH",
          "hedge_ratio_units": 0.6617948840769674,
          "target_w": 0.6017589833630058,
          "hedge_w": -0.3982410166369942
        },
        {
          "target": "ETH",
          "hedge": "BTC",
          "hedge_ratio_units": 1.2222940935033193,
          "target_w": 0.44998544653626704,
          "hedge_w": -0.5500145534637328
        }
      ],
      "examples": [
        {
          "target": "BTC",
          "hedge": "ETH",
          "target_dollars": 60.175898336300584,
          "hedge_dollars": -39.824101663699416,
          "hedge_units_per_target_unit": -0.6617948840769674
        },
        {
          "target": "ETH",
          "hedge": "BTC",
          "target_dollars": 44.9985446536267,
          "hedge_dollars": -55.001455346373284,
          "hedge_units_per_target_unit": -1.2222940935033193
        }
      ]
    },
    "180": {
      "lookback_days": 180,
      "corr": 0.893221395090161,
      "stats": {
        "mean": {
          "btc": -8.97431810024175e-05,
          "eth": -0.00011541791433185293
        },
        "std": {
          "btc": 0.0052140449968467945,
          "eth": 0.007231482178785724
        },
        "min": {
          "btc": -0.03714671634653788,
          "eth": -0.05178573218862892
        },
        "max": {
          "btc": 0.0349913262434709,
          "eth": 0.04377388676562077
        }
      },
      "hedge_table": [
        {
          "target": "BTC",
          "hedge": "ETH",
          "hedge_ratio_units": 0.6440307022824467,
          "target_w": 0.6082611465903138,
          "hedge_w": -0.3917388534096861
        },
        {
          "target": "ETH",
          "hedge": "BTC",
          "hedge_ratio_units": 1.2388298536378006,
          "target_w": 0.446661901696162,
          "hedge_w": -0.5533380983038381
        }
      ],
      "examples": [
        {
          "target": "BTC",
          "hedge": "ETH",
          "target_dollars": 60.82611465903138,
          "hedge_dollars": -39.17388534096861,
          "hedge_units_per_target_unit": -0.6440307022824467
        },
        {
          "target": "ETH",
          "hedge": "BTC",
          "target_dollars": 44.6661901696162,
          "hedge_dollars": -55.33380983038381,
          "hedge_units_per_target_unit": -1.2388298536378006
        }
      ]
    }
  },
  "example_notional": 100.0,
  "provider": "cryptocompare"
}