{
  "generated_at": "2026-03-30T16:53:56.192934Z",
  "lookbacks": {
    "30": {
      "lookback_days": 30,
      "corr": 0.9132248924706725,
      "stats": {
        "mean": {
          "btc": 5.2081242504608406e-05,
          "eth": 0.00013147122929407266
        },
        "std": {
          "btc": 0.005239607785708773,
          "eth": 0.006803884120936581
        },
        "min": {
          "btc": -0.0193691951400623,
          "eth": -0.030096491146448856
        },
        "max": {
          "btc": 0.029223763595974894,
          "eth": 0.041842617860856635
        }
      },
      "hedge_table": [
        {
          "target": "BTC",
          "hedge": "ETH",
          "hedge_ratio_units": 0.7032659833180297,
          "target_w": 0.5871073630273296,
          "hedge_w": -0.41289263697267037
        },
        {
          "target": "ETH",
          "hedge": "BTC",
          "hedge_ratio_units": 1.1858666905703734,
          "target_w": 0.4574844405259971,
          "hedge_w": -0.542515559474003
        }
      ],
      "examples": [
        {
          "target": "BTC",
          "hedge": "ETH",
          "target_dollars": 58.710736302732954,
          "hedge_dollars": -41.28926369726704,
          "hedge_units_per_target_unit": -0.7032659833180297
        },
        {
          "target": "ETH",
          "hedge": "BTC",
          "target_dollars": 45.748444052599716,
          "hedge_dollars": -54.2515559474003,
          "hedge_units_per_target_unit": -1.1858666905703734
        }
      ]
    },
    "60": {
      "lookback_days": 60,
      "corr": 0.9041408158196469,
      "stats": {
        "mean": {
          "btc": -0.0001364811739264281,
          "eth": -0.00018556834577819757
        },
        "std": {
          "btc": 0.006131195806430426,
          "eth": 0.008023307232895443
        },
        "min": {
          "btc": -0.03612262483146145,
          "eth": -0.04170398539552955
        },
        "max": {
          "btc": 0.0349913262434709,
          "eth": 0.04260060177264258
        }
      },
      "hedge_table": [
        {
          "target": "BTC",
          "hedge": "ETH",
          "hedge_ratio_units": 0.6909201177848306,
          "target_w": 0.5913939928221079,
          "hedge_w": -0.40860600717789214
        },
        {
          "target": "ETH",
          "hedge": "BTC",
          "hedge_ratio_units": 1.183162269832179,
          "target_w": 0.45805115534397295,
          "hedge_w": -0.5419488446560271
        }
      ],
      "examples": [
        {
          "target": "BTC",
          "hedge": "ETH",
          "target_dollars": 59.13939928221079,
          "hedge_dollars": -40.86060071778921,
          "hedge_units_per_target_unit": -0.6909201177848306
        },
        {
          "target": "ETH",
          "hedge": "BTC",
          "target_dollars": 45.805115534397295,
          "hedge_dollars": -54.19488446560271,
          "hedge_units_per_target_unit": -1.183162269832179
        }
      ]
    },
    "120": {
      "lookback_days": 120,
      "corr": 0.8996383952643322,
      "stats": {
        "mean": {
          "btc": -9.261032252910532e-05,
          "eth": -0.00010948682171726289
        },
        "std": {
          "btc": 0.005321750762811546,
          "eth": 0.007147710512924359
        },
        "min": {
          "btc": -0.03714671634653788,
          "eth": -0.05178573218862892
        },
        "max": {
          "btc": 0.0349913262434709,
          "eth": 0.04377388676562077
        }
      },
      "hedge_table": [
        {
          "target": "BTC",
          "hedge": "ETH",
          "hedge_ratio_units": 0.6698160631429563,
          "target_w": 0.5988683556665415,
          "hedge_w": -0.40113164433345855
        },
        {
          "target": "ETH",
          "hedge": "BTC",
          "hedge_ratio_units": 1.2083156657009682,
          "target_w": 0.45283381154776076,
          "hedge_w": -0.5471661884522393
        }
      ],
      "examples": [
        {
          "target": "BTC",
          "hedge": "ETH",
          "target_dollars": 59.88683556665415,
          "hedge_dollars": -40.11316443334586,
          "hedge_units_per_target_unit": -0.6698160631429563
        },
        {
          "target": "ETH",
          "hedge": "BTC",
          "target_dollars": 45.28338115477607,
          "hedge_dollars": -54.71661884522393,
          "hedge_units_per_target_unit": -1.2083156657009682
        }
      ]
    },
    "150": {
      "lookback_days": 150,
      "corr": 0.8943953793021607,
      "stats": {
        "mean": {
          "btc": -0.00012049002733448005,
          "eth": -0.0001447961406273904
        },
        "std": {
          "btc": 0.005327139530404853,
          "eth": 0.00734544866777996
        },
        "min": {
          "btc": -0.03714671634653788,
          "eth": -0.05178573218862892
        },
        "max": {
          "btc": 0.0349913262434709,
          "eth": 0.04377388676562077
        }
      },
      "hedge_table": [
        {
          "target": "BTC",
          "hedge": "ETH",
          "hedge_ratio_units": 0.648642335735224,
          "target_w": 0.6065596996537413,
          "hedge_w": -0.3934403003462587
        },
        {
          "target": "ETH",
          "hedge": "BTC",
          "hedge_ratio_units": 1.2332576066135668,
          "target_w": 0.44777637700129225,
          "hedge_w": -0.5522236229987079
        }
      ],
      "examples": [
        {
          "target": "BTC",
          "hedge": "ETH",
          "target_dollars": 60.65596996537413,
          "hedge_dollars": -39.344030034625874,
          "hedge_units_per_target_unit": -0.648642335735224
        },
        {
          "target": "ETH",
          "hedge": "BTC",
          "target_dollars": 44.777637700129226,
          "hedge_dollars": -55.22236229987079,
          "hedge_units_per_target_unit": -1.2332576066135668
        }
      ]
    },
    "180": {
      "lookback_days": 180,
      "corr": 0.8834648150523452,
      "stats": {
        "mean": {
          "btc": -0.00011417252691582704,
          "eth": -0.00014289518707079042
        },
        "std": {
          "btc": 0.005214590998625111,
          "eth": 0.007350736165410703
        },
        "min": {
          "btc": -0.03714671634653788,
          "eth": -0.05178573218862892
        },
        "max": {
          "btc": 0.0349913262434709,
          "eth": 0.04377388676562077
        }
      },
      "hedge_table": [
        {
          "target": "BTC",
          "hedge": "ETH",
          "hedge_ratio_units": 0.6267273873672705,
          "target_w": 0.6147311514920891,
          "hedge_w": -0.3852688485079108
        },
        {
          "target": "ETH",
          "hedge": "BTC",
          "hedge_ratio_units": 1.2453741374127716,
          "target_w": 0.4453600775647341,
          "hedge_w": -0.5546399224352658
        }
      ],
      "examples": [
        {
          "target": "BTC",
          "hedge": "ETH",
          "target_dollars": 61.473115149208915,
          "hedge_dollars": -38.526884850791085,
          "hedge_units_per_target_unit": -0.6267273873672705
        },
        {
          "target": "ETH",
          "hedge": "BTC",
          "target_dollars": 44.53600775647341,
          "hedge_dollars": -55.46399224352658,
          "hedge_units_per_target_unit": -1.2453741374127716
        }
      ]
    }
  },
  "example_notional": 100.0,
  "provider": "cryptocompare"
}