{
  "generated_at": "2026-07-07T17:56:53.927498Z",
  "lookbacks": {
    "30": {
      "lookback_days": 30,
      "corr": 0.9075432346853611,
      "stats": {
        "mean": {
          "btc": 0.0005821168253059484,
          "eth": 0.002501324410757233
        },
        "std": {
          "btc": 0.01696697698008468,
          "eth": 0.023787900343796565
        },
        "min": {
          "btc": -0.02781940606821942,
          "eth": -0.03574371340405036
        },
        "max": {
          "btc": 0.033496540202375025,
          "eth": 0.05593861591100735
        }
      },
      "hedge_table": [
        {
          "target": "BTC",
          "hedge": "ETH",
          "hedge_ratio_units": 0.6473150193498975,
          "target_w": 0.6070484322996361,
          "hedge_w": -0.39295156770036394
        },
        {
          "target": "ETH",
          "hedge": "BTC",
          "hedge_ratio_units": 1.2723862388522202,
          "target_w": 0.44006603406694583,
          "hedge_w": -0.5599339659330542
        }
      ],
      "examples": [
        {
          "target": "BTC",
          "hedge": "ETH",
          "target_dollars": 60.704843229963615,
          "hedge_dollars": -39.29515677003639,
          "hedge_units_per_target_unit": -0.6473150193498975
        },
        {
          "target": "ETH",
          "hedge": "BTC",
          "target_dollars": 44.00660340669458,
          "hedge_dollars": -55.99339659330542,
          "hedge_units_per_target_unit": -1.2723862388522202
        }
      ]
    },
    "60": {
      "lookback_days": 60,
      "corr": 0.8838318015123131,
      "stats": {
        "mean": {
          "btc": -0.003608372794456575,
          "eth": -0.0038147831662812774
        },
        "std": {
          "btc": 0.019422368757213232,
          "eth": 0.02778341787712171
        },
        "min": {
          "btc": -0.06600964303204149,
          "eth": -0.10658012901637759
        },
        "max": {
          "btc": 0.039313475306052226,
          "eth": 0.07539563557614826
        }
      },
      "hedge_table": [
        {
          "target": "BTC",
          "hedge": "ETH",
          "hedge_ratio_units": 0.6178544066912548,
          "target_w": 0.6181025906064959,
          "hedge_w": -0.3818974093935041
        },
        {
          "target": "ETH",
          "hedge": "BTC",
          "hedge_ratio_units": 1.2643086217475987,
          "target_w": 0.4416359105801565,
          "hedge_w": -0.5583640894198434
        }
      ],
      "examples": [
        {
          "target": "BTC",
          "hedge": "ETH",
          "target_dollars": 61.810259060649585,
          "hedge_dollars": -38.18974093935041,
          "hedge_units_per_target_unit": -0.6178544066912548
        },
        {
          "target": "ETH",
          "hedge": "BTC",
          "target_dollars": 44.16359105801565,
          "hedge_dollars": -55.83640894198434,
          "hedge_units_per_target_unit": -1.2643086217475987
        }
      ]
    },
    "120": {
      "lookback_days": 120,
      "corr": 0.9069996158015023,
      "stats": {
        "mean": {
          "btc": -0.0003653199244387187,
          "eth": -0.0004707252542406757
        },
        "std": {
          "btc": 0.01960074469311007,
          "eth": 0.027808294154175354
        },
        "min": {
          "btc": -0.06600964303204149,
          "eth": -0.10658012901637759
        },
        "max": {
          "btc": 0.05310982988222279,
          "eth": 0.08197502974334592
        }
      },
      "hedge_table": [
        {
          "target": "BTC",
          "hedge": "ETH",
          "hedge_ratio_units": 0.6393009153136012,
          "target_w": 0.6100161298383087,
          "hedge_w": -0.38998387016169134
        },
        {
          "target": "ETH",
          "hedge": "BTC",
          "hedge_ratio_units": 1.2867935636546568,
          "target_w": 0.43729351695473656,
          "hedge_w": -0.5627064830452635
        }
      ],
      "examples": [
        {
          "target": "BTC",
          "hedge": "ETH",
          "target_dollars": 61.00161298383087,
          "hedge_dollars": -38.99838701616913,
          "hedge_units_per_target_unit": -0.6393009153136012
        },
        {
          "target": "ETH",
          "hedge": "BTC",
          "target_dollars": 43.72935169547365,
          "hedge_dollars": -56.27064830452635,
          "hedge_units_per_target_unit": -1.2867935636546568
        }
      ]
    },
    "150": {
      "lookback_days": 150,
      "corr": 0.9098964473710476,
      "stats": {
        "mean": {
          "btc": -0.00030095388383734204,
          "eth": -0.0005701370291351846
        },
        "std": {
          "btc": 0.021311467166142867,
          "eth": 0.029724617539243426
        },
        "min": {
          "btc": -0.06600964303204149,
          "eth": -0.10658012901637759
        },
        "max": {
          "btc": 0.06364240856302605,
          "eth": 0.10814835249280486
        }
      },
      "hedge_table": [
        {
          "target": "BTC",
          "hedge": "ETH",
          "hedge_ratio_units": 0.6523625825340622,
          "target_w": 0.6051940479470315,
          "hedge_w": -0.39480595205296853
        },
        {
          "target": "ETH",
          "hedge": "BTC",
          "hedge_ratio_units": 1.269097227683541,
          "target_w": 0.44070390100510265,
          "hedge_w": -0.5592960989948975
        }
      ],
      "examples": [
        {
          "target": "BTC",
          "hedge": "ETH",
          "target_dollars": 60.51940479470315,
          "hedge_dollars": -39.48059520529685,
          "hedge_units_per_target_unit": -0.6523625825340622
        },
        {
          "target": "ETH",
          "hedge": "BTC",
          "target_dollars": 44.07039010051027,
          "hedge_dollars": -55.929609899489755,
          "hedge_units_per_target_unit": -1.269097227683541
        }
      ]
    },
    "180": {
      "lookback_days": 180,
      "corr": 0.9258947955117751,
      "stats": {
        "mean": {
          "btc": -0.0016217668213376446,
          "eth": -0.0024391959898223173
        },
        "std": {
          "btc": 0.025862693014111586,
          "eth": 0.03467008756880295
        },
        "min": {
          "btc": -0.14101788206180332,
          "eth": -0.15404474276243008
        },
        "max": {
          "btc": 0.12203362664914996,
          "eth": 0.13191787874605776
        }
      },
      "hedge_table": [
        {
          "target": "BTC",
          "hedge": "ETH",
          "hedge_ratio_units": 0.6906856757186853,
          "target_w": 0.5914759995674033,
          "hedge_w": -0.4085240004325968
        },
        {
          "target": "ETH",
          "hedge": "BTC",
          "hedge_ratio_units": 1.2412030573295985,
          "target_w": 0.4461889326491923,
          "hedge_w": -0.5538110673508078
        }
      ],
      "examples": [
        {
          "target": "BTC",
          "hedge": "ETH",
          "target_dollars": 59.14759995674033,
          "hedge_dollars": -40.85240004325968,
          "hedge_units_per_target_unit": -0.6906856757186853
        },
        {
          "target": "ETH",
          "hedge": "BTC",
          "target_dollars": 44.61889326491923,
          "hedge_dollars": -55.38110673508078,
          "hedge_units_per_target_unit": -1.2412030573295985
        }
      ]
    }
  },
  "example_notional": 100.0,
  "provider": "coingecko"
}