{
  "generated_at": "2026-05-11T02:55:23.683865Z",
  "lookbacks": {
    "30": {
      "lookback_days": 30,
      "corr": 0.8910012974226537,
      "stats": {
        "mean": {
          "btc": 0.00015673910593824844,
          "eth": 7.720932022824576e-05
        },
        "std": {
          "btc": 0.0036688103250305006,
          "eth": 0.004842161984901691
        },
        "min": {
          "btc": -0.019619547762256384,
          "eth": -0.02913186092280784
        },
        "max": {
          "btc": 0.019739125410830338,
          "eth": 0.0410922552310693
        }
      },
      "hedge_table": [
        {
          "target": "BTC",
          "hedge": "ETH",
          "hedge_ratio_units": 0.6750940529855429,
          "target_w": 0.5969814042487265,
          "hedge_w": -0.4030185957512736
        },
        {
          "target": "ETH",
          "hedge": "BTC",
          "hedge_ratio_units": 1.1759595696302974,
          "target_w": 0.459567362352189,
          "hedge_w": -0.540432637647811
        }
      ],
      "examples": [
        {
          "target": "BTC",
          "hedge": "ETH",
          "target_dollars": 59.69814042487265,
          "hedge_dollars": -40.30185957512736,
          "hedge_units_per_target_unit": -0.6750940529855429
        },
        {
          "target": "ETH",
          "hedge": "BTC",
          "target_dollars": 45.9567362352189,
          "hedge_dollars": -54.0432637647811,
          "hedge_units_per_target_unit": -1.1759595696302974
        }
      ]
    },
    "60": {
      "lookback_days": 60,
      "corr": 0.9059803735448009,
      "stats": {
        "mean": {
          "btc": 0.0001171284439406972,
          "eth": 0.00011802133009303368
        },
        "std": {
          "btc": 0.004094933007217894,
          "eth": 0.005510600566657061
        },
        "min": {
          "btc": -0.019619547762256384,
          "eth": -0.030096491146448856
        },
        "max": {
          "btc": 0.022874680739771724,
          "eth": 0.041842617860856635
        }
      },
      "hedge_table": [
        {
          "target": "BTC",
          "hedge": "ETH",
          "hedge_ratio_units": 0.6732349569968534,
          "target_w": 0.5976446976668565,
          "hedge_w": -0.40235530233314354
        },
        {
          "target": "ETH",
          "hedge": "BTC",
          "hedge_ratio_units": 1.2191886780653507,
          "target_w": 0.4506151324058585,
          "hedge_w": -0.5493848675941416
        }
      ],
      "examples": [
        {
          "target": "BTC",
          "hedge": "ETH",
          "target_dollars": 59.76446976668564,
          "hedge_dollars": -40.23553023331436,
          "hedge_units_per_target_unit": -0.6732349569968534
        },
        {
          "target": "ETH",
          "hedge": "BTC",
          "target_dollars": 45.061513240585846,
          "hedge_dollars": -54.93848675941416,
          "hedge_units_per_target_unit": -1.2191886780653507
        }
      ]
    },
    "120": {
      "lookback_days": 120,
      "corr": 0.90151898063707,
      "stats": {
        "mean": {
          "btc": -2.472492736906932e-05,
          "eth": -7.256841177820493e-05
        },
        "std": {
          "btc": 0.005168385833384702,
          "eth": 0.00684080999872499
        },
        "min": {
          "btc": -0.03612262483146145,
          "eth": -0.04170398539552955
        },
        "max": {
          "btc": 0.0349913262434709,
          "eth": 0.04377388676562077
        }
      },
      "hedge_table": [
        {
          "target": "BTC",
          "hedge": "ETH",
          "hedge_ratio_units": 0.6811178689249493,
          "target_w": 0.5948422882682733,
          "hedge_w": -0.4051577117317267
        },
        {
          "target": "ETH",
          "hedge": "BTC",
          "hedge_ratio_units": 1.1932390993231383,
          "target_w": 0.455946640887723,
          "hedge_w": -0.544053359112277
        }
      ],
      "examples": [
        {
          "target": "BTC",
          "hedge": "ETH",
          "target_dollars": 59.484228826827334,
          "hedge_dollars": -40.51577117317267,
          "hedge_units_per_target_unit": -0.6811178689249493
        },
        {
          "target": "ETH",
          "hedge": "BTC",
          "target_dollars": 45.594664088772305,
          "hedge_dollars": -54.4053359112277,
          "hedge_units_per_target_unit": -1.1932390993231383
        }
      ]
    },
    "150": {
      "lookback_days": 150,
      "corr": 0.9010623495966675,
      "stats": {
        "mean": {
          "btc": -2.334973825073319e-05,
          "eth": -6.869539686427275e-05
        },
        "std": {
          "btc": 0.004947151140712279,
          "eth": 0.006562114791844081
        },
        "min": {
          "btc": -0.03612262483146145,
          "eth": -0.04988725258205495
        },
        "max": {
          "btc": 0.0349913262434709,
          "eth": 0.04377388676562077
        }
      },
      "hedge_table": [
        {
          "target": "BTC",
          "hedge": "ETH",
          "hedge_ratio_units": 0.6793071703348461,
          "target_w": 0.5954836718767803,
          "hedge_w": -0.40451632812321964
        },
        {
          "target": "ETH",
          "hedge": "BTC",
          "hedge_ratio_units": 1.1952079903123303,
          "target_w": 0.4555377004881081,
          "hedge_w": -0.544462299511892
        }
      ],
      "examples": [
        {
          "target": "BTC",
          "hedge": "ETH",
          "target_dollars": 59.54836718767803,
          "hedge_dollars": -40.45163281232196,
          "hedge_units_per_target_unit": -0.6793071703348461
        },
        {
          "target": "ETH",
          "hedge": "BTC",
          "target_dollars": 45.55377004881081,
          "hedge_dollars": -54.446229951189196,
          "hedge_units_per_target_unit": -1.1952079903123303
        }
      ]
    },
    "180": {
      "lookback_days": 180,
      "corr": 0.8987658591304828,
      "stats": {
        "mean": {
          "btc": -4.277457025679929e-05,
          "eth": -6.474643380259039e-05
        },
        "std": {
          "btc": 0.005081077442781497,
          "eth": 0.006885267247994417
        },
        "min": {
          "btc": -0.03714671634653788,
          "eth": -0.05178573218862892
        },
        "max": {
          "btc": 0.0349913262434709,
          "eth": 0.04377388676562077
        }
      },
      "hedge_table": [
        {
          "target": "BTC",
          "hedge": "ETH",
          "hedge_ratio_units": 0.6632565982824044,
          "target_w": 0.6012301415383954,
          "hedge_w": -0.3987698584616046
        },
        {
          "target": "ETH",
          "hedge": "BTC",
          "hedge_ratio_units": 1.2178997866442856,
          "target_w": 0.45087699905188877,
          "hedge_w": -0.5491230009481111
        }
      ],
      "examples": [
        {
          "target": "BTC",
          "hedge": "ETH",
          "target_dollars": 60.123014153839534,
          "hedge_dollars": -39.876985846160466,
          "hedge_units_per_target_unit": -0.6632565982824044
        },
        {
          "target": "ETH",
          "hedge": "BTC",
          "target_dollars": 45.08769990518888,
          "hedge_dollars": -54.91230009481111,
          "hedge_units_per_target_unit": -1.2178997866442856
        }
      ]
    }
  },
  "example_notional": 100.0,
  "provider": "cryptocompare"
}