{
  "generated_at": "2026-05-30T17:00:58.616217Z",
  "lookbacks": {
    "30": {
      "lookback_days": 30,
      "corr": 0.8940563038335317,
      "stats": {
        "mean": {
          "btc": -4.087143798472263e-05,
          "eth": -0.000143375420548007
        },
        "std": {
          "btc": 0.0033453239173315227,
          "eth": 0.004437478565531672
        },
        "min": {
          "btc": -0.020668693538518745,
          "eth": -0.02232136709767152
        },
        "max": {
          "btc": 0.018403612886388032,
          "eth": 0.032926153475484776
        }
      },
      "hedge_table": [
        {
          "target": "BTC",
          "hedge": "ETH",
          "hedge_ratio_units": 0.6740106780204762,
          "target_w": 0.597367754656442,
          "hedge_w": -0.40263224534355796
        },
        {
          "target": "ETH",
          "hedge": "BTC",
          "hedge_ratio_units": 1.1859406690292713,
          "target_w": 0.4574689579493839,
          "hedge_w": -0.542531042050616
        }
      ],
      "examples": [
        {
          "target": "BTC",
          "hedge": "ETH",
          "target_dollars": 59.7367754656442,
          "hedge_dollars": -40.26322453435579,
          "hedge_units_per_target_unit": -0.6740106780204762
        },
        {
          "target": "ETH",
          "hedge": "BTC",
          "target_dollars": 45.74689579493839,
          "hedge_dollars": -54.2531042050616,
          "hedge_units_per_target_unit": -1.1859406690292713
        }
      ]
    },
    "60": {
      "lookback_days": 60,
      "corr": 0.9020483387995595,
      "stats": {
        "mean": {
          "btc": 6.586856399426019e-05,
          "eth": -1.2836877691396985e-05
        },
        "std": {
          "btc": 0.0036824294913952414,
          "eth": 0.004954157457382676
        },
        "min": {
          "btc": -0.020668693538518745,
          "eth": -0.02913186092280784
        },
        "max": {
          "btc": 0.022681960554355562,
          "eth": 0.0410922552310693
        }
      },
      "hedge_table": [
        {
          "target": "BTC",
          "hedge": "ETH",
          "hedge_ratio_units": 0.6704933046707164,
          "target_w": 0.5986255659953797,
          "hedge_w": -0.40137443400462025
        },
        {
          "target": "ETH",
          "hedge": "BTC",
          "hedge_ratio_units": 1.2135709631442984,
          "target_w": 0.45175872680383183,
          "hedge_w": -0.5482412731961681
        }
      ],
      "examples": [
        {
          "target": "BTC",
          "hedge": "ETH",
          "target_dollars": 59.862556599537974,
          "hedge_dollars": -40.137443400462026,
          "hedge_units_per_target_unit": -0.6704933046707164
        },
        {
          "target": "ETH",
          "hedge": "BTC",
          "target_dollars": 45.175872680383186,
          "hedge_dollars": -54.824127319616814,
          "hedge_units_per_target_unit": -1.2135709631442984
        }
      ]
    },
    "120": {
      "lookback_days": 120,
      "corr": 0.9042976798111172,
      "stats": {
        "mean": {
          "btc": -3.133510796501192e-05,
          "eth": -8.252301600491255e-05
        },
        "std": {
          "btc": 0.00505548415356026,
          "eth": 0.006664280248562841
        },
        "min": {
          "btc": -0.03612262483146145,
          "eth": -0.04170398539552955
        },
        "max": {
          "btc": 0.0349913262434709,
          "eth": 0.04260060177264258
        }
      },
      "hedge_table": [
        {
          "target": "BTC",
          "hedge": "ETH",
          "hedge_ratio_units": 0.6859949491728378,
          "target_w": 0.5931215870430738,
          "hedge_w": -0.4068784129569263
        },
        {
          "target": "ETH",
          "hedge": "BTC",
          "hedge_ratio_units": 1.1920704295240154,
          "target_w": 0.4561897220688932,
          "hedge_w": -0.5438102779311067
        }
      ],
      "examples": [
        {
          "target": "BTC",
          "hedge": "ETH",
          "target_dollars": 59.312158704307386,
          "hedge_dollars": -40.68784129569263,
          "hedge_units_per_target_unit": -0.6859949491728378
        },
        {
          "target": "ETH",
          "hedge": "BTC",
          "target_dollars": 45.61897220688932,
          "hedge_dollars": -54.38102779311067,
          "hedge_units_per_target_unit": -1.1920704295240154
        }
      ]
    },
    "150": {
      "lookback_days": 150,
      "corr": 0.9009244086386272,
      "stats": {
        "mean": {
          "btc": -3.5695731778933825e-05,
          "eth": -8.588128674227967e-05
        },
        "std": {
          "btc": 0.004854151773176539,
          "eth": 0.006441285383043295
        },
        "min": {
          "btc": -0.03612262483146145,
          "eth": -0.04170398539552955
        },
        "max": {
          "btc": 0.0349913262434709,
          "eth": 0.04377388676562077
        }
      },
      "hedge_table": [
        {
          "target": "BTC",
          "hedge": "ETH",
          "hedge_ratio_units": 0.678936509660594,
          "target_w": 0.5956151374670835,
          "hedge_w": -0.40438486253291656
        },
        {
          "target": "ETH",
          "hedge": "BTC",
          "hedge_ratio_units": 1.1954943923793668,
          "target_w": 0.45547827563169047,
          "hedge_w": -0.5445217243683096
        }
      ],
      "examples": [
        {
          "target": "BTC",
          "hedge": "ETH",
          "target_dollars": 59.56151374670835,
          "hedge_dollars": -40.43848625329166,
          "hedge_units_per_target_unit": -0.678936509660594
        },
        {
          "target": "ETH",
          "hedge": "BTC",
          "target_dollars": 45.547827563169044,
          "hedge_dollars": -54.452172436830956,
          "hedge_units_per_target_unit": -1.1954943923793668
        }
      ]
    },
    "180": {
      "lookback_days": 180,
      "corr": 0.8995792090778012,
      "stats": {
        "mean": {
          "btc": -2.1655611306867324e-05,
          "eth": -5.012081397658952e-05
        },
        "std": {
          "btc": 0.004809937883346767,
          "eth": 0.006459519819032052
        },
        "min": {
          "btc": -0.03612262483146145,
          "eth": -0.04988725258205495
        },
        "max": {
          "btc": 0.0349913262434709,
          "eth": 0.04377388676562077
        }
      },
      "hedge_table": [
        {
          "target": "BTC",
          "hedge": "ETH",
          "hedge_ratio_units": 0.6698516666928996,
          "target_w": 0.5988555869638862,
          "hedge_w": -0.40114441303611387
        },
        {
          "target": "ETH",
          "hedge": "BTC",
          "hedge_ratio_units": 1.208092468292757,
          "target_w": 0.45287958469111367,
          "hedge_w": -0.5471204153088862
        }
      ],
      "examples": [
        {
          "target": "BTC",
          "hedge": "ETH",
          "target_dollars": 59.88555869638862,
          "hedge_dollars": -40.114441303611386,
          "hedge_units_per_target_unit": -0.6698516666928996
        },
        {
          "target": "ETH",
          "hedge": "BTC",
          "target_dollars": 45.287958469111366,
          "hedge_dollars": -54.71204153088862,
          "hedge_units_per_target_unit": -1.208092468292757
        }
      ]
    }
  },
  "example_notional": 100.0,
  "provider": "cryptocompare"
}