{
  "generated_at": "2026-01-08T08:28:37.807224Z",
  "lookbacks": {
    "30": {
      "lookback_days": 30,
      "corr": 0.9008151118522868,
      "stats": {
        "mean": {
          "btc": 1.5084115027730203e-05,
          "eth": 2.7845834875525065e-05
        },
        "std": {
          "btc": 0.0042049189813156895,
          "eth": 0.005864141746534037
        },
        "min": {
          "btc": -0.027358625956130256,
          "eth": -0.04988725258205495
        },
        "max": {
          "btc": 0.026004133739085944,
          "eth": 0.04132265866066209
        }
      },
      "hedge_table": [
        {
          "target": "BTC",
          "hedge": "ETH",
          "hedge_ratio_units": 0.6459350278704439,
          "target_w": 0.607557396292749,
          "hedge_w": -0.3924426037072511
        },
        {
          "target": "ETH",
          "hedge": "BTC",
          "hedge_ratio_units": 1.2562685575618067,
          "target_w": 0.4432096510180644,
          "hedge_w": -0.5567903489819355
        }
      ],
      "examples": [
        {
          "target": "BTC",
          "hedge": "ETH",
          "target_dollars": 60.7557396292749,
          "hedge_dollars": -39.24426037072511,
          "hedge_units_per_target_unit": -0.6459350278704439
        },
        {
          "target": "ETH",
          "hedge": "BTC",
          "target_dollars": 44.32096510180644,
          "hedge_dollars": -55.67903489819355,
          "hedge_units_per_target_unit": -1.2562685575618067
        }
      ]
    },
    "60": {
      "lookback_days": 60,
      "corr": 0.8931070065239356,
      "stats": {
        "mean": {
          "btc": -6.805825533963479e-05,
          "eth": -3.259666756423104e-05
        },
        "std": {
          "btc": 0.004956134410861391,
          "eth": 0.007060642494963372
        },
        "min": {
          "btc": -0.03714671634653788,
          "eth": -0.05178573218862892
        },
        "max": {
          "btc": 0.026004133739085944,
          "eth": 0.04132265866066209
        }
      },
      "hedge_table": [
        {
          "target": "BTC",
          "hedge": "ETH",
          "hedge_ratio_units": 0.6269058900478501,
          "target_w": 0.6146637037318663,
          "hedge_w": -0.3853362962681337
        },
        {
          "target": "ETH",
          "hedge": "BTC",
          "hedge_ratio_units": 1.2723442828735638,
          "target_w": 0.4400741593326777,
          "hedge_w": -0.5599258406673222
        }
      ],
      "examples": [
        {
          "target": "BTC",
          "hedge": "ETH",
          "target_dollars": 61.46637037318663,
          "hedge_dollars": -38.53362962681337,
          "hedge_units_per_target_unit": -0.6269058900478501
        },
        {
          "target": "ETH",
          "hedge": "BTC",
          "target_dollars": 44.007415933267765,
          "hedge_dollars": -55.99258406673222,
          "hedge_units_per_target_unit": -1.2723442828735638
        }
      ]
    },
    "120": {
      "lookback_days": 120,
      "corr": 0.8643860558922967,
      "stats": {
        "mean": {
          "btc": -6.445007159547452e-05,
          "eth": -8.838231352927736e-05
        },
        "std": {
          "btc": 0.0045158596761622335,
          "eth": 0.006906148012324341
        },
        "min": {
          "btc": -0.03714671634653788,
          "eth": -0.05178573218862892
        },
        "max": {
          "btc": 0.03468753462614105,
          "eth": 0.04368288914132212
        }
      },
      "hedge_table": [
        {
          "target": "BTC",
          "hedge": "ETH",
          "hedge_ratio_units": 0.5652132169010939,
          "target_w": 0.6388905927972305,
          "hedge_w": -0.3611094072027695
        },
        {
          "target": "ETH",
          "hedge": "BTC",
          "hedge_ratio_units": 1.3219139809177283,
          "target_w": 0.43067917598082317,
          "hedge_w": -0.5693208240191768
        }
      ],
      "examples": [
        {
          "target": "BTC",
          "hedge": "ETH",
          "target_dollars": 63.88905927972305,
          "hedge_dollars": -36.11094072027695,
          "hedge_units_per_target_unit": -0.5652132169010939
        },
        {
          "target": "ETH",
          "hedge": "BTC",
          "target_dollars": 43.06791759808232,
          "hedge_dollars": -56.93208240191768,
          "hedge_units_per_target_unit": -1.3219139809177283
        }
      ]
    },
    "150": {
      "lookback_days": 150,
      "corr": 0.8441502164776616,
      "stats": {
        "mean": {
          "btc": -7.192377587073609e-05,
          "eth": -6.135406380385141e-05
        },
        "std": {
          "btc": 0.004358166170628081,
          "eth": 0.007016801743792749
        },
        "min": {
          "btc": -0.03714671634653788,
          "eth": -0.05178573218862892
        },
        "max": {
          "btc": 0.03468753462614105,
          "eth": 0.0757825447476439
        }
      },
      "hedge_table": [
        {
          "target": "BTC",
          "hedge": "ETH",
          "hedge_ratio_units": 0.5243053816699056,
          "target_w": 0.656036521306827,
          "hedge_w": -0.34396347869317306
        },
        {
          "target": "ETH",
          "hedge": "BTC",
          "hedge_ratio_units": 1.3591117178879506,
          "target_w": 0.4238883612071044,
          "hedge_w": -0.5761116387928957
        }
      ],
      "examples": [
        {
          "target": "BTC",
          "hedge": "ETH",
          "target_dollars": 65.6036521306827,
          "hedge_dollars": -34.3963478693173,
          "hedge_units_per_target_unit": -0.5243053816699056
        },
        {
          "target": "ETH",
          "hedge": "BTC",
          "target_dollars": 42.38883612071044,
          "hedge_dollars": -57.61116387928957,
          "hedge_units_per_target_unit": -1.3591117178879506
        }
      ]
    },
    "180": {
      "lookback_days": 180,
      "corr": 0.8248053027879416,
      "stats": {
        "mean": {
          "btc": -5.289019206823109e-05,
          "eth": 3.595031546623483e-05
        },
        "std": {
          "btc": 0.004192475079788219,
          "eth": 0.006952274017968023
        },
        "min": {
          "btc": -0.03714671634653788,
          "eth": -0.05178573218862892
        },
        "max": {
          "btc": 0.03468753462614105,
          "eth": 0.0757825447476439
        }
      },
      "hedge_table": [
        {
          "target": "BTC",
          "hedge": "ETH",
          "hedge_ratio_units": 0.49738771352776767,
          "target_w": 0.6678297083419042,
          "hedge_w": -0.3321702916580957
        },
        {
          "target": "ETH",
          "hedge": "BTC",
          "hedge_ratio_units": 1.3677535029604801,
          "target_w": 0.422341260925036,
          "hedge_w": -0.5776587390749641
        }
      ],
      "examples": [
        {
          "target": "BTC",
          "hedge": "ETH",
          "target_dollars": 66.78297083419042,
          "hedge_dollars": -33.21702916580957,
          "hedge_units_per_target_unit": -0.49738771352776767
        },
        {
          "target": "ETH",
          "hedge": "BTC",
          "target_dollars": 42.2341260925036,
          "hedge_dollars": -57.76587390749641,
          "hedge_units_per_target_unit": -1.3677535029604801
        }
      ]
    }
  },
  "example_notional": 100.0,
  "provider": "cryptocompare"
}