{
  "generated_at": "2026-02-21T08:28:25.864492Z",
  "lookbacks": {
    "30": {
      "lookback_days": 30,
      "corr": 0.8893244875232269,
      "stats": {
        "mean": {
          "btc": -0.0003692386679624092,
          "eth": -0.0005566260532597704
        },
        "std": {
          "btc": 0.006452336879210302,
          "eth": 0.008617654457733947
        },
        "min": {
          "btc": -0.031142278584685545,
          "eth": -0.04170398539552955
        },
        "max": {
          "btc": 0.0349913262434709,
          "eth": 0.04260060177264258
        }
      },
      "hedge_table": [
        {
          "target": "BTC",
          "hedge": "ETH",
          "hedge_ratio_units": 0.665868098631076,
          "target_w": 0.6002876223043998,
          "hedge_w": -0.3997123776956002
        },
        {
          "target": "ETH",
          "hedge": "BTC",
          "hedge_ratio_units": 1.1877698387029156,
          "target_w": 0.4570864733160778,
          "hedge_w": -0.5429135266839223
        }
      ],
      "examples": [
        {
          "target": "BTC",
          "hedge": "ETH",
          "target_dollars": 60.02876223043998,
          "hedge_dollars": -39.97123776956002,
          "hedge_units_per_target_unit": -0.665868098631076
        },
        {
          "target": "ETH",
          "hedge": "BTC",
          "target_dollars": 45.708647331607786,
          "hedge_dollars": -54.291352668392236,
          "hedge_units_per_target_unit": -1.1877698387029156
        }
      ]
    },
    "60": {
      "lookback_days": 60,
      "corr": 0.8882521047729184,
      "stats": {
        "mean": {
          "btc": -0.0001616732904775183,
          "eth": -0.00026040195150596744
        },
        "std": {
          "btc": 0.005262766779982133,
          "eth": 0.007057722693944565
        },
        "min": {
          "btc": -0.031142278584685545,
          "eth": -0.04170398539552955
        },
        "max": {
          "btc": 0.0349913262434709,
          "eth": 0.04377388676562077
        }
      },
      "hedge_table": [
        {
          "target": "BTC",
          "hedge": "ETH",
          "hedge_ratio_units": 0.6623473139939212,
          "target_w": 0.6015590073036066,
          "hedge_w": -0.3984409926963935
        },
        {
          "target": "ETH",
          "hedge": "BTC",
          "hedge_ratio_units": 1.1912055578151868,
          "target_w": 0.4563697807507766,
          "hedge_w": -0.5436302192492233
        }
      ],
      "examples": [
        {
          "target": "BTC",
          "hedge": "ETH",
          "target_dollars": 60.155900730360656,
          "hedge_dollars": -39.84409926963935,
          "hedge_units_per_target_unit": -0.6623473139939212
        },
        {
          "target": "ETH",
          "hedge": "BTC",
          "target_dollars": 45.636978075077664,
          "hedge_dollars": -54.36302192492233,
          "hedge_units_per_target_unit": -1.1912055578151868
        }
      ]
    },
    "120": {
      "lookback_days": 120,
      "corr": 0.8877141574806019,
      "stats": {
        "mean": {
          "btc": -0.00015792051914276302,
          "eth": -0.00021611870456496793
        },
        "std": {
          "btc": 0.005222493515050927,
          "eth": 0.00737723832200459
        },
        "min": {
          "btc": -0.03714671634653788,
          "eth": -0.05178573218862892
        },
        "max": {
          "btc": 0.0349913262434709,
          "eth": 0.04377388676562077
        }
      },
      "hedge_table": [
        {
          "target": "BTC",
          "hedge": "ETH",
          "hedge_ratio_units": 0.6284304814761081,
          "target_w": 0.6140882348834071,
          "hedge_w": -0.3859117651165929
        },
        {
          "target": "ETH",
          "hedge": "BTC",
          "hedge_ratio_units": 1.2539754970836097,
          "target_w": 0.44366054613010986,
          "hedge_w": -0.5563394538698903
        }
      ],
      "examples": [
        {
          "target": "BTC",
          "hedge": "ETH",
          "target_dollars": 61.408823488340715,
          "hedge_dollars": -38.59117651165929,
          "hedge_units_per_target_unit": -0.6284304814761081
        },
        {
          "target": "ETH",
          "hedge": "BTC",
          "target_dollars": 44.36605461301099,
          "hedge_dollars": -55.633945386989026,
          "hedge_units_per_target_unit": -1.2539754970836097
        }
      ]
    },
    "150": {
      "lookback_days": 150,
      "corr": 0.875025143451955,
      "stats": {
        "mean": {
          "btc": -0.00012787285831941547,
          "eth": -0.00018276391549946575
        },
        "std": {
          "btc": 0.0050661330930208805,
          "eth": 0.007378536903178115
        },
        "min": {
          "btc": -0.03714671634653788,
          "eth": -0.05178573218862892
        },
        "max": {
          "btc": 0.0349913262434709,
          "eth": 0.04377388676562077
        }
      },
      "hedge_table": [
        {
          "target": "BTC",
          "hedge": "ETH",
          "hedge_ratio_units": 0.600795780333889,
          "target_w": 0.6246893028362576,
          "hedge_w": -0.3753106971637425
        },
        {
          "target": "ETH",
          "hedge": "BTC",
          "hedge_ratio_units": 1.2744247325565405,
          "target_w": 0.439671617040482,
          "hedge_w": -0.560328382959518
        }
      ],
      "examples": [
        {
          "target": "BTC",
          "hedge": "ETH",
          "target_dollars": 62.46893028362576,
          "hedge_dollars": -37.53106971637425,
          "hedge_units_per_target_unit": -0.600795780333889
        },
        {
          "target": "ETH",
          "hedge": "BTC",
          "target_dollars": 43.9671617040482,
          "hedge_dollars": -56.032838295951805,
          "hedge_units_per_target_unit": -1.2744247325565405
        }
      ]
    },
    "180": {
      "lookback_days": 180,
      "corr": 0.8677310500899186,
      "stats": {
        "mean": {
          "btc": -0.00010368756775064017,
          "eth": -0.0001723323084433946
        },
        "std": {
          "btc": 0.004797501456067245,
          "eth": 0.007097010438422933
        },
        "min": {
          "btc": -0.03714671634653788,
          "eth": -0.05178573218862892
        },
        "max": {
          "btc": 0.0349913262434709,
          "eth": 0.04377388676562077
        }
      },
      "hedge_table": [
        {
          "target": "BTC",
          "hedge": "ETH",
          "hedge_ratio_units": 0.5865767018945254,
          "target_w": 0.6302878384675028,
          "hedge_w": -0.3697121615324972
        },
        {
          "target": "ETH",
          "hedge": "BTC",
          "hedge_ratio_units": 1.2836465765828267,
          "target_w": 0.4378961307998749,
          "hedge_w": -0.562103869200125
        }
      ],
      "examples": [
        {
          "target": "BTC",
          "hedge": "ETH",
          "target_dollars": 63.02878384675028,
          "hedge_dollars": -36.97121615324972,
          "hedge_units_per_target_unit": -0.5865767018945254
        },
        {
          "target": "ETH",
          "hedge": "BTC",
          "target_dollars": 43.78961307998749,
          "hedge_dollars": -56.2103869200125,
          "hedge_units_per_target_unit": -1.2836465765828267
        }
      ]
    }
  },
  "example_notional": 100.0,
  "provider": "cryptocompare"
}