{
  "generated_at": "2026-03-09T16:55:12.622209Z",
  "lookbacks": {
    "30": {
      "lookback_days": 30,
      "corr": 0.9080863330393071,
      "stats": {
        "mean": {
          "btc": 1.3677617495630498e-05,
          "eth": 4.176477595964625e-06
        },
        "std": {
          "btc": 0.005864829551134947,
          "eth": 0.007349124091532313
        },
        "min": {
          "btc": -0.03612262483146145,
          "eth": -0.04038541666666662
        },
        "max": {
          "btc": 0.029223763595974894,
          "eth": 0.035902309432658264
        }
      },
      "hedge_table": [
        {
          "target": "BTC",
          "hedge": "ETH",
          "hedge_ratio_units": 0.7246811313374164,
          "target_w": 0.5798173249709891,
          "hedge_w": -0.42018267502901085
        },
        {
          "target": "ETH",
          "hedge": "BTC",
          "hedge_ratio_units": 1.137908457380307,
          "target_w": 0.4677468750113618,
          "hedge_w": -0.5322531249886381
        }
      ],
      "examples": [
        {
          "target": "BTC",
          "hedge": "ETH",
          "target_dollars": 57.98173249709892,
          "hedge_dollars": -42.01826750290108,
          "hedge_units_per_target_unit": -0.7246811313374164
        },
        {
          "target": "ETH",
          "hedge": "BTC",
          "target_dollars": 46.77468750113618,
          "hedge_dollars": -53.22531249886381,
          "hedge_units_per_target_unit": -1.137908457380307
        }
      ]
    },
    "60": {
      "lookback_days": 60,
      "corr": 0.8992723802690735,
      "stats": {
        "mean": {
          "btc": -0.00017727792192624345,
          "eth": -0.0002716682020326361
        },
        "std": {
          "btc": 0.005945612174946158,
          "eth": 0.007861544115218866
        },
        "min": {
          "btc": -0.03612262483146145,
          "eth": -0.04170398539552955
        },
        "max": {
          "btc": 0.0349913262434709,
          "eth": 0.04377388676562077
        }
      },
      "hedge_table": [
        {
          "target": "BTC",
          "hedge": "ETH",
          "hedge_ratio_units": 0.6801112776776375,
          "target_w": 0.5951986712346025,
          "hedge_w": -0.40480132876539754
        },
        {
          "target": "ETH",
          "hedge": "BTC",
          "hedge_ratio_units": 1.1890566153765685,
          "target_w": 0.4568177876148612,
          "hedge_w": -0.543182212385139
        }
      ],
      "examples": [
        {
          "target": "BTC",
          "hedge": "ETH",
          "target_dollars": 59.519867123460244,
          "hedge_dollars": -40.480132876539756,
          "hedge_units_per_target_unit": -0.6801112776776375
        },
        {
          "target": "ETH",
          "hedge": "BTC",
          "target_dollars": 45.68177876148612,
          "hedge_dollars": -54.3182212385139,
          "hedge_units_per_target_unit": -1.1890566153765685
        }
      ]
    },
    "120": {
      "lookback_days": 120,
      "corr": 0.8965911856255897,
      "stats": {
        "mean": {
          "btc": -0.0001264209999696458,
          "eth": -0.00016334205606845876
        },
        "std": {
          "btc": 0.005471826822502223,
          "eth": 0.007468889898830202
        },
        "min": {
          "btc": -0.03714671634653788,
          "eth": -0.05178573218862892
        },
        "max": {
          "btc": 0.0349913262434709,
          "eth": 0.04377388676562077
        }
      },
      "hedge_table": [
        {
          "target": "BTC",
          "hedge": "ETH",
          "hedge_ratio_units": 0.6568568776323188,
          "target_w": 0.6035524332246608,
          "hedge_w": -0.39644756677533927
        },
        {
          "target": "ETH",
          "hedge": "BTC",
          "hedge_ratio_units": 1.2238217814497439,
          "target_w": 0.44967632224021314,
          "hedge_w": -0.5503236777597867
        }
      ],
      "examples": [
        {
          "target": "BTC",
          "hedge": "ETH",
          "target_dollars": 60.35524332246608,
          "hedge_dollars": -39.64475667753393,
          "hedge_units_per_target_unit": -0.6568568776323188
        },
        {
          "target": "ETH",
          "hedge": "BTC",
          "target_dollars": 44.967632224021315,
          "hedge_dollars": -55.03236777597868,
          "hedge_units_per_target_unit": -1.2238217814497439
        }
      ]
    },
    "150": {
      "lookback_days": 150,
      "corr": 0.8850802239203276,
      "stats": {
        "mean": {
          "btc": -0.00013412234119825723,
          "eth": -0.00016695406945583768
        },
        "std": {
          "btc": 0.00534562520111085,
          "eth": 0.007547601933480762
        },
        "min": {
          "btc": -0.03714671634653788,
          "eth": -0.05178573218862892
        },
        "max": {
          "btc": 0.0349913262434709,
          "eth": 0.04377388676562077
        }
      },
      "hedge_table": [
        {
          "target": "BTC",
          "hedge": "ETH",
          "hedge_ratio_units": 0.6268623056292237,
          "target_w": 0.61468017086623,
          "hedge_w": -0.3853198291337701
        },
        {
          "target": "ETH",
          "hedge": "BTC",
          "hedge_ratio_units": 1.24966359556193,
          "target_w": 0.44451090464048515,
          "hedge_w": -0.5554890953595149
        }
      ],
      "examples": [
        {
          "target": "BTC",
          "hedge": "ETH",
          "target_dollars": 61.46801708662299,
          "hedge_dollars": -38.531982913377014,
          "hedge_units_per_target_unit": -0.6268623056292237
        },
        {
          "target": "ETH",
          "hedge": "BTC",
          "target_dollars": 44.45109046404851,
          "hedge_dollars": -55.54890953595149,
          "hedge_units_per_target_unit": -1.24966359556193
        }
      ]
    },
    "180": {
      "lookback_days": 180,
      "corr": 0.8769921229982139,
      "stats": {
        "mean": {
          "btc": -0.00010318357808574878,
          "eth": -0.0001515410510960274
        },
        "std": {
          "btc": 0.005037190167427645,
          "eth": 0.007237671246474832
        },
        "min": {
          "btc": -0.03714671634653788,
          "eth": -0.05178573218862892
        },
        "max": {
          "btc": 0.0349913262434709,
          "eth": 0.04377388676562077
        }
      },
      "hedge_table": [
        {
          "target": "BTC",
          "hedge": "ETH",
          "hedge_ratio_units": 0.6103587671282689,
          "target_w": 0.6209796353537334,
          "hedge_w": -0.37902036464626665
        },
        {
          "target": "ETH",
          "hedge": "BTC",
          "hedge_ratio_units": 1.2601034427990487,
          "target_w": 0.44245762431189406,
          "hedge_w": -0.5575423756881058
        }
      ],
      "examples": [
        {
          "target": "BTC",
          "hedge": "ETH",
          "target_dollars": 62.09796353537334,
          "hedge_dollars": -37.90203646462666,
          "hedge_units_per_target_unit": -0.6103587671282689
        },
        {
          "target": "ETH",
          "hedge": "BTC",
          "target_dollars": 44.245762431189405,
          "hedge_dollars": -55.75423756881058,
          "hedge_units_per_target_unit": -1.2601034427990487
        }
      ]
    }
  },
  "example_notional": 100.0,
  "provider": "cryptocompare"
}