{
  "generated_at": "2026-05-07T02:41:24.963860Z",
  "lookbacks": {
    "30": {
      "lookback_days": 30,
      "corr": 0.9041811506172638,
      "stats": {
        "mean": {
          "btc": 0.00023492677317129426,
          "eth": 0.00014570315081306027
        },
        "std": {
          "btc": 0.003930455030790431,
          "eth": 0.005278558219846228
        },
        "min": {
          "btc": -0.019619547762256384,
          "eth": -0.02913186092280784
        },
        "max": {
          "btc": 0.022681960554355562,
          "eth": 0.0410922552310693
        }
      },
      "hedge_table": [
        {
          "target": "BTC",
          "hedge": "ETH",
          "hedge_ratio_units": 0.6732602358780148,
          "target_w": 0.5976356687131019,
          "hedge_w": -0.4023643312868981
        },
        {
          "target": "ETH",
          "hedge": "BTC",
          "hedge_ratio_units": 1.2143054194569816,
          "target_w": 0.4516088843088466,
          "hedge_w": -0.5483911156911534
        }
      ],
      "examples": [
        {
          "target": "BTC",
          "hedge": "ETH",
          "target_dollars": 59.76356687131019,
          "hedge_dollars": -40.23643312868981,
          "hedge_units_per_target_unit": -0.6732602358780148
        },
        {
          "target": "ETH",
          "hedge": "BTC",
          "target_dollars": 45.16088843088466,
          "hedge_dollars": -54.83911156911534,
          "hedge_units_per_target_unit": -1.2143054194569816
        }
      ]
    },
    "60": {
      "lookback_days": 60,
      "corr": 0.9057068802571256,
      "stats": {
        "mean": {
          "btc": 0.0001409372108457324,
          "eth": 0.00013712353732868747
        },
        "std": {
          "btc": 0.004303065457755594,
          "eth": 0.005689149986477982
        },
        "min": {
          "btc": -0.019619547762256384,
          "eth": -0.030096491146448856
        },
        "max": {
          "btc": 0.022874680739771724,
          "eth": 0.041842617860856635
        }
      },
      "hedge_table": [
        {
          "target": "BTC",
          "hedge": "ETH",
          "hedge_ratio_units": 0.6850436357890356,
          "target_w": 0.5934564415785837,
          "hedge_w": -0.4065435584214164
        },
        {
          "target": "ETH",
          "hedge": "BTC",
          "hedge_ratio_units": 1.1974491989846243,
          "target_w": 0.45507309131973117,
          "hedge_w": -0.5449269086802689
        }
      ],
      "examples": [
        {
          "target": "BTC",
          "hedge": "ETH",
          "target_dollars": 59.345644157858366,
          "hedge_dollars": -40.65435584214164,
          "hedge_units_per_target_unit": -0.6850436357890356
        },
        {
          "target": "ETH",
          "hedge": "BTC",
          "target_dollars": 45.507309131973116,
          "hedge_dollars": -54.49269086802689,
          "hedge_units_per_target_unit": -1.1974491989846243
        }
      ]
    },
    "120": {
      "lookback_days": 120,
      "corr": 0.9019040114718844,
      "stats": {
        "mean": {
          "btc": -3.376859529829396e-05,
          "eth": -9.555464126415496e-05
        },
        "std": {
          "btc": 0.005172819444795746,
          "eth": 0.0068522258732623895
        },
        "min": {
          "btc": -0.03612262483146145,
          "eth": -0.04170398539552955
        },
        "max": {
          "btc": 0.0349913262434709,
          "eth": 0.04377388676562077
        }
      },
      "hedge_table": [
        {
          "target": "BTC",
          "hedge": "ETH",
          "hedge_ratio_units": 0.680857095806713,
          "target_w": 0.594934573852073,
          "hedge_w": -0.4050654261479269
        },
        {
          "target": "ETH",
          "hedge": "BTC",
          "hedge_ratio_units": 1.1947159703833061,
          "target_w": 0.4556398246946508,
          "hedge_w": -0.5443601753053492
        }
      ],
      "examples": [
        {
          "target": "BTC",
          "hedge": "ETH",
          "target_dollars": 59.49345738520731,
          "hedge_dollars": -40.50654261479269,
          "hedge_units_per_target_unit": -0.680857095806713
        },
        {
          "target": "ETH",
          "hedge": "BTC",
          "target_dollars": 45.56398246946508,
          "hedge_dollars": -54.43601753053492,
          "hedge_units_per_target_unit": -1.1947159703833061
        }
      ]
    },
    "150": {
      "lookback_days": 150,
      "corr": 0.9010380610582887,
      "stats": {
        "mean": {
          "btc": -2.0216367415758738e-05,
          "eth": -5.9662504027674644e-05
        },
        "std": {
          "btc": 0.004993518237548038,
          "eth": 0.006663109021174846
        },
        "min": {
          "btc": -0.03612262483146145,
          "eth": -0.04988725258205495
        },
        "max": {
          "btc": 0.0349913262434709,
          "eth": 0.04377388676562077
        }
      },
      "hedge_table": [
        {
          "target": "BTC",
          "hedge": "ETH",
          "hedge_ratio_units": 0.6752628504682875,
          "target_w": 0.5969212531158733,
          "hedge_w": -0.40307874688412676
        },
        {
          "target": "ETH",
          "hedge": "BTC",
          "hedge_ratio_units": 1.2023015732505609,
          "target_w": 0.45407041984900204,
          "hedge_w": -0.5459295801509979
        }
      ],
      "examples": [
        {
          "target": "BTC",
          "hedge": "ETH",
          "target_dollars": 59.69212531158733,
          "hedge_dollars": -40.307874688412674,
          "hedge_units_per_target_unit": -0.6752628504682875
        },
        {
          "target": "ETH",
          "hedge": "BTC",
          "target_dollars": 45.407041984900204,
          "hedge_dollars": -54.59295801509979,
          "hedge_units_per_target_unit": -1.2023015732505609
        }
      ]
    },
    "180": {
      "lookback_days": 180,
      "corr": 0.8979185941045887,
      "stats": {
        "mean": {
          "btc": -4.172327823313564e-05,
          "eth": -6.831419424958472e-05
        },
        "std": {
          "btc": 0.005094037270664877,
          "eth": 0.0069191115069832726
        },
        "min": {
          "btc": -0.03714671634653788,
          "eth": -0.05178573218862892
        },
        "max": {
          "btc": 0.0349913262434709,
          "eth": 0.04377388676562077
        }
      },
      "hedge_table": [
        {
          "target": "BTC",
          "hedge": "ETH",
          "hedge_ratio_units": 0.6610719858720786,
          "target_w": 0.6020208687554203,
          "hedge_w": -0.3979791312445797
        },
        {
          "target": "ETH",
          "hedge": "BTC",
          "hedge_ratio_units": 1.2196217944028518,
          "target_w": 0.45052720356308784,
          "hedge_w": -0.549472796436912
        }
      ],
      "examples": [
        {
          "target": "BTC",
          "hedge": "ETH",
          "target_dollars": 60.20208687554203,
          "hedge_dollars": -39.79791312445797,
          "hedge_units_per_target_unit": -0.6610719858720786
        },
        {
          "target": "ETH",
          "hedge": "BTC",
          "target_dollars": 45.05272035630878,
          "hedge_dollars": -54.9472796436912,
          "hedge_units_per_target_unit": -1.2196217944028518
        }
      ]
    }
  },
  "example_notional": 100.0,
  "provider": "cryptocompare"
}