{
  "generated_at": "2026-03-01T02:07:11.377296Z",
  "lookbacks": {
    "30": {
      "lookback_days": 30,
      "corr": 0.8978803315331548,
      "stats": {
        "mean": {
          "btc": -0.0002448662784770895,
          "eth": -0.000364545698859242
        },
        "std": {
          "btc": 0.006891263820731803,
          "eth": 0.00909832045965619
        },
        "min": {
          "btc": -0.03612262483146145,
          "eth": -0.04170398539552955
        },
        "max": {
          "btc": 0.0349913262434709,
          "eth": 0.04260060177264258
        }
      },
      "hedge_table": [
        {
          "target": "BTC",
          "hedge": "ETH",
          "hedge_ratio_units": 0.6800738962183052,
          "target_w": 0.5952119143395478,
          "hedge_w": -0.4047880856604523
        },
        {
          "target": "ETH",
          "hedge": "BTC",
          "hedge_ratio_units": 1.1854433676061868,
          "target_w": 0.45757305580301744,
          "hedge_w": -0.5424269441969827
        }
      ],
      "examples": [
        {
          "target": "BTC",
          "hedge": "ETH",
          "target_dollars": 59.521191433954776,
          "hedge_dollars": -40.47880856604523,
          "hedge_units_per_target_unit": -0.6800738962183052
        },
        {
          "target": "ETH",
          "hedge": "BTC",
          "target_dollars": 45.75730558030175,
          "hedge_dollars": -54.24269441969827,
          "hedge_units_per_target_unit": -1.1854433676061868
        }
      ]
    },
    "60": {
      "lookback_days": 60,
      "corr": 0.8932321135239282,
      "stats": {
        "mean": {
          "btc": -0.00016562197454967733,
          "eth": -0.00023089289977943622
        },
        "std": {
          "btc": 0.005603176217645918,
          "eth": 0.007482306094771499
        },
        "min": {
          "btc": -0.03612262483146145,
          "eth": -0.04170398539552955
        },
        "max": {
          "btc": 0.0349913262434709,
          "eth": 0.04377388676562077
        }
      },
      "hedge_table": [
        {
          "target": "BTC",
          "hedge": "ETH",
          "hedge_ratio_units": 0.6689029921981183,
          "target_w": 0.5991960016099535,
          "hedge_w": -0.40080399839004643
        },
        {
          "target": "ETH",
          "hedge": "BTC",
          "hedge_ratio_units": 1.1927941987649373,
          "target_w": 0.456039148846361,
          "hedge_w": -0.5439608511536391
        }
      ],
      "examples": [
        {
          "target": "BTC",
          "hedge": "ETH",
          "target_dollars": 59.919600160995344,
          "hedge_dollars": -40.08039983900464,
          "hedge_units_per_target_unit": -0.6689029921981183
        },
        {
          "target": "ETH",
          "hedge": "BTC",
          "target_dollars": 45.6039148846361,
          "hedge_dollars": -54.39608511536391,
          "hedge_units_per_target_unit": -1.1927941987649373
        }
      ]
    },
    "120": {
      "lookback_days": 120,
      "corr": 0.8905966997066483,
      "stats": {
        "mean": {
          "btc": -0.00015295193496553316,
          "eth": -0.00019257396735336042
        },
        "std": {
          "btc": 0.005362124314045476,
          "eth": 0.007501734784285216
        },
        "min": {
          "btc": -0.03714671634653788,
          "eth": -0.05178573218862892
        },
        "max": {
          "btc": 0.0349913262434709,
          "eth": 0.04377388676562077
        }
      },
      "hedge_table": [
        {
          "target": "BTC",
          "hedge": "ETH",
          "hedge_ratio_units": 0.6365847840301511,
          "target_w": 0.6110285331734924,
          "hedge_w": -0.38897146682650763
        },
        {
          "target": "ETH",
          "hedge": "BTC",
          "hedge_ratio_units": 1.2459651902248527,
          "target_w": 0.4452428756920698,
          "hedge_w": -0.5547571243079302
        }
      ],
      "examples": [
        {
          "target": "BTC",
          "hedge": "ETH",
          "target_dollars": 61.102853317349236,
          "hedge_dollars": -38.897146682650764,
          "hedge_units_per_target_unit": -0.6365847840301511
        },
        {
          "target": "ETH",
          "hedge": "BTC",
          "target_dollars": 44.524287569206976,
          "hedge_dollars": -55.475712430793024,
          "hedge_units_per_target_unit": -1.2459651902248527
        }
      ]
    },
    "150": {
      "lookback_days": 150,
      "corr": 0.8789781286047558,
      "stats": {
        "mean": {
          "btc": -0.00014113341297597795,
          "eth": -0.00018368991893368366
        },
        "std": {
          "btc": 0.005219500874670355,
          "eth": 0.007473385786938995
        },
        "min": {
          "btc": -0.03714671634653788,
          "eth": -0.05178573218862892
        },
        "max": {
          "btc": 0.0349913262434709,
          "eth": 0.04377388676562077
        }
      },
      "hedge_table": [
        {
          "target": "BTC",
          "hedge": "ETH",
          "hedge_ratio_units": 0.6138887034423726,
          "target_w": 0.6196214137115107,
          "hedge_w": -0.38037858628848925
        },
        {
          "target": "ETH",
          "hedge": "BTC",
          "hedge_ratio_units": 1.2585384716043155,
          "target_w": 0.4427642090549233,
          "hedge_w": -0.5572357909450768
        }
      ],
      "examples": [
        {
          "target": "BTC",
          "hedge": "ETH",
          "target_dollars": 61.96214137115107,
          "hedge_dollars": -38.03785862884892,
          "hedge_units_per_target_unit": -0.6138887034423726
        },
        {
          "target": "ETH",
          "hedge": "BTC",
          "target_dollars": 44.27642090549233,
          "hedge_dollars": -55.72357909450768,
          "hedge_units_per_target_unit": -1.2585384716043155
        }
      ]
    },
    "180": {
      "lookback_days": 180,
      "corr": 0.873460243806143,
      "stats": {
        "mean": {
          "btc": -9.976434672347184e-05,
          "eth": -0.00015017555971851205
        },
        "std": {
          "btc": 0.004916465716557318,
          "eth": 0.0071445150745768245
        },
        "min": {
          "btc": -0.03714671634653788,
          "eth": -0.05178573218862892
        },
        "max": {
          "btc": 0.0349913262434709,
          "eth": 0.04377388676562077
        }
      },
      "hedge_table": [
        {
          "target": "BTC",
          "hedge": "ETH",
          "hedge_ratio_units": 0.6010677139907995,
          "target_w": 0.6245832023602635,
          "hedge_w": -0.3754167976397365
        },
        {
          "target": "ETH",
          "hedge": "BTC",
          "hedge_ratio_units": 1.2692959208279233,
          "target_w": 0.440665314215681,
          "hedge_w": -0.559334685784319
        }
      ],
      "examples": [
        {
          "target": "BTC",
          "hedge": "ETH",
          "target_dollars": 62.45832023602635,
          "hedge_dollars": -37.541679763973654,
          "hedge_units_per_target_unit": -0.6010677139907995
        },
        {
          "target": "ETH",
          "hedge": "BTC",
          "target_dollars": 44.0665314215681,
          "hedge_dollars": -55.9334685784319,
          "hedge_units_per_target_unit": -1.2692959208279233
        }
      ]
    }
  },
  "example_notional": 100.0,
  "provider": "cryptocompare"
}