{
  "generated_at": "2026-06-02T03:43:45.835679Z",
  "lookbacks": {
    "30": {
      "lookback_days": 30,
      "corr": 0.8888028019425761,
      "stats": {
        "mean": {
          "btc": -0.0001304747671450017,
          "eth": -0.00018443607045264782
        },
        "std": {
          "btc": 0.003371600102268651,
          "eth": 0.004500369821844235
        },
        "min": {
          "btc": -0.020668693538518745,
          "eth": -0.02232136709767152
        },
        "max": {
          "btc": 0.018403612886388032,
          "eth": 0.032926153475484776
        }
      },
      "hedge_table": [
        {
          "target": "BTC",
          "hedge": "ETH",
          "hedge_ratio_units": 0.6658758583307319,
          "target_w": 0.6002848261466711,
          "hedge_w": -0.39971517385332883
        },
        {
          "target": "ETH",
          "hedge": "BTC",
          "hedge_ratio_units": 1.186362909629029,
          "target_w": 0.4573806094111224,
          "hedge_w": -0.5426193905888775
        }
      ],
      "examples": [
        {
          "target": "BTC",
          "hedge": "ETH",
          "target_dollars": 60.02848261466711,
          "hedge_dollars": -39.97151738533288,
          "hedge_units_per_target_unit": -0.6658758583307319
        },
        {
          "target": "ETH",
          "hedge": "BTC",
          "target_dollars": 45.73806094111224,
          "hedge_dollars": -54.261939058887755,
          "hedge_units_per_target_unit": -1.186362909629029
        }
      ]
    },
    "60": {
      "lookback_days": 60,
      "corr": 0.8989583240494222,
      "stats": {
        "mean": {
          "btc": 4.9630838127037496e-05,
          "eth": -6.580703454835834e-06
        },
        "std": {
          "btc": 0.003617861841145597,
          "eth": 0.004859699303094738
        },
        "min": {
          "btc": -0.020668693538518745,
          "eth": -0.02913186092280784
        },
        "max": {
          "btc": 0.022681960554355562,
          "eth": 0.0410922552310693
        }
      },
      "hedge_table": [
        {
          "target": "BTC",
          "hedge": "ETH",
          "hedge_ratio_units": 0.6692403818663183,
          "target_w": 0.5990748911082151,
          "hedge_w": -0.4009251088917849
        },
        {
          "target": "ETH",
          "hedge": "BTC",
          "hedge_ratio_units": 1.2075273553041073,
          "target_w": 0.4529955189897254,
          "hedge_w": -0.5470044810102747
        }
      ],
      "examples": [
        {
          "target": "BTC",
          "hedge": "ETH",
          "target_dollars": 59.90748911082151,
          "hedge_dollars": -40.09251088917849,
          "hedge_units_per_target_unit": -0.6692403818663183
        },
        {
          "target": "ETH",
          "hedge": "BTC",
          "target_dollars": 45.29955189897254,
          "hedge_dollars": -54.70044810102747,
          "hedge_units_per_target_unit": -1.2075273553041073
        }
      ]
    },
    "120": {
      "lookback_days": 120,
      "corr": 0.9069163776112094,
      "stats": {
        "mean": {
          "btc": -1.0948188551533898e-05,
          "eth": -1.789281541138954e-05
        },
        "std": {
          "btc": 0.005006665838942115,
          "eth": 0.006503208887172307
        },
        "min": {
          "btc": -0.03612262483146145,
          "eth": -0.04170398539552955
        },
        "max": {
          "btc": 0.0349913262434709,
          "eth": 0.04260060177264258
        }
      },
      "hedge_table": [
        {
          "target": "BTC",
          "hedge": "ETH",
          "hedge_ratio_units": 0.6982133474936714,
          "target_w": 0.5888541633922864,
          "hedge_w": -0.4111458366077136
        },
        {
          "target": "ETH",
          "hedge": "BTC",
          "hedge_ratio_units": 1.178002853901175,
          "target_w": 0.45913622115270847,
          "hedge_w": -0.5408637788472916
        }
      ],
      "examples": [
        {
          "target": "BTC",
          "hedge": "ETH",
          "target_dollars": 58.885416339228634,
          "hedge_dollars": -41.11458366077136,
          "hedge_units_per_target_unit": -0.6982133474936714
        },
        {
          "target": "ETH",
          "hedge": "BTC",
          "target_dollars": 45.91362211527085,
          "hedge_dollars": -54.08637788472917,
          "hedge_units_per_target_unit": -1.178002853901175
        }
      ]
    },
    "150": {
      "lookback_days": 150,
      "corr": 0.9005906569344347,
      "stats": {
        "mean": {
          "btc": -5.498476268332699e-05,
          "eth": -0.00010228050335429492
        },
        "std": {
          "btc": 0.0048602986966571156,
          "eth": 0.0064457134909462884
        },
        "min": {
          "btc": -0.03612262483146145,
          "eth": -0.04170398539552955
        },
        "max": {
          "btc": 0.0349913262434709,
          "eth": 0.04377388676562077
        }
      },
      "hedge_table": [
        {
          "target": "BTC",
          "hedge": "ETH",
          "hedge_ratio_units": 0.67907759199477,
          "target_w": 0.5955650916715437,
          "hedge_w": -0.40443490832845636
        },
        {
          "target": "ETH",
          "hedge": "BTC",
          "hedge_ratio_units": 1.1943606163989624,
          "target_w": 0.4557136108471732,
          "hedge_w": -0.5442863891528267
        }
      ],
      "examples": [
        {
          "target": "BTC",
          "hedge": "ETH",
          "target_dollars": 59.55650916715437,
          "hedge_dollars": -40.44349083284563,
          "hedge_units_per_target_unit": -0.67907759199477
        },
        {
          "target": "ETH",
          "hedge": "BTC",
          "target_dollars": 45.571361084717324,
          "hedge_dollars": -54.42863891528267,
          "hedge_units_per_target_unit": -1.1943606163989624
        }
      ]
    },
    "180": {
      "lookback_days": 180,
      "corr": 0.8999408358993872,
      "stats": {
        "mean": {
          "btc": -5.2407524156087886e-05,
          "eth": -8.759420996039078e-05
        },
        "std": {
          "btc": 0.004779688649440241,
          "eth": 0.006417876869509395
        },
        "min": {
          "btc": -0.03612262483146145,
          "eth": -0.04988725258205495
        },
        "max": {
          "btc": 0.0349913262434709,
          "eth": 0.04377388676562077
        }
      },
      "hedge_table": [
        {
          "target": "BTC",
          "hedge": "ETH",
          "hedge_ratio_units": 0.67022741102306,
          "target_w": 0.5987208648356888,
          "hedge_w": -0.4012791351643112
        },
        {
          "target": "ETH",
          "hedge": "BTC",
          "hedge_ratio_units": 1.2083861310342952,
          "target_w": 0.45281936249601923,
          "hedge_w": -0.5471806375039807
        }
      ],
      "examples": [
        {
          "target": "BTC",
          "hedge": "ETH",
          "target_dollars": 59.87208648356888,
          "hedge_dollars": -40.12791351643112,
          "hedge_units_per_target_unit": -0.67022741102306
        },
        {
          "target": "ETH",
          "hedge": "BTC",
          "target_dollars": 45.28193624960192,
          "hedge_dollars": -54.71806375039807,
          "hedge_units_per_target_unit": -1.2083861310342952
        }
      ]
    }
  },
  "example_notional": 100.0,
  "provider": "cryptocompare"
}