{
  "generated_at": "2026-03-05T18:02:09.783999Z",
  "lookbacks": {
    "30": {
      "lookback_days": 30,
      "corr": 0.908242901765939,
      "stats": {
        "mean": {
          "btc": -5.499813296755364e-05,
          "eth": -5.6456102706436356e-05
        },
        "std": {
          "btc": 0.00690421109708998,
          "eth": 0.008595497483719189
        },
        "min": {
          "btc": -0.03612262483146145,
          "eth": -0.04170398539552955
        },
        "max": {
          "btc": 0.0349913262434709,
          "eth": 0.04260060177264258
        }
      },
      "hedge_table": [
        {
          "target": "BTC",
          "hedge": "ETH",
          "hedge_ratio_units": 0.7295331925933308,
          "target_w": 0.5781906957799176,
          "hedge_w": -0.4218093042200825
        },
        {
          "target": "ETH",
          "hedge": "BTC",
          "hedge_ratio_units": 1.1307301394688514,
          "target_w": 0.469322689662277,
          "hedge_w": -0.5306773103377229
        }
      ],
      "examples": [
        {
          "target": "BTC",
          "hedge": "ETH",
          "target_dollars": 57.819069577991755,
          "hedge_dollars": -42.18093042200825,
          "hedge_units_per_target_unit": -0.7295331925933308
        },
        {
          "target": "ETH",
          "hedge": "BTC",
          "target_dollars": 46.9322689662277,
          "hedge_dollars": -53.06773103377229,
          "hedge_units_per_target_unit": -1.1307301394688514
        }
      ]
    },
    "60": {
      "lookback_days": 60,
      "corr": 0.8996747246775489,
      "stats": {
        "mean": {
          "btc": -0.00015823616937452913,
          "eth": -0.00026005714171362673
        },
        "std": {
          "btc": 0.005927540436260178,
          "eth": 0.007850130631437602
        },
        "min": {
          "btc": -0.03612262483146145,
          "eth": -0.04170398539552955
        },
        "max": {
          "btc": 0.0349913262434709,
          "eth": 0.04377388676562077
        }
      },
      "hedge_table": [
        {
          "target": "BTC",
          "hedge": "ETH",
          "hedge_ratio_units": 0.6793337028877955,
          "target_w": 0.5954742635608349,
          "hedge_w": -0.40452573643916506
        },
        {
          "target": "ETH",
          "hedge": "BTC",
          "hedge_ratio_units": 1.1914830764068736,
          "target_w": 0.4563119883360389,
          "hedge_w": -0.5436880116639611
        }
      ],
      "examples": [
        {
          "target": "BTC",
          "hedge": "ETH",
          "target_dollars": 59.54742635608349,
          "hedge_dollars": -40.45257364391651,
          "hedge_units_per_target_unit": -0.6793337028877955
        },
        {
          "target": "ETH",
          "hedge": "BTC",
          "target_dollars": 45.63119883360389,
          "hedge_dollars": -54.36880116639611,
          "hedge_units_per_target_unit": -1.1914830764068736
        }
      ]
    },
    "120": {
      "lookback_days": 120,
      "corr": 0.8951004869330306,
      "stats": {
        "mean": {
          "btc": -0.00011901250235977782,
          "eth": -0.00015140519070726903
        },
        "std": {
          "btc": 0.005460176654772344,
          "eth": 0.007501006448147265
        },
        "min": {
          "btc": -0.03714671634653788,
          "eth": -0.05178573218862892
        },
        "max": {
          "btc": 0.0349913262434709,
          "eth": 0.04377388676562077
        }
      },
      "hedge_table": [
        {
          "target": "BTC",
          "hedge": "ETH",
          "hedge_ratio_units": 0.651566801896867,
          "target_w": 0.6054856508689047,
          "hedge_w": -0.39451434913109523
        },
        {
          "target": "ETH",
          "hedge": "BTC",
          "hedge_ratio_units": 1.2296588459928424,
          "target_w": 0.4484991063979167,
          "hedge_w": -0.5515008936020832
        }
      ],
      "examples": [
        {
          "target": "BTC",
          "hedge": "ETH",
          "target_dollars": 60.54856508689047,
          "hedge_dollars": -39.45143491310952,
          "hedge_units_per_target_unit": -0.651566801896867
        },
        {
          "target": "ETH",
          "hedge": "BTC",
          "target_dollars": 44.849910639791666,
          "hedge_dollars": -55.15008936020832,
          "hedge_units_per_target_unit": -1.2296588459928424
        }
      ]
    },
    "150": {
      "lookback_days": 150,
      "corr": 0.8833029809970485,
      "stats": {
        "mean": {
          "btc": -0.0001449468092219426,
          "eth": -0.00020171035854435292
        },
        "std": {
          "btc": 0.005342396272941892,
          "eth": 0.0075989543490097445
        },
        "min": {
          "btc": -0.03714671634653788,
          "eth": -0.05178573218862892
        },
        "max": {
          "btc": 0.0349913262434709,
          "eth": 0.04377388676562077
        }
      },
      "hedge_table": [
        {
          "target": "BTC",
          "hedge": "ETH",
          "hedge_ratio_units": 0.6210005135998803,
          "target_w": 0.6169029507456621,
          "hedge_w": -0.3830970492543378
        },
        {
          "target": "ETH",
          "hedge": "BTC",
          "hedge_ratio_units": 1.2563985683608985,
          "target_w": 0.44318411384493284,
          "hedge_w": -0.556815886155067
        }
      ],
      "examples": [
        {
          "target": "BTC",
          "hedge": "ETH",
          "target_dollars": 61.690295074566215,
          "hedge_dollars": -38.30970492543378,
          "hedge_units_per_target_unit": -0.6210005135998803
        },
        {
          "target": "ETH",
          "hedge": "BTC",
          "target_dollars": 44.31841138449328,
          "hedge_dollars": -55.681588615506705,
          "hedge_units_per_target_unit": -1.2563985683608985
        }
      ]
    },
    "180": {
      "lookback_days": 180,
      "corr": 0.876764163112544,
      "stats": {
        "mean": {
          "btc": -8.982078726190355e-05,
          "eth": -0.0001419490100990571
        },
        "std": {
          "btc": 0.005009627040374426,
          "eth": 0.007208769186050242
        },
        "min": {
          "btc": -0.03714671634653788,
          "eth": -0.05178573218862892
        },
        "max": {
          "btc": 0.0349913262434709,
          "eth": 0.04377388676562077
        }
      },
      "hedge_table": [
        {
          "target": "BTC",
          "hedge": "ETH",
          "hedge_ratio_units": 0.609294228487626,
          "target_w": 0.6213904097200266,
          "hedge_w": -0.3786095902799735
        },
        {
          "target": "ETH",
          "hedge": "BTC",
          "hedge_ratio_units": 1.2616489075015935,
          "target_w": 0.4421552773656118,
          "hedge_w": -0.5578447226343882
        }
      ],
      "examples": [
        {
          "target": "BTC",
          "hedge": "ETH",
          "target_dollars": 62.139040972002654,
          "hedge_dollars": -37.860959027997346,
          "hedge_units_per_target_unit": -0.609294228487626
        },
        {
          "target": "ETH",
          "hedge": "BTC",
          "target_dollars": 44.21552773656118,
          "hedge_dollars": -55.78447226343882,
          "hedge_units_per_target_unit": -1.2616489075015935
        }
      ]
    }
  },
  "example_notional": 100.0,
  "provider": "cryptocompare"
}