{
  "generated_at": "2026-03-07T16:25:31.695355Z",
  "lookbacks": {
    "30": {
      "lookback_days": 30,
      "corr": 0.9110329541844463,
      "stats": {
        "mean": {
          "btc": 5.75703290597676e-05,
          "eth": 5.0314825376676524e-05
        },
        "std": {
          "btc": 0.006526448538931545,
          "eth": 0.008010715952962124
        },
        "min": {
          "btc": -0.03612262483146145,
          "eth": -0.04038541666666662
        },
        "max": {
          "btc": 0.0349913262434709,
          "eth": 0.035902309432658264
        }
      },
      "hedge_table": [
        {
          "target": "BTC",
          "hedge": "ETH",
          "hedge_ratio_units": 0.7422319961996637,
          "target_w": 0.573976371792794,
          "hedge_w": -0.4260236282072059
        },
        {
          "target": "ETH",
          "hedge": "BTC",
          "hedge_ratio_units": 1.1182232076489071,
          "target_w": 0.47209377953607456,
          "hedge_w": -0.5279062204639253
        }
      ],
      "examples": [
        {
          "target": "BTC",
          "hedge": "ETH",
          "target_dollars": 57.39763717927941,
          "hedge_dollars": -42.60236282072059,
          "hedge_units_per_target_unit": -0.7422319961996637
        },
        {
          "target": "ETH",
          "hedge": "BTC",
          "target_dollars": 47.20937795360746,
          "hedge_dollars": -52.790622046392535,
          "hedge_units_per_target_unit": -1.1182232076489071
        }
      ]
    },
    "60": {
      "lookback_days": 60,
      "corr": 0.9002224919050754,
      "stats": {
        "mean": {
          "btc": -0.00019092211311480837,
          "eth": -0.0003027164045623246
        },
        "std": {
          "btc": 0.005924948535427517,
          "eth": 0.007849040172909405
        },
        "min": {
          "btc": -0.03612262483146145,
          "eth": -0.04170398539552955
        },
        "max": {
          "btc": 0.0349913262434709,
          "eth": 0.04377388676562077
        }
      },
      "hedge_table": [
        {
          "target": "BTC",
          "hedge": "ETH",
          "hedge_ratio_units": 0.6795444815508971,
          "target_w": 0.5953995330189746,
          "hedge_w": -0.40460046698102536
        },
        {
          "target": "ETH",
          "hedge": "BTC",
          "hedge_ratio_units": 1.192564367651458,
          "target_w": 0.45608695222532486,
          "hedge_w": -0.5439130477746752
        }
      ],
      "examples": [
        {
          "target": "BTC",
          "hedge": "ETH",
          "target_dollars": 59.53995330189746,
          "hedge_dollars": -40.46004669810254,
          "hedge_units_per_target_unit": -0.6795444815508971
        },
        {
          "target": "ETH",
          "hedge": "BTC",
          "target_dollars": 45.60869522253249,
          "hedge_dollars": -54.39130477746752,
          "hedge_units_per_target_unit": -1.192564367651458
        }
      ]
    },
    "120": {
      "lookback_days": 120,
      "corr": 0.8951792397182696,
      "stats": {
        "mean": {
          "btc": -0.00012814039981718655,
          "eth": -0.0001588506028506521
        },
        "std": {
          "btc": 0.005446517099488051,
          "eth": 0.007458366610807642
        },
        "min": {
          "btc": -0.03714671634653788,
          "eth": -0.05178573218862892
        },
        "max": {
          "btc": 0.0349913262434709,
          "eth": 0.04377388676562077
        }
      },
      "hedge_table": [
        {
          "target": "BTC",
          "hedge": "ETH",
          "hedge_ratio_units": 0.653710026692333,
          "target_w": 0.6047009353871726,
          "hedge_w": -0.3952990646128274
        },
        {
          "target": "ETH",
          "hedge": "BTC",
          "hedge_ratio_units": 1.2258430167841539,
          "target_w": 0.4492679818205583,
          "hedge_w": -0.5507320181794416
        }
      ],
      "examples": [
        {
          "target": "BTC",
          "hedge": "ETH",
          "target_dollars": 60.470093538717265,
          "hedge_dollars": -39.529906461282735,
          "hedge_units_per_target_unit": -0.653710026692333
        },
        {
          "target": "ETH",
          "hedge": "BTC",
          "target_dollars": 44.92679818205583,
          "hedge_dollars": -55.07320181794416,
          "hedge_units_per_target_unit": -1.2258430167841539
        }
      ]
    },
    "150": {
      "lookback_days": 150,
      "corr": 0.8835184694006544,
      "stats": {
        "mean": {
          "btc": -0.00015367132925241458,
          "eth": -0.00020221776254476836
        },
        "std": {
          "btc": 0.00534149012483493,
          "eth": 0.007585624733038635
        },
        "min": {
          "btc": -0.03714671634653788,
          "eth": -0.05178573218862892
        },
        "max": {
          "btc": 0.0349913262434709,
          "eth": 0.04377388676562077
        }
      },
      "hedge_table": [
        {
          "target": "BTC",
          "hedge": "ETH",
          "hedge_ratio_units": 0.6221379708988606,
          "target_w": 0.6164703730138806,
          "hedge_w": -0.38352962698611937
        },
        {
          "target": "ETH",
          "hedge": "BTC",
          "hedge_ratio_units": 1.2547134595309504,
          "target_w": 0.44351533706994,
          "hedge_w": -0.5564846629300599
        }
      ],
      "examples": [
        {
          "target": "BTC",
          "hedge": "ETH",
          "target_dollars": 61.64703730138806,
          "hedge_dollars": -38.35296269861194,
          "hedge_units_per_target_unit": -0.6221379708988606
        },
        {
          "target": "ETH",
          "hedge": "BTC",
          "target_dollars": 44.351533706994,
          "hedge_dollars": -55.648466293005995,
          "hedge_units_per_target_unit": -1.2547134595309504
        }
      ]
    },
    "180": {
      "lookback_days": 180,
      "corr": 0.8769651947369642,
      "stats": {
        "mean": {
          "btc": -0.00010405277007254532,
          "eth": -0.00015441672587635628
        },
        "std": {
          "btc": 0.005020916573173789,
          "eth": 0.0072215029563003335
        },
        "min": {
          "btc": -0.03714671634653788,
          "eth": -0.05178573218862892
        },
        "max": {
          "btc": 0.0349913262434709,
          "eth": 0.04377388676562077
        }
      },
      "hedge_table": [
        {
          "target": "BTC",
          "hedge": "ETH",
          "hedge_ratio_units": 0.6097302884173021,
          "target_w": 0.6212220812364827,
          "hedge_w": -0.3787779187635173
        },
        {
          "target": "ETH",
          "hedge": "BTC",
          "hedge_ratio_units": 1.261324830649856,
          "target_w": 0.44221864388789367,
          "hedge_w": -0.5577813561121064
        }
      ],
      "examples": [
        {
          "target": "BTC",
          "hedge": "ETH",
          "target_dollars": 62.12220812364827,
          "hedge_dollars": -37.87779187635173,
          "hedge_units_per_target_unit": -0.6097302884173021
        },
        {
          "target": "ETH",
          "hedge": "BTC",
          "target_dollars": 44.22186438878937,
          "hedge_dollars": -55.778135611210644,
          "hedge_units_per_target_unit": -1.261324830649856
        }
      ]
    }
  },
  "example_notional": 100.0,
  "provider": "cryptocompare"
}