{
  "generated_at": "2026-05-06T10:14:40.347815Z",
  "lookbacks": {
    "30": {
      "lookback_days": 30,
      "corr": 0.9049842148092284,
      "stats": {
        "mean": {
          "btc": 0.0002373187022781933,
          "eth": 0.00017309742007495872
        },
        "std": {
          "btc": 0.003952371200383371,
          "eth": 0.005298993391237288
        },
        "min": {
          "btc": -0.019619547762256384,
          "eth": -0.02913186092280784
        },
        "max": {
          "btc": 0.022681960554355562,
          "eth": 0.0410922552310693
        }
      },
      "hedge_table": [
        {
          "target": "BTC",
          "hedge": "ETH",
          "hedge_ratio_units": 0.6750024548678254,
          "target_w": 0.5970140503936815,
          "hedge_w": -0.4029859496063186
        },
        {
          "target": "ETH",
          "hedge": "BTC",
          "hedge_ratio_units": 1.2133236303773833,
          "target_w": 0.4518092095865325,
          "hedge_w": -0.5481907904134676
        }
      ],
      "examples": [
        {
          "target": "BTC",
          "hedge": "ETH",
          "target_dollars": 59.70140503936815,
          "hedge_dollars": -40.29859496063186,
          "hedge_units_per_target_unit": -0.6750024548678254
        },
        {
          "target": "ETH",
          "hedge": "BTC",
          "target_dollars": 45.180920958653246,
          "hedge_dollars": -54.81907904134676,
          "hedge_units_per_target_unit": -1.2133236303773833
        }
      ]
    },
    "60": {
      "lookback_days": 60,
      "corr": 0.9062735636744903,
      "stats": {
        "mean": {
          "btc": 0.00014011408188191764,
          "eth": 0.0001502886946444202
        },
        "std": {
          "btc": 0.00430295230021462,
          "eth": 0.005685976980369266
        },
        "min": {
          "btc": -0.019619547762256384,
          "eth": -0.030096491146448856
        },
        "max": {
          "btc": 0.022874680739771724,
          "eth": 0.041842617860856635
        }
      },
      "hedge_table": [
        {
          "target": "BTC",
          "hedge": "ETH",
          "hedge_ratio_units": 0.6858367399130049,
          "target_w": 0.5931772492107412,
          "hedge_w": -0.40682275078925884
        },
        {
          "target": "ETH",
          "hedge": "BTC",
          "hedge_ratio_units": 1.1975616417391732,
          "target_w": 0.45504980657042665,
          "hedge_w": -0.5449501934295734
        }
      ],
      "examples": [
        {
          "target": "BTC",
          "hedge": "ETH",
          "target_dollars": 59.317724921074124,
          "hedge_dollars": -40.68227507892588,
          "hedge_units_per_target_unit": -0.6858367399130049
        },
        {
          "target": "ETH",
          "hedge": "BTC",
          "target_dollars": 45.504980657042665,
          "hedge_dollars": -54.49501934295734,
          "hedge_units_per_target_unit": -1.1975616417391732
        }
      ]
    },
    "120": {
      "lookback_days": 120,
      "corr": 0.9021244779336441,
      "stats": {
        "mean": {
          "btc": -3.287463441714881e-05,
          "eth": -7.859409394908518e-05
        },
        "std": {
          "btc": 0.005187083271729065,
          "eth": 0.006866275231519088
        },
        "min": {
          "btc": -0.03612262483146145,
          "eth": -0.04170398539552955
        },
        "max": {
          "btc": 0.0349913262434709,
          "eth": 0.04377388676562077
        }
      },
      "hedge_table": [
        {
          "target": "BTC",
          "hedge": "ETH",
          "hedge_ratio_units": 0.6815041096847579,
          "target_w": 0.5947056532543807,
          "hedge_w": -0.40529434674561915
        },
        {
          "target": "ETH",
          "hedge": "BTC",
          "hedge_ratio_units": 1.1941653206808998,
          "target_w": 0.4557541724748786,
          "hedge_w": -0.5442458275251215
        }
      ],
      "examples": [
        {
          "target": "BTC",
          "hedge": "ETH",
          "target_dollars": 59.47056532543807,
          "hedge_dollars": -40.52943467456191,
          "hedge_units_per_target_unit": -0.6815041096847579
        },
        {
          "target": "ETH",
          "hedge": "BTC",
          "target_dollars": 45.57541724748786,
          "hedge_dollars": -54.42458275251215,
          "hedge_units_per_target_unit": -1.1941653206808998
        }
      ]
    },
    "150": {
      "lookback_days": 150,
      "corr": 0.900982371348528,
      "stats": {
        "mean": {
          "btc": -1.0382502282599298e-05,
          "eth": -4.13500769567561e-05
        },
        "std": {
          "btc": 0.005014374985583972,
          "eth": 0.00672123618678487
        },
        "min": {
          "btc": -0.03612262483146145,
          "eth": -0.04988725258205495
        },
        "max": {
          "btc": 0.0349913262434709,
          "eth": 0.04377388676562077
        }
      },
      "hedge_table": [
        {
          "target": "BTC",
          "hedge": "ETH",
          "hedge_ratio_units": 0.6721774595907075,
          "target_w": 0.5980226525985861,
          "hedge_w": -0.40197734740141383
        },
        {
          "target": "ETH",
          "hedge": "BTC",
          "hedge_ratio_units": 1.2076710129124344,
          "target_w": 0.4529660416570702,
          "hedge_w": -0.5470339583429299
        }
      ],
      "examples": [
        {
          "target": "BTC",
          "hedge": "ETH",
          "target_dollars": 59.802265259858615,
          "hedge_dollars": -40.197734740141385,
          "hedge_units_per_target_unit": -0.6721774595907075
        },
        {
          "target": "ETH",
          "hedge": "BTC",
          "target_dollars": 45.29660416570702,
          "hedge_dollars": -54.70339583429299,
          "hedge_units_per_target_unit": -1.2076710129124344
        }
      ]
    },
    "180": {
      "lookback_days": 180,
      "corr": 0.8977354267802339,
      "stats": {
        "mean": {
          "btc": -3.349849495074628e-05,
          "eth": -4.557778842370601e-05
        },
        "std": {
          "btc": 0.005100972237676366,
          "eth": 0.006933504091481505
        },
        "min": {
          "btc": -0.03714671634653788,
          "eth": -0.05178573218862892
        },
        "max": {
          "btc": 0.0349913262434709,
          "eth": 0.04377388676562077
        }
      },
      "hedge_table": [
        {
          "target": "BTC",
          "hedge": "ETH",
          "hedge_ratio_units": 0.6604630830766609,
          "target_w": 0.6022416337899585,
          "hedge_w": -0.3977583662100414
        },
        {
          "target": "ETH",
          "hedge": "BTC",
          "hedge_ratio_units": 1.2202482124239236,
          "target_w": 0.45040009238798784,
          "hedge_w": -0.5495999076120122
        }
      ],
      "examples": [
        {
          "target": "BTC",
          "hedge": "ETH",
          "target_dollars": 60.224163378995854,
          "hedge_dollars": -39.77583662100414,
          "hedge_units_per_target_unit": -0.6604630830766609
        },
        {
          "target": "ETH",
          "hedge": "BTC",
          "target_dollars": 45.04000923879878,
          "hedge_dollars": -54.95999076120122,
          "hedge_units_per_target_unit": -1.2202482124239236
        }
      ]
    }
  },
  "example_notional": 100.0,
  "provider": "cryptocompare"
}