{
  "generated_at": "2026-03-08T08:28:53.558587Z",
  "lookbacks": {
    "30": {
      "lookback_days": 30,
      "corr": 0.9066559477805793,
      "stats": {
        "mean": {
          "btc": 5.088955855113336e-05,
          "eth": 5.299785958837846e-05
        },
        "std": {
          "btc": 0.006093065289355299,
          "eth": 0.007515458850355337
        },
        "min": {
          "btc": -0.03612262483146145,
          "eth": -0.04038541666666662
        },
        "max": {
          "btc": 0.029223763595974894,
          "eth": 0.035902309432658264
        }
      },
      "hedge_table": [
        {
          "target": "BTC",
          "hedge": "ETH",
          "hedge_ratio_units": 0.7350600934430217,
          "target_w": 0.576348913665358,
          "hedge_w": -0.4236510863346421
        },
        {
          "target": "ETH",
          "hedge": "BTC",
          "hedge_ratio_units": 1.1183099381651034,
          "target_w": 0.4720744504773498,
          "hedge_w": -0.5279255495226503
        }
      ],
      "examples": [
        {
          "target": "BTC",
          "hedge": "ETH",
          "target_dollars": 57.634891366535804,
          "hedge_dollars": -42.36510863346421,
          "hedge_units_per_target_unit": -0.7350600934430217
        },
        {
          "target": "ETH",
          "hedge": "BTC",
          "target_dollars": 47.20744504773498,
          "hedge_dollars": -52.79255495226502,
          "hedge_units_per_target_unit": -1.1183099381651034
        }
      ]
    },
    "60": {
      "lookback_days": 60,
      "corr": 0.8995076691290316,
      "stats": {
        "mean": {
          "btc": -0.00019732383158175277,
          "eth": -0.00031244743752023915
        },
        "std": {
          "btc": 0.005912114731478068,
          "eth": 0.007832542994212462
        },
        "min": {
          "btc": -0.03612262483146145,
          "eth": -0.04170398539552955
        },
        "max": {
          "btc": 0.0349913262434709,
          "eth": 0.04377388676562077
        }
      },
      "hedge_table": [
        {
          "target": "BTC",
          "hedge": "ETH",
          "hedge_ratio_units": 0.678961168252094,
          "target_w": 0.5956063897779507,
          "hedge_w": -0.4043936102220494
        },
        {
          "target": "ETH",
          "hedge": "BTC",
          "hedge_ratio_units": 1.1916941419564726,
          "target_w": 0.4562680443665028,
          "hedge_w": -0.5437319556334973
        }
      ],
      "examples": [
        {
          "target": "BTC",
          "hedge": "ETH",
          "target_dollars": 59.560638977795065,
          "hedge_dollars": -40.43936102220494,
          "hedge_units_per_target_unit": -0.678961168252094
        },
        {
          "target": "ETH",
          "hedge": "BTC",
          "target_dollars": 45.62680443665028,
          "hedge_dollars": -54.37319556334973,
          "hedge_units_per_target_unit": -1.1916941419564726
        }
      ]
    },
    "120": {
      "lookback_days": 120,
      "corr": 0.8957863543130395,
      "stats": {
        "mean": {
          "btc": -0.00013091431604861947,
          "eth": -0.00016889278431132064
        },
        "std": {
          "btc": 0.0054485342076312825,
          "eth": 0.007457395709532552
        },
        "min": {
          "btc": -0.03714671634653788,
          "eth": -0.05178573218862892
        },
        "max": {
          "btc": 0.0349913262434709,
          "eth": 0.04377388676562077
        }
      },
      "hedge_table": [
        {
          "target": "BTC",
          "hedge": "ETH",
          "hedge_ratio_units": 0.6544808381249019,
          "target_w": 0.6044192093112093,
          "hedge_w": -0.39558079068879076
        },
        {
          "target": "ETH",
          "hedge": "BTC",
          "hedge_ratio_units": 1.2260606358964312,
          "target_w": 0.44922406149880173,
          "hedge_w": -0.5507759385011983
        }
      ],
      "examples": [
        {
          "target": "BTC",
          "hedge": "ETH",
          "target_dollars": 60.44192093112093,
          "hedge_dollars": -39.558079068879074,
          "hedge_units_per_target_unit": -0.6544808381249019
        },
        {
          "target": "ETH",
          "hedge": "BTC",
          "target_dollars": 44.922406149880175,
          "hedge_dollars": -55.07759385011983,
          "hedge_units_per_target_unit": -1.2260606358964312
        }
      ]
    },
    "150": {
      "lookback_days": 150,
      "corr": 0.8839663383733308,
      "stats": {
        "mean": {
          "btc": -0.00015076842224158492,
          "eth": -0.0001930899362217259
        },
        "std": {
          "btc": 0.005342103961931155,
          "eth": 0.0075758482532798516
        },
        "min": {
          "btc": -0.03714671634653788,
          "eth": -0.05178573218862892
        },
        "max": {
          "btc": 0.0349913262434709,
          "eth": 0.04377388676562077
        }
      },
      "hedge_table": [
        {
          "target": "BTC",
          "hedge": "ETH",
          "hedge_ratio_units": 0.6233282294683665,
          "target_w": 0.6160183639062915,
          "hedge_w": -0.38398163609370856
        },
        {
          "target": "ETH",
          "hedge": "BTC",
          "hedge_ratio_units": 1.253587516874702,
          "target_w": 0.44373692723804675,
          "hedge_w": -0.5562630727619533
        }
      ],
      "examples": [
        {
          "target": "BTC",
          "hedge": "ETH",
          "target_dollars": 61.60183639062915,
          "hedge_dollars": -38.398163609370854,
          "hedge_units_per_target_unit": -0.6233282294683665
        },
        {
          "target": "ETH",
          "hedge": "BTC",
          "target_dollars": 44.37369272380467,
          "hedge_dollars": -55.626307276195334,
          "hedge_units_per_target_unit": -1.253587516874702
        }
      ]
    },
    "180": {
      "lookback_days": 180,
      "corr": 0.8769635099299605,
      "stats": {
        "mean": {
          "btc": -0.00010739139119074722,
          "eth": -0.00015982910374655521
        },
        "std": {
          "btc": 0.005023000640408719,
          "eth": 0.007222905221764495
        },
        "min": {
          "btc": -0.03714671634653788,
          "eth": -0.05178573218862892
        },
        "max": {
          "btc": 0.0349913262434709,
          "eth": 0.04377388676562077
        }
      },
      "hedge_table": [
        {
          "target": "BTC",
          "hedge": "ETH",
          "hedge_ratio_units": 0.6098637787354446,
          "target_w": 0.6211705693419008,
          "hedge_w": -0.37882943065809915
        },
        {
          "target": "ETH",
          "hedge": "BTC",
          "hedge_ratio_units": 1.2610438995792401,
          "target_w": 0.44227358884367124,
          "hedge_w": -0.5577264111563287
        }
      ],
      "examples": [
        {
          "target": "BTC",
          "hedge": "ETH",
          "target_dollars": 62.11705693419008,
          "hedge_dollars": -37.88294306580992,
          "hedge_units_per_target_unit": -0.6098637787354446
        },
        {
          "target": "ETH",
          "hedge": "BTC",
          "target_dollars": 44.22735888436712,
          "hedge_dollars": -55.77264111563287,
          "hedge_units_per_target_unit": -1.2610438995792401
        }
      ]
    }
  },
  "example_notional": 100.0,
  "provider": "cryptocompare"
}