{
  "generated_at": "2026-02-09T17:00:39.618602Z",
  "lookbacks": {
    "30": {
      "lookback_days": 30,
      "corr": 0.8920158631986501,
      "stats": {
        "mean": {
          "btc": -0.00033547114035334326,
          "eth": -0.0005057115881334411
        },
        "std": {
          "btc": 0.00615951473472186,
          "eth": 0.008515065524287059
        },
        "min": {
          "btc": -0.031142278584685545,
          "eth": -0.04170398539552955
        },
        "max": {
          "btc": 0.0349913262434709,
          "eth": 0.04377388676562077
        }
      },
      "hedge_table": [
        {
          "target": "BTC",
          "hedge": "ETH",
          "hedge_ratio_units": 0.6452545593814152,
          "target_w": 0.6078086787834104,
          "hedge_w": -0.3921913212165896
        },
        {
          "target": "ETH",
          "hedge": "BTC",
          "hedge_ratio_units": 1.233144793212833,
          "target_w": 0.44779899764640724,
          "hedge_w": -0.5522010023535927
        }
      ],
      "examples": [
        {
          "target": "BTC",
          "hedge": "ETH",
          "target_dollars": 60.78086787834104,
          "hedge_dollars": -39.21913212165896,
          "hedge_units_per_target_unit": -0.6452545593814152
        },
        {
          "target": "ETH",
          "hedge": "BTC",
          "target_dollars": 44.779899764640724,
          "hedge_dollars": -55.22010023535927,
          "hedge_units_per_target_unit": -1.233144793212833
        }
      ]
    },
    "60": {
      "lookback_days": 60,
      "corr": 0.8939214750869269,
      "stats": {
        "mean": {
          "btc": -0.000165395088896409,
          "eth": -0.0002707646368703709
        },
        "std": {
          "btc": 0.0052048215721682296,
          "eth": 0.0071278117816828725
        },
        "min": {
          "btc": -0.031142278584685545,
          "eth": -0.04988725258205495
        },
        "max": {
          "btc": 0.0349913262434709,
          "eth": 0.04377388676562077
        }
      },
      "hedge_table": [
        {
          "target": "BTC",
          "hedge": "ETH",
          "hedge_ratio_units": 0.6527531758503282,
          "target_w": 0.6050510231120918,
          "hedge_w": -0.39494897688790825
        },
        {
          "target": "ETH",
          "hedge": "BTC",
          "hedge_ratio_units": 1.2241925940545928,
          "target_w": 0.44960135317106226,
          "hedge_w": -0.5503986468289378
        }
      ],
      "examples": [
        {
          "target": "BTC",
          "hedge": "ETH",
          "target_dollars": 60.50510231120918,
          "hedge_dollars": -39.49489768879083,
          "hedge_units_per_target_unit": -0.6527531758503282
        },
        {
          "target": "ETH",
          "hedge": "BTC",
          "target_dollars": 44.96013531710623,
          "hedge_dollars": -55.03986468289378,
          "hedge_units_per_target_unit": -1.2241925940545928
        }
      ]
    },
    "120": {
      "lookback_days": 120,
      "corr": 0.8864577730132841,
      "stats": {
        "mean": {
          "btc": -0.00015520990088554947,
          "eth": -0.0002069072070617935
        },
        "std": {
          "btc": 0.0051905867323448224,
          "eth": 0.0074610463908051415
        },
        "min": {
          "btc": -0.03714671634653788,
          "eth": -0.05178573218862892
        },
        "max": {
          "btc": 0.0349913262434709,
          "eth": 0.04377388676562077
        }
      },
      "hedge_table": [
        {
          "target": "BTC",
          "hedge": "ETH",
          "hedge_ratio_units": 0.616701158842434,
          "target_w": 0.6185435041785984,
          "hedge_w": -0.38145649582140156
        },
        {
          "target": "ETH",
          "hedge": "BTC",
          "hedge_ratio_units": 1.274210972475963,
          "target_w": 0.43971294312738585,
          "hedge_w": -0.5602870568726142
        }
      ],
      "examples": [
        {
          "target": "BTC",
          "hedge": "ETH",
          "target_dollars": 61.85435041785984,
          "hedge_dollars": -38.14564958214016,
          "hedge_units_per_target_unit": -0.616701158842434
        },
        {
          "target": "ETH",
          "hedge": "BTC",
          "target_dollars": 43.971294312738586,
          "hedge_dollars": -56.028705687261414,
          "hedge_units_per_target_unit": -1.274210972475963
        }
      ]
    },
    "150": {
      "lookback_days": 150,
      "corr": 0.8722878278184716,
      "stats": {
        "mean": {
          "btc": -0.00012924233289290119,
          "eth": -0.00019424789925056516
        },
        "std": {
          "btc": 0.0048939651353754055,
          "eth": 0.007254512985165615
        },
        "min": {
          "btc": -0.03714671634653788,
          "eth": -0.05178573218862892
        },
        "max": {
          "btc": 0.0349913262434709,
          "eth": 0.04377388676562077
        }
      },
      "hedge_table": [
        {
          "target": "BTC",
          "hedge": "ETH",
          "hedge_ratio_units": 0.5884538667289307,
          "target_w": 0.6295429920538257,
          "hedge_w": -0.37045700794617425
        },
        {
          "target": "ETH",
          "hedge": "BTC",
          "hedge_ratio_units": 1.2930258386946194,
          "target_w": 0.4361049854411073,
          "hedge_w": -0.5638950145588926
        }
      ],
      "examples": [
        {
          "target": "BTC",
          "hedge": "ETH",
          "target_dollars": 62.95429920538257,
          "hedge_dollars": -37.045700794617424,
          "hedge_units_per_target_unit": -0.5884538667289307
        },
        {
          "target": "ETH",
          "hedge": "BTC",
          "target_dollars": 43.61049854411073,
          "hedge_dollars": -56.38950145588926,
          "hedge_units_per_target_unit": -1.2930258386946194
        }
      ]
    },
    "180": {
      "lookback_days": 180,
      "corr": 0.8592780435104023,
      "stats": {
        "mean": {
          "btc": -0.00011649324834008844,
          "eth": -0.0001620322761943843
        },
        "std": {
          "btc": 0.004704250757641194,
          "eth": 0.007241712337494259
        },
        "min": {
          "btc": -0.03714671634653788,
          "eth": -0.05178573218862892
        },
        "max": {
          "btc": 0.0349913262434709,
          "eth": 0.0757825447476439
        }
      },
      "hedge_table": [
        {
          "target": "BTC",
          "hedge": "ETH",
          "hedge_ratio_units": 0.5581911016099453,
          "target_w": 0.6417698053639157,
          "hedge_w": -0.35823019463608435
        },
        {
          "target": "ETH",
          "hedge": "BTC",
          "hedge_ratio_units": 1.3227705599918675,
          "target_w": 0.4305203523862044,
          "hedge_w": -0.5694796476137958
        }
      ],
      "examples": [
        {
          "target": "BTC",
          "hedge": "ETH",
          "target_dollars": 64.17698053639157,
          "hedge_dollars": -35.82301946360843,
          "hedge_units_per_target_unit": -0.5581911016099453
        },
        {
          "target": "ETH",
          "hedge": "BTC",
          "target_dollars": 43.05203523862044,
          "hedge_dollars": -56.94796476137958,
          "hedge_units_per_target_unit": -1.3227705599918675
        }
      ]
    }
  },
  "example_notional": 100.0,
  "provider": "cryptocompare"
}