{
  "generated_at": "2026-01-01T16:20:12.792158Z",
  "lookback_days": 180,
  "example_notional": 100.0,
  "provider": "cryptocompare",
  "corr": 0.8249313955966687,
  "stats": {
    "mean": {
      "btc": -3.9400339871135144e-05,
      "eth": 6.493233464823644e-05
    },
    "std": {
      "btc": 0.004201262725474943,
      "eth": 0.007025667212165317
    },
    "min": {
      "btc": -0.03714671634653788,
      "eth": -0.05178573218862892
    },
    "max": {
      "btc": 0.03468753462614105,
      "eth": 0.0757825447476439
    }
  },
  "hedge_table": [
    {
      "target": "BTC",
      "hedge": "ETH",
      "hedge_ratio_units": 0.49329884532435186,
      "target_w": 0.669658322666683,
      "hedge_w": -0.330341677333317
    },
    {
      "target": "ETH",
      "hedge": "BTC",
      "hedge_ratio_units": 1.3795122650117297,
      "target_w": 0.4202541901985407,
      "hedge_w": -0.5797458098014592
    }
  ],
  "examples": [
    {
      "target": "BTC",
      "hedge": "ETH",
      "target_dollars": 66.9658322666683,
      "hedge_dollars": -33.0341677333317,
      "hedge_units_per_target_unit": -0.49329884532435186
    },
    {
      "target": "ETH",
      "hedge": "BTC",
      "target_dollars": 42.02541901985407,
      "hedge_dollars": -57.974580980145916,
      "hedge_units_per_target_unit": -1.3795122650117297
    }
  ]
}