{
  "generated_at": "2026-03-17T17:01:53.720720Z",
  "lookbacks": {
    "30": {
      "lookback_days": 30,
      "corr": 0.918052183558458,
      "stats": {
        "mean": {
          "btc": 0.00013116186646834076,
          "eth": 0.0002677679797870946
        },
        "std": {
          "btc": 0.005759005554713333,
          "eth": 0.007181410626599951
        },
        "min": {
          "btc": -0.03612262483146145,
          "eth": -0.04038541666666662
        },
        "max": {
          "btc": 0.029223763595974894,
          "eth": 0.035902309432658264
        }
      },
      "hedge_table": [
        {
          "target": "BTC",
          "hedge": "ETH",
          "hedge_ratio_units": 0.7362157519647408,
          "target_w": 0.5759652847685419,
          "hedge_w": -0.42403471523145814
        },
        {
          "target": "ETH",
          "hedge": "BTC",
          "hedge_ratio_units": 1.1448000256544595,
          "target_w": 0.4662439332519414,
          "hedge_w": -0.5337560667480586
        }
      ],
      "examples": [
        {
          "target": "BTC",
          "hedge": "ETH",
          "target_dollars": 57.59652847685419,
          "hedge_dollars": -42.40347152314581,
          "hedge_units_per_target_unit": -0.7362157519647408
        },
        {
          "target": "ETH",
          "hedge": "BTC",
          "target_dollars": 46.62439332519414,
          "hedge_dollars": -53.375606674805866,
          "hedge_units_per_target_unit": -1.1448000256544595
        }
      ]
    },
    "60": {
      "lookback_days": 60,
      "corr": 0.9014335011120665,
      "stats": {
        "mean": {
          "btc": -0.00015193516224100895,
          "eth": -0.0002044942464999999
        },
        "std": {
          "btc": 0.006097457124707351,
          "eth": 0.008034681745417062
        },
        "min": {
          "btc": -0.03612262483146145,
          "eth": -0.04170398539552955
        },
        "max": {
          "btc": 0.0349913262434709,
          "eth": 0.04377388676562077
        }
      },
      "hedge_table": [
        {
          "target": "BTC",
          "hedge": "ETH",
          "hedge_ratio_units": 0.6840908324639999,
          "target_w": 0.5937921997573588,
          "hedge_w": -0.4062078002426413
        },
        {
          "target": "ETH",
          "hedge": "BTC",
          "hedge_ratio_units": 1.187828163111541,
          "target_w": 0.4570742880363121,
          "hedge_w": -0.542925711963688
        }
      ],
      "examples": [
        {
          "target": "BTC",
          "hedge": "ETH",
          "target_dollars": 59.37921997573588,
          "hedge_dollars": -40.62078002426413,
          "hedge_units_per_target_unit": -0.6840908324639999
        },
        {
          "target": "ETH",
          "hedge": "BTC",
          "target_dollars": 45.70742880363121,
          "hedge_dollars": -54.2925711963688,
          "hedge_units_per_target_unit": -1.187828163111541
        }
      ]
    },
    "120": {
      "lookback_days": 120,
      "corr": 0.8981333770300989,
      "stats": {
        "mean": {
          "btc": -6.115762539654205e-05,
          "eth": -6.324538352445874e-05
        },
        "std": {
          "btc": 0.00545744194895997,
          "eth": 0.0073440898033585115
        },
        "min": {
          "btc": -0.03714671634653788,
          "eth": -0.05178573218862892
        },
        "max": {
          "btc": 0.0349913262434709,
          "eth": 0.04377388676562077
        }
      },
      "hedge_table": [
        {
          "target": "BTC",
          "hedge": "ETH",
          "hedge_ratio_units": 0.6674088823537591,
          "target_w": 0.5997329212906515,
          "hedge_w": -0.40026707870934863
        },
        {
          "target": "ETH",
          "hedge": "BTC",
          "hedge_ratio_units": 1.2086197595852934,
          "target_w": 0.4527714631095066,
          "hedge_w": -0.5472285368904934
        }
      ],
      "examples": [
        {
          "target": "BTC",
          "hedge": "ETH",
          "target_dollars": 59.97329212906515,
          "hedge_dollars": -40.026707870934864,
          "hedge_units_per_target_unit": -0.6674088823537591
        },
        {
          "target": "ETH",
          "hedge": "BTC",
          "target_dollars": 45.27714631095066,
          "hedge_dollars": -54.722853689049344,
          "hedge_units_per_target_unit": -1.2086197595852934
        }
      ]
    },
    "150": {
      "lookback_days": 150,
      "corr": 0.8920949166658865,
      "stats": {
        "mean": {
          "btc": -8.679088483702997e-05,
          "eth": -0.000115059309439628
        },
        "std": {
          "btc": 0.005343025871294998,
          "eth": 0.007380031291821559
        },
        "min": {
          "btc": -0.03714671634653788,
          "eth": -0.05178573218862892
        },
        "max": {
          "btc": 0.0349913262434709,
          "eth": 0.04377388676562077
        }
      },
      "hedge_table": [
        {
          "target": "BTC",
          "hedge": "ETH",
          "hedge_ratio_units": 0.6458626028698193,
          "target_w": 0.6075841314191982,
          "hedge_w": -0.39241586858080174
        },
        {
          "target": "ETH",
          "hedge": "BTC",
          "hedge_ratio_units": 1.2322022312561793,
          "target_w": 0.4479880836949287,
          "hedge_w": -0.5520119163050712
        }
      ],
      "examples": [
        {
          "target": "BTC",
          "hedge": "ETH",
          "target_dollars": 60.75841314191982,
          "hedge_dollars": -39.241586858080176,
          "hedge_units_per_target_unit": -0.6458626028698193
        },
        {
          "target": "ETH",
          "hedge": "BTC",
          "target_dollars": 44.79880836949287,
          "hedge_dollars": -55.20119163050712,
          "hedge_units_per_target_unit": -1.2322022312561793
        }
      ]
    },
    "180": {
      "lookback_days": 180,
      "corr": 0.8798834102823534,
      "stats": {
        "mean": {
          "btc": -9.370283686450973e-05,
          "eth": -0.00013160650229530793
        },
        "std": {
          "btc": 0.005131297700160179,
          "eth": 0.007318181333324466
        },
        "min": {
          "btc": -0.03714671634653788,
          "eth": -0.05178573218862892
        },
        "max": {
          "btc": 0.0349913262434709,
          "eth": 0.04377388676562077
        }
      },
      "hedge_table": [
        {
          "target": "BTC",
          "hedge": "ETH",
          "hedge_ratio_units": 0.6169488721236577,
          "target_w": 0.6184487445707709,
          "hedge_w": -0.3815512554292292
        },
        {
          "target": "ETH",
          "hedge": "BTC",
          "hedge_ratio_units": 1.2548767826176186,
          "target_w": 0.4434832127896275,
          "hedge_w": -0.5565167872103725
        }
      ],
      "examples": [
        {
          "target": "BTC",
          "hedge": "ETH",
          "target_dollars": 61.84487445707709,
          "hedge_dollars": -38.15512554292292,
          "hedge_units_per_target_unit": -0.6169488721236577
        },
        {
          "target": "ETH",
          "hedge": "BTC",
          "target_dollars": 44.34832127896275,
          "hedge_dollars": -55.65167872103724,
          "hedge_units_per_target_unit": -1.2548767826176186
        }
      ]
    }
  },
  "example_notional": 100.0,
  "provider": "cryptocompare"
}