{
  "generated_at": "2026-04-24T02:29:46.325358Z",
  "lookbacks": {
    "30": {
      "lookback_days": 30,
      "corr": 0.909197075750534,
      "stats": {
        "mean": {
          "btc": 0.00015064108230022476,
          "eth": 0.00012027502840676736
        },
        "std": {
          "btc": 0.004206697461752626,
          "eth": 0.005662073709103517
        },
        "min": {
          "btc": -0.019619547762256384,
          "eth": -0.02913186092280784
        },
        "max": {
          "btc": 0.022681960554355562,
          "eth": 0.0410922552310693
        }
      },
      "hedge_table": [
        {
          "target": "BTC",
          "hedge": "ETH",
          "hedge_ratio_units": 0.6754975698467643,
          "target_w": 0.596837630800895,
          "hedge_w": -0.4031623691991049
        },
        {
          "target": "ETH",
          "hedge": "BTC",
          "hedge_ratio_units": 1.223748773427629,
          "target_w": 0.44969108558905496,
          "hedge_w": -0.550308914410945
        }
      ],
      "examples": [
        {
          "target": "BTC",
          "hedge": "ETH",
          "target_dollars": 59.683763080089506,
          "hedge_dollars": -40.316236919910494,
          "hedge_units_per_target_unit": -0.6754975698467643
        },
        {
          "target": "ETH",
          "hedge": "BTC",
          "target_dollars": 44.969108558905496,
          "hedge_dollars": -55.0308914410945,
          "hedge_units_per_target_unit": -1.223748773427629
        }
      ]
    },
    "60": {
      "lookback_days": 60,
      "corr": 0.9130542118800602,
      "stats": {
        "mean": {
          "btc": 0.00014245859529379767,
          "eth": 0.0001758768478537585
        },
        "std": {
          "btc": 0.005013456884237926,
          "eth": 0.006575105852956694
        },
        "min": {
          "btc": -0.03612262483146145,
          "eth": -0.04038541666666662
        },
        "max": {
          "btc": 0.029223763595974894,
          "eth": 0.041842617860856635
        }
      },
      "hedge_table": [
        {
          "target": "BTC",
          "hedge": "ETH",
          "hedge_ratio_units": 0.6961953201367983,
          "target_w": 0.5895547453340161,
          "hedge_w": -0.4104452546659839
        },
        {
          "target": "ETH",
          "hedge": "BTC",
          "hedge_ratio_units": 1.19746279487789,
          "target_w": 0.4550702757429705,
          "hedge_w": -0.5449297242570295
        }
      ],
      "examples": [
        {
          "target": "BTC",
          "hedge": "ETH",
          "target_dollars": 58.955474533401606,
          "hedge_dollars": -41.044525466598394,
          "hedge_units_per_target_unit": -0.6961953201367983
        },
        {
          "target": "ETH",
          "hedge": "BTC",
          "target_dollars": 45.50702757429705,
          "hedge_dollars": -54.492972425702945,
          "hedge_units_per_target_unit": -1.19746279487789
        }
      ]
    },
    "120": {
      "lookback_days": 120,
      "corr": 0.9010008585587485,
      "stats": {
        "mean": {
          "btc": -2.6415463855163576e-05,
          "eth": -5.866067378694512e-05
        },
        "std": {
          "btc": 0.005178223917255471,
          "eth": 0.006844931766461663
        },
        "min": {
          "btc": -0.03612262483146145,
          "eth": -0.04170398539552955
        },
        "max": {
          "btc": 0.0349913262434709,
          "eth": 0.04377388676562077
        }
      },
      "hedge_table": [
        {
          "target": "BTC",
          "hedge": "ETH",
          "hedge_ratio_units": 0.6816114980308119,
          "target_w": 0.5946676751265155,
          "hedge_w": -0.4053323248734844
        },
        {
          "target": "ETH",
          "hedge": "BTC",
          "hedge_ratio_units": 1.1910047724677684,
          "target_w": 0.45641160282534754,
          "hedge_w": -0.5435883971746525
        }
      ],
      "examples": [
        {
          "target": "BTC",
          "hedge": "ETH",
          "target_dollars": 59.46676751265155,
          "hedge_dollars": -40.53323248734844,
          "hedge_units_per_target_unit": -0.6816114980308119
        },
        {
          "target": "ETH",
          "hedge": "BTC",
          "target_dollars": 45.641160282534756,
          "hedge_dollars": -54.358839717465244,
          "hedge_units_per_target_unit": -1.1910047724677684
        }
      ]
    },
    "150": {
      "lookback_days": 150,
      "corr": 0.8996221177709653,
      "stats": {
        "mean": {
          "btc": -1.872551635879632e-05,
          "eth": -3.85985555160055e-05
        },
        "std": {
          "btc": 0.005127537641466752,
          "eth": 0.006902588009093779
        },
        "min": {
          "btc": -0.03714671634653788,
          "eth": -0.05178573218862892
        },
        "max": {
          "btc": 0.0349913262434709,
          "eth": 0.04377388676562077
        }
      },
      "hedge_table": [
        {
          "target": "BTC",
          "hedge": "ETH",
          "hedge_ratio_units": 0.6682777917339828,
          "target_w": 0.5994205551106779,
          "hedge_w": -0.400579444889322
        },
        {
          "target": "ETH",
          "hedge": "BTC",
          "hedge_ratio_units": 1.2110531949337582,
          "target_w": 0.4522731530346376,
          "hedge_w": -0.5477268469653624
        }
      ],
      "examples": [
        {
          "target": "BTC",
          "hedge": "ETH",
          "target_dollars": 59.94205551106779,
          "hedge_dollars": -40.0579444889322,
          "hedge_units_per_target_unit": -0.6682777917339828
        },
        {
          "target": "ETH",
          "hedge": "BTC",
          "target_dollars": 45.22731530346376,
          "hedge_dollars": -54.772684696536245,
          "hedge_units_per_target_unit": -1.2110531949337582
        }
      ]
    },
    "180": {
      "lookback_days": 180,
      "corr": 0.8954799230678332,
      "stats": {
        "mean": {
          "btc": -6.798773762852217e-05,
          "eth": -9.607373047314145e-05
        },
        "std": {
          "btc": 0.00518761529153926,
          "eth": 0.007145524470087122
        },
        "min": {
          "btc": -0.03714671634653788,
          "eth": -0.05178573218862892
        },
        "max": {
          "btc": 0.0349913262434709,
          "eth": 0.04377388676562077
        }
      },
      "hedge_table": [
        {
          "target": "BTC",
          "hedge": "ETH",
          "hedge_ratio_units": 0.650113978563767,
          "target_w": 0.6060187435478754,
          "hedge_w": -0.3939812564521245
        },
        {
          "target": "ETH",
          "hedge": "BTC",
          "hedge_ratio_units": 1.23345185468723,
          "target_w": 0.4477374329342948,
          "hedge_w": -0.5522625670657052
        }
      ],
      "examples": [
        {
          "target": "BTC",
          "hedge": "ETH",
          "target_dollars": 60.60187435478754,
          "hedge_dollars": -39.39812564521245,
          "hedge_units_per_target_unit": -0.650113978563767
        },
        {
          "target": "ETH",
          "hedge": "BTC",
          "target_dollars": 44.77374329342948,
          "hedge_dollars": -55.22625670657052,
          "hedge_units_per_target_unit": -1.23345185468723
        }
      ]
    }
  },
  "example_notional": 100.0,
  "provider": "cryptocompare"
}