{
  "generated_at": "2026-02-25T17:05:48.133851Z",
  "lookbacks": {
    "30": {
      "lookback_days": 30,
      "corr": 0.895637195902154,
      "stats": {
        "mean": {
          "btc": -0.0003363775146127975,
          "eth": -0.0004505236711672967
        },
        "std": {
          "btc": 0.006769020916756333,
          "eth": 0.00889806835381251
        },
        "min": {
          "btc": -0.03450018927739806,
          "eth": -0.04170398539552955
        },
        "max": {
          "btc": 0.0349913262434709,
          "eth": 0.04260060177264258
        }
      },
      "hedge_table": [
        {
          "target": "BTC",
          "hedge": "ETH",
          "hedge_ratio_units": 0.6813374174956819,
          "target_w": 0.5947646139282856,
          "hedge_w": -0.4052353860717144
        },
        {
          "target": "ETH",
          "hedge": "BTC",
          "hedge_ratio_units": 1.17734028116628,
          "target_w": 0.4592759380101835,
          "hedge_w": -0.5407240619898165
        }
      ],
      "examples": [
        {
          "target": "BTC",
          "hedge": "ETH",
          "target_dollars": 59.47646139282856,
          "hedge_dollars": -40.52353860717144,
          "hedge_units_per_target_unit": -0.6813374174956819
        },
        {
          "target": "ETH",
          "hedge": "BTC",
          "target_dollars": 45.927593801018354,
          "hedge_dollars": -54.072406198981646,
          "hedge_units_per_target_unit": -1.17734028116628
        }
      ]
    },
    "60": {
      "lookback_days": 60,
      "corr": 0.8914649902554694,
      "stats": {
        "mean": {
          "btc": -0.00015783166010033408,
          "eth": -0.00021761973303155172
        },
        "std": {
          "btc": 0.005420611871463937,
          "eth": 0.0072275673264022835
        },
        "min": {
          "btc": -0.03450018927739806,
          "eth": -0.04170398539552955
        },
        "max": {
          "btc": 0.0349913262434709,
          "eth": 0.04377388676562077
        }
      },
      "hedge_table": [
        {
          "target": "BTC",
          "hedge": "ETH",
          "hedge_ratio_units": 0.6685908952409138,
          "target_w": 0.5993080765645784,
          "hedge_w": -0.40069192343542154
        },
        {
          "target": "ETH",
          "hedge": "BTC",
          "hedge_ratio_units": 1.1886339381944857,
          "target_w": 0.45690600997668446,
          "hedge_w": -0.5430939900233155
        }
      ],
      "examples": [
        {
          "target": "BTC",
          "hedge": "ETH",
          "target_dollars": 59.930807656457844,
          "hedge_dollars": -40.069192343542156,
          "hedge_units_per_target_unit": -0.6685908952409138
        },
        {
          "target": "ETH",
          "hedge": "BTC",
          "target_dollars": 45.69060099766845,
          "hedge_dollars": -54.309399002331546,
          "hedge_units_per_target_unit": -1.1886339381944857
        }
      ]
    },
    "120": {
      "lookback_days": 120,
      "corr": 0.8900271194632751,
      "stats": {
        "mean": {
          "btc": -0.0001672331173039766,
          "eth": -0.00021266368889126695
        },
        "std": {
          "btc": 0.005325422884485441,
          "eth": 0.007452367743279836
        },
        "min": {
          "btc": -0.03714671634653788,
          "eth": -0.05178573218862892
        },
        "max": {
          "btc": 0.0349913262434709,
          "eth": 0.04377388676562077
        }
      },
      "hedge_table": [
        {
          "target": "BTC",
          "hedge": "ETH",
          "hedge_ratio_units": 0.6360087093228143,
          "target_w": 0.6112436897807992,
          "hedge_w": -0.3887563102192008
        },
        {
          "target": "ETH",
          "hedge": "BTC",
          "hedge_ratio_units": 1.2454990973685394,
          "target_w": 0.445335293686772,
          "hedge_w": -0.554664706313228
        }
      ],
      "examples": [
        {
          "target": "BTC",
          "hedge": "ETH",
          "target_dollars": 61.12436897807992,
          "hedge_dollars": -38.87563102192008,
          "hedge_units_per_target_unit": -0.6360087093228143
        },
        {
          "target": "ETH",
          "hedge": "BTC",
          "target_dollars": 44.5335293686772,
          "hedge_dollars": -55.46647063132279,
          "hedge_units_per_target_unit": -1.2454990973685394
        }
      ]
    },
    "150": {
      "lookback_days": 150,
      "corr": 0.8774282986393358,
      "stats": {
        "mean": {
          "btc": -0.00012033579290288867,
          "eth": -0.0001599607479016287
        },
        "std": {
          "btc": 0.005146738006722295,
          "eth": 0.007417186843977106
        },
        "min": {
          "btc": -0.03714671634653788,
          "eth": -0.05178573218862892
        },
        "max": {
          "btc": 0.0349913262434709,
          "eth": 0.04377388676562077
        }
      },
      "hedge_table": [
        {
          "target": "BTC",
          "hedge": "ETH",
          "hedge_ratio_units": 0.6088418247745423,
          "target_w": 0.6215651436959233,
          "hedge_w": -0.3784348563040766
        },
        {
          "target": "ETH",
          "hedge": "BTC",
          "hedge_ratio_units": 1.2644998880262712,
          "target_w": 0.4415986087204429,
          "hedge_w": -0.5584013912795572
        }
      ],
      "examples": [
        {
          "target": "BTC",
          "hedge": "ETH",
          "target_dollars": 62.15651436959233,
          "hedge_dollars": -37.843485630407656,
          "hedge_units_per_target_unit": -0.6088418247745423
        },
        {
          "target": "ETH",
          "hedge": "BTC",
          "target_dollars": 44.15986087204429,
          "hedge_dollars": -55.84013912795572,
          "hedge_units_per_target_unit": -1.2644998880262712
        }
      ]
    },
    "180": {
      "lookback_days": 180,
      "corr": 0.8708912288048696,
      "stats": {
        "mean": {
          "btc": -9.491385075598923e-05,
          "eth": -0.0001461631653938634
        },
        "std": {
          "btc": 0.004851114009506499,
          "eth": 0.007087786207627708
        },
        "min": {
          "btc": -0.03714671634653788,
          "eth": -0.05178573218862892
        },
        "max": {
          "btc": 0.0349913262434709,
          "eth": 0.04377388676562077
        }
      },
      "hedge_table": [
        {
          "target": "BTC",
          "hedge": "ETH",
          "hedge_ratio_units": 0.59606660204635,
          "target_w": 0.6265402701352684,
          "hedge_w": -0.3734597298647316
        },
        {
          "target": "ETH",
          "hedge": "BTC",
          "hedge_ratio_units": 1.2724274935140196,
          "target_w": 0.44005804491197537,
          "hedge_w": -0.5599419550880247
        }
      ],
      "examples": [
        {
          "target": "BTC",
          "hedge": "ETH",
          "target_dollars": 62.654027013526836,
          "hedge_dollars": -37.34597298647316,
          "hedge_units_per_target_unit": -0.59606660204635
        },
        {
          "target": "ETH",
          "hedge": "BTC",
          "target_dollars": 44.00580449119754,
          "hedge_dollars": -55.99419550880247,
          "hedge_units_per_target_unit": -1.2724274935140196
        }
      ]
    }
  },
  "example_notional": 100.0,
  "provider": "cryptocompare"
}