{
  "generated_at": "2026-06-02T12:02:24.974164Z",
  "lookbacks": {
    "30": {
      "lookback_days": 30,
      "corr": 0.8872559296853979,
      "stats": {
        "mean": {
          "btc": -0.00016882821802275094,
          "eth": -0.00021405907427965586
        },
        "std": {
          "btc": 0.0033934467426076716,
          "eth": 0.004504759509607371
        },
        "min": {
          "btc": -0.020668693538518745,
          "eth": -0.02232136709767152
        },
        "max": {
          "btc": 0.018403612886388032,
          "eth": 0.032926153475484776
        }
      },
      "hedge_table": [
        {
          "target": "BTC",
          "hedge": "ETH",
          "hedge_ratio_units": 0.6683721379640702,
          "target_w": 0.5993866579552865,
          "hedge_w": -0.40061334204471366
        },
        {
          "target": "ETH",
          "hedge": "BTC",
          "hedge_ratio_units": 1.1778215159594498,
          "target_w": 0.45917445147447955,
          "hedge_w": -0.5408255485255203
        }
      ],
      "examples": [
        {
          "target": "BTC",
          "hedge": "ETH",
          "target_dollars": 59.93866579552864,
          "hedge_dollars": -40.061334204471365,
          "hedge_units_per_target_unit": -0.6683721379640702
        },
        {
          "target": "ETH",
          "hedge": "BTC",
          "target_dollars": 45.91744514744796,
          "hedge_dollars": -54.082554852552036,
          "hedge_units_per_target_unit": -1.1778215159594498
        }
      ]
    },
    "60": {
      "lookback_days": 60,
      "corr": 0.898475070985359,
      "stats": {
        "mean": {
          "btc": 3.423225414135389e-05,
          "eth": -1.301181352474961e-05
        },
        "std": {
          "btc": 0.003626279501149522,
          "eth": 0.004861165890898742
        },
        "min": {
          "btc": -0.020668693538518745,
          "eth": -0.02913186092280784
        },
        "max": {
          "btc": 0.022681960554355562,
          "eth": 0.0410922552310693
        }
      },
      "hedge_table": [
        {
          "target": "BTC",
          "hedge": "ETH",
          "hedge_ratio_units": 0.6702346320474369,
          "target_w": 0.5987182763502886,
          "hedge_w": -0.4012817236497114
        },
        {
          "target": "ETH",
          "hedge": "BTC",
          "hedge_ratio_units": 1.2044400790155096,
          "target_w": 0.4536299305747491,
          "hedge_w": -0.5463700694252509
        }
      ],
      "examples": [
        {
          "target": "BTC",
          "hedge": "ETH",
          "target_dollars": 59.871827635028865,
          "hedge_dollars": -40.128172364971135,
          "hedge_units_per_target_unit": -0.6702346320474369
        },
        {
          "target": "ETH",
          "hedge": "BTC",
          "target_dollars": 45.36299305747491,
          "hedge_dollars": -54.63700694252509,
          "hedge_units_per_target_unit": -1.2044400790155096
        }
      ]
    },
    "120": {
      "lookback_days": 120,
      "corr": 0.9073501599507856,
      "stats": {
        "mean": {
          "btc": -2.9006272404557766e-05,
          "eth": -3.574817902049004e-05
        },
        "std": {
          "btc": 0.004997963735926355,
          "eth": 0.0064730546407981955
        },
        "min": {
          "btc": -0.03612262483146145,
          "eth": -0.04170398539552955
        },
        "max": {
          "btc": 0.0349913262434709,
          "eth": 0.04260060177264258
        }
      },
      "hedge_table": [
        {
          "target": "BTC",
          "hedge": "ETH",
          "hedge_ratio_units": 0.700581633690922,
          "target_w": 0.5880341056192709,
          "hedge_w": -0.411965894380729
        },
        {
          "target": "ETH",
          "hedge": "BTC",
          "hedge_ratio_units": 1.1751440134468718,
          "target_w": 0.4597396741631541,
          "hedge_w": -0.540260325836846
        }
      ],
      "examples": [
        {
          "target": "BTC",
          "hedge": "ETH",
          "target_dollars": 58.803410561927095,
          "hedge_dollars": -41.1965894380729,
          "hedge_units_per_target_unit": -0.700581633690922
        },
        {
          "target": "ETH",
          "hedge": "BTC",
          "target_dollars": 45.97396741631541,
          "hedge_dollars": -54.026032583684604,
          "hedge_units_per_target_unit": -1.1751440134468718
        }
      ]
    },
    "150": {
      "lookback_days": 150,
      "corr": 0.9004588128868621,
      "stats": {
        "mean": {
          "btc": -6.0342361825676557e-05,
          "eth": -0.00010446048183078632
        },
        "std": {
          "btc": 0.004863268682623392,
          "eth": 0.006446560993996535
        },
        "min": {
          "btc": -0.03612262483146145,
          "eth": -0.04170398539552955
        },
        "max": {
          "btc": 0.0349913262434709,
          "eth": 0.04377388676562077
        }
      },
      "hedge_table": [
        {
          "target": "BTC",
          "hedge": "ETH",
          "hedge_ratio_units": 0.6793037634768507,
          "target_w": 0.5954848799538137,
          "hedge_w": -0.40451512004618634
        },
        {
          "target": "ETH",
          "hedge": "BTC",
          "hedge_ratio_units": 1.1936133984531476,
          "target_w": 0.4558688421146414,
          "hedge_w": -0.5441311578853585
        }
      ],
      "examples": [
        {
          "target": "BTC",
          "hedge": "ETH",
          "target_dollars": 59.54848799538137,
          "hedge_dollars": -40.451512004618635,
          "hedge_units_per_target_unit": -0.6793037634768507
        },
        {
          "target": "ETH",
          "hedge": "BTC",
          "target_dollars": 45.58688421146414,
          "hedge_dollars": -54.41311578853585,
          "hedge_units_per_target_unit": -1.1936133984531476
        }
      ]
    },
    "180": {
      "lookback_days": 180,
      "corr": 0.9001858030204397,
      "stats": {
        "mean": {
          "btc": -5.5256033327322565e-05,
          "eth": -8.893425000265562e-05
        },
        "std": {
          "btc": 0.0047810893970373185,
          "eth": 0.006417096766366065
        },
        "min": {
          "btc": -0.03612262483146145,
          "eth": -0.04988725258205495
        },
        "max": {
          "btc": 0.0349913262434709,
          "eth": 0.04377388676562077
        }
      },
      "hedge_table": [
        {
          "target": "BTC",
          "hedge": "ETH",
          "hedge_ratio_units": 0.6706878445004008,
          "target_w": 0.5985558602654694,
          "hedge_w": -0.4014441397345307
        },
        {
          "target": "ETH",
          "hedge": "BTC",
          "hedge_ratio_units": 1.2082140545773223,
          "target_w": 0.45285464872716413,
          "hedge_w": -0.547145351272836
        }
      ],
      "examples": [
        {
          "target": "BTC",
          "hedge": "ETH",
          "target_dollars": 59.85558602654694,
          "hedge_dollars": -40.14441397345307,
          "hedge_units_per_target_unit": -0.6706878445004008
        },
        {
          "target": "ETH",
          "hedge": "BTC",
          "target_dollars": 45.28546487271641,
          "hedge_dollars": -54.714535127283604,
          "hedge_units_per_target_unit": -1.2082140545773223
        }
      ]
    }
  },
  "example_notional": 100.0,
  "provider": "cryptocompare"
}