{
  "generated_at": "2026-03-29T02:11:55.099031Z",
  "lookbacks": {
    "30": {
      "lookback_days": 30,
      "corr": 0.9184928678467594,
      "stats": {
        "mean": {
          "btc": -6.808654342008806e-06,
          "eth": -4.144317832931206e-06
        },
        "std": {
          "btc": 0.00549576112798886,
          "eth": 0.0070406244238626825
        },
        "min": {
          "btc": -0.03612262483146145,
          "eth": -0.04038541666666662
        },
        "max": {
          "btc": 0.029223763595974894,
          "eth": 0.041842617860856635
        }
      },
      "hedge_table": [
        {
          "target": "BTC",
          "hedge": "ETH",
          "hedge_ratio_units": 0.7169559254345024,
          "target_w": 0.5824261328938508,
          "hedge_w": -0.41757386710614924
        },
        {
          "target": "ETH",
          "hedge": "BTC",
          "hedge_ratio_units": 1.1766820223629417,
          "target_w": 0.4594148294174955,
          "hedge_w": -0.5405851705825045
        }
      ],
      "examples": [
        {
          "target": "BTC",
          "hedge": "ETH",
          "target_dollars": 58.24261328938508,
          "hedge_dollars": -41.757386710614924,
          "hedge_units_per_target_unit": -0.7169559254345024
        },
        {
          "target": "ETH",
          "hedge": "BTC",
          "target_dollars": 45.94148294174955,
          "hedge_dollars": -54.05851705825045,
          "hedge_units_per_target_unit": -1.1766820223629417
        }
      ]
    },
    "60": {
      "lookback_days": 60,
      "corr": 0.9024887117120676,
      "stats": {
        "mean": {
          "btc": -0.00018293048780217055,
          "eth": -0.00024854847192514975
        },
        "std": {
          "btc": 0.006174425146081057,
          "eth": 0.008038747555960428
        },
        "min": {
          "btc": -0.03612262483146145,
          "eth": -0.04170398539552955
        },
        "max": {
          "btc": 0.0349913262434709,
          "eth": 0.04260060177264258
        }
      },
      "hedge_table": [
        {
          "target": "BTC",
          "hedge": "ETH",
          "hedge_ratio_units": 0.6931862154966667,
          "target_w": 0.5906024930085244,
          "hedge_w": -0.4093975069914756
        },
        {
          "target": "ETH",
          "hedge": "BTC",
          "hedge_ratio_units": 1.1749885623217848,
          "target_w": 0.4597725327495549,
          "hedge_w": -0.5402274672504452
        }
      ],
      "examples": [
        {
          "target": "BTC",
          "hedge": "ETH",
          "target_dollars": 59.06024930085244,
          "hedge_dollars": -40.93975069914756,
          "hedge_units_per_target_unit": -0.6931862154966667
        },
        {
          "target": "ETH",
          "hedge": "BTC",
          "target_dollars": 45.97725327495549,
          "hedge_dollars": -54.02274672504453,
          "hedge_units_per_target_unit": -1.1749885623217848
        }
      ]
    },
    "120": {
      "lookback_days": 120,
      "corr": 0.899230479148567,
      "stats": {
        "mean": {
          "btc": -9.338885287615895e-05,
          "eth": -0.00011743240839040322
        },
        "std": {
          "btc": 0.005311130422372745,
          "eth": 0.0071407977814268355
        },
        "min": {
          "btc": -0.03714671634653788,
          "eth": -0.05178573218862892
        },
        "max": {
          "btc": 0.0349913262434709,
          "eth": 0.04377388676562077
        }
      },
      "hedge_table": [
        {
          "target": "BTC",
          "hedge": "ETH",
          "hedge_ratio_units": 0.6688230784175034,
          "target_w": 0.599224694895921,
          "hedge_w": -0.4007753051040791
        },
        {
          "target": "ETH",
          "hedge": "BTC",
          "hedge_ratio_units": 1.2090124888378846,
          "target_w": 0.45269096714164764,
          "hedge_w": -0.5473090328583524
        }
      ],
      "examples": [
        {
          "target": "BTC",
          "hedge": "ETH",
          "target_dollars": 59.9224694895921,
          "hedge_dollars": -40.07753051040791,
          "hedge_units_per_target_unit": -0.6688230784175034
        },
        {
          "target": "ETH",
          "hedge": "BTC",
          "target_dollars": 45.26909671416476,
          "hedge_dollars": -54.73090328583524,
          "hedge_units_per_target_unit": -1.2090124888378846
        }
      ]
    },
    "150": {
      "lookback_days": 150,
      "corr": 0.8941334666158125,
      "stats": {
        "mean": {
          "btc": -0.00012716639926351115,
          "eth": -0.00016038399010966778
        },
        "std": {
          "btc": 0.005360260991871933,
          "eth": 0.007372902645475738
        },
        "min": {
          "btc": -0.03714671634653788,
          "eth": -0.05178573218862892
        },
        "max": {
          "btc": 0.0349913262434709,
          "eth": 0.04377388676562077
        }
      },
      "hedge_table": [
        {
          "target": "BTC",
          "hedge": "ETH",
          "hedge_ratio_units": 0.6500545271093444,
          "target_w": 0.6060405783994632,
          "hedge_w": -0.39395942160053665
        },
        {
          "target": "ETH",
          "hedge": "BTC",
          "hedge_ratio_units": 1.2298578392762,
          "target_w": 0.4484590821828331,
          "hedge_w": -0.551540917817167
        }
      ],
      "examples": [
        {
          "target": "BTC",
          "hedge": "ETH",
          "target_dollars": 60.60405783994632,
          "hedge_dollars": -39.395942160053664,
          "hedge_units_per_target_unit": -0.6500545271093444
        },
        {
          "target": "ETH",
          "hedge": "BTC",
          "target_dollars": 44.845908218283306,
          "hedge_dollars": -55.154091781716694,
          "hedge_units_per_target_unit": -1.2298578392762
        }
      ]
    },
    "180": {
      "lookback_days": 180,
      "corr": 0.8830335447770773,
      "stats": {
        "mean": {
          "btc": -0.00011189432704943079,
          "eth": -0.00014430692147859655
        },
        "std": {
          "btc": 0.005214554825455628,
          "eth": 0.007368838209282284
        },
        "min": {
          "btc": -0.03714671634653788,
          "eth": -0.05178573218862892
        },
        "max": {
          "btc": 0.0349913262434709,
          "eth": 0.04377388676562077
        }
      },
      "hedge_table": [
        {
          "target": "BTC",
          "hedge": "ETH",
          "hedge_ratio_units": 0.6248782645487044,
          "target_w": 0.6154307198377973,
          "hedge_w": -0.38456928016220265
        },
        {
          "target": "ETH",
          "hedge": "BTC",
          "hedge_ratio_units": 1.2478402361533816,
          "target_w": 0.44487147436743585,
          "hedge_w": -0.5551285256325642
        }
      ],
      "examples": [
        {
          "target": "BTC",
          "hedge": "ETH",
          "target_dollars": 61.543071983779726,
          "hedge_dollars": -38.45692801622027,
          "hedge_units_per_target_unit": -0.6248782645487044
        },
        {
          "target": "ETH",
          "hedge": "BTC",
          "target_dollars": 44.487147436743584,
          "hedge_dollars": -55.51285256325642,
          "hedge_units_per_target_unit": -1.2478402361533816
        }
      ]
    }
  },
  "example_notional": 100.0,
  "provider": "cryptocompare"
}