{
  "generated_at": "2026-07-13T17:52:19.837142Z",
  "lookbacks": {
    "30": {
      "lookback_days": 30,
      "corr": 0.8973257557055602,
      "stats": {
        "mean": {
          "btc": -0.0002165179577185064,
          "eth": 0.0027729773860801546
        },
        "std": {
          "btc": 0.015949867091973782,
          "eth": 0.023220633387124653
        },
        "min": {
          "btc": -0.02781940606821942,
          "eth": -0.03574371340405036
        },
        "max": {
          "btc": 0.02513172386367879,
          "eth": 0.05593861591100735
        }
      },
      "hedge_table": [
        {
          "target": "BTC",
          "hedge": "ETH",
          "hedge_ratio_units": 0.6163581459257026,
          "target_w": 0.6186747674212334,
          "hedge_w": -0.38132523257876666
        },
        {
          "target": "ETH",
          "hedge": "BTC",
          "hedge_ratio_units": 1.3063727918177215,
          "target_w": 0.4335812508488145,
          "hedge_w": -0.5664187491511856
        }
      ],
      "examples": [
        {
          "target": "BTC",
          "hedge": "ETH",
          "target_dollars": 61.86747674212334,
          "hedge_dollars": -38.13252325787666,
          "hedge_units_per_target_unit": -0.6163581459257026
        },
        {
          "target": "ETH",
          "hedge": "BTC",
          "target_dollars": 43.35812508488145,
          "hedge_dollars": -56.641874915118564,
          "hedge_units_per_target_unit": -1.3063727918177215
        }
      ]
    },
    "60": {
      "lookback_days": 60,
      "corr": 0.8842295531025172,
      "stats": {
        "mean": {
          "btc": -0.0038801966927903475,
          "eth": -0.0035726195540966388
        },
        "std": {
          "btc": 0.019155203078979496,
          "eth": 0.02779099088152079
        },
        "min": {
          "btc": -0.06600964303204149,
          "eth": -0.10658012901637759
        },
        "max": {
          "btc": 0.039313475306052226,
          "eth": 0.07539563557614826
        }
      },
      "hedge_table": [
        {
          "target": "BTC",
          "hedge": "ETH",
          "hedge_ratio_units": 0.6094635750960722,
          "target_w": 0.6213250274646992,
          "hedge_w": -0.3786749725353008
        },
        {
          "target": "ETH",
          "hedge": "BTC",
          "hedge_ratio_units": 1.2828689597350085,
          "target_w": 0.43804529197158926,
          "hedge_w": -0.5619547080284107
        }
      ],
      "examples": [
        {
          "target": "BTC",
          "hedge": "ETH",
          "target_dollars": 62.13250274646992,
          "hedge_dollars": -37.86749725353008,
          "hedge_units_per_target_unit": -0.6094635750960722
        },
        {
          "target": "ETH",
          "hedge": "BTC",
          "target_dollars": 43.80452919715893,
          "hedge_dollars": -56.19547080284107,
          "hedge_units_per_target_unit": -1.2828689597350085
        }
      ]
    },
    "120": {
      "lookback_days": 120,
      "corr": 0.9033901189482246,
      "stats": {
        "mean": {
          "btc": -0.000911398736597804,
          "eth": -0.0011832560493725854
        },
        "std": {
          "btc": 0.019566425048693752,
          "eth": 0.027675642037429712
        },
        "min": {
          "btc": -0.06600964303204149,
          "eth": -0.10658012901637759
        },
        "max": {
          "btc": 0.05310982988222279,
          "eth": 0.08197502974334592
        }
      },
      "hedge_table": [
        {
          "target": "BTC",
          "hedge": "ETH",
          "hedge_ratio_units": 0.6386885271974917,
          "target_w": 0.6102440966680924,
          "hedge_w": -0.3897559033319077
        },
        {
          "target": "ETH",
          "hedge": "BTC",
          "hedge_ratio_units": 1.27779609662682,
          "target_w": 0.43902085945309,
          "hedge_w": -0.5609791405469101
        }
      ],
      "examples": [
        {
          "target": "BTC",
          "hedge": "ETH",
          "target_dollars": 61.02440966680924,
          "hedge_dollars": -38.975590333190766,
          "hedge_units_per_target_unit": -0.6386885271974917
        },
        {
          "target": "ETH",
          "hedge": "BTC",
          "target_dollars": 43.902085945309,
          "hedge_dollars": -56.09791405469101,
          "hedge_units_per_target_unit": -1.27779609662682
        }
      ]
    },
    "150": {
      "lookback_days": 150,
      "corr": 0.9090115484861859,
      "stats": {
        "mean": {
          "btc": -0.0002982872104218209,
          "eth": -0.0004216382890807125
        },
        "std": {
          "btc": 0.02094446064019271,
          "eth": 0.029205413793278796
        },
        "min": {
          "btc": -0.06600964303204149,
          "eth": -0.10658012901637759
        },
        "max": {
          "btc": 0.06364240856302605,
          "eth": 0.10814835249280486
        }
      },
      "hedge_table": [
        {
          "target": "BTC",
          "hedge": "ETH",
          "hedge_ratio_units": 0.6518913491008658,
          "target_w": 0.6053666910625242,
          "hedge_w": -0.3946333089374759
        },
        {
          "target": "ETH",
          "hedge": "BTC",
          "hedge_ratio_units": 1.2675455755333265,
          "target_w": 0.44100546899252513,
          "hedge_w": -0.5589945310074749
        }
      ],
      "examples": [
        {
          "target": "BTC",
          "hedge": "ETH",
          "target_dollars": 60.53666910625242,
          "hedge_dollars": -39.46333089374759,
          "hedge_units_per_target_unit": -0.6518913491008658
        },
        {
          "target": "ETH",
          "hedge": "BTC",
          "target_dollars": 44.100546899252514,
          "hedge_dollars": -55.899453100747486,
          "hedge_units_per_target_unit": -1.2675455755333265
        }
      ]
    },
    "180": {
      "lookback_days": 180,
      "corr": 0.9242846529487444,
      "stats": {
        "mean": {
          "btc": -0.0020126314590108844,
          "eth": -0.002869170665135372
        },
        "std": {
          "btc": 0.025663731383418008,
          "eth": 0.034269913516959905
        },
        "min": {
          "btc": -0.14101788206180332,
          "eth": -0.15404474276243008
        },
        "max": {
          "btc": 0.12203362664914996,
          "eth": 0.13191787874605776
        }
      },
      "hedge_table": [
        {
          "target": "BTC",
          "hedge": "ETH",
          "hedge_ratio_units": 0.692169621127091,
          "target_w": 0.5909573056476084,
          "hedge_w": -0.40904269435239166
        },
        {
          "target": "ETH",
          "hedge": "BTC",
          "hedge_ratio_units": 1.2342381023389644,
          "target_w": 0.44757987027126905,
          "hedge_w": -0.552420129728731
        }
      ],
      "examples": [
        {
          "target": "BTC",
          "hedge": "ETH",
          "target_dollars": 59.09573056476084,
          "hedge_dollars": -40.904269435239165,
          "hedge_units_per_target_unit": -0.692169621127091
        },
        {
          "target": "ETH",
          "hedge": "BTC",
          "target_dollars": 44.75798702712691,
          "hedge_dollars": -55.2420129728731,
          "hedge_units_per_target_unit": -1.2342381023389644
        }
      ]
    }
  },
  "example_notional": 100.0,
  "provider": "coingecko"
}