{
  "generated_at": "2026-05-27T11:36:08.039464Z",
  "lookbacks": {
    "30": {
      "lookback_days": 30,
      "corr": 0.8926818304629324,
      "stats": {
        "mean": {
          "btc": -2.9269759924585763e-05,
          "eth": -0.00013891973318903606
        },
        "std": {
          "btc": 0.003334838061565513,
          "eth": 0.004425618178458756
        },
        "min": {
          "btc": -0.020668693538518745,
          "eth": -0.02232136709767152
        },
        "max": {
          "btc": 0.018403612886388032,
          "eth": 0.032926153475484776
        }
      },
      "hedge_table": [
        {
          "target": "BTC",
          "hedge": "ETH",
          "hedge_ratio_units": 0.6726629422270896,
          "target_w": 0.597849079306161,
          "hedge_w": -0.4021509206938389
        },
        {
          "target": "ETH",
          "hedge": "BTC",
          "hedge_ratio_units": 1.1846659008749532,
          "target_w": 0.45773589435322926,
          "hedge_w": -0.5422641056467707
        }
      ],
      "examples": [
        {
          "target": "BTC",
          "hedge": "ETH",
          "target_dollars": 59.78490793061611,
          "hedge_dollars": -40.21509206938389,
          "hedge_units_per_target_unit": -0.6726629422270896
        },
        {
          "target": "ETH",
          "hedge": "BTC",
          "target_dollars": 45.773589435322926,
          "hedge_dollars": -54.226410564677074,
          "hedge_units_per_target_unit": -1.1846659008749532
        }
      ]
    },
    "60": {
      "lookback_days": 60,
      "corr": 0.9038215796568934,
      "stats": {
        "mean": {
          "btc": 9.835717694539676e-05,
          "eth": 4.023694019423437e-05
        },
        "std": {
          "btc": 0.0037349051835581064,
          "eth": 0.005024334238467689
        },
        "min": {
          "btc": -0.020668693538518745,
          "eth": -0.02913186092280784
        },
        "max": {
          "btc": 0.022681960554355562,
          "eth": 0.0410922552310693
        }
      },
      "hedge_table": [
        {
          "target": "BTC",
          "hedge": "ETH",
          "hedge_ratio_units": 0.6718677027947323,
          "target_w": 0.5981334517847178,
          "hedge_w": -0.4018665482152821
        },
        {
          "target": "ETH",
          "hedge": "BTC",
          "hedge_ratio_units": 1.2158546161029826,
          "target_w": 0.4512931456481099,
          "hedge_w": -0.54870685435189
        }
      ],
      "examples": [
        {
          "target": "BTC",
          "hedge": "ETH",
          "target_dollars": 59.81334517847178,
          "hedge_dollars": -40.18665482152821,
          "hedge_units_per_target_unit": -0.6718677027947323
        },
        {
          "target": "ETH",
          "hedge": "BTC",
          "target_dollars": 45.12931456481099,
          "hedge_dollars": -54.870685435189,
          "hedge_units_per_target_unit": -1.2158546161029826
        }
      ]
    },
    "120": {
      "lookback_days": 120,
      "corr": 0.9028143801686338,
      "stats": {
        "mean": {
          "btc": -3.8497157693377536e-05,
          "eth": -9.46938533118457e-05
        },
        "std": {
          "btc": 0.005114563263474809,
          "eth": 0.0067268558312015975
        },
        "min": {
          "btc": -0.03612262483146145,
          "eth": -0.04170398539552955
        },
        "max": {
          "btc": 0.0349913262434709,
          "eth": 0.04260060177264258
        }
      },
      "hedge_table": [
        {
          "target": "BTC",
          "hedge": "ETH",
          "hedge_ratio_units": 0.6864278614578937,
          "target_w": 0.5929693305324746,
          "hedge_w": -0.4070306694675255
        },
        {
          "target": "ETH",
          "hedge": "BTC",
          "hedge_ratio_units": 1.1874136392251788,
          "target_w": 0.45716090549486466,
          "hedge_w": -0.5428390945051353
        }
      ],
      "examples": [
        {
          "target": "BTC",
          "hedge": "ETH",
          "target_dollars": 59.29693305324746,
          "hedge_dollars": -40.70306694675255,
          "hedge_units_per_target_unit": -0.6864278614578937
        },
        {
          "target": "ETH",
          "hedge": "BTC",
          "target_dollars": 45.716090549486466,
          "hedge_dollars": -54.283909450513534,
          "hedge_units_per_target_unit": -1.1874136392251788
        }
      ]
    },
    "150": {
      "lookback_days": 150,
      "corr": 0.8997854708196454,
      "stats": {
        "mean": {
          "btc": -2.921719054958178e-05,
          "eth": -7.529725627326985e-05
        },
        "std": {
          "btc": 0.0048516417236387395,
          "eth": 0.00642754134336903
        },
        "min": {
          "btc": -0.03612262483146145,
          "eth": -0.04170398539552955
        },
        "max": {
          "btc": 0.0349913262434709,
          "eth": 0.04377388676562077
        }
      },
      "hedge_table": [
        {
          "target": "BTC",
          "hedge": "ETH",
          "hedge_ratio_units": 0.6791767643869175,
          "target_w": 0.595529917521881,
          "hedge_w": -0.404470082478119
        },
        {
          "target": "ETH",
          "hedge": "BTC",
          "hedge_ratio_units": 1.1920518132403382,
          "target_w": 0.4561935963191392,
          "hedge_w": -0.5438064036808608
        }
      ],
      "examples": [
        {
          "target": "BTC",
          "hedge": "ETH",
          "target_dollars": 59.5529917521881,
          "hedge_dollars": -40.4470082478119,
          "hedge_units_per_target_unit": -0.6791767643869175
        },
        {
          "target": "ETH",
          "hedge": "BTC",
          "target_dollars": 45.619359631913916,
          "hedge_dollars": -54.38064036808608,
          "hedge_units_per_target_unit": -1.1920518132403382
        }
      ]
    },
    "180": {
      "lookback_days": 180,
      "corr": 0.9002158922493223,
      "stats": {
        "mean": {
          "btc": -3.201149979729443e-05,
          "eth": -6.642997555459353e-05
        },
        "std": {
          "btc": 0.0048495707921340095,
          "eth": 0.006514399972821352
        },
        "min": {
          "btc": -0.03714671634653788,
          "eth": -0.05178573218862892
        },
        "max": {
          "btc": 0.0349913262434709,
          "eth": 0.04377388676562077
        }
      },
      "hedge_table": [
        {
          "target": "BTC",
          "hedge": "ETH",
          "hedge_ratio_units": 0.6701554580438859,
          "target_w": 0.5987466586920099,
          "hedge_w": -0.4012533413079901
        },
        {
          "target": "ETH",
          "hedge": "BTC",
          "hedge_ratio_units": 1.2092547228126498,
          "target_w": 0.45264133179123794,
          "hedge_w": -0.5473586682087621
        }
      ],
      "examples": [
        {
          "target": "BTC",
          "hedge": "ETH",
          "target_dollars": 59.874665869200996,
          "hedge_dollars": -40.12533413079901,
          "hedge_units_per_target_unit": -0.6701554580438859
        },
        {
          "target": "ETH",
          "hedge": "BTC",
          "target_dollars": 45.264133179123796,
          "hedge_dollars": -54.73586682087621,
          "hedge_units_per_target_unit": -1.2092547228126498
        }
      ]
    }
  },
  "example_notional": 100.0,
  "provider": "cryptocompare"
}