{
  "generated_at": "2026-04-14T02:25:45.977901Z",
  "lookbacks": {
    "30": {
      "lookback_days": 30,
      "corr": 0.9138058512109566,
      "stats": {
        "mean": {
          "btc": 7.017289883076945e-05,
          "eth": 0.00019230250773977754
        },
        "std": {
          "btc": 0.004495410436488304,
          "eth": 0.0062664647671137035
        },
        "min": {
          "btc": -0.019619547762256384,
          "eth": -0.030096491146448856
        },
        "max": {
          "btc": 0.022874680739771724,
          "eth": 0.041842617860856635
        }
      },
      "hedge_table": [
        {
          "target": "BTC",
          "hedge": "ETH",
          "hedge_ratio_units": 0.6555422416186186,
          "target_w": 0.6040317032456406,
          "hedge_w": -0.39596829675435946
        },
        {
          "target": "ETH",
          "hedge": "BTC",
          "hedge_ratio_units": 1.2738174303543832,
          "target_w": 0.4397890466712387,
          "hedge_w": -0.5602109533287613
        }
      ],
      "examples": [
        {
          "target": "BTC",
          "hedge": "ETH",
          "target_dollars": 60.40317032456406,
          "hedge_dollars": -39.59682967543595,
          "hedge_units_per_target_unit": -0.6555422416186186
        },
        {
          "target": "ETH",
          "hedge": "BTC",
          "target_dollars": 43.97890466712387,
          "hedge_dollars": -56.02109533287612,
          "hedge_units_per_target_unit": -1.2738174303543832
        }
      ]
    },
    "60": {
      "lookback_days": 60,
      "corr": 0.9158158772660576,
      "stats": {
        "mean": {
          "btc": 9.227346754966999e-05,
          "eth": 0.00015865430339296224
        },
        "std": {
          "btc": 0.005162988488389528,
          "eth": 0.0067395055148802025
        },
        "min": {
          "btc": -0.03612262483146145,
          "eth": -0.04038541666666662
        },
        "max": {
          "btc": 0.029223763595974894,
          "eth": 0.041842617860856635
        }
      },
      "hedge_table": [
        {
          "target": "BTC",
          "hedge": "ETH",
          "hedge_ratio_units": 0.701586610674813,
          "target_w": 0.5876868057885231,
          "hedge_w": -0.41231319421147694
        },
        {
          "target": "ETH",
          "hedge": "BTC",
          "hedge_ratio_units": 1.1954599878208718,
          "target_w": 0.45548541332905873,
          "hedge_w": -0.5445145866709413
        }
      ],
      "examples": [
        {
          "target": "BTC",
          "hedge": "ETH",
          "target_dollars": 58.768680578852305,
          "hedge_dollars": -41.231319421147695,
          "hedge_units_per_target_unit": -0.701586610674813
        },
        {
          "target": "ETH",
          "hedge": "BTC",
          "target_dollars": 45.54854133290587,
          "hedge_dollars": -54.45145866709413,
          "hedge_units_per_target_unit": -1.1954599878208718
        }
      ]
    },
    "120": {
      "lookback_days": 120,
      "corr": 0.9022240475613198,
      "stats": {
        "mean": {
          "btc": -4.9134752893762384e-05,
          "eth": -6.951783406676636e-05
        },
        "std": {
          "btc": 0.005238194622215221,
          "eth": 0.006954870918130718
        },
        "min": {
          "btc": -0.03612262483146145,
          "eth": -0.04170398539552955
        },
        "max": {
          "btc": 0.0349913262434709,
          "eth": 0.04377388676562077
        }
      },
      "hedge_table": [
        {
          "target": "BTC",
          "hedge": "ETH",
          "hedge_ratio_units": 0.6795273714784031,
          "target_w": 0.5954055986117991,
          "hedge_w": -0.40459440138820096
        },
        {
          "target": "ETH",
          "hedge": "BTC",
          "hedge_ratio_units": 1.1979035226012253,
          "target_w": 0.454979024200524,
          "hedge_w": -0.5450209757994758
        }
      ],
      "examples": [
        {
          "target": "BTC",
          "hedge": "ETH",
          "target_dollars": 59.54055986117991,
          "hedge_dollars": -40.4594401388201,
          "hedge_units_per_target_unit": -0.6795273714784031
        },
        {
          "target": "ETH",
          "hedge": "BTC",
          "target_dollars": 45.4979024200524,
          "hedge_dollars": -54.50209757994758,
          "hedge_units_per_target_unit": -1.1979035226012253
        }
      ]
    },
    "150": {
      "lookback_days": 150,
      "corr": 0.900501545867823,
      "stats": {
        "mean": {
          "btc": -5.749997789552002e-05,
          "eth": -5.5354697159511854e-05
        },
        "std": {
          "btc": 0.005283051029508096,
          "eth": 0.0071651488780161395
        },
        "min": {
          "btc": -0.03714671634653788,
          "eth": -0.05178573218862892
        },
        "max": {
          "btc": 0.0349913262434709,
          "eth": 0.04377388676562077
        }
      },
      "hedge_table": [
        {
          "target": "BTC",
          "hedge": "ETH",
          "hedge_ratio_units": 0.6639632616102521,
          "target_w": 0.6009748069992117,
          "hedge_w": -0.39902519300078837
        },
        {
          "target": "ETH",
          "hedge": "BTC",
          "hedge_ratio_units": 1.2213070827800423,
          "target_w": 0.45018539208386515,
          "hedge_w": -0.5498146079161349
        }
      ],
      "examples": [
        {
          "target": "BTC",
          "hedge": "ETH",
          "target_dollars": 60.09748069992117,
          "hedge_dollars": -39.902519300078836,
          "hedge_units_per_target_unit": -0.6639632616102521
        },
        {
          "target": "ETH",
          "hedge": "BTC",
          "target_dollars": 45.018539208386514,
          "hedge_dollars": -54.98146079161349,
          "hedge_units_per_target_unit": -1.2213070827800423
        }
      ]
    },
    "180": {
      "lookback_days": 180,
      "corr": 0.8955492620517341,
      "stats": {
        "mean": {
          "btc": -7.944875620732454e-05,
          "eth": -9.571712249160766e-05
        },
        "std": {
          "btc": 0.005224338347096888,
          "eth": 0.007221097633936411
        },
        "min": {
          "btc": -0.03714671634653788,
          "eth": -0.05178573218862892
        },
        "max": {
          "btc": 0.0349913262434709,
          "eth": 0.04377388676562077
        }
      },
      "hedge_table": [
        {
          "target": "BTC",
          "hedge": "ETH",
          "hedge_ratio_units": 0.6479142906839133,
          "target_w": 0.6068276764472881,
          "hedge_w": -0.39317232355271187
        },
        {
          "target": "ETH",
          "hedge": "BTC",
          "hedge_ratio_units": 1.2378311333661685,
          "target_w": 0.446861242159854,
          "hedge_w": -0.5531387578401459
        }
      ],
      "examples": [
        {
          "target": "BTC",
          "hedge": "ETH",
          "target_dollars": 60.682767644728806,
          "hedge_dollars": -39.31723235527119,
          "hedge_units_per_target_unit": -0.6479142906839133
        },
        {
          "target": "ETH",
          "hedge": "BTC",
          "target_dollars": 44.6861242159854,
          "hedge_dollars": -55.313875784014584,
          "hedge_units_per_target_unit": -1.2378311333661685
        }
      ]
    }
  },
  "example_notional": 100.0,
  "provider": "cryptocompare"
}