{
  "generated_at": "2026-05-23T02:47:58.109091Z",
  "lookbacks": {
    "30": {
      "lookback_days": 30,
      "corr": 0.8870319713437549,
      "stats": {
        "mean": {
          "btc": -3.69485646089264e-05,
          "eth": -0.00016652626738043107
        },
        "std": {
          "btc": 0.003251652285755054,
          "eth": 0.004200210723664689
        },
        "min": {
          "btc": -0.020668693538518745,
          "eth": -0.025174966013795874
        },
        "max": {
          "btc": 0.018403612886388032,
          "eth": 0.02102707121219405
        }
      },
      "hedge_table": [
        {
          "target": "BTC",
          "hedge": "ETH",
          "hedge_ratio_units": 0.6867082932070513,
          "target_w": 0.5928707435822427,
          "hedge_w": -0.4071292564177572
        },
        {
          "target": "ETH",
          "hedge": "BTC",
          "hedge_ratio_units": 1.1457932370546602,
          "target_w": 0.46602812551157596,
          "hedge_w": -0.5339718744884241
        }
      ],
      "examples": [
        {
          "target": "BTC",
          "hedge": "ETH",
          "target_dollars": 59.28707435822427,
          "hedge_dollars": -40.71292564177572,
          "hedge_units_per_target_unit": -0.6867082932070513
        },
        {
          "target": "ETH",
          "hedge": "BTC",
          "target_dollars": 46.6028125511576,
          "hedge_dollars": -53.39718744884241,
          "hedge_units_per_target_unit": -1.1457932370546602
        }
      ]
    },
    "60": {
      "lookback_days": 60,
      "corr": 0.901913702302461,
      "stats": {
        "mean": {
          "btc": 5.407935166649889e-05,
          "eth": -1.2664507422277276e-05
        },
        "std": {
          "btc": 0.0037901289949319973,
          "eth": 0.005006215972446945
        },
        "min": {
          "btc": -0.020668693538518745,
          "eth": -0.02913186092280784
        },
        "max": {
          "btc": 0.022681960554355562,
          "eth": 0.0410922552310693
        }
      },
      "hedge_table": [
        {
          "target": "BTC",
          "hedge": "ETH",
          "hedge_ratio_units": 0.6828249705639823,
          "target_w": 0.5942388647019303,
          "hedge_w": -0.4057611352980698
        },
        {
          "target": "ETH",
          "hedge": "BTC",
          "hedge_ratio_units": 1.1912984461143257,
          "target_w": 0.4563504354111277,
          "hedge_w": -0.5436495645888724
        }
      ],
      "examples": [
        {
          "target": "BTC",
          "hedge": "ETH",
          "target_dollars": 59.42388647019303,
          "hedge_dollars": -40.57611352980698,
          "hedge_units_per_target_unit": -0.6828249705639823
        },
        {
          "target": "ETH",
          "hedge": "BTC",
          "target_dollars": 45.63504354111277,
          "hedge_dollars": -54.364956458887235,
          "hedge_units_per_target_unit": -1.1912984461143257
        }
      ]
    },
    "120": {
      "lookback_days": 120,
      "corr": 0.9020328235374301,
      "stats": {
        "mean": {
          "btc": -4.7661937654788716e-05,
          "eth": -0.0001027552146240848
        },
        "std": {
          "btc": 0.005103970739475559,
          "eth": 0.006710367857660283
        },
        "min": {
          "btc": -0.03612262483146145,
          "eth": -0.04170398539552955
        },
        "max": {
          "btc": 0.0349913262434709,
          "eth": 0.04260060177264258
        }
      },
      "hedge_table": [
        {
          "target": "BTC",
          "hedge": "ETH",
          "hedge_ratio_units": 0.6860948959937989,
          "target_w": 0.5930864285136166,
          "hedge_w": -0.4069135714863834
        },
        {
          "target": "ETH",
          "hedge": "BTC",
          "hedge_ratio_units": 1.1859339276388707,
          "target_w": 0.457470368777407,
          "hedge_w": -0.5425296312225929
        }
      ],
      "examples": [
        {
          "target": "BTC",
          "hedge": "ETH",
          "target_dollars": 59.30864285136166,
          "hedge_dollars": -40.69135714863834,
          "hedge_units_per_target_unit": -0.6860948959937989
        },
        {
          "target": "ETH",
          "hedge": "BTC",
          "target_dollars": 45.7470368777407,
          "hedge_dollars": -54.25296312225929,
          "hedge_units_per_target_unit": -1.1859339276388707
        }
      ]
    },
    "150": {
      "lookback_days": 150,
      "corr": 0.8999107605815573,
      "stats": {
        "mean": {
          "btc": -2.8764089343981806e-05,
          "eth": -7.811066564826128e-05
        },
        "std": {
          "btc": 0.00484999217872227,
          "eth": 0.006399201420648771
        },
        "min": {
          "btc": -0.03612262483146145,
          "eth": -0.04170398539552955
        },
        "max": {
          "btc": 0.0349913262434709,
          "eth": 0.04377388676562077
        }
      },
      "hedge_table": [
        {
          "target": "BTC",
          "hedge": "ETH",
          "hedge_ratio_units": 0.6820476280501371,
          "target_w": 0.5945134866122785,
          "hedge_w": -0.40548651338772146
        },
        {
          "target": "ETH",
          "hedge": "BTC",
          "hedge_ratio_units": 1.1873648462434738,
          "target_w": 0.4571711032649058,
          "hedge_w": -0.5428288967350942
        }
      ],
      "examples": [
        {
          "target": "BTC",
          "hedge": "ETH",
          "target_dollars": 59.451348661227854,
          "hedge_dollars": -40.548651338772146,
          "hedge_units_per_target_unit": -0.6820476280501371
        },
        {
          "target": "ETH",
          "hedge": "BTC",
          "target_dollars": 45.71711032649058,
          "hedge_dollars": -54.282889673509416,
          "hedge_units_per_target_unit": -1.1873648462434738
        }
      ]
    },
    "180": {
      "lookback_days": 180,
      "corr": 0.8986419920468599,
      "stats": {
        "mean": {
          "btc": -2.2252087987398037e-05,
          "eth": -5.358095176675572e-05
        },
        "std": {
          "btc": 0.004877674292921488,
          "eth": 0.006554955545828533
        },
        "min": {
          "btc": -0.03714671634653788,
          "eth": -0.05178573218862892
        },
        "max": {
          "btc": 0.0349913262434709,
          "eth": 0.04377388676562077
        }
      },
      "hedge_table": [
        {
          "target": "BTC",
          "hedge": "ETH",
          "hedge_ratio_units": 0.6686975849799889,
          "target_w": 0.5992697592428002,
          "hedge_w": -0.4007302407571999
        },
        {
          "target": "ETH",
          "hedge": "BTC",
          "hedge_ratio_units": 1.2076571652253165,
          "target_w": 0.4529688829188923,
          "hedge_w": -0.5470311170811077
        }
      ],
      "examples": [
        {
          "target": "BTC",
          "hedge": "ETH",
          "target_dollars": 59.92697592428002,
          "hedge_dollars": -40.073024075719985,
          "hedge_units_per_target_unit": -0.6686975849799889
        },
        {
          "target": "ETH",
          "hedge": "BTC",
          "target_dollars": 45.29688829188923,
          "hedge_dollars": -54.703111708110775,
          "hedge_units_per_target_unit": -1.2076571652253165
        }
      ]
    }
  },
  "example_notional": 100.0,
  "provider": "cryptocompare"
}