{
  "generated_at": "2026-06-06T02:55:07.292551Z",
  "lookbacks": {
    "30": {
      "lookback_days": 30,
      "corr": 0.8884785526790665,
      "stats": {
        "mean": {
          "btc": -0.00038017031167124316,
          "eth": -0.0005184970692937083
        },
        "std": {
          "btc": 0.004466744478627952,
          "eth": 0.005660467240611806
        },
        "min": {
          "btc": -0.022992854112727557,
          "eth": -0.03439786519755539
        },
        "max": {
          "btc": 0.02212668221855041,
          "eth": 0.0384557017519207
        }
      },
      "hedge_table": [
        {
          "target": "BTC",
          "hedge": "ETH",
          "hedge_ratio_units": 0.7011093785836717,
          "target_w": 0.587851676435169,
          "hedge_w": -0.412148323564831
        },
        {
          "target": "ETH",
          "hedge": "BTC",
          "hedge_ratio_units": 1.1259215219248147,
          "target_w": 0.4703842496945031,
          "hedge_w": -0.529615750305497
        }
      ],
      "examples": [
        {
          "target": "BTC",
          "hedge": "ETH",
          "target_dollars": 58.7851676435169,
          "hedge_dollars": -41.2148323564831,
          "hedge_units_per_target_unit": -0.7011093785836717
        },
        {
          "target": "ETH",
          "hedge": "BTC",
          "target_dollars": 47.03842496945031,
          "hedge_dollars": -52.9615750305497,
          "hedge_units_per_target_unit": -1.1259215219248147
        }
      ]
    },
    "60": {
      "lookback_days": 60,
      "corr": 0.8953205134436534,
      "stats": {
        "mean": {
          "btc": -7.377803037199299e-05,
          "eth": -0.00018500126600863226
        },
        "std": {
          "btc": 0.004216008166137765,
          "eth": 0.0054784448270331475
        },
        "min": {
          "btc": -0.022992854112727557,
          "eth": -0.03439786519755539
        },
        "max": {
          "btc": 0.022681960554355562,
          "eth": 0.0410922552310693
        }
      },
      "hedge_table": [
        {
          "target": "BTC",
          "hedge": "ETH",
          "hedge_ratio_units": 0.6890054961150859,
          "target_w": 0.5920643848111325,
          "hedge_w": -0.4079356151888675
        },
        {
          "target": "ETH",
          "hedge": "BTC",
          "hedge_ratio_units": 1.163414263475069,
          "target_w": 0.4622323227146108,
          "hedge_w": -0.5377676772853893
        }
      ],
      "examples": [
        {
          "target": "BTC",
          "hedge": "ETH",
          "target_dollars": 59.20643848111325,
          "hedge_dollars": -40.79356151888675,
          "hedge_units_per_target_unit": -0.6890054961150859
        },
        {
          "target": "ETH",
          "hedge": "BTC",
          "target_dollars": 46.22323227146108,
          "hedge_dollars": -53.776767728538935,
          "hedge_units_per_target_unit": -1.163414263475069
        }
      ]
    },
    "120": {
      "lookback_days": 120,
      "corr": 0.902752623039448,
      "stats": {
        "mean": {
          "btc": -4.865133077720251e-06,
          "eth": -4.2454797960157386e-05
        },
        "std": {
          "btc": 0.004895133020932139,
          "eth": 0.006249385213360859
        },
        "min": {
          "btc": -0.03612262483146145,
          "eth": -0.04038541666666662
        },
        "max": {
          "btc": 0.029223763595974894,
          "eth": 0.041842617860856635
        }
      },
      "hedge_table": [
        {
          "target": "BTC",
          "hedge": "ETH",
          "hedge_ratio_units": 0.7071246248872151,
          "target_w": 0.585780314700848,
          "hedge_w": -0.41421968529915193
        },
        {
          "target": "ETH",
          "hedge": "BTC",
          "hedge_ratio_units": 1.1525016520738316,
          "target_w": 0.464575717763816,
          "hedge_w": -0.5354242822361841
        }
      ],
      "examples": [
        {
          "target": "BTC",
          "hedge": "ETH",
          "target_dollars": 58.5780314700848,
          "hedge_dollars": -41.42196852991519,
          "hedge_units_per_target_unit": -0.7071246248872151
        },
        {
          "target": "ETH",
          "hedge": "BTC",
          "target_dollars": 46.4575717763816,
          "hedge_dollars": -53.54242822361841,
          "hedge_units_per_target_unit": -1.1525016520738316
        }
      ]
    },
    "150": {
      "lookback_days": 150,
      "corr": 0.8997603420425379,
      "stats": {
        "mean": {
          "btc": -0.00010344504625708441,
          "eth": -0.00017951630992512206
        },
        "std": {
          "btc": 0.005040433204485786,
          "eth": 0.006631499438839461
        },
        "min": {
          "btc": -0.03612262483146145,
          "eth": -0.04170398539552955
        },
        "max": {
          "btc": 0.0349913262434709,
          "eth": 0.04377388676562077
        }
      },
      "hedge_table": [
        {
          "target": "BTC",
          "hedge": "ETH",
          "hedge_ratio_units": 0.6838848356902479,
          "target_w": 0.5938648408755851,
          "hedge_w": -0.4061351591244148
        },
        {
          "target": "ETH",
          "hedge": "BTC",
          "hedge_ratio_units": 1.183779243029133,
          "target_w": 0.4579217442386228,
          "hedge_w": -0.5420782557613771
        }
      ],
      "examples": [
        {
          "target": "BTC",
          "hedge": "ETH",
          "target_dollars": 59.386484087558514,
          "hedge_dollars": -40.61351591244148,
          "hedge_units_per_target_unit": -0.6838848356902479
        },
        {
          "target": "ETH",
          "hedge": "BTC",
          "target_dollars": 45.79217442386228,
          "hedge_dollars": -54.207825576137715,
          "hedge_units_per_target_unit": -1.183779243029133
        }
      ]
    },
    "180": {
      "lookback_days": 180,
      "corr": 0.8992575112654966,
      "stats": {
        "mean": {
          "btc": -8.053661540744945e-05,
          "eth": -0.0001356107291541128
        },
        "std": {
          "btc": 0.004910655988185129,
          "eth": 0.0065075810339469825
        },
        "min": {
          "btc": -0.03612262483146145,
          "eth": -0.04988725258205495
        },
        "max": {
          "btc": 0.0349913262434709,
          "eth": 0.04377388676562077
        }
      },
      "hedge_table": [
        {
          "target": "BTC",
          "hedge": "ETH",
          "hedge_ratio_units": 0.6785846014948516,
          "target_w": 0.5957400056627811,
          "hedge_w": -0.40425999433721893
        },
        {
          "target": "ETH",
          "hedge": "BTC",
          "hedge_ratio_units": 1.1916923398880723,
          "target_w": 0.45626841952236286,
          "hedge_w": -0.5437315804776373
        }
      ],
      "examples": [
        {
          "target": "BTC",
          "hedge": "ETH",
          "target_dollars": 59.57400056627811,
          "hedge_dollars": -40.42599943372189,
          "hedge_units_per_target_unit": -0.6785846014948516
        },
        {
          "target": "ETH",
          "hedge": "BTC",
          "target_dollars": 45.62684195223628,
          "hedge_dollars": -54.373158047763724,
          "hedge_units_per_target_unit": -1.1916923398880723
        }
      ]
    }
  },
  "example_notional": 100.0,
  "provider": "cryptocompare"
}