{
  "generated_at": "2026-03-09T08:41:44.448365Z",
  "lookbacks": {
    "30": {
      "lookback_days": 30,
      "corr": 0.9083728263634253,
      "stats": {
        "mean": {
          "btc": 8.856162899822036e-06,
          "eth": 1.1403004406525601e-05
        },
        "std": {
          "btc": 0.005875120112529131,
          "eth": 0.007383949043470162
        },
        "min": {
          "btc": -0.03612262483146145,
          "eth": -0.04038541666666662
        },
        "max": {
          "btc": 0.029223763595974894,
          "eth": 0.035902309432658264
        }
      },
      "hedge_table": [
        {
          "target": "BTC",
          "hedge": "ETH",
          "hedge_ratio_units": 0.7227568108100877,
          "target_w": 0.5804649813166447,
          "hedge_w": -0.4195350186833553
        },
        {
          "target": "ETH",
          "hedge": "BTC",
          "hedge_ratio_units": 1.1416581335990932,
          "target_w": 0.46692793042533026,
          "hedge_w": -0.5330720695746698
        }
      ],
      "examples": [
        {
          "target": "BTC",
          "hedge": "ETH",
          "target_dollars": 58.04649813166447,
          "hedge_dollars": -41.95350186833553,
          "hedge_units_per_target_unit": -0.7227568108100877
        },
        {
          "target": "ETH",
          "hedge": "BTC",
          "target_dollars": 46.692793042533026,
          "hedge_dollars": -53.30720695746698,
          "hedge_units_per_target_unit": -1.1416581335990932
        }
      ]
    },
    "60": {
      "lookback_days": 60,
      "corr": 0.8993835517507847,
      "stats": {
        "mean": {
          "btc": -0.00017950586155824862,
          "eth": -0.00027874688884069497
        },
        "std": {
          "btc": 0.005938133327309282,
          "eth": 0.007865831098061028
        },
        "min": {
          "btc": -0.03612262483146145,
          "eth": -0.04170398539552955
        },
        "max": {
          "btc": 0.0349913262434709,
          "eth": 0.04377388676562077
        }
      },
      "hedge_table": [
        {
          "target": "BTC",
          "hedge": "ETH",
          "hedge_ratio_units": 0.6789695044432914,
          "target_w": 0.5956034325540519,
          "hedge_w": -0.404396567445948
        },
        {
          "target": "ETH",
          "hedge": "BTC",
          "hedge_ratio_units": 1.191350668721258,
          "target_w": 0.45633956001370635,
          "hedge_w": -0.5436604399862938
        }
      ],
      "examples": [
        {
          "target": "BTC",
          "hedge": "ETH",
          "target_dollars": 59.56034325540519,
          "hedge_dollars": -40.4396567445948,
          "hedge_units_per_target_unit": -0.6789695044432914
        },
        {
          "target": "ETH",
          "hedge": "BTC",
          "target_dollars": 45.633956001370635,
          "hedge_dollars": -54.36604399862938,
          "hedge_units_per_target_unit": -1.191350668721258
        }
      ]
    },
    "120": {
      "lookback_days": 120,
      "corr": 0.8961107502541994,
      "stats": {
        "mean": {
          "btc": -0.00012626384540383756,
          "eth": -0.00015802758067561188
        },
        "std": {
          "btc": 0.005468020271522568,
          "eth": 0.00747270291618378
        },
        "min": {
          "btc": -0.03714671634653788,
          "eth": -0.05178573218862892
        },
        "max": {
          "btc": 0.0349913262434709,
          "eth": 0.04377388676562077
        }
      },
      "hedge_table": [
        {
          "target": "BTC",
          "hedge": "ETH",
          "hedge_ratio_units": 0.6557134416928763,
          "target_w": 0.6039692466212963,
          "hedge_w": -0.39603075337870375
        },
        {
          "target": "ETH",
          "hedge": "BTC",
          "hedge_ratio_units": 1.2246423905051818,
          "target_w": 0.4495104490807242,
          "hedge_w": -0.5504895509192759
        }
      ],
      "examples": [
        {
          "target": "BTC",
          "hedge": "ETH",
          "target_dollars": 60.39692466212963,
          "hedge_dollars": -39.60307533787037,
          "hedge_units_per_target_unit": -0.6557134416928763
        },
        {
          "target": "ETH",
          "hedge": "BTC",
          "target_dollars": 44.95104490807242,
          "hedge_dollars": -55.04895509192759,
          "hedge_units_per_target_unit": -1.2246423905051818
        }
      ]
    },
    "150": {
      "lookback_days": 150,
      "corr": 0.8842342058014435,
      "stats": {
        "mean": {
          "btc": -0.00014790104545998694,
          "eth": -0.0001866979522724511
        },
        "std": {
          "btc": 0.00534675001940924,
          "eth": 0.007582132562513502
        },
        "min": {
          "btc": -0.03714671634653788,
          "eth": -0.05178573218862892
        },
        "max": {
          "btc": 0.0349913262434709,
          "eth": 0.04377388676562077
        }
      },
      "hedge_table": [
        {
          "target": "BTC",
          "hedge": "ETH",
          "hedge_ratio_units": 0.6235421522970455,
          "target_w": 0.6159371954618882,
          "hedge_w": -0.38406280453811176
        },
        {
          "target": "ETH",
          "hedge": "BTC",
          "hedge_ratio_units": 1.2539170412601701,
          "target_w": 0.443672052561836,
          "hedge_w": -0.556327947438164
        }
      ],
      "examples": [
        {
          "target": "BTC",
          "hedge": "ETH",
          "target_dollars": 61.59371954618882,
          "hedge_dollars": -38.40628045381118,
          "hedge_units_per_target_unit": -0.6235421522970455
        },
        {
          "target": "ETH",
          "hedge": "BTC",
          "target_dollars": 44.3672052561836,
          "hedge_dollars": -55.632794743816405,
          "hedge_units_per_target_unit": -1.2539170412601701
        }
      ]
    },
    "180": {
      "lookback_days": 180,
      "corr": 0.8771604633217531,
      "stats": {
        "mean": {
          "btc": -0.00010445231248142742,
          "eth": -0.00015339372095182858
        },
        "std": {
          "btc": 0.0050340006783996544,
          "eth": 0.007239056108750369
        },
        "min": {
          "btc": -0.03714671634653788,
          "eth": -0.05178573218862892
        },
        "max": {
          "btc": 0.0349913262434709,
          "eth": 0.04377388676562077
        }
      },
      "hedge_table": [
        {
          "target": "BTC",
          "hedge": "ETH",
          "hedge_ratio_units": 0.6099726678578405,
          "target_w": 0.6211285570024965,
          "hedge_w": -0.3788714429975035
        },
        {
          "target": "ETH",
          "hedge": "BTC",
          "hedge_ratio_units": 1.2613851717601066,
          "target_w": 0.4422068440564103,
          "hedge_w": -0.5577931559435898
        }
      ],
      "examples": [
        {
          "target": "BTC",
          "hedge": "ETH",
          "target_dollars": 62.112855700249646,
          "hedge_dollars": -37.887144299750354,
          "hedge_units_per_target_unit": -0.6099726678578405
        },
        {
          "target": "ETH",
          "hedge": "BTC",
          "target_dollars": 44.22068440564103,
          "hedge_dollars": -55.77931559435898,
          "hedge_units_per_target_unit": -1.2613851717601066
        }
      ]
    }
  },
  "example_notional": 100.0,
  "provider": "cryptocompare"
}