{
  "generated_at": "2026-04-14T09:15:53.322129Z",
  "lookbacks": {
    "30": {
      "lookback_days": 30,
      "corr": 0.9139724965972214,
      "stats": {
        "mean": {
          "btc": 6.736344438928454e-05,
          "eth": 0.00018811573636524575
        },
        "std": {
          "btc": 0.004496536398595459,
          "eth": 0.0062730015544993295
        },
        "min": {
          "btc": -0.019619547762256384,
          "eth": -0.030096491146448856
        },
        "max": {
          "btc": 0.022874680739771724,
          "eth": 0.041842617860856635
        }
      },
      "hedge_table": [
        {
          "target": "BTC",
          "hedge": "ETH",
          "hedge_ratio_units": 0.6551426079779731,
          "target_w": 0.6041775465025719,
          "hedge_w": -0.3958224534974281
        },
        {
          "target": "ETH",
          "hedge": "BTC",
          "hedge_ratio_units": 1.275059375415014,
          "target_w": 0.43954896773521834,
          "hedge_w": -0.5604510322647817
        }
      ],
      "examples": [
        {
          "target": "BTC",
          "hedge": "ETH",
          "target_dollars": 60.417754650257194,
          "hedge_dollars": -39.58224534974281,
          "hedge_units_per_target_unit": -0.6551426079779731
        },
        {
          "target": "ETH",
          "hedge": "BTC",
          "target_dollars": 43.95489677352183,
          "hedge_dollars": -56.04510322647817,
          "hedge_units_per_target_unit": -1.275059375415014
        }
      ]
    },
    "60": {
      "lookback_days": 60,
      "corr": 0.9158634834675908,
      "stats": {
        "mean": {
          "btc": 9.059602130310892e-05,
          "eth": 0.0001619421971964156
        },
        "std": {
          "btc": 0.005158446453588391,
          "eth": 0.006733898772669785
        },
        "min": {
          "btc": -0.03612262483146145,
          "eth": -0.04038541666666662
        },
        "max": {
          "btc": 0.029223763595974894,
          "eth": 0.041842617860856635
        }
      },
      "hedge_table": [
        {
          "target": "BTC",
          "hedge": "ETH",
          "hedge_ratio_units": 0.7015895096966851,
          "target_w": 0.5876858045382837,
          "hedge_w": -0.4123141954617163
        },
        {
          "target": "ETH",
          "hedge": "BTC",
          "hedge_ratio_units": 1.1955793362874354,
          "target_w": 0.4554606538112747,
          "hedge_w": -0.5445393461887252
        }
      ],
      "examples": [
        {
          "target": "BTC",
          "hedge": "ETH",
          "target_dollars": 58.76858045382837,
          "hedge_dollars": -41.23141954617163,
          "hedge_units_per_target_unit": -0.7015895096966851
        },
        {
          "target": "ETH",
          "hedge": "BTC",
          "target_dollars": 45.54606538112747,
          "hedge_dollars": -54.45393461887252,
          "hedge_units_per_target_unit": -1.1955793362874354
        }
      ]
    },
    "120": {
      "lookback_days": 120,
      "corr": 0.9023344354504825,
      "stats": {
        "mean": {
          "btc": -4.9962949556567545e-05,
          "eth": -7.236811958743298e-05
        },
        "std": {
          "btc": 0.005238574709563463,
          "eth": 0.006954647492534924
        },
        "min": {
          "btc": -0.03612262483146145,
          "eth": -0.04170398539552955
        },
        "max": {
          "btc": 0.0349913262434709,
          "eth": 0.04377388676562077
        }
      },
      "hedge_table": [
        {
          "target": "BTC",
          "hedge": "ETH",
          "hedge_ratio_units": 0.67968166009751,
          "target_w": 0.5953509071129272,
          "hedge_w": -0.4046490928870728
        },
        {
          "target": "ETH",
          "hedge": "BTC",
          "hedge_ratio_units": 1.1979246773893109,
          "target_w": 0.45497464507646246,
          "hedge_w": -0.5450253549235375
        }
      ],
      "examples": [
        {
          "target": "BTC",
          "hedge": "ETH",
          "target_dollars": 59.53509071129272,
          "hedge_dollars": -40.46490928870728,
          "hedge_units_per_target_unit": -0.67968166009751
        },
        {
          "target": "ETH",
          "hedge": "BTC",
          "target_dollars": 45.49746450764624,
          "hedge_dollars": -54.50253549235376,
          "hedge_units_per_target_unit": -1.1979246773893109
        }
      ]
    },
    "150": {
      "lookback_days": 150,
      "corr": 0.9006131976261208,
      "stats": {
        "mean": {
          "btc": -5.504899140242116e-05,
          "eth": -5.2281498549075764e-05
        },
        "std": {
          "btc": 0.005282727162515111,
          "eth": 0.007163875557353854
        },
        "min": {
          "btc": -0.03714671634653788,
          "eth": -0.05178573218862892
        },
        "max": {
          "btc": 0.0349913262434709,
          "eth": 0.04377388676562077
        }
      },
      "hedge_table": [
        {
          "target": "BTC",
          "hedge": "ETH",
          "hedge_ratio_units": 0.6641228988316575,
          "target_w": 0.6009171562401293,
          "hedge_w": -0.39908284375987074
        },
        {
          "target": "ETH",
          "hedge": "BTC",
          "hedge_ratio_units": 1.221316315346545,
          "target_w": 0.4501835209561278,
          "hedge_w": -0.5498164790438721
        }
      ],
      "examples": [
        {
          "target": "BTC",
          "hedge": "ETH",
          "target_dollars": 60.091715624012934,
          "hedge_dollars": -39.90828437598707,
          "hedge_units_per_target_unit": -0.6641228988316575
        },
        {
          "target": "ETH",
          "hedge": "BTC",
          "target_dollars": 45.01835209561278,
          "hedge_dollars": -54.98164790438721,
          "hedge_units_per_target_unit": -1.221316315346545
        }
      ]
    },
    "180": {
      "lookback_days": 180,
      "corr": 0.8955624110054667,
      "stats": {
        "mean": {
          "btc": -7.879280166406769e-05,
          "eth": -9.5848681929404e-05
        },
        "std": {
          "btc": 0.005221200960675669,
          "eth": 0.007217092978859901
        },
        "min": {
          "btc": -0.03714671634653788,
          "eth": -0.05178573218862892
        },
        "max": {
          "btc": 0.0349913262434709,
          "eth": 0.04377388676562077
        }
      },
      "hedge_table": [
        {
          "target": "BTC",
          "hedge": "ETH",
          "hedge_ratio_units": 0.6478940113953505,
          "target_w": 0.606835144180937,
          "hedge_w": -0.39316485581906313
        },
        {
          "target": "ETH",
          "hedge": "BTC",
          "hedge_ratio_units": 1.2379062283329512,
          "target_w": 0.44684624732686606,
          "hedge_w": -0.5531537526731338
        }
      ],
      "examples": [
        {
          "target": "BTC",
          "hedge": "ETH",
          "target_dollars": 60.6835144180937,
          "hedge_dollars": -39.31648558190631,
          "hedge_units_per_target_unit": -0.6478940113953505
        },
        {
          "target": "ETH",
          "hedge": "BTC",
          "target_dollars": 44.68462473268661,
          "hedge_dollars": -55.315375267313385,
          "hedge_units_per_target_unit": -1.2379062283329512
        }
      ]
    }
  },
  "example_notional": 100.0,
  "provider": "cryptocompare"
}