{
  "generated_at": "2026-05-03T02:43:45.601215Z",
  "lookbacks": {
    "30": {
      "lookback_days": 30,
      "corr": 0.9065598903606127,
      "stats": {
        "mean": {
          "btc": 0.0002296994387430428,
          "eth": 0.00017126851226025
        },
        "std": {
          "btc": 0.003844938560907943,
          "eth": 0.00519461808389166
        },
        "min": {
          "btc": -0.019619547762256384,
          "eth": -0.02913186092280784
        },
        "max": {
          "btc": 0.022681960554355562,
          "eth": 0.0410922552310693
        }
      },
      "hedge_table": [
        {
          "target": "BTC",
          "hedge": "ETH",
          "hedge_ratio_units": 0.6710150821345146,
          "target_w": 0.5984386440860989,
          "hedge_w": -0.4015613559139012
        },
        {
          "target": "ETH",
          "hedge": "BTC",
          "hedge_ratio_units": 1.2247874253382196,
          "target_w": 0.44948114530446726,
          "hedge_w": -0.5505188546955326
        }
      ],
      "examples": [
        {
          "target": "BTC",
          "hedge": "ETH",
          "target_dollars": 59.84386440860989,
          "hedge_dollars": -40.15613559139012,
          "hedge_units_per_target_unit": -0.6710150821345146
        },
        {
          "target": "ETH",
          "hedge": "BTC",
          "target_dollars": 44.94811453044672,
          "hedge_dollars": -55.05188546955326,
          "hedge_units_per_target_unit": -1.2247874253382196
        }
      ]
    },
    "60": {
      "lookback_days": 60,
      "corr": 0.9102605888283748,
      "stats": {
        "mean": {
          "btc": 0.00010899713731046748,
          "eth": 0.0001283345190382558
        },
        "std": {
          "btc": 0.004440560728910625,
          "eth": 0.005888607238615406
        },
        "min": {
          "btc": -0.019619547762256384,
          "eth": -0.030096491146448856
        },
        "max": {
          "btc": 0.02490195224471292,
          "eth": 0.041842617860856635
        }
      },
      "hedge_table": [
        {
          "target": "BTC",
          "hedge": "ETH",
          "hedge_ratio_units": 0.6864216375851819,
          "target_w": 0.592971518932785,
          "hedge_w": -0.407028481067215
        },
        {
          "target": "ETH",
          "hedge": "BTC",
          "hedge_ratio_units": 1.2070923965757958,
          "target_w": 0.45308479225946996,
          "hedge_w": -0.5469152077405302
        }
      ],
      "examples": [
        {
          "target": "BTC",
          "hedge": "ETH",
          "target_dollars": 59.297151893278496,
          "hedge_dollars": -40.702848106721504,
          "hedge_units_per_target_unit": -0.6864216375851819
        },
        {
          "target": "ETH",
          "hedge": "BTC",
          "target_dollars": 45.308479225946996,
          "hedge_dollars": -54.69152077405302,
          "hedge_units_per_target_unit": -1.2070923965757958
        }
      ]
    },
    "120": {
      "lookback_days": 120,
      "corr": 0.901860268337771,
      "stats": {
        "mean": {
          "btc": -3.6939052607179104e-05,
          "eth": -8.283010722482497e-05
        },
        "std": {
          "btc": 0.005166804224086238,
          "eth": 0.006847581807890756
        },
        "min": {
          "btc": -0.03612262483146145,
          "eth": -0.04170398539552955
        },
        "max": {
          "btc": 0.0349913262434709,
          "eth": 0.04377388676562077
        }
      },
      "hedge_table": [
        {
          "target": "BTC",
          "hedge": "ETH",
          "hedge_ratio_units": 0.6804935778370014,
          "target_w": 0.5950632678329667,
          "hedge_w": -0.4049367321670333
        },
        {
          "target": "ETH",
          "hedge": "BTC",
          "hedge_ratio_units": 1.1952382360338725,
          "target_w": 0.4555314241458803,
          "hedge_w": -0.5444685758541198
        }
      ],
      "examples": [
        {
          "target": "BTC",
          "hedge": "ETH",
          "target_dollars": 59.50632678329667,
          "hedge_dollars": -40.49367321670333,
          "hedge_units_per_target_unit": -0.6804935778370014
        },
        {
          "target": "ETH",
          "hedge": "BTC",
          "target_dollars": 45.55314241458803,
          "hedge_dollars": -54.446857585411976,
          "hedge_units_per_target_unit": -1.1952382360338725
        }
      ]
    },
    "150": {
      "lookback_days": 150,
      "corr": 0.9009251288561271,
      "stats": {
        "mean": {
          "btc": -3.7517467447381536e-05,
          "eth": -6.988397773069345e-05
        },
        "std": {
          "btc": 0.005014823396318518,
          "eth": 0.00673770461146393
        },
        "min": {
          "btc": -0.03612262483146145,
          "eth": -0.04988725258205495
        },
        "max": {
          "btc": 0.0349913262434709,
          "eth": 0.04377388676562077
        }
      },
      "hedge_table": [
        {
          "target": "BTC",
          "hedge": "ETH",
          "hedge_ratio_units": 0.6705518681884365,
          "target_w": 0.5986045803441052,
          "hedge_w": -0.4013954196558948
        },
        {
          "target": "ETH",
          "hedge": "BTC",
          "hedge_ratio_units": 1.2104448981660838,
          "target_w": 0.4523976149912895,
          "hedge_w": -0.5476023850087106
        }
      ],
      "examples": [
        {
          "target": "BTC",
          "hedge": "ETH",
          "target_dollars": 59.86045803441053,
          "hedge_dollars": -40.13954196558948,
          "hedge_units_per_target_unit": -0.6705518681884365
        },
        {
          "target": "ETH",
          "hedge": "BTC",
          "target_dollars": 45.23976149912895,
          "hedge_dollars": -54.76023850087106,
          "hedge_units_per_target_unit": -1.2104448981660838
        }
      ]
    },
    "180": {
      "lookback_days": 180,
      "corr": 0.8960365828998188,
      "stats": {
        "mean": {
          "btc": -5.999499288126589e-05,
          "eth": -8.157372040198652e-05
        },
        "std": {
          "btc": 0.0051309778278929505,
          "eth": 0.007035407063768927
        },
        "min": {
          "btc": -0.03714671634653788,
          "eth": -0.05178573218862892
        },
        "max": {
          "btc": 0.0349913262434709,
          "eth": 0.04377388676562077
        }
      },
      "hedge_table": [
        {
          "target": "BTC",
          "hedge": "ETH",
          "hedge_ratio_units": 0.6534865428777323,
          "target_w": 0.6047826662438978,
          "hedge_w": -0.3952173337561022
        },
        {
          "target": "ETH",
          "hedge": "BTC",
          "hedge_ratio_units": 1.228612228737208,
          "target_w": 0.4487097338448273,
          "hedge_w": -0.5512902661551727
        }
      ],
      "examples": [
        {
          "target": "BTC",
          "hedge": "ETH",
          "target_dollars": 60.478266624389775,
          "hedge_dollars": -39.52173337561022,
          "hedge_units_per_target_unit": -0.6534865428777323
        },
        {
          "target": "ETH",
          "hedge": "BTC",
          "target_dollars": 44.87097338448273,
          "hedge_dollars": -55.129026615517276,
          "hedge_units_per_target_unit": -1.228612228737208
        }
      ]
    }
  },
  "example_notional": 100.0,
  "provider": "cryptocompare"
}