{
  "generated_at": "2026-01-02T16:23:44.710140Z",
  "lookback_days": 180,
  "example_notional": 100.0,
  "provider": "cryptocompare",
  "corr": 0.8249959757067928,
  "stats": {
    "mean": {
      "btc": -3.558349128606192e-05,
      "eth": 7.019648205433531e-05
    },
    "std": {
      "btc": 0.004204490708443719,
      "eth": 0.0070252861486026705
    },
    "min": {
      "btc": -0.03714671634653788,
      "eth": -0.05178573218862892
    },
    "max": {
      "btc": 0.03468753462614105,
      "eth": 0.0757825447476439
    }
  },
  "hedge_table": [
    {
      "target": "BTC",
      "hedge": "ETH",
      "hedge_ratio_units": 0.4937432925849707,
      "target_w": 0.6694590730308605,
      "hedge_w": -0.33054092696913945
    },
    {
      "target": "ETH",
      "hedge": "BTC",
      "hedge_ratio_units": 1.3784862906573503,
      "target_w": 0.42043546936889287,
      "hedge_w": -0.5795645306311071
    }
  ],
  "examples": [
    {
      "target": "BTC",
      "hedge": "ETH",
      "target_dollars": 66.94590730308605,
      "hedge_dollars": -33.05409269691395,
      "hedge_units_per_target_unit": -0.4937432925849707
    },
    {
      "target": "ETH",
      "hedge": "BTC",
      "target_dollars": 42.043546936889285,
      "hedge_dollars": -57.956453063110715,
      "hedge_units_per_target_unit": -1.3784862906573503
    }
  ]
}