{
  "generated_at": "2026-03-17T08:51:51.618976Z",
  "lookbacks": {
    "30": {
      "lookback_days": 30,
      "corr": 0.9180909758292998,
      "stats": {
        "mean": {
          "btc": 9.296757503953157e-05,
          "eth": 0.00019243734385859917
        },
        "std": {
          "btc": 0.005767682472180029,
          "eth": 0.007249088611636592
        },
        "min": {
          "btc": -0.03612262483146145,
          "eth": -0.04038541666666662
        },
        "max": {
          "btc": 0.029223763595974894,
          "eth": 0.035902309432658264
        }
      },
      "hedge_table": [
        {
          "target": "BTC",
          "hedge": "ETH",
          "hedge_ratio_units": 0.7304721342014091,
          "target_w": 0.5778769737089625,
          "hedge_w": -0.42212302629103743
        },
        {
          "target": "ETH",
          "hedge": "BTC",
          "hedge_ratio_units": 1.1538989653872136,
          "target_w": 0.464274330444384,
          "hedge_w": -0.535725669555616
        }
      ],
      "examples": [
        {
          "target": "BTC",
          "hedge": "ETH",
          "target_dollars": 57.787697370896254,
          "hedge_dollars": -42.212302629103746,
          "hedge_units_per_target_unit": -0.7304721342014091
        },
        {
          "target": "ETH",
          "hedge": "BTC",
          "target_dollars": 46.4274330444384,
          "hedge_dollars": -53.5725669555616,
          "hedge_units_per_target_unit": -1.1538989653872136
        }
      ]
    },
    "60": {
      "lookback_days": 60,
      "corr": 0.9019280270232773,
      "stats": {
        "mean": {
          "btc": -0.0001558768400697531,
          "eth": -0.0002109490941590155
        },
        "std": {
          "btc": 0.006089331968553719,
          "eth": 0.008026843812050708
        },
        "min": {
          "btc": -0.03612262483146145,
          "eth": -0.04170398539552955
        },
        "max": {
          "btc": 0.0349913262434709,
          "eth": 0.04377388676562077
        }
      },
      "hedge_table": [
        {
          "target": "BTC",
          "hedge": "ETH",
          "hedge_ratio_units": 0.6842215068445796,
          "target_w": 0.5937461289599125,
          "hedge_w": -0.4062538710400875
        },
        {
          "target": "ETH",
          "hedge": "BTC",
          "hedge_ratio_units": 1.1889047008790996,
          "target_w": 0.4568494917108012,
          "hedge_w": -0.5431505082891988
        }
      ],
      "examples": [
        {
          "target": "BTC",
          "hedge": "ETH",
          "target_dollars": 59.374612895991255,
          "hedge_dollars": -40.625387104008745,
          "hedge_units_per_target_unit": -0.6842215068445796
        },
        {
          "target": "ETH",
          "hedge": "BTC",
          "target_dollars": 45.68494917108012,
          "hedge_dollars": -54.31505082891987,
          "hedge_units_per_target_unit": -1.1889047008790996
        }
      ]
    },
    "120": {
      "lookback_days": 120,
      "corr": 0.8988924603592767,
      "stats": {
        "mean": {
          "btc": -7.230581783076534e-05,
          "eth": -8.22035820614425e-05
        },
        "std": {
          "btc": 0.005470954100761349,
          "eth": 0.0073685197203923695
        },
        "min": {
          "btc": -0.03714671634653788,
          "eth": -0.05178573218862892
        },
        "max": {
          "btc": 0.0349913262434709,
          "eth": 0.04377388676562077
        }
      },
      "hedge_table": [
        {
          "target": "BTC",
          "hedge": "ETH",
          "hedge_ratio_units": 0.6674066947986906,
          "target_w": 0.599733708110565,
          "hedge_w": -0.4002662918894349
        },
        {
          "target": "ETH",
          "hedge": "BTC",
          "hedge_ratio_units": 1.2106675908225233,
          "target_w": 0.45235204250130157,
          "hedge_w": -0.5476479574986984
        }
      ],
      "examples": [
        {
          "target": "BTC",
          "hedge": "ETH",
          "target_dollars": 59.973370811056505,
          "hedge_dollars": -40.02662918894349,
          "hedge_units_per_target_unit": -0.6674066947986906
        },
        {
          "target": "ETH",
          "hedge": "BTC",
          "target_dollars": 45.23520425013016,
          "hedge_dollars": -54.76479574986984,
          "hedge_units_per_target_unit": -1.2106675908225233
        }
      ]
    },
    "150": {
      "lookback_days": 150,
      "corr": 0.8922166871718683,
      "stats": {
        "mean": {
          "btc": -8.670754559119732e-05,
          "eth": -0.00011441907597268419
        },
        "std": {
          "btc": 0.005338046585655511,
          "eth": 0.007375689694195103
        },
        "min": {
          "btc": -0.03714671634653788,
          "eth": -0.05178573218862892
        },
        "max": {
          "btc": 0.0349913262434709,
          "eth": 0.04377388676562077
        }
      },
      "hedge_table": [
        {
          "target": "BTC",
          "hedge": "ETH",
          "hedge_ratio_units": 0.6457286624152656,
          "target_w": 0.6076335806975638,
          "hedge_w": -0.3923664193024362
        },
        {
          "target": "ETH",
          "hedge": "BTC",
          "hedge_ratio_units": 1.2327943038650597,
          "target_w": 0.4478692901844825,
          "hedge_w": -0.5521307098155176
        }
      ],
      "examples": [
        {
          "target": "BTC",
          "hedge": "ETH",
          "target_dollars": 60.76335806975638,
          "hedge_dollars": -39.23664193024362,
          "hedge_units_per_target_unit": -0.6457286624152656
        },
        {
          "target": "ETH",
          "hedge": "BTC",
          "target_dollars": 44.78692901844825,
          "hedge_dollars": -55.21307098155176,
          "hedge_units_per_target_unit": -1.2327943038650597
        }
      ]
    },
    "180": {
      "lookback_days": 180,
      "corr": 0.8799447288438161,
      "stats": {
        "mean": {
          "btc": -9.244268052232674e-05,
          "eth": -0.00013063073360376185
        },
        "std": {
          "btc": 0.005126807523034922,
          "eth": 0.007314338565930795
        },
        "min": {
          "btc": -0.03714671634653788,
          "eth": -0.05178573218862892
        },
        "max": {
          "btc": 0.0349913262434709,
          "eth": 0.04377388676562077
        }
      },
      "hedge_table": [
        {
          "target": "BTC",
          "hedge": "ETH",
          "hedge_ratio_units": 0.6167758321585582,
          "target_w": 0.6185149357811092,
          "hedge_w": -0.38148506421889083
        },
        {
          "target": "ETH",
          "hedge": "BTC",
          "hedge_ratio_units": 1.2554038038587778,
          "target_w": 0.4433795838639168,
          "hedge_w": -0.5566204161360832
        }
      ],
      "examples": [
        {
          "target": "BTC",
          "hedge": "ETH",
          "target_dollars": 61.85149357811092,
          "hedge_dollars": -38.14850642188908,
          "hedge_units_per_target_unit": -0.6167758321585582
        },
        {
          "target": "ETH",
          "hedge": "BTC",
          "target_dollars": 44.337958386391676,
          "hedge_dollars": -55.66204161360832,
          "hedge_units_per_target_unit": -1.2554038038587778
        }
      ]
    }
  },
  "example_notional": 100.0,
  "provider": "cryptocompare"
}