{
  "generated_at": "2026-05-07T10:22:36.928181Z",
  "lookbacks": {
    "30": {
      "lookback_days": 30,
      "corr": 0.9016393518445242,
      "stats": {
        "mean": {
          "btc": 0.00024185543953590558,
          "eth": 0.00016264697881628103
        },
        "std": {
          "btc": 0.0039005637570781767,
          "eth": 0.0052252778157031235
        },
        "min": {
          "btc": -0.019619547762256384,
          "eth": -0.02913186092280784
        },
        "max": {
          "btc": 0.022681960554355562,
          "eth": 0.0410922552310693
        }
      },
      "hedge_table": [
        {
          "target": "BTC",
          "hedge": "ETH",
          "hedge_ratio_units": 0.6730554626571502,
          "target_w": 0.5977088161870008,
          "hedge_w": -0.40229118381299933
        },
        {
          "target": "ETH",
          "hedge": "BTC",
          "hedge_ratio_units": 1.2078551707836394,
          "target_w": 0.45292825962178834,
          "hedge_w": -0.5470717403782117
        }
      ],
      "examples": [
        {
          "target": "BTC",
          "hedge": "ETH",
          "target_dollars": 59.77088161870008,
          "hedge_dollars": -40.229118381299934,
          "hedge_units_per_target_unit": -0.6730554626571502
        },
        {
          "target": "ETH",
          "hedge": "BTC",
          "target_dollars": 45.29282596217883,
          "hedge_dollars": -54.70717403782117,
          "hedge_units_per_target_unit": -1.2078551707836394
        }
      ]
    },
    "60": {
      "lookback_days": 60,
      "corr": 0.9054510435107193,
      "stats": {
        "mean": {
          "btc": 0.00013462879860982757,
          "eth": 0.0001379240353022312
        },
        "std": {
          "btc": 0.004295863863714589,
          "eth": 0.005676972266648885
        },
        "min": {
          "btc": -0.019619547762256384,
          "eth": -0.030096491146448856
        },
        "max": {
          "btc": 0.022874680739771724,
          "eth": 0.041842617860856635
        }
      },
      "hedge_table": [
        {
          "target": "BTC",
          "hedge": "ETH",
          "hedge_ratio_units": 0.6851705866226558,
          "target_w": 0.5934117340631703,
          "hedge_w": -0.4065882659368298
        },
        {
          "target": "ETH",
          "hedge": "BTC",
          "hedge_ratio_units": 1.1965510607158651,
          "target_w": 0.4552591641890154,
          "hedge_w": -0.5447408358109846
        }
      ],
      "examples": [
        {
          "target": "BTC",
          "hedge": "ETH",
          "target_dollars": 59.341173406317026,
          "hedge_dollars": -40.65882659368298,
          "hedge_units_per_target_unit": -0.6851705866226558
        },
        {
          "target": "ETH",
          "hedge": "BTC",
          "target_dollars": 45.52591641890154,
          "hedge_dollars": -54.47408358109846,
          "hedge_units_per_target_unit": -1.1965510607158651
        }
      ]
    },
    "120": {
      "lookback_days": 120,
      "corr": 0.9016675295180028,
      "stats": {
        "mean": {
          "btc": -3.153003896082386e-05,
          "eth": -8.95227803826188e-05
        },
        "std": {
          "btc": 0.0051699587331937805,
          "eth": 0.006844918073488063
        },
        "min": {
          "btc": -0.03612262483146145,
          "eth": -0.04170398539552955
        },
        "max": {
          "btc": 0.0349913262434709,
          "eth": 0.04377388676562077
        }
      },
      "hedge_table": [
        {
          "target": "BTC",
          "hedge": "ETH",
          "hedge_ratio_units": 0.6810284460122674,
          "target_w": 0.5948739311177025,
          "hedge_w": -0.4051260688822975
        },
        {
          "target": "ETH",
          "hedge": "BTC",
          "hedge_ratio_units": 1.193789097280165,
          "target_w": 0.45583233194101874,
          "hedge_w": -0.5441676680589813
        }
      ],
      "examples": [
        {
          "target": "BTC",
          "hedge": "ETH",
          "target_dollars": 59.487393111770245,
          "hedge_dollars": -40.512606888229755,
          "hedge_units_per_target_unit": -0.6810284460122674
        },
        {
          "target": "ETH",
          "hedge": "BTC",
          "target_dollars": 45.58323319410187,
          "hedge_dollars": -54.416766805898135,
          "hedge_units_per_target_unit": -1.193789097280165
        }
      ]
    },
    "150": {
      "lookback_days": 150,
      "corr": 0.9010214777513568,
      "stats": {
        "mean": {
          "btc": -2.3302348947645483e-05,
          "eth": -6.149605964750755e-05
        },
        "std": {
          "btc": 0.0049943872275444385,
          "eth": 0.006661918264978112
        },
        "min": {
          "btc": -0.03612262483146145,
          "eth": -0.04988725258205495
        },
        "max": {
          "btc": 0.0349913262434709,
          "eth": 0.04377388676562077
        }
      },
      "hedge_table": [
        {
          "target": "BTC",
          "hedge": "ETH",
          "hedge_ratio_units": 0.6754886477490245,
          "target_w": 0.5968408090042711,
          "hedge_w": -0.4031591909957289
        },
        {
          "target": "ETH",
          "hedge": "BTC",
          "hedge_ratio_units": 1.2018554361714084,
          "target_w": 0.4541624230057548,
          "hedge_w": -0.5458375769942452
        }
      ],
      "examples": [
        {
          "target": "BTC",
          "hedge": "ETH",
          "target_dollars": 59.684080900427105,
          "hedge_dollars": -40.31591909957289,
          "hedge_units_per_target_unit": -0.6754886477490245
        },
        {
          "target": "ETH",
          "hedge": "BTC",
          "target_dollars": 45.41624230057548,
          "hedge_dollars": -54.58375769942452,
          "hedge_units_per_target_unit": -1.2018554361714084
        }
      ]
    },
    "180": {
      "lookback_days": 180,
      "corr": 0.8979385386287023,
      "stats": {
        "mean": {
          "btc": -4.0375136080198364e-05,
          "eth": -6.482548226162098e-05
        },
        "std": {
          "btc": 0.005094293119587951,
          "eth": 0.006916481238068984
        },
        "min": {
          "btc": -0.03714671634653788,
          "eth": -0.05178573218862892
        },
        "max": {
          "btc": 0.0349913262434709,
          "eth": 0.04377388676562077
        }
      },
      "hedge_table": [
        {
          "target": "BTC",
          "hedge": "ETH",
          "hedge_ratio_units": 0.6613712900674587,
          "target_w": 0.6019124117399404,
          "hedge_w": -0.3980875882600597
        },
        {
          "target": "ETH",
          "hedge": "BTC",
          "hedge_ratio_units": 1.2191240098620082,
          "target_w": 0.4506282639257205,
          "hedge_w": -0.5493717360742797
        }
      ],
      "examples": [
        {
          "target": "BTC",
          "hedge": "ETH",
          "target_dollars": 60.19124117399404,
          "hedge_dollars": -39.80875882600597,
          "hedge_units_per_target_unit": -0.6613712900674587
        },
        {
          "target": "ETH",
          "hedge": "BTC",
          "target_dollars": 45.06282639257205,
          "hedge_dollars": -54.93717360742797,
          "hedge_units_per_target_unit": -1.2191240098620082
        }
      ]
    }
  },
  "example_notional": 100.0,
  "provider": "cryptocompare"
}