{
  "generated_at": "2026-06-19T04:05:43.903739Z",
  "lookbacks": {
    "30": {
      "lookback_days": 30,
      "corr": 0.8723582784649778,
      "stats": {
        "mean": {
          "btc": -0.006905370434193795,
          "eth": -0.006971582487430786
        },
        "std": {
          "btc": 0.022545038030650028,
          "eth": 0.03302076744055206
        },
        "min": {
          "btc": -0.06600964303204149,
          "eth": -0.10658012901637759
        },
        "max": {
          "btc": 0.039313475306052226,
          "eth": 0.07539563557614826
        }
      },
      "hedge_table": [
        {
          "target": "BTC",
          "hedge": "ETH",
          "hedge_ratio_units": 0.5956054958369102,
          "target_w": 0.6267213309361852,
          "hedge_w": -0.3732786690638149
        },
        {
          "target": "ETH",
          "hedge": "BTC",
          "hedge_ratio_units": 1.277706420316109,
          "target_w": 0.43903814428429105,
          "hedge_w": -0.5609618557157089
        }
      ],
      "examples": [
        {
          "target": "BTC",
          "hedge": "ETH",
          "target_dollars": 62.67213309361852,
          "hedge_dollars": -37.32786690638149,
          "hedge_units_per_target_unit": -0.5956054958369102
        },
        {
          "target": "ETH",
          "hedge": "BTC",
          "target_dollars": 43.90381442842911,
          "hedge_dollars": -56.09618557157089,
          "hedge_units_per_target_unit": -1.277706420316109
        }
      ]
    },
    "60": {
      "lookback_days": 60,
      "corr": 0.8629524727939129,
      "stats": {
        "mean": {
          "btc": -0.002999916816790571,
          "eth": -0.004800510607324579
        },
        "std": {
          "btc": 0.018688860373527287,
          "eth": 0.025446460867718783
        },
        "min": {
          "btc": -0.06600964303204149,
          "eth": -0.10658012901637759
        },
        "max": {
          "btc": 0.039313475306052226,
          "eth": 0.07539563557614826
        }
      },
      "hedge_table": [
        {
          "target": "BTC",
          "hedge": "ETH",
          "hedge_ratio_units": 0.6337855137055586,
          "target_w": 0.6120754478547913,
          "hedge_w": -0.3879245521452087
        },
        {
          "target": "ETH",
          "hedge": "BTC",
          "hedge_ratio_units": 1.174982630870122,
          "target_w": 0.45977378660717894,
          "hedge_w": -0.5402262133928211
        }
      ],
      "examples": [
        {
          "target": "BTC",
          "hedge": "ETH",
          "target_dollars": 61.20754478547913,
          "hedge_dollars": -38.79245521452087,
          "hedge_units_per_target_unit": -0.6337855137055586
        },
        {
          "target": "ETH",
          "hedge": "BTC",
          "target_dollars": 45.977378660717896,
          "hedge_dollars": -54.022621339282104,
          "hedge_units_per_target_unit": -1.174982630870122
        }
      ]
    },
    "120": {
      "lookback_days": 120,
      "corr": 0.9177715674405983,
      "stats": {
        "mean": {
          "btc": -0.0002764796311316991,
          "eth": -0.0006329720811979653
        },
        "std": {
          "btc": 0.02220553427960776,
          "eth": 0.030510180877113404
        },
        "min": {
          "btc": -0.06600964303204149,
          "eth": -0.10658012901637759
        },
        "max": {
          "btc": 0.06364240856302605,
          "eth": 0.10814835249280486
        }
      },
      "hedge_table": [
        {
          "target": "BTC",
          "hedge": "ETH",
          "hedge_ratio_units": 0.6679609040580582,
          "target_w": 0.5995344360692475,
          "hedge_w": -0.4004655639307526
        },
        {
          "target": "ETH",
          "hedge": "BTC",
          "hedge_ratio_units": 1.2610089076847537,
          "target_w": 0.4422804335715724,
          "hedge_w": -0.5577195664284277
        }
      ],
      "examples": [
        {
          "target": "BTC",
          "hedge": "ETH",
          "target_dollars": 59.95344360692475,
          "hedge_dollars": -40.046556393075264,
          "hedge_units_per_target_unit": -0.6679609040580582
        },
        {
          "target": "ETH",
          "hedge": "BTC",
          "target_dollars": 44.22804335715724,
          "hedge_dollars": -55.77195664284277,
          "hedge_units_per_target_unit": -1.2610089076847537
        }
      ]
    },
    "150": {
      "lookback_days": 150,
      "corr": 0.9255189034434991,
      "stats": {
        "mean": {
          "btc": -0.0019055287908359636,
          "eth": -0.002979431626539224
        },
        "std": {
          "btc": 0.02715026933052572,
          "eth": 0.03583071549124463
        },
        "min": {
          "btc": -0.14101788206180332,
          "eth": -0.15404474276243008
        },
        "max": {
          "btc": 0.12203362664914996,
          "eth": 0.13191787874605776
        }
      },
      "hedge_table": [
        {
          "target": "BTC",
          "hedge": "ETH",
          "hedge_ratio_units": 0.7013001876874039,
          "target_w": 0.5877857460060067,
          "hedge_w": -0.41221425399399325
        },
        {
          "target": "ETH",
          "hedge": "BTC",
          "hedge_ratio_units": 1.2214245135965507,
          "target_w": 0.4501615940039173,
          "hedge_w": -0.5498384059960826
        }
      ],
      "examples": [
        {
          "target": "BTC",
          "hedge": "ETH",
          "target_dollars": 58.77857460060068,
          "hedge_dollars": -41.22142539939932,
          "hedge_units_per_target_unit": -0.7013001876874039
        },
        {
          "target": "ETH",
          "hedge": "BTC",
          "target_dollars": 45.01615940039173,
          "hedge_dollars": -54.98384059960826,
          "hedge_units_per_target_unit": -1.2214245135965507
        }
      ]
    },
    "180": {
      "lookback_days": 180,
      "corr": 0.9230314577362183,
      "stats": {
        "mean": {
          "btc": -0.001581396019036601,
          "eth": -0.0025512713012084422
        },
        "std": {
          "btc": 0.02562462891382986,
          "eth": 0.03426980766611182
        },
        "min": {
          "btc": -0.14101788206180332,
          "eth": -0.15404474276243008
        },
        "max": {
          "btc": 0.12203362664914996,
          "eth": 0.13191787874605776
        }
      },
      "hedge_table": [
        {
          "target": "BTC",
          "hedge": "ETH",
          "hedge_ratio_units": 0.6901800795243731,
          "target_w": 0.5916529322019971,
          "hedge_w": -0.4083470677980029
        },
        {
          "target": "ETH",
          "hedge": "BTC",
          "hedge_ratio_units": 1.2344417018784168,
          "target_w": 0.4475390873520374,
          "hedge_w": -0.5524609126479625
        }
      ],
      "examples": [
        {
          "target": "BTC",
          "hedge": "ETH",
          "target_dollars": 59.16529322019971,
          "hedge_dollars": -40.83470677980029,
          "hedge_units_per_target_unit": -0.6901800795243731
        },
        {
          "target": "ETH",
          "hedge": "BTC",
          "target_dollars": 44.75390873520374,
          "hedge_dollars": -55.24609126479625,
          "hedge_units_per_target_unit": -1.2344417018784168
        }
      ]
    }
  },
  "example_notional": 100.0,
  "provider": "coingecko"
}