{
  "generated_at": "2026-05-26T02:56:07.337733Z",
  "lookbacks": {
    "30": {
      "lookback_days": 30,
      "corr": 0.895674400879568,
      "stats": {
        "mean": {
          "btc": -8.839613803132353e-06,
          "eth": -0.0001306644940750904
        },
        "std": {
          "btc": 0.0033541280720447678,
          "eth": 0.004477444927355704
        },
        "min": {
          "btc": -0.020668693538518745,
          "eth": -0.025174966013795874
        },
        "max": {
          "btc": 0.018403612886388032,
          "eth": 0.032926153475484776
        }
      },
      "hedge_table": [
        {
          "target": "BTC",
          "hedge": "ETH",
          "hedge_ratio_units": 0.6709645121590063,
          "target_w": 0.5984567551993837,
          "hedge_w": -0.4015432448006163
        },
        {
          "target": "ETH",
          "hedge": "BTC",
          "hedge_ratio_units": 1.1956409286231497,
          "target_w": 0.4554478771841275,
          "hedge_w": -0.5445521228158724
        }
      ],
      "examples": [
        {
          "target": "BTC",
          "hedge": "ETH",
          "target_dollars": 59.84567551993837,
          "hedge_dollars": -40.15432448006163,
          "hedge_units_per_target_unit": -0.6709645121590063
        },
        {
          "target": "ETH",
          "hedge": "BTC",
          "target_dollars": 45.54478771841275,
          "hedge_dollars": -54.45521228158724,
          "hedge_units_per_target_unit": -1.1956409286231497
        }
      ]
    },
    "60": {
      "lookback_days": 60,
      "corr": 0.9046017318994024,
      "stats": {
        "mean": {
          "btc": 8.248746677718804e-05,
          "eth": 2.204826014071024e-05
        },
        "std": {
          "btc": 0.003763387539074251,
          "eth": 0.005046942336120795
        },
        "min": {
          "btc": -0.020668693538518745,
          "eth": -0.02913186092280784
        },
        "max": {
          "btc": 0.022681960554355562,
          "eth": 0.0410922552310693
        }
      },
      "hedge_table": [
        {
          "target": "BTC",
          "hedge": "ETH",
          "hedge_ratio_units": 0.674540475980924,
          "target_w": 0.5971787570044929,
          "hedge_w": -0.4028212429955072
        },
        {
          "target": "ETH",
          "hedge": "BTC",
          "hedge_ratio_units": 1.213128526001959,
          "target_w": 0.45184904005846915,
          "hedge_w": -0.5481509599415308
        }
      ],
      "examples": [
        {
          "target": "BTC",
          "hedge": "ETH",
          "target_dollars": 59.717875700449284,
          "hedge_dollars": -40.28212429955072,
          "hedge_units_per_target_unit": -0.674540475980924
        },
        {
          "target": "ETH",
          "hedge": "BTC",
          "target_dollars": 45.18490400584692,
          "hedge_dollars": -54.81509599415308,
          "hedge_units_per_target_unit": -1.213128526001959
        }
      ]
    },
    "120": {
      "lookback_days": 120,
      "corr": 0.9027496931410545,
      "stats": {
        "mean": {
          "btc": -3.1766524840603236e-05,
          "eth": -8.504364562490694e-05
        },
        "std": {
          "btc": 0.005114179142666339,
          "eth": 0.006729559189512431
        },
        "min": {
          "btc": -0.03612262483146145,
          "eth": -0.04170398539552955
        },
        "max": {
          "btc": 0.0349913262434709,
          "eth": 0.04260060177264258
        }
      },
      "hedge_table": [
        {
          "target": "BTC",
          "hedge": "ETH",
          "hedge_ratio_units": 0.6860514220463994,
          "target_w": 0.5931017209346302,
          "hedge_w": -0.4068982790653698
        },
        {
          "target": "ETH",
          "hedge": "BTC",
          "hedge_ratio_units": 1.187894933641214,
          "target_w": 0.4570603389696348,
          "hedge_w": -0.5429396610303651
        }
      ],
      "examples": [
        {
          "target": "BTC",
          "hedge": "ETH",
          "target_dollars": 59.310172093463024,
          "hedge_dollars": -40.689827906536976,
          "hedge_units_per_target_unit": -0.6860514220463994
        },
        {
          "target": "ETH",
          "hedge": "BTC",
          "target_dollars": 45.70603389696348,
          "hedge_dollars": -54.2939661030365,
          "hedge_units_per_target_unit": -1.187894933641214
        }
      ]
    },
    "150": {
      "lookback_days": 150,
      "corr": 0.8998618553868372,
      "stats": {
        "mean": {
          "btc": -2.507435038585867e-05,
          "eth": -7.367552493262874e-05
        },
        "std": {
          "btc": 0.00484381698636431,
          "eth": 0.006417131607988622
        },
        "min": {
          "btc": -0.03612262483146145,
          "eth": -0.04170398539552955
        },
        "max": {
          "btc": 0.0349913262434709,
          "eth": 0.04377388676562077
        }
      },
      "hedge_table": [
        {
          "target": "BTC",
          "hedge": "ETH",
          "hedge_ratio_units": 0.6792390131250982,
          "target_w": 0.5955078414590782,
          "hedge_w": -0.4044921585409217
        },
        {
          "target": "ETH",
          "hedge": "BTC",
          "hedge_ratio_units": 1.1921449491758003,
          "target_w": 0.4561742143812063,
          "hedge_w": -0.5438257856187938
        }
      ],
      "examples": [
        {
          "target": "BTC",
          "hedge": "ETH",
          "target_dollars": 59.55078414590782,
          "hedge_dollars": -40.44921585409217,
          "hedge_units_per_target_unit": -0.6792390131250982
        },
        {
          "target": "ETH",
          "hedge": "BTC",
          "target_dollars": 45.61742143812063,
          "hedge_dollars": -54.38257856187938,
          "hedge_units_per_target_unit": -1.1921449491758003
        }
      ]
    },
    "180": {
      "lookback_days": 180,
      "corr": 0.8999575515511946,
      "stats": {
        "mean": {
          "btc": -2.83175336714345e-05,
          "eth": -6.52041248819519e-05
        },
        "std": {
          "btc": 0.004849365235206922,
          "eth": 0.006521595875655337
        },
        "min": {
          "btc": -0.03714671634653788,
          "eth": -0.05178573218862892
        },
        "max": {
          "btc": 0.0349913262434709,
          "eth": 0.04377388676562077
        }
      },
      "hedge_table": [
        {
          "target": "BTC",
          "hedge": "ETH",
          "hedge_ratio_units": 0.6691955384640812,
          "target_w": 0.5990909854217291,
          "hedge_w": -0.400909014578271
        },
        {
          "target": "ETH",
          "hedge": "BTC",
          "hedge_ratio_units": 1.2102943729316173,
          "target_w": 0.4524284241259923,
          "hedge_w": -0.5475715758740077
        }
      ],
      "examples": [
        {
          "target": "BTC",
          "hedge": "ETH",
          "target_dollars": 59.90909854217291,
          "hedge_dollars": -40.0909014578271,
          "hedge_units_per_target_unit": -0.6691955384640812
        },
        {
          "target": "ETH",
          "hedge": "BTC",
          "target_dollars": 45.24284241259923,
          "hedge_dollars": -54.757157587400776,
          "hedge_units_per_target_unit": -1.2102943729316173
        }
      ]
    }
  },
  "example_notional": 100.0,
  "provider": "cryptocompare"
}