{
  "generated_at": "2026-04-04T16:33:37.324165Z",
  "lookbacks": {
    "30": {
      "lookback_days": 30,
      "corr": 0.9058047519489849,
      "stats": {
        "mean": {
          "btc": -5.606381523956241e-05,
          "eth": 1.766569407468681e-05
        },
        "std": {
          "btc": 0.004656854185001854,
          "eth": 0.006105882909536745
        },
        "min": {
          "btc": -0.0193691951400623,
          "eth": -0.030096491146448856
        },
        "max": {
          "btc": 0.022874680739771724,
          "eth": 0.041842617860856635
        }
      },
      "hedge_table": [
        {
          "target": "BTC",
          "hedge": "ETH",
          "hedge_ratio_units": 0.6908420473179747,
          "target_w": 0.5914212989830758,
          "hedge_w": -0.4085787010169241
        },
        {
          "target": "ETH",
          "hedge": "BTC",
          "hedge_ratio_units": 1.1876553429813426,
          "target_w": 0.45711039593521957,
          "hedge_w": -0.5428896040647805
        }
      ],
      "examples": [
        {
          "target": "BTC",
          "hedge": "ETH",
          "target_dollars": 59.14212989830758,
          "hedge_dollars": -40.85787010169241,
          "hedge_units_per_target_unit": -0.6908420473179747
        },
        {
          "target": "ETH",
          "hedge": "BTC",
          "target_dollars": 45.71103959352196,
          "hedge_dollars": -54.28896040647805,
          "hedge_units_per_target_unit": -1.1876553429813426
        }
      ]
    },
    "60": {
      "lookback_days": 60,
      "corr": 0.9091835329907908,
      "stats": {
        "mean": {
          "btc": -5.504316240310468e-05,
          "eth": -1.5301079148289144e-05
        },
        "std": {
          "btc": 0.00595189422046091,
          "eth": 0.007576480353162312
        },
        "min": {
          "btc": -0.03612262483146145,
          "eth": -0.04170398539552955
        },
        "max": {
          "btc": 0.0349913262434709,
          "eth": 0.04260060177264258
        }
      },
      "hedge_table": [
        {
          "target": "BTC",
          "hedge": "ETH",
          "hedge_ratio_units": 0.7142319339728103,
          "target_w": 0.5833516341528271,
          "hedge_w": -0.41664836584717296
        },
        {
          "target": "ETH",
          "hedge": "BTC",
          "hedge_ratio_units": 1.157347714857404,
          "target_w": 0.4635321386131293,
          "hedge_w": -0.5364678613868706
        }
      ],
      "examples": [
        {
          "target": "BTC",
          "hedge": "ETH",
          "target_dollars": 58.33516341528271,
          "hedge_dollars": -41.6648365847173,
          "hedge_units_per_target_unit": -0.7142319339728103
        },
        {
          "target": "ETH",
          "hedge": "BTC",
          "target_dollars": 46.35321386131293,
          "hedge_dollars": -53.64678613868706,
          "hedge_units_per_target_unit": -1.157347714857404
        }
      ]
    },
    "120": {
      "lookback_days": 120,
      "corr": 0.9002731184202497,
      "stats": {
        "mean": {
          "btc": -8.431607565022972e-05,
          "eth": -0.00011013761289611473
        },
        "std": {
          "btc": 0.005237531786593,
          "eth": 0.007026114773730893
        },
        "min": {
          "btc": -0.03612262483146145,
          "eth": -0.04988725258205495
        },
        "max": {
          "btc": 0.0349913262434709,
          "eth": 0.04377388676562077
        }
      },
      "hedge_table": [
        {
          "target": "BTC",
          "hedge": "ETH",
          "hedge_ratio_units": 0.6710976444578443,
          "target_w": 0.5984090776002685,
          "hedge_w": -0.4015909223997315
        },
        {
          "target": "ETH",
          "hedge": "BTC",
          "hedge_ratio_units": 1.2077105238610815,
          "target_w": 0.4529579350154533,
          "hedge_w": -0.5470420649845468
        }
      ],
      "examples": [
        {
          "target": "BTC",
          "hedge": "ETH",
          "target_dollars": 59.84090776002685,
          "hedge_dollars": -40.15909223997315,
          "hedge_units_per_target_unit": -0.6710976444578443
        },
        {
          "target": "ETH",
          "hedge": "BTC",
          "target_dollars": 45.295793501545326,
          "hedge_dollars": -54.704206498454674,
          "hedge_units_per_target_unit": -1.2077105238610815
        }
      ]
    },
    "150": {
      "lookback_days": 150,
      "corr": 0.8965614390985895,
      "stats": {
        "mean": {
          "btc": -0.00010624547741722593,
          "eth": -0.00011611015525253977
        },
        "std": {
          "btc": 0.005308835133851668,
          "eth": 0.0072434646751346025
        },
        "min": {
          "btc": -0.03714671634653788,
          "eth": -0.05178573218862892
        },
        "max": {
          "btc": 0.0349913262434709,
          "eth": 0.04377388676562077
        }
      },
      "hedge_table": [
        {
          "target": "BTC",
          "hedge": "ETH",
          "hedge_ratio_units": 0.6571022405731214,
          "target_w": 0.6034630667412183,
          "hedge_w": -0.39653693325878164
        },
        {
          "target": "ETH",
          "hedge": "BTC",
          "hedge_ratio_units": 1.2232836299225578,
          "target_w": 0.44978516755184866,
          "hedge_w": -0.5502148324481513
        }
      ],
      "examples": [
        {
          "target": "BTC",
          "hedge": "ETH",
          "target_dollars": 60.34630667412183,
          "hedge_dollars": -39.653693325878166,
          "hedge_units_per_target_unit": -0.6571022405731214
        },
        {
          "target": "ETH",
          "hedge": "BTC",
          "target_dollars": 44.97851675518486,
          "hedge_dollars": -55.02148324481513,
          "hedge_units_per_target_unit": -1.2232836299225578
        }
      ]
    },
    "180": {
      "lookback_days": 180,
      "corr": 0.8855533432140443,
      "stats": {
        "mean": {
          "btc": -0.00013001894411129582,
          "eth": -0.00016392385509031413
        },
        "std": {
          "btc": 0.005234756140868936,
          "eth": 0.0073706056726851555
        },
        "min": {
          "btc": -0.03714671634653788,
          "eth": -0.05178573218862892
        },
        "max": {
          "btc": 0.0349913262434709,
          "eth": 0.04377388676562077
        }
      },
      "hedge_table": [
        {
          "target": "BTC",
          "hedge": "ETH",
          "hedge_ratio_units": 0.6289382456907286,
          "target_w": 0.6138968144712962,
          "hedge_w": -0.38610318552870376
        },
        {
          "target": "ETH",
          "hedge": "BTC",
          "hedge_ratio_units": 1.2468707842950806,
          "target_w": 0.44506342197766113,
          "hedge_w": -0.5549365780223388
        }
      ],
      "examples": [
        {
          "target": "BTC",
          "hedge": "ETH",
          "target_dollars": 61.38968144712962,
          "hedge_dollars": -38.610318552870375,
          "hedge_units_per_target_unit": -0.6289382456907286
        },
        {
          "target": "ETH",
          "hedge": "BTC",
          "target_dollars": 44.506342197766116,
          "hedge_dollars": -55.49365780223388,
          "hedge_units_per_target_unit": -1.2468707842950806
        }
      ]
    }
  },
  "example_notional": 100.0,
  "provider": "cryptocompare"
}