{
  "generated_at": "2026-01-18T08:24:40.256712Z",
  "lookbacks": {
    "30": {
      "lookback_days": 30,
      "corr": 0.8610579219627734,
      "stats": {
        "mean": {
          "btc": 0.00011134244974946714,
          "eth": 0.00016640846946317054
        },
        "std": {
          "btc": 0.0033359589097134283,
          "eth": 0.004272769305950843
        },
        "min": {
          "btc": -0.018243058433974557,
          "eth": -0.022667238766945097
        },
        "max": {
          "btc": 0.019859354511182037,
          "eth": 0.03730338759129537
        }
      },
      "hedge_table": [
        {
          "target": "BTC",
          "hedge": "ETH",
          "hedge_ratio_units": 0.6722698186748514,
          "target_w": 0.5979896239426393,
          "hedge_w": -0.4020103760573607
        },
        {
          "target": "ETH",
          "hedge": "BTC",
          "hedge_ratio_units": 1.10286186346474,
          "target_w": 0.47554241073751236,
          "hedge_w": -0.5244575892624876
        }
      ],
      "examples": [
        {
          "target": "BTC",
          "hedge": "ETH",
          "target_dollars": 59.79896239426393,
          "hedge_dollars": -40.20103760573607,
          "hedge_units_per_target_unit": -0.6722698186748514
        },
        {
          "target": "ETH",
          "hedge": "BTC",
          "target_dollars": 47.554241073751236,
          "hedge_dollars": -52.445758926248764,
          "hedge_units_per_target_unit": -1.10286186346474
        }
      ]
    },
    "60": {
      "lookback_days": 60,
      "corr": 0.8930824193969117,
      "stats": {
        "mean": {
          "btc": 3.729572621412571e-05,
          "eth": 6.893232973807941e-05
        },
        "std": {
          "btc": 0.004644732573129925,
          "eth": 0.006458373021244479
        },
        "min": {
          "btc": -0.03714671634653788,
          "eth": -0.05178573218862892
        },
        "max": {
          "btc": 0.026004133739085944,
          "eth": 0.04132265866066209
        }
      },
      "hedge_table": [
        {
          "target": "BTC",
          "hedge": "ETH",
          "hedge_ratio_units": 0.6422869955354799,
          "target_w": 0.6089069710217991,
          "hedge_w": -0.39109302897820086
        },
        {
          "target": "ETH",
          "hedge": "BTC",
          "hedge_ratio_units": 1.2418065652580728,
          "target_w": 0.4460688158814816,
          "hedge_w": -0.5539311841185184
        }
      ],
      "examples": [
        {
          "target": "BTC",
          "hedge": "ETH",
          "target_dollars": 60.890697102179914,
          "hedge_dollars": -39.109302897820086,
          "hedge_units_per_target_unit": -0.6422869955354799
        },
        {
          "target": "ETH",
          "hedge": "BTC",
          "target_dollars": 44.60688158814816,
          "hedge_dollars": -55.39311841185184,
          "hedge_units_per_target_unit": -1.2418065652580728
        }
      ]
    },
    "120": {
      "lookback_days": 120,
      "corr": 0.8671131583725246,
      "stats": {
        "mean": {
          "btc": -5.802148739883054e-05,
          "eth": -8.047529899249944e-05
        },
        "std": {
          "btc": 0.004572740540863568,
          "eth": 0.006928198355646396
        },
        "min": {
          "btc": -0.03714671634653788,
          "eth": -0.05178573218862892
        },
        "max": {
          "btc": 0.03468753462614105,
          "eth": 0.04368288914132212
        }
      },
      "hedge_table": [
        {
          "target": "BTC",
          "hedge": "ETH",
          "hedge_ratio_units": 0.5723109081562021,
          "target_w": 0.6360065269614312,
          "hedge_w": -0.36399347303856877
        },
        {
          "target": "ETH",
          "hedge": "BTC",
          "hedge_ratio_units": 1.3137705724413018,
          "target_w": 0.43219496864154583,
          "hedge_w": -0.5678050313584542
        }
      ],
      "examples": [
        {
          "target": "BTC",
          "hedge": "ETH",
          "target_dollars": 63.60065269614312,
          "hedge_dollars": -36.39934730385688,
          "hedge_units_per_target_unit": -0.5723109081562021
        },
        {
          "target": "ETH",
          "hedge": "BTC",
          "target_dollars": 43.219496864154586,
          "hedge_dollars": -56.780503135845414,
          "hedge_units_per_target_unit": -1.3137705724413018
        }
      ]
    },
    "150": {
      "lookback_days": 150,
      "corr": 0.8540451421439844,
      "stats": {
        "mean": {
          "btc": -3.954830360113547e-05,
          "eth": -4.8122134644429745e-05
        },
        "std": {
          "btc": 0.004360199855057779,
          "eth": 0.006828443506360962
        },
        "min": {
          "btc": -0.03714671634653788,
          "eth": -0.05178573218862892
        },
        "max": {
          "btc": 0.03468753462614105,
          "eth": 0.0757825447476439
        }
      },
      "hedge_table": [
        {
          "target": "BTC",
          "hedge": "ETH",
          "hedge_ratio_units": 0.5453376749064599,
          "target_w": 0.6471077591896092,
          "hedge_w": -0.3528922408103908
        },
        {
          "target": "ETH",
          "hedge": "BTC",
          "hedge_ratio_units": 1.3375072700503392,
          "target_w": 0.4278061560760257,
          "hedge_w": -0.5721938439239744
        }
      ],
      "examples": [
        {
          "target": "BTC",
          "hedge": "ETH",
          "target_dollars": 64.71077591896092,
          "hedge_dollars": -35.28922408103908,
          "hedge_units_per_target_unit": -0.5453376749064599
        },
        {
          "target": "ETH",
          "hedge": "BTC",
          "target_dollars": 42.78061560760257,
          "hedge_dollars": -57.219384392397444,
          "hedge_units_per_target_unit": -1.3375072700503392
        }
      ]
    },
    "180": {
      "lookback_days": 180,
      "corr": 0.8344307671102753,
      "stats": {
        "mean": {
          "btc": -4.223574271271545e-05,
          "eth": -1.4193857606120473e-07
        },
        "std": {
          "btc": 0.004190220571093045,
          "eth": 0.006847153145631161
        },
        "min": {
          "btc": -0.03714671634653788,
          "eth": -0.05178573218862892
        },
        "max": {
          "btc": 0.03468753462614105,
          "eth": 0.0757825447476439
        }
      },
      "hedge_table": [
        {
          "target": "BTC",
          "hedge": "ETH",
          "hedge_ratio_units": 0.5106427286104067,
          "target_w": 0.6619698894124814,
          "hedge_w": -0.33803011058751864
        },
        {
          "target": "ETH",
          "hedge": "BTC",
          "hedge_ratio_units": 1.3635261330264885,
          "target_w": 0.4230966546240395,
          "hedge_w": -0.5769033453759603
        }
      ],
      "examples": [
        {
          "target": "BTC",
          "hedge": "ETH",
          "target_dollars": 66.19698894124814,
          "hedge_dollars": -33.80301105875186,
          "hedge_units_per_target_unit": -0.5106427286104067
        },
        {
          "target": "ETH",
          "hedge": "BTC",
          "target_dollars": 42.30966546240395,
          "hedge_dollars": -57.69033453759603,
          "hedge_units_per_target_unit": -1.3635261330264885
        }
      ]
    }
  },
  "example_notional": 100.0,
  "provider": "cryptocompare"
}