{
  "generated_at": "2026-07-16T10:05:56.418527Z",
  "lookbacks": {
    "30": {
      "lookback_days": 30,
      "corr": 0.9233023290494058,
      "stats": {
        "mean": {
          "btc": -0.00030911702822221626,
          "eth": 0.002657266717855753
        },
        "std": {
          "btc": 0.017930679515330877,
          "eth": 0.025069520459902187
        },
        "min": {
          "btc": -0.02781940606821942,
          "eth": -0.03574371340405036
        },
        "max": {
          "btc": 0.04394298412064401,
          "eth": 0.06588068107703227
        }
      },
      "hedge_table": [
        {
          "target": "BTC",
          "hedge": "ETH",
          "hedge_ratio_units": 0.6603811263332025,
          "target_w": 0.6022713605570832,
          "hedge_w": -0.39772863944291686
        },
        {
          "target": "ETH",
          "hedge": "BTC",
          "hedge_ratio_units": 1.2909018093256737,
          "target_w": 0.43650932393926983,
          "hedge_w": -0.56349067606073
        }
      ],
      "examples": [
        {
          "target": "BTC",
          "hedge": "ETH",
          "target_dollars": 60.22713605570832,
          "hedge_dollars": -39.772863944291686,
          "hedge_units_per_target_unit": -0.6603811263332025
        },
        {
          "target": "ETH",
          "hedge": "BTC",
          "target_dollars": 43.650932393926986,
          "hedge_dollars": -56.349067606073,
          "hedge_units_per_target_unit": -1.2909018093256737
        }
      ]
    },
    "60": {
      "lookback_days": 60,
      "corr": 0.8914923984670526,
      "stats": {
        "mean": {
          "btc": -0.002833194853017146,
          "eth": -0.001347858564359387
        },
        "std": {
          "btc": 0.020076933724772754,
          "eth": 0.028975988020774522
        },
        "min": {
          "btc": -0.06600964303204149,
          "eth": -0.10658012901637759
        },
        "max": {
          "btc": 0.04394298412064401,
          "eth": 0.07539563557614826
        }
      },
      "hedge_table": [
        {
          "target": "BTC",
          "hedge": "ETH",
          "hedge_ratio_units": 0.6176988266053023,
          "target_w": 0.6181620358212617,
          "hedge_w": -0.3818379641787382
        },
        {
          "target": "ETH",
          "hedge": "BTC",
          "hedge_ratio_units": 1.2866443358688353,
          "target_w": 0.43732205499288507,
          "hedge_w": -0.5626779450071149
        }
      ],
      "examples": [
        {
          "target": "BTC",
          "hedge": "ETH",
          "target_dollars": 61.81620358212617,
          "hedge_dollars": -38.18379641787382,
          "hedge_units_per_target_unit": -0.6176988266053023
        },
        {
          "target": "ETH",
          "hedge": "BTC",
          "target_dollars": 43.732205499288504,
          "hedge_dollars": -56.26779450071149,
          "hedge_units_per_target_unit": -1.2866443358688353
        }
      ]
    },
    "120": {
      "lookback_days": 120,
      "corr": 0.9064272733172964,
      "stats": {
        "mean": {
          "btc": -0.0006168889810968576,
          "eth": -0.0008050293861567066
        },
        "std": {
          "btc": 0.019609785409389655,
          "eth": 0.027015325760459053
        },
        "min": {
          "btc": -0.06600964303204149,
          "eth": -0.10658012901637759
        },
        "max": {
          "btc": 0.05310982988222279,
          "eth": 0.08197502974334592
        }
      },
      "hedge_table": [
        {
          "target": "BTC",
          "hedge": "ETH",
          "hedge_ratio_units": 0.6579540989650584,
          "target_w": 0.6031530068439338,
          "hedge_w": -0.39684699315606614
        },
        {
          "target": "ETH",
          "hedge": "BTC",
          "hedge_ratio_units": 1.2487351368519426,
          "target_w": 0.44469443448992557,
          "hedge_w": -0.5553055655100745
        }
      ],
      "examples": [
        {
          "target": "BTC",
          "hedge": "ETH",
          "target_dollars": 60.31530068439338,
          "hedge_dollars": -39.684699315606615,
          "hedge_units_per_target_unit": -0.6579540989650584
        },
        {
          "target": "ETH",
          "hedge": "BTC",
          "target_dollars": 44.46944344899256,
          "hedge_dollars": -55.53055655100745,
          "hedge_units_per_target_unit": -1.2487351368519426
        }
      ]
    },
    "150": {
      "lookback_days": 150,
      "corr": 0.9146748665048546,
      "stats": {
        "mean": {
          "btc": -0.00019621311902793767,
          "eth": 0.00013817222811950705
        },
        "std": {
          "btc": 0.021279811980469503,
          "eth": 0.02929583214138809
        },
        "min": {
          "btc": -0.06600964303204149,
          "eth": -0.10658012901637759
        },
        "max": {
          "btc": 0.06364240856302605,
          "eth": 0.10814835249280486
        }
      },
      "hedge_table": [
        {
          "target": "BTC",
          "hedge": "ETH",
          "hedge_ratio_units": 0.6643985768537417,
          "target_w": 0.600817625000814,
          "hedge_w": -0.3991823749991859
        },
        {
          "target": "ETH",
          "hedge": "BTC",
          "hedge_ratio_units": 1.2592292346222869,
          "target_w": 0.4426288331768984,
          "hedge_w": -0.5573711668231016
        }
      ],
      "examples": [
        {
          "target": "BTC",
          "hedge": "ETH",
          "target_dollars": 60.0817625000814,
          "hedge_dollars": -39.91823749991859,
          "hedge_units_per_target_unit": -0.6643985768537417
        },
        {
          "target": "ETH",
          "hedge": "BTC",
          "target_dollars": 44.26288331768984,
          "hedge_dollars": -55.73711668231016,
          "hedge_units_per_target_unit": -1.2592292346222869
        }
      ]
    },
    "180": {
      "lookback_days": 180,
      "corr": 0.9249041901113395,
      "stats": {
        "mean": {
          "btc": -0.0018105861090034427,
          "eth": -0.0024377455544312534
        },
        "std": {
          "btc": 0.025925824703065287,
          "eth": 0.03468357151793183
        },
        "min": {
          "btc": -0.14101788206180332,
          "eth": -0.15404474276243008
        },
        "max": {
          "btc": 0.12203362664914996,
          "eth": 0.13191787874605776
        }
      },
      "hedge_table": [
        {
          "target": "BTC",
          "hedge": "ETH",
          "hedge_ratio_units": 0.6913620152284424,
          "target_w": 0.591239480960518,
          "hedge_w": -0.4087605190394821
        },
        {
          "target": "ETH",
          "hedge": "BTC",
          "hedge_ratio_units": 1.2373369407673527,
          "target_w": 0.44695994679148504,
          "hedge_w": -0.5530400532085148
        }
      ],
      "examples": [
        {
          "target": "BTC",
          "hedge": "ETH",
          "target_dollars": 59.123948096051805,
          "hedge_dollars": -40.87605190394821,
          "hedge_units_per_target_unit": -0.6913620152284424
        },
        {
          "target": "ETH",
          "hedge": "BTC",
          "target_dollars": 44.695994679148505,
          "hedge_dollars": -55.30400532085148,
          "hedge_units_per_target_unit": -1.2373369407673527
        }
      ]
    }
  },
  "example_notional": 100.0,
  "provider": "coingecko"
}