{
  "generated_at": "2026-04-21T16:58:45.778699Z",
  "lookbacks": {
    "30": {
      "lookback_days": 30,
      "corr": 0.9162429515713698,
      "stats": {
        "mean": {
          "btc": 0.0001483085839735817,
          "eth": 0.00016387307707899337
        },
        "std": {
          "btc": 0.004416082510297914,
          "eth": 0.005985158107624022
        },
        "min": {
          "btc": -0.019619547762256384,
          "eth": -0.02913186092280784
        },
        "max": {
          "btc": 0.022874680739771724,
          "eth": 0.041842617860856635
        }
      },
      "hedge_table": [
        {
          "target": "BTC",
          "hedge": "ETH",
          "hedge_ratio_units": 0.6760396970071557,
          "target_w": 0.5966445793531407,
          "hedge_w": -0.40335542064685914
        },
        {
          "target": "ETH",
          "hedge": "BTC",
          "hedge_ratio_units": 1.2417926787742017,
          "target_w": 0.4460715789948934,
          "hedge_w": -0.5539284210051066
        }
      ],
      "examples": [
        {
          "target": "BTC",
          "hedge": "ETH",
          "target_dollars": 59.664457935314076,
          "hedge_dollars": -40.33554206468592,
          "hedge_units_per_target_unit": -0.6760396970071557
        },
        {
          "target": "ETH",
          "hedge": "BTC",
          "target_dollars": 44.607157899489344,
          "hedge_dollars": -55.39284210051066,
          "hedge_units_per_target_unit": -1.2417926787742017
        }
      ]
    },
    "60": {
      "lookback_days": 60,
      "corr": 0.9158910898567735,
      "stats": {
        "mean": {
          "btc": 9.303594409867771e-05,
          "eth": 0.00013380351931849974
        },
        "std": {
          "btc": 0.005061076080049186,
          "eth": 0.0066044577032380045
        },
        "min": {
          "btc": -0.03612262483146145,
          "eth": -0.04038541666666662
        },
        "max": {
          "btc": 0.029223763595974894,
          "eth": 0.041842617860856635
        }
      },
      "hedge_table": [
        {
          "target": "BTC",
          "hedge": "ETH",
          "hedge_ratio_units": 0.7018584560745503,
          "target_w": 0.587592931968365,
          "hedge_w": -0.412407068031635
        },
        {
          "target": "ETH",
          "hedge": "BTC",
          "hedge_ratio_units": 1.1951932490358517,
          "target_w": 0.45554075953869155,
          "hedge_w": -0.5444592404613084
        }
      ],
      "examples": [
        {
          "target": "BTC",
          "hedge": "ETH",
          "target_dollars": 58.7592931968365,
          "hedge_dollars": -41.240706803163505,
          "hedge_units_per_target_unit": -0.7018584560745503
        },
        {
          "target": "ETH",
          "hedge": "BTC",
          "target_dollars": 45.55407595386916,
          "hedge_dollars": -54.44592404613084,
          "hedge_units_per_target_unit": -1.1951932490358517
        }
      ]
    },
    "120": {
      "lookback_days": 120,
      "corr": 0.9012679761555334,
      "stats": {
        "mean": {
          "btc": -4.313410893749219e-05,
          "eth": -7.103345405442134e-05
        },
        "std": {
          "btc": 0.005167312807728604,
          "eth": 0.006843186256533242
        },
        "min": {
          "btc": -0.03612262483146145,
          "eth": -0.04170398539552955
        },
        "max": {
          "btc": 0.0349913262434709,
          "eth": 0.04377388676562077
        }
      },
      "hedge_table": [
        {
          "target": "BTC",
          "hedge": "ETH",
          "hedge_ratio_units": 0.6805504602388872,
          "target_w": 0.5950431264395666,
          "hedge_w": -0.4049568735604334
        },
        {
          "target": "ETH",
          "hedge": "BTC",
          "hedge_ratio_units": 1.193569047853355,
          "target_w": 0.45587805908303103,
          "hedge_w": -0.5441219409169689
        }
      ],
      "examples": [
        {
          "target": "BTC",
          "hedge": "ETH",
          "target_dollars": 59.50431264395666,
          "hedge_dollars": -40.49568735604334,
          "hedge_units_per_target_unit": -0.6805504602388872
        },
        {
          "target": "ETH",
          "hedge": "BTC",
          "target_dollars": 45.5878059083031,
          "hedge_dollars": -54.41219409169689,
          "hedge_units_per_target_unit": -1.193569047853355
        }
      ]
    },
    "150": {
      "lookback_days": 150,
      "corr": 0.8997547078085508,
      "stats": {
        "mean": {
          "btc": -1.6757054848223872e-05,
          "eth": -2.4255889678634143e-05
        },
        "std": {
          "btc": 0.005138708174474915,
          "eth": 0.00693768612832896
        },
        "min": {
          "btc": -0.03714671634653788,
          "eth": -0.05178573218862892
        },
        "max": {
          "btc": 0.0349913262434709,
          "eth": 0.04377388676562077
        }
      },
      "hedge_table": [
        {
          "target": "BTC",
          "hedge": "ETH",
          "hedge_ratio_units": 0.6664436508821628,
          "target_w": 0.6000802964268437,
          "hedge_w": -0.3999197035731562
        },
        {
          "target": "ETH",
          "hedge": "BTC",
          "hedge_ratio_units": 1.2147441620188724,
          "target_w": 0.451519420233369,
          "hedge_w": -0.5484805797666309
        }
      ],
      "examples": [
        {
          "target": "BTC",
          "hedge": "ETH",
          "target_dollars": 60.00802964268437,
          "hedge_dollars": -39.99197035731562,
          "hedge_units_per_target_unit": -0.6664436508821628
        },
        {
          "target": "ETH",
          "hedge": "BTC",
          "target_dollars": 45.1519420233369,
          "hedge_dollars": -54.84805797666309,
          "hedge_units_per_target_unit": -1.2147441620188724
        }
      ]
    },
    "180": {
      "lookback_days": 180,
      "corr": 0.8955793602665578,
      "stats": {
        "mean": {
          "btc": -7.528032661362215e-05,
          "eth": -9.71037371977627e-05
        },
        "std": {
          "btc": 0.005171206360677565,
          "eth": 0.00714118551960921
        },
        "min": {
          "btc": -0.03714671634653788,
          "eth": -0.05178573218862892
        },
        "max": {
          "btc": 0.0349913262434709,
          "eth": 0.04377388676562077
        }
      },
      "hedge_table": [
        {
          "target": "BTC",
          "hedge": "ETH",
          "hedge_ratio_units": 0.6485233679456915,
          "target_w": 0.6066034728073952,
          "hedge_w": -0.3933965271926047
        },
        {
          "target": "ETH",
          "hedge": "BTC",
          "hedge_ratio_units": 1.2367517196429274,
          "target_w": 0.4470768888733162,
          "hedge_w": -0.5529231111266838
        }
      ],
      "examples": [
        {
          "target": "BTC",
          "hedge": "ETH",
          "target_dollars": 60.66034728073952,
          "hedge_dollars": -39.33965271926047,
          "hedge_units_per_target_unit": -0.6485233679456915
        },
        {
          "target": "ETH",
          "hedge": "BTC",
          "target_dollars": 44.70768888733162,
          "hedge_dollars": -55.29231111266838,
          "hedge_units_per_target_unit": -1.2367517196429274
        }
      ]
    }
  },
  "example_notional": 100.0,
  "provider": "cryptocompare"
}