{
  "generated_at": "2026-01-08T16:27:59.115135Z",
  "lookbacks": {
    "30": {
      "lookback_days": 30,
      "corr": 0.8959938618045857,
      "stats": {
        "mean": {
          "btc": -4.4390424768311094e-05,
          "eth": -0.00010528782383636928
        },
        "std": {
          "btc": 0.00406562144398251,
          "eth": 0.005502567925517164
        },
        "min": {
          "btc": -0.027358625956130256,
          "eth": -0.04988725258205495
        },
        "max": {
          "btc": 0.023396335129270085,
          "eth": 0.03218906547200184
        }
      },
      "hedge_table": [
        {
          "target": "BTC",
          "hedge": "ETH",
          "hedge_ratio_units": 0.6620130650885252,
          "target_w": 0.6016799873632378,
          "hedge_w": -0.3983200126367622
        },
        {
          "target": "ETH",
          "hedge": "BTC",
          "hedge_ratio_units": 1.2126724421732418,
          "target_w": 0.45194217677236515,
          "hedge_w": -0.548057823227635
        }
      ],
      "examples": [
        {
          "target": "BTC",
          "hedge": "ETH",
          "target_dollars": 60.16799873632378,
          "hedge_dollars": -39.83200126367622,
          "hedge_units_per_target_unit": -0.6620130650885252
        },
        {
          "target": "ETH",
          "hedge": "BTC",
          "target_dollars": 45.194217677236516,
          "hedge_dollars": -54.8057823227635,
          "hedge_units_per_target_unit": -1.2126724421732418
        }
      ]
    },
    "60": {
      "lookback_days": 60,
      "corr": 0.8944626611223928,
      "stats": {
        "mean": {
          "btc": -8.227255009544188e-05,
          "eth": -6.339701194974493e-05
        },
        "std": {
          "btc": 0.004955136084327689,
          "eth": 0.007055790034215263
        },
        "min": {
          "btc": -0.03714671634653788,
          "eth": -0.05178573218862892
        },
        "max": {
          "btc": 0.026004133739085944,
          "eth": 0.04132265866066209
        }
      },
      "hedge_table": [
        {
          "target": "BTC",
          "hedge": "ETH",
          "hedge_ratio_units": 0.6281627127109205,
          "target_w": 0.6141892282589998,
          "hedge_w": -0.3858107717410001
        },
        {
          "target": "ETH",
          "hedge": "BTC",
          "hedge_ratio_units": 1.27365638862799,
          "target_w": 0.43982019666720074,
          "hedge_w": -0.5601798033327992
        }
      ],
      "examples": [
        {
          "target": "BTC",
          "hedge": "ETH",
          "target_dollars": 61.41892282589998,
          "hedge_dollars": -38.58107717410001,
          "hedge_units_per_target_unit": -0.6281627127109205
        },
        {
          "target": "ETH",
          "hedge": "BTC",
          "target_dollars": 43.98201966672007,
          "hedge_dollars": -56.017980333279915,
          "hedge_units_per_target_unit": -1.27365638862799
        }
      ]
    },
    "120": {
      "lookback_days": 120,
      "corr": 0.8642696034885736,
      "stats": {
        "mean": {
          "btc": -6.949427385449101e-05,
          "eth": -9.568333465034125e-05
        },
        "std": {
          "btc": 0.004516032905291787,
          "eth": 0.006905441716566387
        },
        "min": {
          "btc": -0.03714671634653788,
          "eth": -0.05178573218862892
        },
        "max": {
          "btc": 0.03468753462614105,
          "eth": 0.04368288914132212
        }
      },
      "hedge_table": [
        {
          "target": "BTC",
          "hedge": "ETH",
          "hedge_ratio_units": 0.5652165536397604,
          "target_w": 0.6388892308061759,
          "hedge_w": -0.3611107691938242
        },
        {
          "target": "ETH",
          "hedge": "BTC",
          "hedge_ratio_units": 1.3215500195529852,
          "target_w": 0.4307466957755018,
          "hedge_w": -0.5692533042244982
        }
      ],
      "examples": [
        {
          "target": "BTC",
          "hedge": "ETH",
          "target_dollars": 63.88892308061759,
          "hedge_dollars": -36.11107691938242,
          "hedge_units_per_target_unit": -0.5652165536397604
        },
        {
          "target": "ETH",
          "hedge": "BTC",
          "target_dollars": 43.07466957755018,
          "hedge_dollars": -56.92533042244982,
          "hedge_units_per_target_unit": -1.3215500195529852
        }
      ]
    },
    "150": {
      "lookback_days": 150,
      "corr": 0.8452902443016949,
      "stats": {
        "mean": {
          "btc": -6.791499192804692e-05,
          "eth": -6.643003911915435e-05
        },
        "std": {
          "btc": 0.004358445881813402,
          "eth": 0.007003564357265257
        },
        "min": {
          "btc": -0.03714671634653788,
          "eth": -0.05178573218862892
        },
        "max": {
          "btc": 0.03468753462614105,
          "eth": 0.0757825447476439
        }
      },
      "hedge_table": [
        {
          "target": "BTC",
          "hedge": "ETH",
          "hedge_ratio_units": 0.5260395416216821,
          "target_w": 0.6552910148955422,
          "hedge_w": -0.34470898510445785
        },
        {
          "target": "ETH",
          "hedge": "BTC",
          "hedge_ratio_units": 1.3582925627775058,
          "target_w": 0.4240355992227862,
          "hedge_w": -0.5759644007772137
        }
      ],
      "examples": [
        {
          "target": "BTC",
          "hedge": "ETH",
          "target_dollars": 65.52910148955422,
          "hedge_dollars": -34.470898510445785,
          "hedge_units_per_target_unit": -0.5260395416216821
        },
        {
          "target": "ETH",
          "hedge": "BTC",
          "target_dollars": 42.403559922278625,
          "hedge_dollars": -57.59644007772137,
          "hedge_units_per_target_unit": -1.3582925627775058
        }
      ]
    },
    "180": {
      "lookback_days": 180,
      "corr": 0.8247058863886865,
      "stats": {
        "mean": {
          "btc": -5.1807289927304204e-05,
          "eth": 3.593014833592944e-05
        },
        "std": {
          "btc": 0.004195458255671605,
          "eth": 0.006953826180561818
        },
        "min": {
          "btc": -0.03714671634653788,
          "eth": -0.05178573218862892
        },
        "max": {
          "btc": 0.03468753462614105,
          "eth": 0.0757825447476439
        }
      },
      "hedge_table": [
        {
          "target": "BTC",
          "hedge": "ETH",
          "hedge_ratio_units": 0.49757055032842934,
          "target_w": 0.6677481737208921,
          "hedge_w": -0.33225182627910793
        },
        {
          "target": "ETH",
          "hedge": "BTC",
          "hedge_ratio_units": 1.3669213312468191,
          "target_w": 0.4224897493628281,
          "hedge_w": -0.577510250637172
        }
      ],
      "examples": [
        {
          "target": "BTC",
          "hedge": "ETH",
          "target_dollars": 66.77481737208922,
          "hedge_dollars": -33.22518262791079,
          "hedge_units_per_target_unit": -0.49757055032842934
        },
        {
          "target": "ETH",
          "hedge": "BTC",
          "target_dollars": 42.24897493628281,
          "hedge_dollars": -57.7510250637172,
          "hedge_units_per_target_unit": -1.3669213312468191
        }
      ]
    }
  },
  "example_notional": 100.0,
  "provider": "cryptocompare"
}