{
  "generated_at": "2026-06-08T03:47:30.893722Z",
  "lookbacks": {
    "30": {
      "lookback_days": 30,
      "corr": 0.8895799036472202,
      "stats": {
        "mean": {
          "btc": -0.0003255735624920623,
          "eth": -0.0004276259195777753
        },
        "std": {
          "btc": 0.004665232161937756,
          "eth": 0.00608872321284106
        },
        "min": {
          "btc": -0.022992854112727557,
          "eth": -0.03439786519755539
        },
        "max": {
          "btc": 0.02212668221855041,
          "eth": 0.0384557017519207
        }
      },
      "hedge_table": [
        {
          "target": "BTC",
          "hedge": "ETH",
          "hedge_ratio_units": 0.6816037832621438,
          "target_w": 0.5946704033099282,
          "hedge_w": -0.40532959669007185
        },
        {
          "target": "ETH",
          "hedge": "BTC",
          "hedge_ratio_units": 1.1610152766253714,
          "target_w": 0.46274545618279667,
          "hedge_w": -0.5372545438172034
        }
      ],
      "examples": [
        {
          "target": "BTC",
          "hedge": "ETH",
          "target_dollars": 59.467040330992816,
          "hedge_dollars": -40.532959669007184,
          "hedge_units_per_target_unit": -0.6816037832621438
        },
        {
          "target": "ETH",
          "hedge": "BTC",
          "target_dollars": 46.27454561827967,
          "hedge_dollars": -53.72545438172034,
          "hedge_units_per_target_unit": -1.1610152766253714
        }
      ]
    },
    "60": {
      "lookback_days": 60,
      "corr": 0.8906349479228401,
      "stats": {
        "mean": {
          "btc": -7.09173063461381e-05,
          "eth": -0.0001661178543264105
        },
        "std": {
          "btc": 0.004220744557436108,
          "eth": 0.0055249384466968315
        },
        "min": {
          "btc": -0.022992854112727557,
          "eth": -0.03439786519755539
        },
        "max": {
          "btc": 0.02212668221855041,
          "eth": 0.0410922552310693
        }
      },
      "hedge_table": [
        {
          "target": "BTC",
          "hedge": "ETH",
          "hedge_ratio_units": 0.6803953827495001,
          "target_w": 0.5950980407740576,
          "hedge_w": -0.4049019592259425
        },
        {
          "target": "ETH",
          "hedge": "BTC",
          "hedge_ratio_units": 1.1658377328429967,
          "target_w": 0.46171510673948113,
          "hedge_w": -0.5382848932605189
        }
      ],
      "examples": [
        {
          "target": "BTC",
          "hedge": "ETH",
          "target_dollars": 59.50980407740576,
          "hedge_dollars": -40.49019592259425,
          "hedge_units_per_target_unit": -0.6803953827495001
        },
        {
          "target": "ETH",
          "hedge": "BTC",
          "target_dollars": 46.17151067394811,
          "hedge_dollars": -53.82848932605189,
          "hedge_units_per_target_unit": -1.1658377328429967
        }
      ]
    },
    "120": {
      "lookback_days": 120,
      "corr": 0.902975246132747,
      "stats": {
        "mean": {
          "btc": -2.1014487330091404e-05,
          "eth": -5.6556024702018526e-05
        },
        "std": {
          "btc": 0.004797283586260001,
          "eth": 0.006197561893515244
        },
        "min": {
          "btc": -0.03612262483146145,
          "eth": -0.04038541666666662
        },
        "max": {
          "btc": 0.029223763595974894,
          "eth": 0.041842617860856635
        }
      },
      "hedge_table": [
        {
          "target": "BTC",
          "hedge": "ETH",
          "hedge_ratio_units": 0.6989568481122029,
          "target_w": 0.5885964679509963,
          "hedge_w": -0.41140353204900365
        },
        {
          "target": "ETH",
          "hedge": "BTC",
          "hedge_ratio_units": 1.1665445403828498,
          "target_w": 0.4615644780712841,
          "hedge_w": -0.538435521928716
        }
      ],
      "examples": [
        {
          "target": "BTC",
          "hedge": "ETH",
          "target_dollars": 58.85964679509963,
          "hedge_dollars": -41.140353204900364,
          "hedge_units_per_target_unit": -0.6989568481122029
        },
        {
          "target": "ETH",
          "hedge": "BTC",
          "target_dollars": 46.15644780712841,
          "hedge_dollars": -53.8435521928716,
          "hedge_units_per_target_unit": -1.1665445403828498
        }
      ]
    },
    "150": {
      "lookback_days": 150,
      "corr": 0.8995176347274608,
      "stats": {
        "mean": {
          "btc": -8.86215903592615e-05,
          "eth": -0.00014936989466743974
        },
        "std": {
          "btc": 0.00506850217052531,
          "eth": 0.006690513542286438
        },
        "min": {
          "btc": -0.03612262483146145,
          "eth": -0.04170398539552955
        },
        "max": {
          "btc": 0.0349913262434709,
          "eth": 0.04377388676562077
        }
      },
      "hedge_table": [
        {
          "target": "BTC",
          "hedge": "ETH",
          "hedge_ratio_units": 0.6814435177847125,
          "target_w": 0.5947270838555978,
          "hedge_w": -0.4052729161444022
        },
        {
          "target": "ETH",
          "hedge": "BTC",
          "hedge_ratio_units": 1.1873793705105191,
          "target_w": 0.45716806763456264,
          "hedge_w": -0.5428319323654374
        }
      ],
      "examples": [
        {
          "target": "BTC",
          "hedge": "ETH",
          "target_dollars": 59.472708385559784,
          "hedge_dollars": -40.527291614440216,
          "hedge_units_per_target_unit": -0.6814435177847125
        },
        {
          "target": "ETH",
          "hedge": "BTC",
          "target_dollars": 45.71680676345626,
          "hedge_dollars": -54.28319323654374,
          "hedge_units_per_target_unit": -1.1873793705105191
        }
      ]
    },
    "180": {
      "lookback_days": 180,
      "corr": 0.8991353350230448,
      "stats": {
        "mean": {
          "btc": -7.662682684661598e-05,
          "eth": -0.00013707894991083625
        },
        "std": {
          "btc": 0.0049132057890043795,
          "eth": 0.006504065291961606
        },
        "min": {
          "btc": -0.03612262483146145,
          "eth": -0.04988725258205495
        },
        "max": {
          "btc": 0.0349913262434709,
          "eth": 0.04377388676562077
        }
      },
      "hedge_table": [
        {
          "target": "BTC",
          "hedge": "ETH",
          "hedge_ratio_units": 0.6792116522251685,
          "target_w": 0.5955175446018809,
          "hedge_w": -0.40448245539811906
        },
        {
          "target": "ETH",
          "hedge": "BTC",
          "hedge_ratio_units": 1.1902686710960486,
          "target_w": 0.45656499277761325,
          "hedge_w": -0.5434350072223868
        }
      ],
      "examples": [
        {
          "target": "BTC",
          "hedge": "ETH",
          "target_dollars": 59.551754460188086,
          "hedge_dollars": -40.44824553981191,
          "hedge_units_per_target_unit": -0.6792116522251685
        },
        {
          "target": "ETH",
          "hedge": "BTC",
          "target_dollars": 45.65649927776133,
          "hedge_dollars": -54.34350072223868,
          "hedge_units_per_target_unit": -1.1902686710960486
        }
      ]
    }
  },
  "example_notional": 100.0,
  "provider": "cryptocompare"
}