{
  "generated_at": "2026-03-25T02:02:21.044035Z",
  "lookbacks": {
    "30": {
      "lookback_days": 30,
      "corr": 0.91568625685047,
      "stats": {
        "mean": {
          "btc": 0.0001332612487300427,
          "eth": 0.00023021285039155512
        },
        "std": {
          "btc": 0.005711950657879678,
          "eth": 0.007383573610173783
        },
        "min": {
          "btc": -0.03612262483146145,
          "eth": -0.04038541666666662
        },
        "max": {
          "btc": 0.029223763595974894,
          "eth": 0.041842617860856635
        }
      },
      "hedge_table": [
        {
          "target": "BTC",
          "hedge": "ETH",
          "hedge_ratio_units": 0.7083771346196843,
          "target_w": 0.5853508453931737,
          "hedge_w": -0.4146491546068263
        },
        {
          "target": "ETH",
          "hedge": "BTC",
          "hedge_ratio_units": 1.1836651410762875,
          "target_w": 0.4579456717924795,
          "hedge_w": -0.5420543282075205
        }
      ],
      "examples": [
        {
          "target": "BTC",
          "hedge": "ETH",
          "target_dollars": 58.535084539317374,
          "hedge_dollars": -41.464915460682626,
          "hedge_units_per_target_unit": -0.7083771346196843
        },
        {
          "target": "ETH",
          "hedge": "BTC",
          "target_dollars": 45.794567179247956,
          "hedge_dollars": -54.20543282075205,
          "hedge_units_per_target_unit": -1.1836651410762875
        }
      ]
    },
    "60": {
      "lookback_days": 60,
      "corr": 0.9023929837080045,
      "stats": {
        "mean": {
          "btc": -0.0001467507976497197,
          "eth": -0.00018764520902373873
        },
        "std": {
          "btc": 0.0061613527727640335,
          "eth": 0.008066958400033105
        },
        "min": {
          "btc": -0.03612262483146145,
          "eth": -0.04170398539552955
        },
        "max": {
          "btc": 0.0349913262434709,
          "eth": 0.04260060177264258
        }
      },
      "hedge_table": [
        {
          "target": "BTC",
          "hedge": "ETH",
          "hedge_ratio_units": 0.689226501065049,
          "target_w": 0.5919869238195735,
          "hedge_w": -0.40801307618042637
        },
        {
          "target": "ETH",
          "hedge": "BTC",
          "hedge_ratio_units": 1.1814883725264362,
          "target_w": 0.4584026266625822,
          "hedge_w": -0.5415973733374178
        }
      ],
      "examples": [
        {
          "target": "BTC",
          "hedge": "ETH",
          "target_dollars": 59.19869238195735,
          "hedge_dollars": -40.801307618042635,
          "hedge_units_per_target_unit": -0.689226501065049
        },
        {
          "target": "ETH",
          "hedge": "BTC",
          "target_dollars": 45.84026266625822,
          "hedge_dollars": -54.159737333741774,
          "hedge_units_per_target_unit": -1.1814883725264362
        }
      ]
    },
    "120": {
      "lookback_days": 120,
      "corr": 0.8981576388753201,
      "stats": {
        "mean": {
          "btc": -6.13324814748809e-05,
          "eth": -7.866618476281145e-05
        },
        "std": {
          "btc": 0.005333013610491106,
          "eth": 0.007180443190321912
        },
        "min": {
          "btc": -0.03714671634653788,
          "eth": -0.05178573218862892
        },
        "max": {
          "btc": 0.0349913262434709,
          "eth": 0.04377388676562077
        }
      },
      "hedge_table": [
        {
          "target": "BTC",
          "hedge": "ETH",
          "hedge_ratio_units": 0.6670739932800581,
          "target_w": 0.5998533982480562,
          "hedge_w": -0.4001466017519439
        },
        {
          "target": "ETH",
          "hedge": "BTC",
          "hedge_ratio_units": 1.2092918512735633,
          "target_w": 0.45263372488498627,
          "hedge_w": -0.5473662751150138
        }
      ],
      "examples": [
        {
          "target": "BTC",
          "hedge": "ETH",
          "target_dollars": 59.985339824805614,
          "hedge_dollars": -40.014660175194386,
          "hedge_units_per_target_unit": -0.6670739932800581
        },
        {
          "target": "ETH",
          "hedge": "BTC",
          "target_dollars": 45.263372488498625,
          "hedge_dollars": -54.73662751150138,
          "hedge_units_per_target_unit": -1.2092918512735633
        }
      ]
    },
    "150": {
      "lookback_days": 150,
      "corr": 0.8938791139709097,
      "stats": {
        "mean": {
          "btc": -0.00011192612381452108,
          "eth": -0.0001396238362165958
        },
        "std": {
          "btc": 0.005361932001587404,
          "eth": 0.007407192426941782
        },
        "min": {
          "btc": -0.03714671634653788,
          "eth": -0.05178573218862892
        },
        "max": {
          "btc": 0.0349913262434709,
          "eth": 0.04377388676562077
        }
      },
      "hedge_table": [
        {
          "target": "BTC",
          "hedge": "ETH",
          "hedge_ratio_units": 0.6470628479041787,
          "target_w": 0.6071413736715996,
          "hedge_w": -0.39285862632840035
        },
        {
          "target": "ETH",
          "hedge": "BTC",
          "hedge_ratio_units": 1.2348412105275788,
          "target_w": 0.4474590835757544,
          "hedge_w": -0.5525409164242456
        }
      ],
      "examples": [
        {
          "target": "BTC",
          "hedge": "ETH",
          "target_dollars": 60.71413736715996,
          "hedge_dollars": -39.285862632840036,
          "hedge_units_per_target_unit": -0.6470628479041787
        },
        {
          "target": "ETH",
          "hedge": "BTC",
          "target_dollars": 44.745908357575445,
          "hedge_dollars": -55.25409164242456,
          "hedge_units_per_target_unit": -1.2348412105275788
        }
      ]
    },
    "180": {
      "lookback_days": 180,
      "corr": 0.8822870542497436,
      "stats": {
        "mean": {
          "btc": -8.82915663647126e-05,
          "eth": -0.00011413336598789387
        },
        "std": {
          "btc": 0.005198071778492405,
          "eth": 0.007367579904878496
        },
        "min": {
          "btc": -0.03714671634653788,
          "eth": -0.05178573218862892
        },
        "max": {
          "btc": 0.0349913262434709,
          "eth": 0.04377388676562077
        }
      },
      "hedge_table": [
        {
          "target": "BTC",
          "hedge": "ETH",
          "hedge_ratio_units": 0.622482755047965,
          "target_w": 0.6163393705657212,
          "hedge_w": -0.38366062943427875
        },
        {
          "target": "ETH",
          "hedge": "BTC",
          "hedge_ratio_units": 1.2505253194310717,
          "target_w": 0.44434070186457536,
          "hedge_w": -0.5556592981354247
        }
      ],
      "examples": [
        {
          "target": "BTC",
          "hedge": "ETH",
          "target_dollars": 61.63393705657212,
          "hedge_dollars": -38.36606294342788,
          "hedge_units_per_target_unit": -0.622482755047965
        },
        {
          "target": "ETH",
          "hedge": "BTC",
          "target_dollars": 44.43407018645754,
          "hedge_dollars": -55.56592981354247,
          "hedge_units_per_target_unit": -1.2505253194310717
        }
      ]
    }
  },
  "example_notional": 100.0,
  "provider": "cryptocompare"
}