{
  "generated_at": "2026-01-20T16:33:31.616882Z",
  "lookbacks": {
    "30": {
      "lookback_days": 30,
      "corr": 0.8606938926504482,
      "stats": {
        "mean": {
          "btc": 3.774380436008023e-05,
          "eth": 2.476281803456135e-05
        },
        "std": {
          "btc": 0.003387507170267289,
          "eth": 0.004448618913625819
        },
        "min": {
          "btc": -0.019039367237945193,
          "eth": -0.022667238766945097
        },
        "max": {
          "btc": 0.019859354511182037,
          "eth": 0.03730338759129537
        }
      },
      "hedge_table": [
        {
          "target": "BTC",
          "hedge": "ETH",
          "hedge_ratio_units": 0.6553959305950778,
          "target_w": 0.6040850901696504,
          "hedge_w": -0.39591490983034955
        },
        {
          "target": "ETH",
          "hedge": "BTC",
          "hedge_ratio_units": 1.130299933619003,
          "target_w": 0.46941746756813574,
          "hedge_w": -0.5305825324318643
        }
      ],
      "examples": [
        {
          "target": "BTC",
          "hedge": "ETH",
          "target_dollars": 60.40850901696504,
          "hedge_dollars": -39.59149098303495,
          "hedge_units_per_target_unit": -0.6553959305950778
        },
        {
          "target": "ETH",
          "hedge": "BTC",
          "target_dollars": 46.94174675681357,
          "hedge_dollars": -53.05825324318643,
          "hedge_units_per_target_unit": -1.130299933619003
        }
      ]
    },
    "60": {
      "lookback_days": 60,
      "corr": 0.8867720578225987,
      "stats": {
        "mean": {
          "btc": 5.332352107032556e-05,
          "eth": 7.54398306894607e-05
        },
        "std": {
          "btc": 0.0043206966479914025,
          "eth": 0.006103294240026965
        },
        "min": {
          "btc": -0.03714671634653788,
          "eth": -0.05178573218862892
        },
        "max": {
          "btc": 0.026004133739085944,
          "eth": 0.04132265866066209
        }
      },
      "hedge_table": [
        {
          "target": "BTC",
          "hedge": "ETH",
          "hedge_ratio_units": 0.6277713161260946,
          "target_w": 0.6143369096709991,
          "hedge_w": -0.3856630903290008
        },
        {
          "target": "ETH",
          "hedge": "BTC",
          "hedge_ratio_units": 1.252629201645423,
          "target_w": 0.4439257021393288,
          "hedge_w": -0.5560742978606713
        }
      ],
      "examples": [
        {
          "target": "BTC",
          "hedge": "ETH",
          "target_dollars": 61.433690967099906,
          "hedge_dollars": -38.56630903290008,
          "hedge_units_per_target_unit": -0.6277713161260946
        },
        {
          "target": "ETH",
          "hedge": "BTC",
          "target_dollars": 44.39257021393288,
          "hedge_dollars": -55.60742978606713,
          "hedge_units_per_target_unit": -1.252629201645423
        }
      ]
    },
    "120": {
      "lookback_days": 120,
      "corr": 0.8678368018137824,
      "stats": {
        "mean": {
          "btc": -6.546062996461976e-05,
          "eth": -8.832943227016092e-05
        },
        "std": {
          "btc": 0.0045902866295633735,
          "eth": 0.006937230210912771
        },
        "min": {
          "btc": -0.03714671634653788,
          "eth": -0.05178573218862892
        },
        "max": {
          "btc": 0.03468753462614105,
          "eth": 0.04368288914132212
        }
      },
      "hedge_table": [
        {
          "target": "BTC",
          "hedge": "ETH",
          "hedge_ratio_units": 0.574237778896586,
          "target_w": 0.6352280534779946,
          "hedge_w": -0.3647719465220054
        },
        {
          "target": "ETH",
          "hedge": "BTC",
          "hedge_ratio_units": 1.311548529651872,
          "target_w": 0.432610428538398,
          "hedge_w": -0.5673895714616022
        }
      ],
      "examples": [
        {
          "target": "BTC",
          "hedge": "ETH",
          "target_dollars": 63.52280534779946,
          "hedge_dollars": -36.47719465220054,
          "hedge_units_per_target_unit": -0.574237778896586
        },
        {
          "target": "ETH",
          "hedge": "BTC",
          "target_dollars": 43.2610428538398,
          "hedge_dollars": -56.73895714616022,
          "hedge_units_per_target_unit": -1.311548529651872
        }
      ]
    },
    "150": {
      "lookback_days": 150,
      "corr": 0.8576963921900554,
      "stats": {
        "mean": {
          "btc": -5.769119754168811e-05,
          "eth": -0.00010371149344297212
        },
        "std": {
          "btc": 0.004345043191173711,
          "eth": 0.006696637558736869
        },
        "min": {
          "btc": -0.03714671634653788,
          "eth": -0.05178573218862892
        },
        "max": {
          "btc": 0.03468753462614105,
          "eth": 0.04368288914132212
        }
      },
      "hedge_table": [
        {
          "target": "BTC",
          "hedge": "ETH",
          "hedge_ratio_units": 0.5565073271910207,
          "target_w": 0.6424640491764778,
          "hedge_w": -0.35753595082352213
        },
        {
          "target": "ETH",
          "hedge": "BTC",
          "hedge_ratio_units": 1.3218929297642983,
          "target_w": 0.43068308068000044,
          "hedge_w": -0.5693169193199995
        }
      ],
      "examples": [
        {
          "target": "BTC",
          "hedge": "ETH",
          "target_dollars": 64.24640491764778,
          "hedge_dollars": -35.75359508235221,
          "hedge_units_per_target_unit": -0.5565073271910207
        },
        {
          "target": "ETH",
          "hedge": "BTC",
          "target_dollars": 43.06830806800004,
          "hedge_dollars": -56.93169193199995,
          "hedge_units_per_target_unit": -1.3218929297642983
        }
      ]
    },
    "180": {
      "lookback_days": 180,
      "corr": 0.835135174410211,
      "stats": {
        "mean": {
          "btc": -5.535357454896862e-05,
          "eth": -2.5889394484293835e-05
        },
        "std": {
          "btc": 0.004188042961277068,
          "eth": 0.00680775048850494
        },
        "min": {
          "btc": -0.03714671634653788,
          "eth": -0.05178573218862892
        },
        "max": {
          "btc": 0.03468753462614105,
          "eth": 0.0757825447476439
        }
      },
      "hedge_table": [
        {
          "target": "BTC",
          "hedge": "ETH",
          "hedge_ratio_units": 0.5137647149097689,
          "target_w": 0.6606046436084403,
          "hedge_w": -0.3393953563915598
        },
        {
          "target": "ETH",
          "hedge": "BTC",
          "hedge_ratio_units": 1.3575295058160328,
          "target_w": 0.42417284599535093,
          "hedge_w": -0.575827154004649
        }
      ],
      "examples": [
        {
          "target": "BTC",
          "hedge": "ETH",
          "target_dollars": 66.06046436084402,
          "hedge_dollars": -33.939535639155984,
          "hedge_units_per_target_unit": -0.5137647149097689
        },
        {
          "target": "ETH",
          "hedge": "BTC",
          "target_dollars": 42.417284599535094,
          "hedge_dollars": -57.5827154004649,
          "hedge_units_per_target_unit": -1.3575295058160328
        }
      ]
    }
  },
  "example_notional": 100.0,
  "provider": "cryptocompare"
}