{
  "generated_at": "2026-03-27T02:09:19.571594Z",
  "lookbacks": {
    "30": {
      "lookback_days": 30,
      "corr": 0.9129367628753525,
      "stats": {
        "mean": {
          "btc": 9.055134909311509e-05,
          "eth": 0.00014297998960739028
        },
        "std": {
          "btc": 0.005577318254349198,
          "eth": 0.00722335001799728
        },
        "min": {
          "btc": -0.03612262483146145,
          "eth": -0.04038541666666662
        },
        "max": {
          "btc": 0.029223763595974894,
          "eth": 0.041842617860856635
        }
      },
      "hedge_table": [
        {
          "target": "BTC",
          "hedge": "ETH",
          "hedge_ratio_units": 0.7048999231609832,
          "target_w": 0.5865446918115534,
          "hedge_w": -0.41345530818844656
        },
        {
          "target": "ETH",
          "hedge": "BTC",
          "hedge_ratio_units": 1.1823714340496327,
          "target_w": 0.45821714140767916,
          "hedge_w": -0.541782858592321
        }
      ],
      "examples": [
        {
          "target": "BTC",
          "hedge": "ETH",
          "target_dollars": 58.65446918115534,
          "hedge_dollars": -41.34553081884466,
          "hedge_units_per_target_unit": -0.7048999231609832
        },
        {
          "target": "ETH",
          "hedge": "BTC",
          "target_dollars": 45.82171414076792,
          "hedge_dollars": -54.1782858592321,
          "hedge_units_per_target_unit": -1.1823714340496327
        }
      ]
    },
    "60": {
      "lookback_days": 60,
      "corr": 0.9020943009640225,
      "stats": {
        "mean": {
          "btc": -0.00014309516888238994,
          "eth": -0.00018788715703005636
        },
        "std": {
          "btc": 0.006176739393959686,
          "eth": 0.008070380656928142
        },
        "min": {
          "btc": -0.03612262483146145,
          "eth": -0.04170398539552955
        },
        "max": {
          "btc": 0.0349913262434709,
          "eth": 0.04260060177264258
        }
      },
      "hedge_table": [
        {
          "target": "BTC",
          "hedge": "ETH",
          "hedge_ratio_units": 0.690426095459033,
          "target_w": 0.5915668260720095,
          "hedge_w": -0.4084331739279904
        },
        {
          "target": "ETH",
          "hedge": "BTC",
          "hedge_ratio_units": 1.178654939585861,
          "target_w": 0.4589987986762554,
          "hedge_w": -0.5410012013237446
        }
      ],
      "examples": [
        {
          "target": "BTC",
          "hedge": "ETH",
          "target_dollars": 59.15668260720095,
          "hedge_dollars": -40.84331739279904,
          "hedge_units_per_target_unit": -0.690426095459033
        },
        {
          "target": "ETH",
          "hedge": "BTC",
          "target_dollars": 45.89987986762554,
          "hedge_dollars": -54.100120132374464,
          "hedge_units_per_target_unit": -1.178654939585861
        }
      ]
    },
    "120": {
      "lookback_days": 120,
      "corr": 0.8987941082707943,
      "stats": {
        "mean": {
          "btc": -8.223742651357693e-05,
          "eth": -0.00010668481367742074
        },
        "std": {
          "btc": 0.005309832627967313,
          "eth": 0.007146532879262558
        },
        "min": {
          "btc": -0.03714671634653788,
          "eth": -0.05178573218862892
        },
        "max": {
          "btc": 0.0349913262434709,
          "eth": 0.04377388676562077
        }
      },
      "hedge_table": [
        {
          "target": "BTC",
          "hedge": "ETH",
          "hedge_ratio_units": 0.6677988281239828,
          "target_w": 0.5995926985539654,
          "hedge_w": -0.4004073014460346
        },
        {
          "target": "ETH",
          "hedge": "BTC",
          "hedge_ratio_units": 1.2096919237365167,
          "target_w": 0.4525517739635997,
          "hedge_w": -0.5474482260364002
        }
      ],
      "examples": [
        {
          "target": "BTC",
          "hedge": "ETH",
          "target_dollars": 59.959269855396535,
          "hedge_dollars": -40.04073014460346,
          "hedge_units_per_target_unit": -0.6677988281239828
        },
        {
          "target": "ETH",
          "hedge": "BTC",
          "target_dollars": 45.25517739635997,
          "hedge_dollars": -54.74482260364002,
          "hedge_units_per_target_unit": -1.2096919237365167
        }
      ]
    },
    "150": {
      "lookback_days": 150,
      "corr": 0.8940386448395111,
      "stats": {
        "mean": {
          "btc": -0.00012480672615652097,
          "eth": -0.00016175295255927108
        },
        "std": {
          "btc": 0.005365626950098502,
          "eth": 0.00739408944624219
        },
        "min": {
          "btc": -0.03714671634653788,
          "eth": -0.05178573218862892
        },
        "max": {
          "btc": 0.0349913262434709,
          "eth": 0.04377388676562077
        }
      },
      "hedge_table": [
        {
          "target": "BTC",
          "hedge": "ETH",
          "hedge_ratio_units": 0.6487719525246459,
          "target_w": 0.6065120154844774,
          "hedge_w": -0.3934879845155227
        },
        {
          "target": "ETH",
          "hedge": "BTC",
          "hedge_ratio_units": 1.2320278263510551,
          "target_w": 0.4480230883298671,
          "hedge_w": -0.551976911670133
        }
      ],
      "examples": [
        {
          "target": "BTC",
          "hedge": "ETH",
          "target_dollars": 60.651201548447744,
          "hedge_dollars": -39.34879845155227,
          "hedge_units_per_target_unit": -0.6487719525246459
        },
        {
          "target": "ETH",
          "hedge": "BTC",
          "target_dollars": 44.80230883298671,
          "hedge_dollars": -55.197691167013296,
          "hedge_units_per_target_unit": -1.2320278263510551
        }
      ]
    },
    "180": {
      "lookback_days": 180,
      "corr": 0.8825535894938484,
      "stats": {
        "mean": {
          "btc": -9.33537025051488e-05,
          "eth": -0.00012529227745871387
        },
        "std": {
          "btc": 0.0052072629426911515,
          "eth": 0.007368071996679086
        },
        "min": {
          "btc": -0.03714671634653788,
          "eth": -0.05178573218862892
        },
        "max": {
          "btc": 0.0349913262434709,
          "eth": 0.04377388676562077
        }
      },
      "hedge_table": [
        {
          "target": "BTC",
          "hedge": "ETH",
          "hedge_ratio_units": 0.6237301431883036,
          "target_w": 0.6158658839925412,
          "hedge_w": -0.38413411600745884
        },
        {
          "target": "ETH",
          "hedge": "BTC",
          "hedge_ratio_units": 1.2487785732897103,
          "target_w": 0.4446858449638785,
          "hedge_w": -0.5553141550361215
        }
      ],
      "examples": [
        {
          "target": "BTC",
          "hedge": "ETH",
          "target_dollars": 61.58658839925412,
          "hedge_dollars": -38.41341160074588,
          "hedge_units_per_target_unit": -0.6237301431883036
        },
        {
          "target": "ETH",
          "hedge": "BTC",
          "target_dollars": 44.46858449638785,
          "hedge_dollars": -55.531415503612145,
          "hedge_units_per_target_unit": -1.2487785732897103
        }
      ]
    }
  },
  "example_notional": 100.0,
  "provider": "cryptocompare"
}