{
  "generated_at": "2026-04-02T08:54:37.632431Z",
  "lookbacks": {
    "30": {
      "lookback_days": 30,
      "corr": 0.91278937184572,
      "stats": {
        "mean": {
          "btc": 8.952738566011882e-06,
          "eth": 8.77645789669877e-05
        },
        "std": {
          "btc": 0.005030813993998877,
          "eth": 0.006539930730709178
        },
        "min": {
          "btc": -0.0193691951400623,
          "eth": -0.030096491146448856
        },
        "max": {
          "btc": 0.02490195224471292,
          "eth": 0.041842617860856635
        }
      },
      "hedge_table": [
        {
          "target": "BTC",
          "hedge": "ETH",
          "hedge_ratio_units": 0.702159355280654,
          "target_w": 0.5874890602326237,
          "hedge_w": -0.41251093976737635
        },
        {
          "target": "ETH",
          "hedge": "BTC",
          "hedge_ratio_units": 1.1866030568252974,
          "target_w": 0.4573303768503315,
          "hedge_w": -0.5426696231496686
        }
      ],
      "examples": [
        {
          "target": "BTC",
          "hedge": "ETH",
          "target_dollars": 58.74890602326237,
          "hedge_dollars": -41.251093976737636,
          "hedge_units_per_target_unit": -0.702159355280654
        },
        {
          "target": "ETH",
          "hedge": "BTC",
          "target_dollars": 45.73303768503315,
          "hedge_dollars": -54.26696231496686,
          "hedge_units_per_target_unit": -1.1866030568252974
        }
      ]
    },
    "60": {
      "lookback_days": 60,
      "corr": 0.9075353804312021,
      "stats": {
        "mean": {
          "btc": -0.00010103409753940752,
          "eth": -8.79964656852655e-05
        },
        "std": {
          "btc": 0.006123023427582727,
          "eth": 0.007921810038761065
        },
        "min": {
          "btc": -0.03612262483146145,
          "eth": -0.04170398539552955
        },
        "max": {
          "btc": 0.0349913262434709,
          "eth": 0.04260060177264258
        }
      },
      "hedge_table": [
        {
          "target": "BTC",
          "hedge": "ETH",
          "hedge_ratio_units": 0.7014634747047684,
          "target_w": 0.5877293370482233,
          "hedge_w": -0.4122706629517767
        },
        {
          "target": "ETH",
          "hedge": "BTC",
          "hedge_ratio_units": 1.1741459055741308,
          "target_w": 0.4599507316579695,
          "hedge_w": -0.5400492683420306
        }
      ],
      "examples": [
        {
          "target": "BTC",
          "hedge": "ETH",
          "target_dollars": 58.77293370482233,
          "hedge_dollars": -41.22706629517767,
          "hedge_units_per_target_unit": -0.7014634747047684
        },
        {
          "target": "ETH",
          "hedge": "BTC",
          "target_dollars": 45.99507316579695,
          "hedge_dollars": -54.00492683420306,
          "hedge_units_per_target_unit": -1.1741459055741308
        }
      ]
    },
    "120": {
      "lookback_days": 120,
      "corr": 0.8995365935778419,
      "stats": {
        "mean": {
          "btc": -0.00010354726141142953,
          "eth": -0.00011483275155920434
        },
        "std": {
          "btc": 0.00527091258964835,
          "eth": 0.0070748525219953996
        },
        "min": {
          "btc": -0.03612262483146145,
          "eth": -0.04988725258205495
        },
        "max": {
          "btc": 0.0349913262434709,
          "eth": 0.04377388676562077
        }
      },
      "hedge_table": [
        {
          "target": "BTC",
          "hedge": "ETH",
          "hedge_ratio_units": 0.6701735112072094,
          "target_w": 0.5987401867469417,
          "hedge_w": -0.4012598132530582
        },
        {
          "target": "ETH",
          "hedge": "BTC",
          "hedge_ratio_units": 1.2073978897316389,
          "target_w": 0.4530220875229583,
          "hedge_w": -0.5469779124770416
        }
      ],
      "examples": [
        {
          "target": "BTC",
          "hedge": "ETH",
          "target_dollars": 59.87401867469417,
          "hedge_dollars": -40.12598132530582,
          "hedge_units_per_target_unit": -0.6701735112072094
        },
        {
          "target": "ETH",
          "hedge": "BTC",
          "target_dollars": 45.30220875229583,
          "hedge_dollars": -54.69779124770417,
          "hedge_units_per_target_unit": -1.2073978897316389
        }
      ]
    },
    "150": {
      "lookback_days": 150,
      "corr": 0.895349038698876,
      "stats": {
        "mean": {
          "btc": -0.00011838426795585966,
          "eth": -0.00013746925096194226
        },
        "std": {
          "btc": 0.005365996803716823,
          "eth": 0.00738585550909898
        },
        "min": {
          "btc": -0.03714671634653788,
          "eth": -0.05178573218862892
        },
        "max": {
          "btc": 0.0349913262434709,
          "eth": 0.04377388676562077
        }
      },
      "hedge_table": [
        {
          "target": "BTC",
          "hedge": "ETH",
          "hedge_ratio_units": 0.6504920213982367,
          "target_w": 0.6058799358223109,
          "hedge_w": -0.39412006417768897
        },
        {
          "target": "ETH",
          "hedge": "BTC",
          "hedge_ratio_units": 1.2323746867422751,
          "target_w": 0.447953475704076,
          "hedge_w": -0.552046524295924
        }
      ],
      "examples": [
        {
          "target": "BTC",
          "hedge": "ETH",
          "target_dollars": 60.58799358223109,
          "hedge_dollars": -39.41200641776889,
          "hedge_units_per_target_unit": -0.6504920213982367
        },
        {
          "target": "ETH",
          "hedge": "BTC",
          "target_dollars": 44.7953475704076,
          "hedge_dollars": -55.20465242959241,
          "hedge_units_per_target_unit": -1.2323746867422751
        }
      ]
    },
    "180": {
      "lookback_days": 180,
      "corr": 0.884866356640568,
      "stats": {
        "mean": {
          "btc": -0.00012740140699447116,
          "eth": -0.00015476329351725099
        },
        "std": {
          "btc": 0.0052446259639829474,
          "eth": 0.007381287290629901
        },
        "min": {
          "btc": -0.03714671634653788,
          "eth": -0.05178573218862892
        },
        "max": {
          "btc": 0.0349913262434709,
          "eth": 0.04377388676562077
        }
      },
      "hedge_table": [
        {
          "target": "BTC",
          "hedge": "ETH",
          "hedge_ratio_units": 0.6287240810398106,
          "target_w": 0.6139775371661355,
          "hedge_w": -0.38602246283386465
        },
        {
          "target": "ETH",
          "hedge": "BTC",
          "hedge_ratio_units": 1.245361029944031,
          "target_w": 0.4453626773886453,
          "hedge_w": -0.5546373226113546
        }
      ],
      "examples": [
        {
          "target": "BTC",
          "hedge": "ETH",
          "target_dollars": 61.39775371661354,
          "hedge_dollars": -38.602246283386464,
          "hedge_units_per_target_unit": -0.6287240810398106
        },
        {
          "target": "ETH",
          "hedge": "BTC",
          "target_dollars": 44.53626773886453,
          "hedge_dollars": -55.463732261135455,
          "hedge_units_per_target_unit": -1.245361029944031
        }
      ]
    }
  },
  "example_notional": 100.0,
  "provider": "cryptocompare"
}