{
  "generated_at": "2026-02-06T01:55:29.840584Z",
  "lookbacks": {
    "30": {
      "lookback_days": 30,
      "corr": 0.8959328908998526,
      "stats": {
        "mean": {
          "btc": -0.0004720805273357506,
          "eth": -0.0007028614578367576
        },
        "std": {
          "btc": 0.005515169263308939,
          "eth": 0.007941130887953736
        },
        "min": {
          "btc": -0.031142278584685545,
          "eth": -0.04170398539552955
        },
        "max": {
          "btc": 0.031855654057695304,
          "eth": 0.04377388676562077
        }
      },
      "hedge_table": [
        {
          "target": "BTC",
          "hedge": "ETH",
          "hedge_ratio_units": 0.6222314694968638,
          "target_w": 0.6164348422547559,
          "hedge_w": -0.38356515774524413
        },
        {
          "target": "ETH",
          "hedge": "BTC",
          "hedge_ratio_units": 1.2900275610380598,
          "target_w": 0.4366759671428165,
          "hedge_w": -0.5633240328571835
        }
      ],
      "examples": [
        {
          "target": "BTC",
          "hedge": "ETH",
          "target_dollars": 61.64348422547559,
          "hedge_dollars": -38.35651577452441,
          "hedge_units_per_target_unit": -0.6222314694968638
        },
        {
          "target": "ETH",
          "hedge": "BTC",
          "target_dollars": 43.66759671428165,
          "hedge_dollars": -56.33240328571835,
          "hedge_units_per_target_unit": -1.2900275610380598
        }
      ]
    },
    "60": {
      "lookback_days": 60,
      "corr": 0.8963372470555113,
      "stats": {
        "mean": {
          "btc": -0.00022003305228289209,
          "eth": -0.00030828907687427263
        },
        "std": {
          "btc": 0.004908296336537973,
          "eth": 0.006981603945427603
        },
        "min": {
          "btc": -0.031142278584685545,
          "eth": -0.04988725258205495
        },
        "max": {
          "btc": 0.031855654057695304,
          "eth": 0.04377388676562077
        }
      },
      "hedge_table": [
        {
          "target": "BTC",
          "hedge": "ETH",
          "hedge_ratio_units": 0.6301544545371146,
          "target_w": 0.6134388046585143,
          "hedge_w": -0.38656119534148564
        },
        {
          "target": "ETH",
          "hedge": "BTC",
          "hedge_ratio_units": 1.2749579958919945,
          "target_w": 0.43956855546596907,
          "hedge_w": -0.560431444534031
        }
      ],
      "examples": [
        {
          "target": "BTC",
          "hedge": "ETH",
          "target_dollars": 61.34388046585143,
          "hedge_dollars": -38.656119534148566,
          "hedge_units_per_target_unit": -0.6301544545371146
        },
        {
          "target": "ETH",
          "hedge": "BTC",
          "target_dollars": 43.956855546596906,
          "hedge_dollars": -56.0431444534031,
          "hedge_units_per_target_unit": -1.2749579958919945
        }
      ]
    },
    "120": {
      "lookback_days": 120,
      "corr": 0.8795634836424473,
      "stats": {
        "mean": {
          "btc": -0.0002024744982835496,
          "eth": -0.0002593432901803213
        },
        "std": {
          "btc": 0.005079391844439783,
          "eth": 0.007549235784077003
        },
        "min": {
          "btc": -0.03714671634653788,
          "eth": -0.05178573218862892
        },
        "max": {
          "btc": 0.03468753462614105,
          "eth": 0.04377388676562077
        }
      },
      "hedge_table": [
        {
          "target": "BTC",
          "hedge": "ETH",
          "hedge_ratio_units": 0.5918013045643298,
          "target_w": 0.6282191107222999,
          "hedge_w": -0.37178088927770014
        },
        {
          "target": "ETH",
          "hedge": "BTC",
          "hedge_ratio_units": 1.3072494362390217,
          "target_w": 0.43341651071332377,
          "hedge_w": -0.5665834892866763
        }
      ],
      "examples": [
        {
          "target": "BTC",
          "hedge": "ETH",
          "target_dollars": 62.82191107222999,
          "hedge_dollars": -37.17808892777001,
          "hedge_units_per_target_unit": -0.5918013045643298
        },
        {
          "target": "ETH",
          "hedge": "BTC",
          "target_dollars": 43.34165107133238,
          "hedge_dollars": -56.658348928667635,
          "hedge_units_per_target_unit": -1.3072494362390217
        }
      ]
    },
    "150": {
      "lookback_days": 150,
      "corr": 0.8720740991871259,
      "stats": {
        "mean": {
          "btc": -0.00013646668610546898,
          "eth": -0.0001970218289219706
        },
        "std": {
          "btc": 0.004731501384460886,
          "eth": 0.007119105801685874
        },
        "min": {
          "btc": -0.03714671634653788,
          "eth": -0.05178573218862892
        },
        "max": {
          "btc": 0.03468753462614105,
          "eth": 0.04377388676562077
        }
      },
      "hedge_table": [
        {
          "target": "BTC",
          "hedge": "ETH",
          "hedge_ratio_units": 0.5795980454004822,
          "target_w": 0.6330724470771713,
          "hedge_w": -0.3669275529228287
        },
        {
          "target": "ETH",
          "hedge": "BTC",
          "hedge_ratio_units": 1.3121390600058849,
          "target_w": 0.4324999379567831,
          "hedge_w": -0.5675000620432169
        }
      ],
      "examples": [
        {
          "target": "BTC",
          "hedge": "ETH",
          "target_dollars": 63.307244707717125,
          "hedge_dollars": -36.69275529228287,
          "hedge_units_per_target_unit": -0.5795980454004822
        },
        {
          "target": "ETH",
          "hedge": "BTC",
          "target_dollars": 43.24999379567831,
          "hedge_dollars": -56.75000620432169,
          "hedge_units_per_target_unit": -1.3121390600058849
        }
      ]
    },
    "180": {
      "lookback_days": 180,
      "corr": 0.8525367382822641,
      "stats": {
        "mean": {
          "btc": -0.0001246931902200615,
          "eth": -0.0001572198296401473
        },
        "std": {
          "btc": 0.004575981398316816,
          "eth": 0.007181798184286714
        },
        "min": {
          "btc": -0.03714671634653788,
          "eth": -0.05178573218862892
        },
        "max": {
          "btc": 0.03468753462614105,
          "eth": 0.0757825447476439
        }
      },
      "hedge_table": [
        {
          "target": "BTC",
          "hedge": "ETH",
          "hedge_ratio_units": 0.5432054975168858,
          "target_w": 0.6480018387758872,
          "hedge_w": -0.3519981612241127
        },
        {
          "target": "ETH",
          "hedge": "BTC",
          "hedge_ratio_units": 1.338018288554541,
          "target_w": 0.42771265087846727,
          "hedge_w": -0.5722873491215327
        }
      ],
      "examples": [
        {
          "target": "BTC",
          "hedge": "ETH",
          "target_dollars": 64.80018387758872,
          "hedge_dollars": -35.19981612241127,
          "hedge_units_per_target_unit": -0.5432054975168858
        },
        {
          "target": "ETH",
          "hedge": "BTC",
          "target_dollars": 42.77126508784673,
          "hedge_dollars": -57.228734912153264,
          "hedge_units_per_target_unit": -1.338018288554541
        }
      ]
    }
  },
  "example_notional": 100.0,
  "provider": "cryptocompare"
}