{
  "generated_at": "2026-05-22T17:49:45.703864Z",
  "lookbacks": {
    "30": {
      "lookback_days": 30,
      "corr": 0.8863451627264198,
      "stats": {
        "mean": {
          "btc": -3.5735928935384224e-05,
          "eth": -0.00016202082500619386
        },
        "std": {
          "btc": 0.003253938118600137,
          "eth": 0.004167761780782944
        },
        "min": {
          "btc": -0.020668693538518745,
          "eth": -0.025174966013795874
        },
        "max": {
          "btc": 0.018403612886388032,
          "eth": 0.02102707121219405
        }
      },
      "hedge_table": [
        {
          "target": "BTC",
          "hedge": "ETH",
          "hedge_ratio_units": 0.6920050768090055,
          "target_w": 0.5910147751364464,
          "hedge_w": -0.40898522486355365
        },
        {
          "target": "ETH",
          "hedge": "BTC",
          "hedge_ratio_units": 1.1352629826231067,
          "target_w": 0.4683263879616037,
          "hedge_w": -0.5316736120383964
        }
      ],
      "examples": [
        {
          "target": "BTC",
          "hedge": "ETH",
          "target_dollars": 59.10147751364464,
          "hedge_dollars": -40.89852248635537,
          "hedge_units_per_target_unit": -0.6920050768090055
        },
        {
          "target": "ETH",
          "hedge": "BTC",
          "target_dollars": 46.83263879616037,
          "hedge_dollars": -53.16736120383963,
          "hedge_units_per_target_unit": -1.1352629826231067
        }
      ]
    },
    "60": {
      "lookback_days": 60,
      "corr": 0.9022079119007484,
      "stats": {
        "mean": {
          "btc": 6.067381859409094e-05,
          "eth": -3.001892826390039e-06
        },
        "std": {
          "btc": 0.0037851632301916733,
          "eth": 0.004984360483251613
        },
        "min": {
          "btc": -0.020668693538518745,
          "eth": -0.02913186092280784
        },
        "max": {
          "btc": 0.022681960554355562,
          "eth": 0.0410922552310693
        }
      },
      "hedge_table": [
        {
          "target": "BTC",
          "hedge": "ETH",
          "hedge_ratio_units": 0.6851439067438595,
          "target_w": 0.5934211291973648,
          "hedge_w": -0.4065788708026351
        },
        {
          "target": "ETH",
          "hedge": "BTC",
          "hedge_ratio_units": 1.188041093680213,
          "target_w": 0.45702980757003653,
          "hedge_w": -0.5429701924299635
        }
      ],
      "examples": [
        {
          "target": "BTC",
          "hedge": "ETH",
          "target_dollars": 59.34211291973648,
          "hedge_dollars": -40.657887080263514,
          "hedge_units_per_target_unit": -0.6851439067438595
        },
        {
          "target": "ETH",
          "hedge": "BTC",
          "target_dollars": 45.70298075700365,
          "hedge_dollars": -54.29701924299635,
          "hedge_units_per_target_unit": -1.188041093680213
        }
      ]
    },
    "120": {
      "lookback_days": 120,
      "corr": 0.9020693450821565,
      "stats": {
        "mean": {
          "btc": -3.937916192746562e-05,
          "eth": -9.06237783159533e-05
        },
        "std": {
          "btc": 0.005103065249645924,
          "eth": 0.006703600386962552
        },
        "min": {
          "btc": -0.03612262483146145,
          "eth": -0.04170398539552955
        },
        "max": {
          "btc": 0.0349913262434709,
          "eth": 0.04260060177264258
        }
      },
      "hedge_table": [
        {
          "target": "BTC",
          "hedge": "ETH",
          "hedge_ratio_units": 0.6866934873702109,
          "target_w": 0.5928759478161849,
          "hedge_w": -0.40712405218381514
        },
        {
          "target": "ETH",
          "hedge": "BTC",
          "hedge_ratio_units": 1.1849960984095547,
          "target_w": 0.45766672111126144,
          "hedge_w": -0.5423332788887386
        }
      ],
      "examples": [
        {
          "target": "BTC",
          "hedge": "ETH",
          "target_dollars": 59.287594781618495,
          "hedge_dollars": -40.71240521838151,
          "hedge_units_per_target_unit": -0.6866934873702109
        },
        {
          "target": "ETH",
          "hedge": "BTC",
          "target_dollars": 45.76667211112614,
          "hedge_dollars": -54.23332788887386,
          "hedge_units_per_target_unit": -1.1849960984095547
        }
      ]
    },
    "150": {
      "lookback_days": 150,
      "corr": 0.8996789616686879,
      "stats": {
        "mean": {
          "btc": -2.600000281732929e-05,
          "eth": -7.087619617227878e-05
        },
        "std": {
          "btc": 0.00484840530598857,
          "eth": 0.006395286182619012
        },
        "min": {
          "btc": -0.03612262483146145,
          "eth": -0.04170398539552955
        },
        "max": {
          "btc": 0.0349913262434709,
          "eth": 0.04377388676562077
        }
      },
      "hedge_table": [
        {
          "target": "BTC",
          "hedge": "ETH",
          "hedge_ratio_units": 0.6820661541770776,
          "target_w": 0.5945069386936408,
          "hedge_w": -0.4054930613063592
        },
        {
          "target": "ETH",
          "hedge": "BTC",
          "hedge_ratio_units": 1.1867210080902308,
          "target_w": 0.45730570854731406,
          "hedge_w": -0.5426942914526859
        }
      ],
      "examples": [
        {
          "target": "BTC",
          "hedge": "ETH",
          "target_dollars": 59.45069386936408,
          "hedge_dollars": -40.54930613063592,
          "hedge_units_per_target_unit": -0.6820661541770776
        },
        {
          "target": "ETH",
          "hedge": "BTC",
          "target_dollars": 45.730570854731404,
          "hedge_dollars": -54.26942914526859,
          "hedge_units_per_target_unit": -1.1867210080902308
        }
      ]
    },
    "180": {
      "lookback_days": 180,
      "corr": 0.8985921030034859,
      "stats": {
        "mean": {
          "btc": -1.702077266036803e-05,
          "eth": -4.348848836993827e-05
        },
        "std": {
          "btc": 0.004881382260119419,
          "eth": 0.00655608862191689
        },
        "min": {
          "btc": -0.03714671634653788,
          "eth": -0.05178573218862892
        },
        "max": {
          "btc": 0.0349913262434709,
          "eth": 0.04377388676562077
        }
      },
      "hedge_table": [
        {
          "target": "BTC",
          "hedge": "ETH",
          "hedge_ratio_units": 0.6690531204872757,
          "target_w": 0.5991421050206315,
          "hedge_w": -0.4008578949793686
        },
        {
          "target": "ETH",
          "hedge": "BTC",
          "hedge_ratio_units": 1.206881401273704,
          "target_w": 0.4531281107461637,
          "hedge_w": -0.5468718892538361
        }
      ],
      "examples": [
        {
          "target": "BTC",
          "hedge": "ETH",
          "target_dollars": 59.91421050206315,
          "hedge_dollars": -40.08578949793686,
          "hedge_units_per_target_unit": -0.6690531204872757
        },
        {
          "target": "ETH",
          "hedge": "BTC",
          "target_dollars": 45.31281107461637,
          "hedge_dollars": -54.68718892538361,
          "hedge_units_per_target_unit": -1.206881401273704
        }
      ]
    }
  },
  "example_notional": 100.0,
  "provider": "cryptocompare"
}