{
  "generated_at": "2026-03-02T08:41:31.158816Z",
  "lookbacks": {
    "30": {
      "lookback_days": 30,
      "corr": 0.9012134909273877,
      "stats": {
        "mean": {
          "btc": -0.0002953391780103157,
          "eth": -0.00039232237138782833
        },
        "std": {
          "btc": 0.006932196804683015,
          "eth": 0.009114046345218783
        },
        "min": {
          "btc": -0.03612262483146145,
          "eth": -0.04170398539552955
        },
        "max": {
          "btc": 0.0349913262434709,
          "eth": 0.04260060177264258
        }
      },
      "hedge_table": [
        {
          "target": "BTC",
          "hedge": "ETH",
          "hedge_ratio_units": 0.6854682372140268,
          "target_w": 0.593306938642129,
          "hedge_w": -0.406693061357871
        },
        {
          "target": "ETH",
          "hedge": "BTC",
          "hedge_ratio_units": 1.184862714471679,
          "target_w": 0.45769466126012853,
          "hedge_w": -0.5423053387398715
        }
      ],
      "examples": [
        {
          "target": "BTC",
          "hedge": "ETH",
          "target_dollars": 59.330693864212904,
          "hedge_dollars": -40.669306135787096,
          "hedge_units_per_target_unit": -0.6854682372140268
        },
        {
          "target": "ETH",
          "hedge": "BTC",
          "target_dollars": 45.76946612601285,
          "hedge_dollars": -54.230533873987156,
          "hedge_units_per_target_unit": -1.184862714471679
        }
      ]
    },
    "60": {
      "lookback_days": 60,
      "corr": 0.8942142513320829,
      "stats": {
        "mean": {
          "btc": -0.00018242848183923076,
          "eth": -0.00027117567432606555
        },
        "std": {
          "btc": 0.005645069435122236,
          "eth": 0.007546993083131913
        },
        "min": {
          "btc": -0.03612262483146145,
          "eth": -0.04170398539552955
        },
        "max": {
          "btc": 0.0349913262434709,
          "eth": 0.04377388676562077
        }
      },
      "hedge_table": [
        {
          "target": "BTC",
          "hedge": "ETH",
          "hedge_ratio_units": 0.6688626162819583,
          "target_w": 0.599210498361986,
          "hedge_w": -0.4007895016380141
        },
        {
          "target": "ETH",
          "hedge": "BTC",
          "hedge_ratio_units": 1.1954908344710342,
          "target_w": 0.45547901375818445,
          "hedge_w": -0.5445209862418157
        }
      ],
      "examples": [
        {
          "target": "BTC",
          "hedge": "ETH",
          "target_dollars": 59.921049836198605,
          "hedge_dollars": -40.07895016380141,
          "hedge_units_per_target_unit": -0.6688626162819583
        },
        {
          "target": "ETH",
          "hedge": "BTC",
          "target_dollars": 45.54790137581845,
          "hedge_dollars": -54.452098624181566,
          "hedge_units_per_target_unit": -1.1954908344710342
        }
      ]
    },
    "120": {
      "lookback_days": 120,
      "corr": 0.8910642446053118,
      "stats": {
        "mean": {
          "btc": -0.00016533544618498936,
          "eth": -0.00021236853465401618
        },
        "std": {
          "btc": 0.005385317797634641,
          "eth": 0.007531949278480296
        },
        "min": {
          "btc": -0.03714671634653788,
          "eth": -0.05178573218862892
        },
        "max": {
          "btc": 0.0349913262434709,
          "eth": 0.04377388676562077
        }
      },
      "hedge_table": [
        {
          "target": "BTC",
          "hedge": "ETH",
          "hedge_ratio_units": 0.6371078664880585,
          "target_w": 0.6108332996684029,
          "hedge_w": -0.38916670033159706
        },
        {
          "target": "ETH",
          "hedge": "BTC",
          "hedge_ratio_units": 1.2462497008407554,
          "target_w": 0.4451864811047975,
          "hedge_w": -0.5548135188952025
        }
      ],
      "examples": [
        {
          "target": "BTC",
          "hedge": "ETH",
          "target_dollars": 61.083329966840296,
          "hedge_dollars": -38.916670033159704,
          "hedge_units_per_target_unit": -0.6371078664880585
        },
        {
          "target": "ETH",
          "hedge": "BTC",
          "target_dollars": 44.51864811047975,
          "hedge_dollars": -55.48135188952025,
          "hedge_units_per_target_unit": -1.2462497008407554
        }
      ]
    },
    "150": {
      "lookback_days": 150,
      "corr": 0.8794115892289829,
      "stats": {
        "mean": {
          "btc": -0.00015350243871478376,
          "eth": -0.0002048733951578307
        },
        "std": {
          "btc": 0.005233521347546394,
          "eth": 0.007490430158096907
        },
        "min": {
          "btc": -0.03714671634653788,
          "eth": -0.05178573218862892
        },
        "max": {
          "btc": 0.0349913262434709,
          "eth": 0.04377388676562077
        }
      },
      "hedge_table": [
        {
          "target": "BTC",
          "hedge": "ETH",
          "hedge_ratio_units": 0.6144399224568591,
          "target_w": 0.6194098560683492,
          "hedge_w": -0.38059014393165075
        },
        {
          "target": "ETH",
          "hedge": "BTC",
          "hedge_ratio_units": 1.2586498940008974,
          "target_w": 0.4427423668697202,
          "hedge_w": -0.5572576331302798
        }
      ],
      "examples": [
        {
          "target": "BTC",
          "hedge": "ETH",
          "target_dollars": 61.94098560683492,
          "hedge_dollars": -38.05901439316507,
          "hedge_units_per_target_unit": -0.6144399224568591
        },
        {
          "target": "ETH",
          "hedge": "BTC",
          "target_dollars": 44.27423668697202,
          "hedge_dollars": -55.725763313027976,
          "hedge_units_per_target_unit": -1.2586498940008974
        }
      ]
    },
    "180": {
      "lookback_days": 180,
      "corr": 0.8741753418236248,
      "stats": {
        "mean": {
          "btc": -0.00010906046394926247,
          "eth": -0.00016200211628548424
        },
        "std": {
          "btc": 0.0049196409442093065,
          "eth": 0.00714432088650762
        },
        "min": {
          "btc": -0.03714671634653788,
          "eth": -0.05178573218862892
        },
        "max": {
          "btc": 0.0349913262434709,
          "eth": 0.04377388676562077
        }
      },
      "hedge_table": [
        {
          "target": "BTC",
          "hedge": "ETH",
          "hedge_ratio_units": 0.6019646754914952,
          "target_w": 0.6242334898509495,
          "hedge_w": -0.37576651014905044
        },
        {
          "target": "ETH",
          "hedge": "BTC",
          "hedge_ratio_units": 1.269480684441338,
          "target_w": 0.4406294386445342,
          "hedge_w": -0.5593705613554658
        }
      ],
      "examples": [
        {
          "target": "BTC",
          "hedge": "ETH",
          "target_dollars": 62.423348985094954,
          "hedge_dollars": -37.576651014905046,
          "hedge_units_per_target_unit": -0.6019646754914952
        },
        {
          "target": "ETH",
          "hedge": "BTC",
          "target_dollars": 44.062943864453416,
          "hedge_dollars": -55.937056135546584,
          "hedge_units_per_target_unit": -1.269480684441338
        }
      ]
    }
  },
  "example_notional": 100.0,
  "provider": "cryptocompare"
}