{
  "generated_at": "2026-05-14T02:55:08.621581Z",
  "lookbacks": {
    "30": {
      "lookback_days": 30,
      "corr": 0.8900538708266846,
      "stats": {
        "mean": {
          "btc": 9.339829738451338e-05,
          "eth": -6.009503681853038e-05
        },
        "std": {
          "btc": 0.0034909719293675576,
          "eth": 0.004372337220727704
        },
        "min": {
          "btc": -0.014486935649736465,
          "eth": -0.025174966013795874
        },
        "max": {
          "btc": 0.018403612886388032,
          "eth": 0.027605242088407644
        }
      },
      "hedge_table": [
        {
          "target": "BTC",
          "hedge": "ETH",
          "hedge_ratio_units": 0.7106389379005308,
          "target_w": 0.5845768957108513,
          "hedge_w": -0.4154231042891487
        },
        {
          "target": "ETH",
          "hedge": "BTC",
          "hedge_ratio_units": 1.1147656717403929,
          "target_w": 0.4728656292103645,
          "hedge_w": -0.5271343707896355
        }
      ],
      "examples": [
        {
          "target": "BTC",
          "hedge": "ETH",
          "target_dollars": 58.457689571085126,
          "hedge_dollars": -41.54231042891487,
          "hedge_units_per_target_unit": -0.7106389379005308
        },
        {
          "target": "ETH",
          "hedge": "BTC",
          "target_dollars": 47.28656292103645,
          "hedge_dollars": -52.71343707896355,
          "hedge_units_per_target_unit": -1.1147656717403929
        }
      ]
    },
    "60": {
      "lookback_days": 60,
      "corr": 0.9038666187441463,
      "stats": {
        "mean": {
          "btc": 8.138881160589312e-05,
          "eth": 6.386992552823776e-05
        },
        "std": {
          "btc": 0.0040219388525429165,
          "eth": 0.0054006883714557965
        },
        "min": {
          "btc": -0.019619547762256384,
          "eth": -0.030096491146448856
        },
        "max": {
          "btc": 0.022874680739771724,
          "eth": 0.041842617860856635
        }
      },
      "hedge_table": [
        {
          "target": "BTC",
          "hedge": "ETH",
          "hedge_ratio_units": 0.6731172068096489,
          "target_w": 0.597686758542655,
          "hedge_w": -0.402313241457345
        },
        {
          "target": "ETH",
          "hedge": "BTC",
          "hedge_ratio_units": 1.21371858602778,
          "target_w": 0.4517286010569055,
          "hedge_w": -0.5482713989430944
        }
      ],
      "examples": [
        {
          "target": "BTC",
          "hedge": "ETH",
          "target_dollars": 59.768675854265496,
          "hedge_dollars": -40.2313241457345,
          "hedge_units_per_target_unit": -0.6731172068096489
        },
        {
          "target": "ETH",
          "hedge": "BTC",
          "target_dollars": 45.172860105690546,
          "hedge_dollars": -54.82713989430944,
          "hedge_units_per_target_unit": -1.21371858602778
        }
      ]
    },
    "120": {
      "lookback_days": 120,
      "corr": 0.9022026542583191,
      "stats": {
        "mean": {
          "btc": -5.1908695312801325e-05,
          "eth": -0.00011498135107112275
        },
        "std": {
          "btc": 0.005152630784606788,
          "eth": 0.0068064676431731225
        },
        "min": {
          "btc": -0.03612262483146145,
          "eth": -0.04170398539552955
        },
        "max": {
          "btc": 0.0349913262434709,
          "eth": 0.04377388676562077
        }
      },
      "hedge_table": [
        {
          "target": "BTC",
          "hedge": "ETH",
          "hedge_ratio_units": 0.6829852742998089,
          "target_w": 0.5941822636659974,
          "hedge_w": -0.4058177363340026
        },
        {
          "target": "ETH",
          "hedge": "BTC",
          "hedge_ratio_units": 1.1917821071402035,
          "target_w": 0.4562497324630419,
          "hedge_w": -0.5437502675369582
        }
      ],
      "examples": [
        {
          "target": "BTC",
          "hedge": "ETH",
          "target_dollars": 59.41822636659973,
          "hedge_dollars": -40.58177363340026,
          "hedge_units_per_target_unit": -0.6829852742998089
        },
        {
          "target": "ETH",
          "hedge": "BTC",
          "target_dollars": 45.624973246304194,
          "hedge_dollars": -54.37502675369582,
          "hedge_units_per_target_unit": -1.1917821071402035
        }
      ]
    },
    "150": {
      "lookback_days": 150,
      "corr": 0.9008620943559655,
      "stats": {
        "mean": {
          "btc": -2.0782097232449277e-05,
          "eth": -6.849083759599507e-05
        },
        "std": {
          "btc": 0.004937945566161382,
          "eth": 0.006519602349805054
        },
        "min": {
          "btc": -0.03612262483146145,
          "eth": -0.04170398539552955
        },
        "max": {
          "btc": 0.0349913262434709,
          "eth": 0.04377388676562077
        }
      },
      "hedge_table": [
        {
          "target": "BTC",
          "hedge": "ETH",
          "hedge_ratio_units": 0.6823127770485742,
          "target_w": 0.5944197854541566,
          "hedge_w": -0.4055802145458433
        },
        {
          "target": "ETH",
          "hedge": "BTC",
          "hedge_ratio_units": 1.189414210529494,
          "target_w": 0.4567431759557993,
          "hedge_w": -0.5432568240442007
        }
      ],
      "examples": [
        {
          "target": "BTC",
          "hedge": "ETH",
          "target_dollars": 59.441978545415665,
          "hedge_dollars": -40.55802145458433,
          "hedge_units_per_target_unit": -0.6823127770485742
        },
        {
          "target": "ETH",
          "hedge": "BTC",
          "target_dollars": 45.67431759557993,
          "hedge_dollars": -54.32568240442007,
          "hedge_units_per_target_unit": -1.189414210529494
        }
      ]
    },
    "180": {
      "lookback_days": 180,
      "corr": 0.899447355723377,
      "stats": {
        "mean": {
          "btc": -3.24793319760175e-05,
          "eth": -5.685997575986318e-05
        },
        "std": {
          "btc": 0.005028565786518079,
          "eth": 0.006779175668394591
        },
        "min": {
          "btc": -0.03714671634653788,
          "eth": -0.05178573218862892
        },
        "max": {
          "btc": 0.0349913262434709,
          "eth": 0.04377388676562077
        }
      },
      "hedge_table": [
        {
          "target": "BTC",
          "hedge": "ETH",
          "hedge_ratio_units": 0.6671799671531194,
          "target_w": 0.599815268718471,
          "hedge_w": -0.40018473128152904
        },
        {
          "target": "ETH",
          "hedge": "BTC",
          "hedge_ratio_units": 1.2125746958048371,
          "target_w": 0.451962142519326,
          "hedge_w": -0.5480378574806741
        }
      ],
      "examples": [
        {
          "target": "BTC",
          "hedge": "ETH",
          "target_dollars": 59.9815268718471,
          "hedge_dollars": -40.018473128152905,
          "hedge_units_per_target_unit": -0.6671799671531194
        },
        {
          "target": "ETH",
          "hedge": "BTC",
          "target_dollars": 45.196214251932595,
          "hedge_dollars": -54.80378574806741,
          "hedge_units_per_target_unit": -1.2125746958048371
        }
      ]
    }
  },
  "example_notional": 100.0,
  "provider": "cryptocompare"
}