{
  "generated_at": "2026-01-10T08:24:45.171647Z",
  "lookbacks": {
    "30": {
      "lookback_days": 30,
      "corr": 0.8980946332410928,
      "stats": {
        "mean": {
          "btc": 1.2900153098297572e-05,
          "eth": -3.5493056163399486e-05
        },
        "std": {
          "btc": 0.004053655321300853,
          "eth": 0.005420934879882752
        },
        "min": {
          "btc": -0.027358625956130256,
          "eth": -0.04988725258205495
        },
        "max": {
          "btc": 0.023396335129270085,
          "eth": 0.03218906547200184
        }
      },
      "hedge_table": [
        {
          "target": "BTC",
          "hedge": "ETH",
          "hedge_ratio_units": 0.6715753222898398,
          "target_w": 0.5982380731908213,
          "hedge_w": -0.4017619268091786
        },
        {
          "target": "ETH",
          "hedge": "BTC",
          "hedge_ratio_units": 1.201017880624789,
          "target_w": 0.4543352458891139,
          "hedge_w": -0.545664754110886
        }
      ],
      "examples": [
        {
          "target": "BTC",
          "hedge": "ETH",
          "target_dollars": 59.823807319082135,
          "hedge_dollars": -40.17619268091786,
          "hedge_units_per_target_unit": -0.6715753222898398
        },
        {
          "target": "ETH",
          "hedge": "BTC",
          "target_dollars": 45.43352458891139,
          "hedge_dollars": -54.5664754110886,
          "hedge_units_per_target_unit": -1.201017880624789
        }
      ]
    },
    "60": {
      "lookback_days": 60,
      "corr": 0.8947068378600521,
      "stats": {
        "mean": {
          "btc": -9.046741921337468e-05,
          "eth": -7.386368130300321e-05
        },
        "std": {
          "btc": 0.004920153368286292,
          "eth": 0.00700288576182061
        },
        "min": {
          "btc": -0.03714671634653788,
          "eth": -0.05178573218862892
        },
        "max": {
          "btc": 0.026004133739085944,
          "eth": 0.04132265866066209
        }
      },
      "hedge_table": [
        {
          "target": "BTC",
          "hedge": "ETH",
          "hedge_ratio_units": 0.6286115483885113,
          "target_w": 0.6140199613526541,
          "hedge_w": -0.3859800386473458
        },
        {
          "target": "ETH",
          "hedge": "BTC",
          "hedge_ratio_units": 1.2734419654962925,
          "target_w": 0.4398616789770131,
          "hedge_w": -0.5601383210229868
        }
      ],
      "examples": [
        {
          "target": "BTC",
          "hedge": "ETH",
          "target_dollars": 61.401996135265414,
          "hedge_dollars": -38.59800386473458,
          "hedge_units_per_target_unit": -0.6286115483885113
        },
        {
          "target": "ETH",
          "hedge": "BTC",
          "target_dollars": 43.986167897701314,
          "hedge_dollars": -56.01383210229868,
          "hedge_units_per_target_unit": -1.2734419654962925
        }
      ]
    },
    "120": {
      "lookback_days": 120,
      "corr": 0.8650970547232688,
      "stats": {
        "mean": {
          "btc": -7.293188430458261e-05,
          "eth": -0.00010835196518732216
        },
        "std": {
          "btc": 0.0045258602474668435,
          "eth": 0.006908070141768905
        },
        "min": {
          "btc": -0.03714671634653788,
          "eth": -0.05178573218862892
        },
        "max": {
          "btc": 0.03468753462614105,
          "eth": 0.04368288914132212
        }
      },
      "hedge_table": [
        {
          "target": "BTC",
          "hedge": "ETH",
          "hedge_ratio_units": 0.5667731059213192,
          "target_w": 0.6382545093611138,
          "hedge_w": -0.3617454906388862
        },
        {
          "target": "ETH",
          "hedge": "BTC",
          "hedge_ratio_units": 1.3204453533029281,
          "target_w": 0.43095175612586495,
          "hedge_w": -0.5690482438741351
        }
      ],
      "examples": [
        {
          "target": "BTC",
          "hedge": "ETH",
          "target_dollars": 63.82545093611138,
          "hedge_dollars": -36.17454906388862,
          "hedge_units_per_target_unit": -0.5667731059213192
        },
        {
          "target": "ETH",
          "hedge": "BTC",
          "target_dollars": 43.095175612586495,
          "hedge_dollars": -56.90482438741351,
          "hedge_units_per_target_unit": -1.3204453533029281
        }
      ]
    },
    "150": {
      "lookback_days": 150,
      "corr": 0.8486595887472779,
      "stats": {
        "mean": {
          "btc": -6.897064619560705e-05,
          "eth": -9.303215803294936e-05
        },
        "std": {
          "btc": 0.004363974799340365,
          "eth": 0.006962403259620869
        },
        "min": {
          "btc": -0.03714671634653788,
          "eth": -0.05178573218862892
        },
        "max": {
          "btc": 0.03468753462614105,
          "eth": 0.0757825447476439
        }
      },
      "hedge_table": [
        {
          "target": "BTC",
          "hedge": "ETH",
          "hedge_ratio_units": 0.5319325698915852,
          "target_w": 0.6527702456713025,
          "hedge_w": -0.3472297543286974
        },
        {
          "target": "ETH",
          "hedge": "BTC",
          "hedge_ratio_units": 1.3539744289760065,
          "target_w": 0.42481345068604087,
          "hedge_w": -0.5751865493139591
        }
      ],
      "examples": [
        {
          "target": "BTC",
          "hedge": "ETH",
          "target_dollars": 65.27702456713025,
          "hedge_dollars": -34.72297543286974,
          "hedge_units_per_target_unit": -0.5319325698915852
        },
        {
          "target": "ETH",
          "hedge": "BTC",
          "target_dollars": 42.481345068604085,
          "hedge_dollars": -57.51865493139591,
          "hedge_units_per_target_unit": -1.3539744289760065
        }
      ]
    },
    "180": {
      "lookback_days": 180,
      "corr": 0.8256169917214411,
      "stats": {
        "mean": {
          "btc": -6.015738149573361e-05,
          "eth": 2.7236042362951517e-05
        },
        "std": {
          "btc": 0.004197210774519942,
          "eth": 0.0069516766033277085
        },
        "min": {
          "btc": -0.03714671634653788,
          "eth": -0.05178573218862892
        },
        "max": {
          "btc": 0.03468753462614105,
          "eth": 0.0757825447476439
        }
      },
      "hedge_table": [
        {
          "target": "BTC",
          "hedge": "ETH",
          "hedge_ratio_units": 0.4984824138138374,
          "target_w": 0.6673418324976311,
          "hedge_w": -0.33265816750236876
        },
        {
          "target": "ETH",
          "hedge": "BTC",
          "hedge_ratio_units": 1.3674372417754497,
          "target_w": 0.42239768064561417,
          "hedge_w": -0.5776023193543859
        }
      ],
      "examples": [
        {
          "target": "BTC",
          "hedge": "ETH",
          "target_dollars": 66.7341832497631,
          "hedge_dollars": -33.26581675023688,
          "hedge_units_per_target_unit": -0.4984824138138374
        },
        {
          "target": "ETH",
          "hedge": "BTC",
          "target_dollars": 42.23976806456142,
          "hedge_dollars": -57.76023193543859,
          "hedge_units_per_target_unit": -1.3674372417754497
        }
      ]
    }
  },
  "example_notional": 100.0,
  "provider": "cryptocompare"
}