{
  "generated_at": "2026-03-11T01:52:04.176504Z",
  "lookbacks": {
    "30": {
      "lookback_days": 30,
      "corr": 0.9114338326677834,
      "stats": {
        "mean": {
          "btc": 7.224928186857311e-06,
          "eth": -3.1036608789241907e-06
        },
        "std": {
          "btc": 0.005950257956609591,
          "eth": 0.007334690708915367
        },
        "min": {
          "btc": -0.03612262483146145,
          "eth": -0.04038541666666662
        },
        "max": {
          "btc": 0.029223763595974894,
          "eth": 0.035902309432658264
        }
      },
      "hedge_table": [
        {
          "target": "BTC",
          "hedge": "ETH",
          "hedge_ratio_units": 0.7393994689050262,
          "target_w": 0.5749110643511423,
          "hedge_w": -0.42508893564885786
        },
        {
          "target": "ETH",
          "hedge": "BTC",
          "hedge_ratio_units": 1.123495033830201,
          "target_w": 0.4709217512019678,
          "hedge_w": -0.5290782487980322
        }
      ],
      "examples": [
        {
          "target": "BTC",
          "hedge": "ETH",
          "target_dollars": 57.491106435114226,
          "hedge_dollars": -42.50889356488579,
          "hedge_units_per_target_unit": -0.7393994689050262
        },
        {
          "target": "ETH",
          "hedge": "BTC",
          "target_dollars": 47.09217512019678,
          "hedge_dollars": -52.90782487980322,
          "hedge_units_per_target_unit": -1.123495033830201
        }
      ]
    },
    "60": {
      "lookback_days": 60,
      "corr": 0.8991666453699044,
      "stats": {
        "mean": {
          "btc": -0.00016032913275426837,
          "eth": -0.00025729869803207896
        },
        "std": {
          "btc": 0.006017540801104058,
          "eth": 0.007910347928030243
        },
        "min": {
          "btc": -0.03612262483146145,
          "eth": -0.04170398539552955
        },
        "max": {
          "btc": 0.0349913262434709,
          "eth": 0.04377388676562077
        }
      },
      "hedge_table": [
        {
          "target": "BTC",
          "hedge": "ETH",
          "hedge_ratio_units": 0.6840118822501149,
          "target_w": 0.5938200380533163,
          "hedge_w": -0.4061799619466837
        },
        {
          "target": "ETH",
          "hedge": "BTC",
          "hedge_ratio_units": 1.181997969810314,
          "target_w": 0.45829556848163905,
          "hedge_w": -0.5417044315183611
        }
      ],
      "examples": [
        {
          "target": "BTC",
          "hedge": "ETH",
          "target_dollars": 59.38200380533163,
          "hedge_dollars": -40.61799619466837,
          "hedge_units_per_target_unit": -0.6840118822501149
        },
        {
          "target": "ETH",
          "hedge": "BTC",
          "target_dollars": 45.829556848163904,
          "hedge_dollars": -54.17044315183611,
          "hedge_units_per_target_unit": -1.181997969810314
        }
      ]
    },
    "120": {
      "lookback_days": 120,
      "corr": 0.8966757324523547,
      "stats": {
        "mean": {
          "btc": -0.00013077209781435815,
          "eth": -0.00017144161424804751
        },
        "std": {
          "btc": 0.0054973881828743595,
          "eth": 0.00747224633030168
        },
        "min": {
          "btc": -0.03714671634653788,
          "eth": -0.05178573218862892
        },
        "max": {
          "btc": 0.0349913262434709,
          "eth": 0.04377388676562077
        }
      },
      "hedge_table": [
        {
          "target": "BTC",
          "hedge": "ETH",
          "hedge_ratio_units": 0.6596911233324891,
          "target_w": 0.6025217499459193,
          "hedge_w": -0.39747825005408066
        },
        {
          "target": "ETH",
          "hedge": "BTC",
          "hedge_ratio_units": 1.2187936759060056,
          "target_w": 0.45069535345221656,
          "hedge_w": -0.5493046465477834
        }
      ],
      "examples": [
        {
          "target": "BTC",
          "hedge": "ETH",
          "target_dollars": 60.25217499459193,
          "hedge_dollars": -39.74782500540807,
          "hedge_units_per_target_unit": -0.6596911233324891
        },
        {
          "target": "ETH",
          "hedge": "BTC",
          "target_dollars": 45.06953534522166,
          "hedge_dollars": -54.93046465477834,
          "hedge_units_per_target_unit": -1.2187936759060056
        }
      ]
    },
    "150": {
      "lookback_days": 150,
      "corr": 0.8879129377024534,
      "stats": {
        "mean": {
          "btc": -0.00011163043551135471,
          "eth": -0.00014087669312967544
        },
        "std": {
          "btc": 0.005342351534321218,
          "eth": 0.007472705348004232
        },
        "min": {
          "btc": -0.03714671634653788,
          "eth": -0.05178573218862892
        },
        "max": {
          "btc": 0.0349913262434709,
          "eth": 0.04377388676562077
        }
      },
      "hedge_table": [
        {
          "target": "BTC",
          "hedge": "ETH",
          "hedge_ratio_units": 0.6347825618930955,
          "target_w": 0.6117021451721318,
          "hedge_w": -0.38829785482786805
        },
        {
          "target": "ETH",
          "hedge": "BTC",
          "hedge_ratio_units": 1.2419833692157638,
          "target_w": 0.4460336386660155,
          "hedge_w": -0.5539663613339845
        }
      ],
      "examples": [
        {
          "target": "BTC",
          "hedge": "ETH",
          "target_dollars": 61.17021451721318,
          "hedge_dollars": -38.829785482786804,
          "hedge_units_per_target_unit": -0.6347825618930955
        },
        {
          "target": "ETH",
          "hedge": "BTC",
          "target_dollars": 44.60336386660155,
          "hedge_dollars": -55.396636133398445,
          "hedge_units_per_target_unit": -1.2419833692157638
        }
      ]
    },
    "180": {
      "lookback_days": 180,
      "corr": 0.877395406091403,
      "stats": {
        "mean": {
          "btc": -0.00010276337692764562,
          "eth": -0.00015772580286044658
        },
        "std": {
          "btc": 0.005071017040153613,
          "eth": 0.007257518558357191
        },
        "min": {
          "btc": -0.03714671634653788,
          "eth": -0.05178573218862892
        },
        "max": {
          "btc": 0.0349913262434709,
          "eth": 0.04377388676562077
        }
      },
      "hedge_table": [
        {
          "target": "BTC",
          "hedge": "ETH",
          "hedge_ratio_units": 0.6130589979847246,
          "target_w": 0.6199401269571355,
          "hedge_w": -0.3800598730428644
        },
        {
          "target": "ETH",
          "hedge": "BTC",
          "hedge_ratio_units": 1.2557073644802441,
          "target_w": 0.4433199162917208,
          "hedge_w": -0.5566800837082791
        }
      ],
      "examples": [
        {
          "target": "BTC",
          "hedge": "ETH",
          "target_dollars": 61.99401269571355,
          "hedge_dollars": -38.00598730428644,
          "hedge_units_per_target_unit": -0.6130589979847246
        },
        {
          "target": "ETH",
          "hedge": "BTC",
          "target_dollars": 44.33199162917208,
          "hedge_dollars": -55.66800837082791,
          "hedge_units_per_target_unit": -1.2557073644802441
        }
      ]
    }
  },
  "example_notional": 100.0,
  "provider": "cryptocompare"
}