{
  "generated_at": "2026-02-10T02:13:01.420551Z",
  "lookbacks": {
    "30": {
      "lookback_days": 30,
      "corr": 0.8907321776881383,
      "stats": {
        "mean": {
          "btc": -0.0003342883316331249,
          "eth": -0.0004918838025661604
        },
        "std": {
          "btc": 0.006190413851691796,
          "eth": 0.00855207468815183
        },
        "min": {
          "btc": -0.031142278584685545,
          "eth": -0.04170398539552955
        },
        "max": {
          "btc": 0.0349913262434709,
          "eth": 0.04377388676562077
        }
      },
      "hedge_table": [
        {
          "target": "BTC",
          "hedge": "ETH",
          "hedge_ratio_units": 0.6447559232086019,
          "target_w": 0.6079929464848454,
          "hedge_w": -0.3920070535151546
        },
        {
          "target": "ETH",
          "hedge": "BTC",
          "hedge_ratio_units": 1.2305490865763762,
          "target_w": 0.4483201046854698,
          "hedge_w": -0.5516798953145302
        }
      ],
      "examples": [
        {
          "target": "BTC",
          "hedge": "ETH",
          "target_dollars": 60.79929464848453,
          "hedge_dollars": -39.20070535151546,
          "hedge_units_per_target_unit": -0.6447559232086019
        },
        {
          "target": "ETH",
          "hedge": "BTC",
          "target_dollars": 44.832010468546976,
          "hedge_dollars": -55.167989531453024,
          "hedge_units_per_target_unit": -1.2305490865763762
        }
      ]
    },
    "60": {
      "lookback_days": 60,
      "corr": 0.8928565968593308,
      "stats": {
        "mean": {
          "btc": -0.00017595966123214386,
          "eth": -0.000272393835893075
        },
        "std": {
          "btc": 0.00518982065394771,
          "eth": 0.007116943565247402
        },
        "min": {
          "btc": -0.031142278584685545,
          "eth": -0.04988725258205495
        },
        "max": {
          "btc": 0.0349913262434709,
          "eth": 0.04377388676562077
        }
      },
      "hedge_table": [
        {
          "target": "BTC",
          "hedge": "ETH",
          "hedge_ratio_units": 0.6510892723698222,
          "target_w": 0.6056607699744132,
          "hedge_w": -0.3943392300255869
        },
        {
          "target": "ETH",
          "hedge": "BTC",
          "hedge_ratio_units": 1.224398767397316,
          "target_w": 0.449559680870558,
          "hedge_w": -0.5504403191294419
        }
      ],
      "examples": [
        {
          "target": "BTC",
          "hedge": "ETH",
          "target_dollars": 60.56607699744132,
          "hedge_dollars": -39.43392300255869,
          "hedge_units_per_target_unit": -0.6510892723698222
        },
        {
          "target": "ETH",
          "hedge": "BTC",
          "target_dollars": 44.955968087055794,
          "hedge_dollars": -55.04403191294419,
          "hedge_units_per_target_unit": -1.224398767397316
        }
      ]
    },
    "120": {
      "lookback_days": 120,
      "corr": 0.8867122186766158,
      "stats": {
        "mean": {
          "btc": -0.00015730847107647266,
          "eth": -0.00020566683956008372
        },
        "std": {
          "btc": 0.005196170859302097,
          "eth": 0.00746271494259866
        },
        "min": {
          "btc": -0.03714671634653788,
          "eth": -0.05178573218862892
        },
        "max": {
          "btc": 0.0349913262434709,
          "eth": 0.04377388676562077
        }
      },
      "hedge_table": [
        {
          "target": "BTC",
          "hedge": "ETH",
          "hedge_ratio_units": 0.6174037500714341,
          "target_w": 0.6182748123069667,
          "hedge_w": -0.38172518769303326
        },
        {
          "target": "ETH",
          "hedge": "BTC",
          "hedge_ratio_units": 1.2734917121242555,
          "target_w": 0.4398520542947754,
          "hedge_w": -0.5601479457052245
        }
      ],
      "examples": [
        {
          "target": "BTC",
          "hedge": "ETH",
          "target_dollars": 61.82748123069667,
          "hedge_dollars": -38.17251876930332,
          "hedge_units_per_target_unit": -0.6174037500714341
        },
        {
          "target": "ETH",
          "hedge": "BTC",
          "target_dollars": 43.98520542947754,
          "hedge_dollars": -56.014794570522454,
          "hedge_units_per_target_unit": -1.2734917121242555
        }
      ]
    },
    "150": {
      "lookback_days": 150,
      "corr": 0.872632992091781,
      "stats": {
        "mean": {
          "btc": -0.00012724942538910105,
          "eth": -0.0001989193722890429
        },
        "std": {
          "btc": 0.004900489411909902,
          "eth": 0.007256945056252898
        },
        "min": {
          "btc": -0.03714671634653788,
          "eth": -0.05178573218862892
        },
        "max": {
          "btc": 0.0349913262434709,
          "eth": 0.04377388676562077
        }
      },
      "hedge_table": [
        {
          "target": "BTC",
          "hedge": "ETH",
          "hedge_ratio_units": 0.5892739582676543,
          "target_w": 0.6292181375009903,
          "hedge_w": -0.3707818624990097
        },
        {
          "target": "ETH",
          "hedge": "BTC",
          "hedge_ratio_units": 1.2922484155343898,
          "target_w": 0.4362528917996311,
          "hedge_w": -0.5637471082003689
        }
      ],
      "examples": [
        {
          "target": "BTC",
          "hedge": "ETH",
          "target_dollars": 62.921813750099034,
          "hedge_dollars": -37.078186249900966,
          "hedge_units_per_target_unit": -0.5892739582676543
        },
        {
          "target": "ETH",
          "hedge": "BTC",
          "target_dollars": 43.62528917996311,
          "hedge_dollars": -56.37471082003689,
          "hedge_units_per_target_unit": -1.2922484155343898
        }
      ]
    },
    "180": {
      "lookback_days": 180,
      "corr": 0.8598827382552858,
      "stats": {
        "mean": {
          "btc": -0.00011924403795565102,
          "eth": -0.00016235037532198656
        },
        "std": {
          "btc": 0.0047069440837945765,
          "eth": 0.007246257239273735
        },
        "min": {
          "btc": -0.03714671634653788,
          "eth": -0.05178573218862892
        },
        "max": {
          "btc": 0.0349913262434709,
          "eth": 0.0757825447476439
        }
      },
      "hedge_table": [
        {
          "target": "BTC",
          "hedge": "ETH",
          "hedge_ratio_units": 0.558553172201965,
          "target_w": 0.6416207145420477,
          "hedge_w": -0.3583792854579522
        },
        {
          "target": "ETH",
          "hedge": "BTC",
          "hedge_ratio_units": 1.3237742803151646,
          "target_w": 0.430334395414848,
          "hedge_w": -0.5696656045851519
        }
      ],
      "examples": [
        {
          "target": "BTC",
          "hedge": "ETH",
          "target_dollars": 64.16207145420478,
          "hedge_dollars": -35.83792854579522,
          "hedge_units_per_target_unit": -0.558553172201965
        },
        {
          "target": "ETH",
          "hedge": "BTC",
          "target_dollars": 43.0334395414848,
          "hedge_dollars": -56.96656045851519,
          "hedge_units_per_target_unit": -1.3237742803151646
        }
      ]
    }
  },
  "example_notional": 100.0,
  "provider": "cryptocompare"
}