{
  "generated_at": "2026-04-19T02:31:06.381826Z",
  "lookbacks": {
    "30": {
      "lookback_days": 30,
      "corr": 0.9194742223709862,
      "stats": {
        "mean": {
          "btc": 0.00010053144960178206,
          "eth": 0.00013336989475929193
        },
        "std": {
          "btc": 0.004420216480048071,
          "eth": 0.006041528759437869
        },
        "min": {
          "btc": -0.019619547762256384,
          "eth": -0.030096491146448856
        },
        "max": {
          "btc": 0.022874680739771724,
          "eth": 0.041842617860856635
        }
      },
      "hedge_table": [
        {
          "target": "BTC",
          "hedge": "ETH",
          "hedge_ratio_units": 0.6727229601207387,
          "target_w": 0.5978276282689508,
          "hedge_w": -0.4021723717310492
        },
        {
          "target": "ETH",
          "hedge": "BTC",
          "hedge_ratio_units": 1.2567325566723535,
          "target_w": 0.4431185241881483,
          "hedge_w": -0.5568814758118518
        }
      ],
      "examples": [
        {
          "target": "BTC",
          "hedge": "ETH",
          "target_dollars": 59.78276282689507,
          "hedge_dollars": -40.21723717310492,
          "hedge_units_per_target_unit": -0.6727229601207387
        },
        {
          "target": "ETH",
          "hedge": "BTC",
          "target_dollars": 44.31185241881483,
          "hedge_dollars": -55.68814758118518,
          "hedge_units_per_target_unit": -1.2567325566723535
        }
      ]
    },
    "60": {
      "lookback_days": 60,
      "corr": 0.9161410064393681,
      "stats": {
        "mean": {
          "btc": 8.972938558497937e-05,
          "eth": 0.00013151285242786465
        },
        "std": {
          "btc": 0.005085868574661605,
          "eth": 0.006627830520559655
        },
        "min": {
          "btc": -0.03612262483146145,
          "eth": -0.04038541666666662
        },
        "max": {
          "btc": 0.029223763595974894,
          "eth": 0.041842617860856635
        }
      },
      "hedge_table": [
        {
          "target": "BTC",
          "hedge": "ETH",
          "hedge_ratio_units": 0.7030011917407024,
          "target_w": 0.5871986495663353,
          "hedge_w": -0.4128013504336648
        },
        {
          "target": "ETH",
          "hedge": "BTC",
          "hedge_ratio_units": 1.1939017366407454,
          "target_w": 0.45580892858546085,
          "hedge_w": -0.5441910714145393
        }
      ],
      "examples": [
        {
          "target": "BTC",
          "hedge": "ETH",
          "target_dollars": 58.71986495663353,
          "hedge_dollars": -41.28013504336648,
          "hedge_units_per_target_unit": -0.7030011917407024
        },
        {
          "target": "ETH",
          "hedge": "BTC",
          "target_dollars": 45.580892858546086,
          "hedge_dollars": -54.41910714145393,
          "hedge_units_per_target_unit": -1.1939017366407454
        }
      ]
    },
    "120": {
      "lookback_days": 120,
      "corr": 0.9010785108506386,
      "stats": {
        "mean": {
          "btc": -4.068114103906524e-05,
          "eth": -6.201005753679454e-05
        },
        "std": {
          "btc": 0.005151365382269465,
          "eth": 0.006829769500935907
        },
        "min": {
          "btc": -0.03612262483146145,
          "eth": -0.04170398539552955
        },
        "max": {
          "btc": 0.0349913262434709,
          "eth": 0.04377388676562077
        }
      },
      "hedge_table": [
        {
          "target": "BTC",
          "hedge": "ETH",
          "hedge_ratio_units": 0.6796400152108824,
          "target_w": 0.5953656682050694,
          "hedge_w": -0.4046343317949305
        },
        {
          "target": "ETH",
          "hedge": "BTC",
          "hedge_ratio_units": 1.1946655060692248,
          "target_w": 0.45565030171320225,
          "hedge_w": -0.5443496982867978
        }
      ],
      "examples": [
        {
          "target": "BTC",
          "hedge": "ETH",
          "target_dollars": 59.53656682050694,
          "hedge_dollars": -40.46343317949305,
          "hedge_units_per_target_unit": -0.6796400152108824
        },
        {
          "target": "ETH",
          "hedge": "BTC",
          "target_dollars": 45.565030171320224,
          "hedge_dollars": -54.43496982867978,
          "hedge_units_per_target_unit": -1.1946655060692248
        }
      ]
    },
    "150": {
      "lookback_days": 150,
      "corr": 0.9011932014902236,
      "stats": {
        "mean": {
          "btc": -4.2328651965784486e-05,
          "eth": -4.7846977967851445e-05
        },
        "std": {
          "btc": 0.005240059593814774,
          "eth": 0.0070567573109667605
        },
        "min": {
          "btc": -0.03714671634653788,
          "eth": -0.05178573218862892
        },
        "max": {
          "btc": 0.0349913262434709,
          "eth": 0.04377388676562077
        }
      },
      "hedge_table": [
        {
          "target": "BTC",
          "hedge": "ETH",
          "hedge_ratio_units": 0.669189242771699,
          "target_w": 0.5990932450172599,
          "hedge_w": -0.4009067549827401
        },
        {
          "target": "ETH",
          "hedge": "BTC",
          "hedge_ratio_units": 1.2136315626479253,
          "target_w": 0.4517463596352997,
          "hedge_w": -0.5482536403647004
        }
      ],
      "examples": [
        {
          "target": "BTC",
          "hedge": "ETH",
          "target_dollars": 59.90932450172599,
          "hedge_dollars": -40.09067549827401,
          "hedge_units_per_target_unit": -0.669189242771699
        },
        {
          "target": "ETH",
          "hedge": "BTC",
          "target_dollars": 45.174635963529965,
          "hedge_dollars": -54.825364036470035,
          "hedge_units_per_target_unit": -1.2136315626479253
        }
      ]
    },
    "180": {
      "lookback_days": 180,
      "corr": 0.8956809336864188,
      "stats": {
        "mean": {
          "btc": -7.168945433566962e-05,
          "eth": -9.416796862567572e-05
        },
        "std": {
          "btc": 0.005211114908047034,
          "eth": 0.0071863109400219635
        },
        "min": {
          "btc": -0.03714671634653788,
          "eth": -0.05178573218862892
        },
        "max": {
          "btc": 0.0349913262434709,
          "eth": 0.04377388676562077
        }
      },
      "hedge_table": [
        {
          "target": "BTC",
          "hedge": "ETH",
          "hedge_ratio_units": 0.6494982342598883,
          "target_w": 0.606244965426525,
          "hedge_w": -0.393755034573475
        },
        {
          "target": "ETH",
          "hedge": "BTC",
          "hedge_ratio_units": 1.235175544216133,
          "target_w": 0.44739215342063704,
          "hedge_w": -0.552607846579363
        }
      ],
      "examples": [
        {
          "target": "BTC",
          "hedge": "ETH",
          "target_dollars": 60.624496542652494,
          "hedge_dollars": -39.3755034573475,
          "hedge_units_per_target_unit": -0.6494982342598883
        },
        {
          "target": "ETH",
          "hedge": "BTC",
          "target_dollars": 44.7392153420637,
          "hedge_dollars": -55.2607846579363,
          "hedge_units_per_target_unit": -1.235175544216133
        }
      ]
    }
  },
  "example_notional": 100.0,
  "provider": "cryptocompare"
}