{
  "generated_at": "2026-03-26T16:58:46.664874Z",
  "lookbacks": {
    "30": {
      "lookback_days": 30,
      "corr": 0.9147607719990963,
      "stats": {
        "mean": {
          "btc": 0.00011310689293986187,
          "eth": 0.00017196820194550407
        },
        "std": {
          "btc": 0.005662765596800656,
          "eth": 0.007344500895502978
        },
        "min": {
          "btc": -0.03612262483146145,
          "eth": -0.04038541666666662
        },
        "max": {
          "btc": 0.029223763595974894,
          "eth": 0.041842617860856635
        }
      },
      "hedge_table": [
        {
          "target": "BTC",
          "hedge": "ETH",
          "hedge_ratio_units": 0.7052999111418232,
          "target_w": 0.5864071143535255,
          "hedge_w": -0.4135928856464745
        },
        {
          "target": "ETH",
          "hedge": "BTC",
          "hedge_ratio_units": 1.186427584591202,
          "target_w": 0.45736708000186094,
          "hedge_w": -0.5426329199981389
        }
      ],
      "examples": [
        {
          "target": "BTC",
          "hedge": "ETH",
          "target_dollars": 58.64071143535256,
          "hedge_dollars": -41.35928856464745,
          "hedge_units_per_target_unit": -0.7052999111418232
        },
        {
          "target": "ETH",
          "hedge": "BTC",
          "target_dollars": 45.73670800018609,
          "hedge_dollars": -54.26329199981389,
          "hedge_units_per_target_unit": -1.186427584591202
        }
      ]
    },
    "60": {
      "lookback_days": 60,
      "corr": 0.9019911072339177,
      "stats": {
        "mean": {
          "btc": -0.00014933516207870344,
          "eth": -0.00020047950043500064
        },
        "std": {
          "btc": 0.006184830225075075,
          "eth": 0.008094135609131055
        },
        "min": {
          "btc": -0.03612262483146145,
          "eth": -0.04170398539552955
        },
        "max": {
          "btc": 0.0349913262434709,
          "eth": 0.04260060177264258
        }
      },
      "hedge_table": [
        {
          "target": "BTC",
          "hedge": "ETH",
          "hedge_ratio_units": 0.6892226832073257,
          "target_w": 0.5919882617851785,
          "hedge_w": -0.40801173821482145
        },
        {
          "target": "ETH",
          "hedge": "BTC",
          "hedge_ratio_units": 1.1804428051366567,
          "target_w": 0.4586224401961904,
          "hedge_w": -0.5413775598038095
        }
      ],
      "examples": [
        {
          "target": "BTC",
          "hedge": "ETH",
          "target_dollars": 59.19882617851785,
          "hedge_dollars": -40.801173821482145,
          "hedge_units_per_target_unit": -0.6892226832073257
        },
        {
          "target": "ETH",
          "hedge": "BTC",
          "target_dollars": 45.86224401961904,
          "hedge_dollars": -54.13775598038095,
          "hedge_units_per_target_unit": -1.1804428051366567
        }
      ]
    },
    "120": {
      "lookback_days": 120,
      "corr": 0.8983690759670654,
      "stats": {
        "mean": {
          "btc": -7.811407922531346e-05,
          "eth": -0.00010821083350792881
        },
        "std": {
          "btc": 0.00530987530996349,
          "eth": 0.007145294801206247
        },
        "min": {
          "btc": -0.03714671634653788,
          "eth": -0.05178573218862892
        },
        "max": {
          "btc": 0.0349913262434709,
          "eth": 0.04377388676562077
        }
      },
      "hedge_table": [
        {
          "target": "BTC",
          "hedge": "ETH",
          "hedge_ratio_units": 0.6676040539162835,
          "target_w": 0.5996627302815382,
          "hedge_w": -0.4003372697184618
        },
        {
          "target": "ETH",
          "hedge": "BTC",
          "hedge_ratio_units": 1.208900682851641,
          "target_w": 0.45271388060282663,
          "hedge_w": -0.5472861193971734
        }
      ],
      "examples": [
        {
          "target": "BTC",
          "hedge": "ETH",
          "target_dollars": 59.966273028153815,
          "hedge_dollars": -40.03372697184618,
          "hedge_units_per_target_unit": -0.6676040539162835
        },
        {
          "target": "ETH",
          "hedge": "BTC",
          "target_dollars": 45.27138806028266,
          "hedge_dollars": -54.72861193971734,
          "hedge_units_per_target_unit": -1.208900682851641
        }
      ]
    },
    "150": {
      "lookback_days": 150,
      "corr": 0.8938366233277999,
      "stats": {
        "mean": {
          "btc": -0.0001297184448445675,
          "eth": -0.00017206821939446033
        },
        "std": {
          "btc": 0.005364796855761451,
          "eth": 0.007399005592197692
        },
        "min": {
          "btc": -0.03714671634653788,
          "eth": -0.05178573218862892
        },
        "max": {
          "btc": 0.0349913262434709,
          "eth": 0.04377388676562077
        }
      },
      "hedge_table": [
        {
          "target": "BTC",
          "hedge": "ETH",
          "hedge_ratio_units": 0.6480941048956691,
          "target_w": 0.6067614689170338,
          "hedge_w": -0.3932385310829663
        },
        {
          "target": "ETH",
          "hedge": "BTC",
          "hedge_ratio_units": 1.2327591057639047,
          "target_w": 0.4478763505738184,
          "hedge_w": -0.5521236494261815
        }
      ],
      "examples": [
        {
          "target": "BTC",
          "hedge": "ETH",
          "target_dollars": 60.676146891703375,
          "hedge_dollars": -39.32385310829663,
          "hedge_units_per_target_unit": -0.6480941048956691
        },
        {
          "target": "ETH",
          "hedge": "BTC",
          "target_dollars": 44.78763505738184,
          "hedge_dollars": -55.21236494261815,
          "hedge_units_per_target_unit": -1.2327591057639047
        }
      ]
    },
    "180": {
      "lookback_days": 180,
      "corr": 0.8825418218252304,
      "stats": {
        "mean": {
          "btc": -9.367649991964561e-05,
          "eth": -0.0001267552522050243
        },
        "std": {
          "btc": 0.005205037982970904,
          "eth": 0.00736663220236561
        },
        "min": {
          "btc": -0.03714671634653788,
          "eth": -0.05178573218862892
        },
        "max": {
          "btc": 0.0349913262434709,
          "eth": 0.04377388676562077
        }
      },
      "hedge_table": [
        {
          "target": "BTC",
          "hedge": "ETH",
          "hedge_ratio_units": 0.6235771758342332,
          "target_w": 0.6159239085670047,
          "hedge_w": -0.38407609143299526
        },
        {
          "target": "ETH",
          "hedge": "BTC",
          "hedge_ratio_units": 1.2490515969071454,
          "target_w": 0.4446318623259607,
          "hedge_w": -0.5553681376740393
        }
      ],
      "examples": [
        {
          "target": "BTC",
          "hedge": "ETH",
          "target_dollars": 61.592390856700476,
          "hedge_dollars": -38.407609143299524,
          "hedge_units_per_target_unit": -0.6235771758342332
        },
        {
          "target": "ETH",
          "hedge": "BTC",
          "target_dollars": 44.46318623259607,
          "hedge_dollars": -55.53681376740393,
          "hedge_units_per_target_unit": -1.2490515969071454
        }
      ]
    }
  },
  "example_notional": 100.0,
  "provider": "cryptocompare"
}