{
  "generated_at": "2026-04-22T16:57:32.718701Z",
  "lookbacks": {
    "30": {
      "lookback_days": 30,
      "corr": 0.9104389403560618,
      "stats": {
        "mean": {
          "btc": 0.00015250342438298412,
          "eth": 0.00016052990092243374
        },
        "std": {
          "btc": 0.004251727604515781,
          "eth": 0.005688356906052481
        },
        "min": {
          "btc": -0.019619547762256384,
          "eth": -0.02913186092280784
        },
        "max": {
          "btc": 0.022681960554355562,
          "eth": 0.0410922552310693
        }
      },
      "hedge_table": [
        {
          "target": "BTC",
          "hedge": "ETH",
          "hedge_ratio_units": 0.6805020217383404,
          "target_w": 0.5950602778600544,
          "hedge_w": -0.4049397221399456
        },
        {
          "target": "ETH",
          "hedge": "BTC",
          "hedge_ratio_units": 1.2180699507684758,
          "target_w": 0.4508424090293178,
          "hedge_w": -0.5491575909706822
        }
      ],
      "examples": [
        {
          "target": "BTC",
          "hedge": "ETH",
          "target_dollars": 59.50602778600545,
          "hedge_dollars": -40.49397221399456,
          "hedge_units_per_target_unit": -0.6805020217383404
        },
        {
          "target": "ETH",
          "hedge": "BTC",
          "target_dollars": 45.08424090293178,
          "hedge_dollars": -54.91575909706822,
          "hedge_units_per_target_unit": -1.2180699507684758
        }
      ]
    },
    "60": {
      "lookback_days": 60,
      "corr": 0.9158341678827542,
      "stats": {
        "mean": {
          "btc": 0.0001109935597496814,
          "eth": 0.0001492449944621496
        },
        "std": {
          "btc": 0.00509834508224184,
          "eth": 0.006644958617754116
        },
        "min": {
          "btc": -0.03612262483146145,
          "eth": -0.04038541666666662
        },
        "max": {
          "btc": 0.029223763595974894,
          "eth": 0.041842617860856635
        }
      },
      "hedge_table": [
        {
          "target": "BTC",
          "hedge": "ETH",
          "hedge_ratio_units": 0.7026738456276814,
          "target_w": 0.5873115409436241,
          "hedge_w": -0.4126884590563758
        },
        {
          "target": "ETH",
          "hedge": "BTC",
          "hedge_ratio_units": 1.1936579513817822,
          "target_w": 0.4558595834733949,
          "hedge_w": -0.544140416526605
        }
      ],
      "examples": [
        {
          "target": "BTC",
          "hedge": "ETH",
          "target_dollars": 58.73115409436242,
          "hedge_dollars": -41.26884590563758,
          "hedge_units_per_target_unit": -0.7026738456276814
        },
        {
          "target": "ETH",
          "hedge": "BTC",
          "target_dollars": 45.58595834733949,
          "hedge_dollars": -54.41404165266051,
          "hedge_units_per_target_unit": -1.1936579513817822
        }
      ]
    },
    "120": {
      "lookback_days": 120,
      "corr": 0.901161254168546,
      "stats": {
        "mean": {
          "btc": -2.1574899265978618e-05,
          "eth": -4.528208624952661e-05
        },
        "std": {
          "btc": 0.005174182013637834,
          "eth": 0.0068436742007167515
        },
        "min": {
          "btc": -0.03612262483146145,
          "eth": -0.04170398539552955
        },
        "max": {
          "btc": 0.0349913262434709,
          "eth": 0.04377388676562077
        }
      },
      "hedge_table": [
        {
          "target": "BTC",
          "hedge": "ETH",
          "hedge_ratio_units": 0.6813258807992149,
          "target_w": 0.5947686950043569,
          "hedge_w": -0.4052313049956431
        },
        {
          "target": "ETH",
          "hedge": "BTC",
          "hedge_ratio_units": 1.1919283105200993,
          "target_w": 0.456219300239213,
          "hedge_w": -0.543780699760787
        }
      ],
      "examples": [
        {
          "target": "BTC",
          "hedge": "ETH",
          "target_dollars": 59.47686950043569,
          "hedge_dollars": -40.52313049956431,
          "hedge_units_per_target_unit": -0.6813258807992149
        },
        {
          "target": "ETH",
          "hedge": "BTC",
          "target_dollars": 45.621930023921294,
          "hedge_dollars": -54.378069976078706,
          "hedge_units_per_target_unit": -1.1919283105200993
        }
      ]
    },
    "150": {
      "lookback_days": 150,
      "corr": 0.8996545482428594,
      "stats": {
        "mean": {
          "btc": -1.3417155587368104e-05,
          "eth": -1.9388251140467066e-05
        },
        "std": {
          "btc": 0.005146158384022758,
          "eth": 0.006936297095460069
        },
        "min": {
          "btc": -0.03714671634653788,
          "eth": -0.05178573218862892
        },
        "max": {
          "btc": 0.0349913262434709,
          "eth": 0.04377388676562077
        }
      },
      "hedge_table": [
        {
          "target": "BTC",
          "hedge": "ETH",
          "hedge_ratio_units": 0.6674692177176871,
          "target_w": 0.5997112206777219,
          "hedge_w": -0.4002887793222782
        },
        {
          "target": "ETH",
          "hedge": "BTC",
          "hedge_ratio_units": 1.2126076898970914,
          "target_w": 0.4519554029239182,
          "hedge_w": -0.5480445970760817
        }
      ],
      "examples": [
        {
          "target": "BTC",
          "hedge": "ETH",
          "target_dollars": 59.971122067772185,
          "hedge_dollars": -40.02887793222782,
          "hedge_units_per_target_unit": -0.6674692177176871
        },
        {
          "target": "ETH",
          "hedge": "BTC",
          "target_dollars": 45.195540292391826,
          "hedge_dollars": -54.80445970760817,
          "hedge_units_per_target_unit": -1.2126076898970914
        }
      ]
    },
    "180": {
      "lookback_days": 180,
      "corr": 0.8956139797278267,
      "stats": {
        "mean": {
          "btc": -6.433997788548164e-05,
          "eth": -8.745737605706639e-05
        },
        "std": {
          "btc": 0.005181453835876354,
          "eth": 0.007139749654116404
        },
        "min": {
          "btc": -0.03714671634653788,
          "eth": -0.05178573218862892
        },
        "max": {
          "btc": 0.0349913262434709,
          "eth": 0.04377388676562077
        }
      },
      "hedge_table": [
        {
          "target": "BTC",
          "hedge": "ETH",
          "hedge_ratio_units": 0.6499643146520857,
          "target_w": 0.6060737139099046,
          "hedge_w": -0.3939262860900954
        },
        {
          "target": "ETH",
          "hedge": "BTC",
          "hedge_ratio_units": 1.2341052925548364,
          "target_w": 0.44760647733681286,
          "hedge_w": -0.5523935226631872
        }
      ],
      "examples": [
        {
          "target": "BTC",
          "hedge": "ETH",
          "target_dollars": 60.60737139099046,
          "hedge_dollars": -39.39262860900954,
          "hedge_units_per_target_unit": -0.6499643146520857
        },
        {
          "target": "ETH",
          "hedge": "BTC",
          "target_dollars": 44.76064773368129,
          "hedge_dollars": -55.23935226631872,
          "hedge_units_per_target_unit": -1.2341052925548364
        }
      ]
    }
  },
  "example_notional": 100.0,
  "provider": "cryptocompare"
}