{
  "generated_at": "2026-05-19T11:15:25.334856Z",
  "lookbacks": {
    "30": {
      "lookback_days": 30,
      "corr": 0.8831866679566983,
      "stats": {
        "mean": {
          "btc": 2.9911390345432988e-05,
          "eth": -0.00012592490392681637
        },
        "std": {
          "btc": 0.0034365099336339288,
          "eth": 0.004359371840242699
        },
        "min": {
          "btc": -0.020668693538518745,
          "eth": -0.025174966013795874
        },
        "max": {
          "btc": 0.018403612886388032,
          "eth": 0.02102707121219405
        }
      },
      "hedge_table": [
        {
          "target": "BTC",
          "hedge": "ETH",
          "hedge_ratio_units": 0.696219517148891,
          "target_w": 0.5895463351824066,
          "hedge_w": -0.4104536648175934
        },
        {
          "target": "ETH",
          "hedge": "BTC",
          "hedge_ratio_units": 1.1203631487533312,
          "target_w": 0.4716173267715724,
          "hedge_w": -0.5283826732284276
        }
      ],
      "examples": [
        {
          "target": "BTC",
          "hedge": "ETH",
          "target_dollars": 58.95463351824066,
          "hedge_dollars": -41.04536648175934,
          "hedge_units_per_target_unit": -0.696219517148891
        },
        {
          "target": "ETH",
          "hedge": "BTC",
          "target_dollars": 47.16173267715724,
          "hedge_dollars": -52.83826732284276,
          "hedge_units_per_target_unit": -1.1203631487533312
        }
      ]
    },
    "60": {
      "lookback_days": 60,
      "corr": 0.9053603114703612,
      "stats": {
        "mean": {
          "btc": 7.00998456886848e-05,
          "eth": 5.70871016199464e-06
        },
        "std": {
          "btc": 0.003953054257317919,
          "eth": 0.00525531866563886
        },
        "min": {
          "btc": -0.020668693538518745,
          "eth": -0.030096491146448856
        },
        "max": {
          "btc": 0.022874680739771724,
          "eth": 0.041842617860856635
        }
      },
      "hedge_table": [
        {
          "target": "BTC",
          "hedge": "ETH",
          "hedge_ratio_units": 0.681012639074574,
          "target_w": 0.5948795248502813,
          "hedge_w": -0.40512047514971866
        },
        {
          "target": "ETH",
          "hedge": "BTC",
          "hedge_ratio_units": 1.2036153906035671,
          "target_w": 0.4537996985608733,
          "hedge_w": -0.5462003014391266
        }
      ],
      "examples": [
        {
          "target": "BTC",
          "hedge": "ETH",
          "target_dollars": 59.48795248502813,
          "hedge_dollars": -40.51204751497187,
          "hedge_units_per_target_unit": -0.681012639074574
        },
        {
          "target": "ETH",
          "hedge": "BTC",
          "target_dollars": 45.379969856087335,
          "hedge_dollars": -54.62003014391266,
          "hedge_units_per_target_unit": -1.2036153906035671
        }
      ]
    },
    "120": {
      "lookback_days": 120,
      "corr": 0.902645745166155,
      "stats": {
        "mean": {
          "btc": -5.266583226523188e-05,
          "eth": -0.000122889004871084
        },
        "std": {
          "btc": 0.0051612614347328716,
          "eth": 0.006827449890350696
        },
        "min": {
          "btc": -0.03612262483146145,
          "eth": -0.04170398539552955
        },
        "max": {
          "btc": 0.0349913262434709,
          "eth": 0.04377388676562077
        }
      },
      "hedge_table": [
        {
          "target": "BTC",
          "hedge": "ETH",
          "hedge_ratio_units": 0.6823617527147445,
          "target_w": 0.5944024811467267,
          "hedge_w": -0.40559751885327333
        },
        {
          "target": "ETH",
          "hedge": "BTC",
          "hedge_ratio_units": 1.1940430981441168,
          "target_w": 0.45577956096025357,
          "hedge_w": -0.5442204390397465
        }
      ],
      "examples": [
        {
          "target": "BTC",
          "hedge": "ETH",
          "target_dollars": 59.44024811467267,
          "hedge_dollars": -40.55975188532733,
          "hedge_units_per_target_unit": -0.6823617527147445
        },
        {
          "target": "ETH",
          "hedge": "BTC",
          "target_dollars": 45.57795609602536,
          "hedge_dollars": -54.42204390397465,
          "hedge_units_per_target_unit": -1.1940430981441168
        }
      ]
    },
    "150": {
      "lookback_days": 150,
      "corr": 0.8991947443496473,
      "stats": {
        "mean": {
          "btc": -2.625318002182767e-05,
          "eth": -7.529124933715632e-05
        },
        "std": {
          "btc": 0.004857786300569738,
          "eth": 0.006412696446652033
        },
        "min": {
          "btc": -0.03612262483146145,
          "eth": -0.04170398539552955
        },
        "max": {
          "btc": 0.0349913262434709,
          "eth": 0.04377388676562077
        }
      },
      "hedge_table": [
        {
          "target": "BTC",
          "hedge": "ETH",
          "hedge_ratio_units": 0.6811636800501507,
          "target_w": 0.5948260790229355,
          "hedge_w": -0.4051739209770645
        },
        {
          "target": "ETH",
          "hedge": "BTC",
          "hedge_ratio_units": 1.1870145340199258,
          "target_w": 0.4572443321452975,
          "hedge_w": -0.5427556678547025
        }
      ],
      "examples": [
        {
          "target": "BTC",
          "hedge": "ETH",
          "target_dollars": 59.48260790229355,
          "hedge_dollars": -40.51739209770645,
          "hedge_units_per_target_unit": -0.6811636800501507
        },
        {
          "target": "ETH",
          "hedge": "BTC",
          "target_dollars": 45.72443321452975,
          "hedge_dollars": -54.275566785470254,
          "hedge_units_per_target_unit": -1.1870145340199258
        }
      ]
    },
    "180": {
      "lookback_days": 180,
      "corr": 0.8996682320465503,
      "stats": {
        "mean": {
          "btc": -2.8405713794581998e-05,
          "eth": -6.0474111450471916e-05
        },
        "std": {
          "btc": 0.0049828542498880895,
          "eth": 0.006680606600291277
        },
        "min": {
          "btc": -0.03714671634653788,
          "eth": -0.05178573218862892
        },
        "max": {
          "btc": 0.0349913262434709,
          "eth": 0.04377388676562077
        }
      },
      "hedge_table": [
        {
          "target": "BTC",
          "hedge": "ETH",
          "hedge_ratio_units": 0.6710342251476087,
          "target_w": 0.5984317885001226,
          "hedge_w": -0.4015682114998774
        },
        {
          "target": "ETH",
          "hedge": "BTC",
          "hedge_ratio_units": 1.206202153959762,
          "target_w": 0.45326762019752725,
          "hedge_w": -0.5467323798024727
        }
      ],
      "examples": [
        {
          "target": "BTC",
          "hedge": "ETH",
          "target_dollars": 59.84317885001226,
          "hedge_dollars": -40.15682114998774,
          "hedge_units_per_target_unit": -0.6710342251476087
        },
        {
          "target": "ETH",
          "hedge": "BTC",
          "target_dollars": 45.32676201975273,
          "hedge_dollars": -54.67323798024727,
          "hedge_units_per_target_unit": -1.206202153959762
        }
      ]
    }
  },
  "example_notional": 100.0,
  "provider": "cryptocompare"
}