{
  "generated_at": "2026-07-23T02:31:38.044431Z",
  "lookbacks": {
    "30": {
      "lookback_days": 30,
      "corr": 0.896349895509067,
      "stats": {
        "mean": {
          "btc": 0.0019761552606044467,
          "eth": 0.005421276129747732
        },
        "std": {
          "btc": 0.016795343084318945,
          "eth": 0.023308448254575332
        },
        "min": {
          "btc": -0.02781940606821942,
          "eth": -0.032716940550281515
        },
        "max": {
          "btc": 0.04394298412064401,
          "eth": 0.06588068107703227
        }
      },
      "hedge_table": [
        {
          "target": "BTC",
          "hedge": "ETH",
          "hedge_ratio_units": 0.6458818645601212,
          "target_w": 0.607577020886162,
          "hedge_w": -0.392422979113838
        },
        {
          "target": "ETH",
          "hedge": "BTC",
          "hedge_ratio_units": 1.2439475069118118,
          "target_w": 0.44564322334626727,
          "hedge_w": -0.5543567766537328
        }
      ],
      "examples": [
        {
          "target": "BTC",
          "hedge": "ETH",
          "target_dollars": 60.75770208861619,
          "hedge_dollars": -39.2422979113838,
          "hedge_units_per_target_unit": -0.6458818645601212
        },
        {
          "target": "ETH",
          "hedge": "BTC",
          "target_dollars": 44.56432233462672,
          "hedge_dollars": -55.435677665373284,
          "hedge_units_per_target_unit": -1.2439475069118118
        }
      ]
    },
    "60": {
      "lookback_days": 60,
      "corr": 0.8851261733417907,
      "stats": {
        "mean": {
          "btc": -0.002385978094073913,
          "eth": -0.000971450267616157
        },
        "std": {
          "btc": 0.02005839795418088,
          "eth": 0.028910496689931817
        },
        "min": {
          "btc": -0.06600964303204149,
          "eth": -0.10658012901637759
        },
        "max": {
          "btc": 0.04394298412064401,
          "eth": 0.07539563557614826
        }
      },
      "hedge_table": [
        {
          "target": "BTC",
          "hedge": "ETH",
          "hedge_ratio_units": 0.6141095815463417,
          "target_w": 0.6195366234317156,
          "hedge_w": -0.38046337656828433
        },
        {
          "target": "ETH",
          "hedge": "BTC",
          "hedge_ratio_units": 1.2757468150259783,
          "target_w": 0.4394161922571272,
          "hedge_w": -0.560583807742873
        }
      ],
      "examples": [
        {
          "target": "BTC",
          "hedge": "ETH",
          "target_dollars": 61.95366234317156,
          "hedge_dollars": -38.046337656828435,
          "hedge_units_per_target_unit": -0.6141095815463417
        },
        {
          "target": "ETH",
          "hedge": "BTC",
          "target_dollars": 43.94161922571272,
          "hedge_dollars": -56.0583807742873,
          "hedge_units_per_target_unit": -1.2757468150259783
        }
      ]
    },
    "120": {
      "lookback_days": 120,
      "corr": 0.9000943471852662,
      "stats": {
        "mean": {
          "btc": -0.0004588570425674782,
          "eth": -0.00061296549701502
        },
        "std": {
          "btc": 0.019053194914818404,
          "eth": 0.02656357531636036
        },
        "min": {
          "btc": -0.06600964303204149,
          "eth": -0.10658012901637759
        },
        "max": {
          "btc": 0.05310982988222279,
          "eth": 0.08197502974334592
        }
      },
      "hedge_table": [
        {
          "target": "BTC",
          "hedge": "ETH",
          "hedge_ratio_units": 0.6456086138406494,
          "target_w": 0.6076779080939071,
          "hedge_w": -0.3923220919060929
        },
        {
          "target": "ETH",
          "hedge": "BTC",
          "hedge_ratio_units": 1.2548931604478846,
          "target_w": 0.44347999166460383,
          "hedge_w": -0.5565200083353963
        }
      ],
      "examples": [
        {
          "target": "BTC",
          "hedge": "ETH",
          "target_dollars": 60.76779080939071,
          "hedge_dollars": -39.23220919060929,
          "hedge_units_per_target_unit": -0.6456086138406494
        },
        {
          "target": "ETH",
          "hedge": "BTC",
          "target_dollars": 44.34799916646038,
          "hedge_dollars": -55.65200083353963,
          "hedge_units_per_target_unit": -1.2548931604478846
        }
      ]
    },
    "150": {
      "lookback_days": 150,
      "corr": 0.9133092370985307,
      "stats": {
        "mean": {
          "btc": 0.00037192724739258746,
          "eth": 0.000699117468946564
        },
        "std": {
          "btc": 0.020947811938470298,
          "eth": 0.029089037379799062
        },
        "min": {
          "btc": -0.06600964303204149,
          "eth": -0.10658012901637759
        },
        "max": {
          "btc": 0.06364240856302605,
          "eth": 0.10814835249280486
        }
      },
      "hedge_table": [
        {
          "target": "BTC",
          "hedge": "ETH",
          "hedge_ratio_units": 0.657698977474378,
          "target_w": 0.6032458326804128,
          "hedge_w": -0.39675416731958724
        },
        {
          "target": "ETH",
          "hedge": "BTC",
          "hedge_ratio_units": 1.2682606954516598,
          "target_w": 0.4408664321544744,
          "hedge_w": -0.5591335678455257
        }
      ],
      "examples": [
        {
          "target": "BTC",
          "hedge": "ETH",
          "target_dollars": 60.32458326804127,
          "hedge_dollars": -39.67541673195873,
          "hedge_units_per_target_unit": -0.657698977474378
        },
        {
          "target": "ETH",
          "hedge": "BTC",
          "target_dollars": 44.08664321544744,
          "hedge_dollars": -55.91335678455257,
          "hedge_units_per_target_unit": -1.2682606954516598
        }
      ]
    },
    "180": {
      "lookback_days": 180,
      "corr": 0.923341765911403,
      "stats": {
        "mean": {
          "btc": -0.0013396622689298356,
          "eth": -0.0017697002633462256
        },
        "std": {
          "btc": 0.025769136251045478,
          "eth": 0.03424748461036939
        },
        "min": {
          "btc": -0.14101788206180332,
          "eth": -0.15404474276243008
        },
        "max": {
          "btc": 0.12203362664914996,
          "eth": 0.13191787874605776
        }
      },
      "hedge_table": [
        {
          "target": "BTC",
          "hedge": "ETH",
          "hedge_ratio_units": 0.6947581710817871,
          "target_w": 0.5900546857146506,
          "hedge_w": -0.4099453142853493
        },
        {
          "target": "ETH",
          "hedge": "BTC",
          "hedge_ratio_units": 1.2271320470386016,
          "target_w": 0.4490079523258136,
          "hedge_w": -0.5509920476741864
        }
      ],
      "examples": [
        {
          "target": "BTC",
          "hedge": "ETH",
          "target_dollars": 59.00546857146506,
          "hedge_dollars": -40.99453142853493,
          "hedge_units_per_target_unit": -0.6947581710817871
        },
        {
          "target": "ETH",
          "hedge": "BTC",
          "target_dollars": 44.90079523258136,
          "hedge_dollars": -55.09920476741864,
          "hedge_units_per_target_unit": -1.2271320470386016
        }
      ]
    }
  },
  "example_notional": 100.0,
  "provider": "coingecko"
}