{
  "generated_at": "2026-05-25T03:37:05.452577Z",
  "lookbacks": {
    "30": {
      "lookback_days": 30,
      "corr": 0.8953085773910809,
      "stats": {
        "mean": {
          "btc": -5.527070012428934e-06,
          "eth": -0.0001313876122137231
        },
        "std": {
          "btc": 0.0033348048054053147,
          "eth": 0.0044463765798239884
        },
        "min": {
          "btc": -0.020668693538518745,
          "eth": -0.025174966013795874
        },
        "max": {
          "btc": 0.018403612886388032,
          "eth": 0.032926153475484776
        }
      },
      "hedge_table": [
        {
          "target": "BTC",
          "hedge": "ETH",
          "hedge_ratio_units": 0.6714859375052219,
          "target_w": 0.5982700647141256,
          "hedge_w": -0.40172993528587436
        },
        {
          "target": "ETH",
          "hedge": "BTC",
          "hedge_ratio_units": 1.1937367619762067,
          "target_w": 0.45584320659291844,
          "hedge_w": -0.5441567934070815
        }
      ],
      "examples": [
        {
          "target": "BTC",
          "hedge": "ETH",
          "target_dollars": 59.82700647141256,
          "hedge_dollars": -40.17299352858743,
          "hedge_units_per_target_unit": -0.6714859375052219
        },
        {
          "target": "ETH",
          "hedge": "BTC",
          "target_dollars": 45.58432065929184,
          "hedge_dollars": -54.415679340708145,
          "hedge_units_per_target_unit": -1.1937367619762067
        }
      ]
    },
    "60": {
      "lookback_days": 60,
      "corr": 0.9045065950351716,
      "stats": {
        "mean": {
          "btc": 6.63509287461372e-05,
          "eth": -5.1037617213652835e-06
        },
        "std": {
          "btc": 0.0037827325823059942,
          "eth": 0.005081439618864847
        },
        "min": {
          "btc": -0.020668693538518745,
          "eth": -0.02913186092280784
        },
        "max": {
          "btc": 0.022681960554355562,
          "eth": 0.0410922552310693
        }
      },
      "hedge_table": [
        {
          "target": "BTC",
          "hedge": "ETH",
          "hedge_ratio_units": 0.6733340991099949,
          "target_w": 0.5976092882657894,
          "hedge_w": -0.40239071173421054
        },
        {
          "target": "ETH",
          "hedge": "BTC",
          "hedge_ratio_units": 1.215046410902875,
          "target_w": 0.4514578092259431,
          "hedge_w": -0.548542190774057
        }
      ],
      "examples": [
        {
          "target": "BTC",
          "hedge": "ETH",
          "target_dollars": 59.76092882657894,
          "hedge_dollars": -40.23907117342105,
          "hedge_units_per_target_unit": -0.6733340991099949
        },
        {
          "target": "ETH",
          "hedge": "BTC",
          "target_dollars": 45.145780922594305,
          "hedge_dollars": -54.854219077405695,
          "hedge_units_per_target_unit": -1.215046410902875
        }
      ]
    },
    "120": {
      "lookback_days": 120,
      "corr": 0.9026445648768153,
      "stats": {
        "mean": {
          "btc": -3.666796025535315e-05,
          "eth": -9.533297006265339e-05
        },
        "std": {
          "btc": 0.005120688718199599,
          "eth": 0.006745662066699261
        },
        "min": {
          "btc": -0.03612262483146145,
          "eth": -0.04170398539552955
        },
        "max": {
          "btc": 0.0349913262434709,
          "eth": 0.04260060177264258
        }
      },
      "hedge_table": [
        {
          "target": "BTC",
          "hedge": "ETH",
          "hedge_ratio_units": 0.6852050687102648,
          "target_w": 0.5933995918759776,
          "hedge_w": -0.4066004081240223
        },
        {
          "target": "ETH",
          "hedge": "BTC",
          "hedge_ratio_units": 1.1890852063240867,
          "target_w": 0.4568118212626363,
          "hedge_w": -0.5431881787373637
        }
      ],
      "examples": [
        {
          "target": "BTC",
          "hedge": "ETH",
          "target_dollars": 59.339959187597756,
          "hedge_dollars": -40.66004081240223,
          "hedge_units_per_target_unit": -0.6852050687102648
        },
        {
          "target": "ETH",
          "hedge": "BTC",
          "target_dollars": 45.68118212626363,
          "hedge_dollars": -54.31881787373637,
          "hedge_units_per_target_unit": -1.1890852063240867
        }
      ]
    },
    "150": {
      "lookback_days": 150,
      "corr": 0.9001318327746858,
      "stats": {
        "mean": {
          "btc": -2.8029004204670885e-05,
          "eth": -7.646847574095587e-05
        },
        "std": {
          "btc": 0.004853785265186973,
          "eth": 0.006426427978451917
        },
        "min": {
          "btc": -0.03612262483146145,
          "eth": -0.04170398539552955
        },
        "max": {
          "btc": 0.0349913262434709,
          "eth": 0.04377388676562077
        }
      },
      "hedge_table": [
        {
          "target": "BTC",
          "hedge": "ETH",
          "hedge_ratio_units": 0.6798561566856599,
          "target_w": 0.5952890644952543,
          "hedge_w": -0.4047109355047456
        },
        {
          "target": "ETH",
          "hedge": "BTC",
          "hedge_ratio_units": 1.191777567072822,
          "target_w": 0.4562506775427614,
          "hedge_w": -0.5437493224572387
        }
      ],
      "examples": [
        {
          "target": "BTC",
          "hedge": "ETH",
          "target_dollars": 59.52890644952543,
          "hedge_dollars": -40.471093550474556,
          "hedge_units_per_target_unit": -0.6798561566856599
        },
        {
          "target": "ETH",
          "hedge": "BTC",
          "target_dollars": 45.62506775427614,
          "hedge_dollars": -54.37493224572387,
          "hedge_units_per_target_unit": -1.191777567072822
        }
      ]
    },
    "180": {
      "lookback_days": 180,
      "corr": 0.8997954468561712,
      "stats": {
        "mean": {
          "btc": -1.6881742369587867e-05,
          "eth": -5.6474862622273025e-05
        },
        "std": {
          "btc": 0.00486762946931152,
          "eth": 0.006539956791133179
        },
        "min": {
          "btc": -0.03714671634653788,
          "eth": -0.05178573218862892
        },
        "max": {
          "btc": 0.0349913262434709,
          "eth": 0.04377388676562077
        }
      },
      "hedge_table": [
        {
          "target": "BTC",
          "hedge": "ETH",
          "hedge_ratio_units": 0.6697094450849614,
          "target_w": 0.598906595961141,
          "hedge_w": -0.40109340403885896
        },
        {
          "target": "ETH",
          "hedge": "BTC",
          "hedge_ratio_units": 1.2089300100588911,
          "target_w": 0.45270787007567503,
          "hedge_w": -0.547292129924325
        }
      ],
      "examples": [
        {
          "target": "BTC",
          "hedge": "ETH",
          "target_dollars": 59.890659596114105,
          "hedge_dollars": -40.109340403885895,
          "hedge_units_per_target_unit": -0.6697094450849614
        },
        {
          "target": "ETH",
          "hedge": "BTC",
          "target_dollars": 45.270787007567506,
          "hedge_dollars": -54.729212992432494,
          "hedge_units_per_target_unit": -1.2089300100588911
        }
      ]
    }
  },
  "example_notional": 100.0,
  "provider": "cryptocompare"
}