{
  "generated_at": "2026-01-18T16:22:19.732731Z",
  "lookbacks": {
    "30": {
      "lookback_days": 30,
      "corr": 0.8614812681271707,
      "stats": {
        "mean": {
          "btc": 0.0001311870286752456,
          "eth": 0.00018550631377124845
        },
        "std": {
          "btc": 0.0033023824191089077,
          "eth": 0.004251356196565334
        },
        "min": {
          "btc": -0.018243058433974557,
          "eth": -0.022667238766945097
        },
        "max": {
          "btc": 0.019859354511182037,
          "eth": 0.03730338759129537
        }
      },
      "hedge_table": [
        {
          "target": "BTC",
          "hedge": "ETH",
          "hedge_ratio_units": 0.6691842467947617,
          "target_w": 0.5990950381422796,
          "hedge_w": -0.4009049618577204
        },
        {
          "target": "ETH",
          "hedge": "BTC",
          "hedge_ratio_units": 1.1090368293765516,
          "target_w": 0.47415008883254456,
          "hedge_w": -0.5258499111674555
        }
      ],
      "examples": [
        {
          "target": "BTC",
          "hedge": "ETH",
          "target_dollars": 59.90950381422796,
          "hedge_dollars": -40.09049618577204,
          "hedge_units_per_target_unit": -0.6691842467947617
        },
        {
          "target": "ETH",
          "hedge": "BTC",
          "target_dollars": 47.41500888325446,
          "hedge_dollars": -52.58499111674555,
          "hedge_units_per_target_unit": -1.1090368293765516
        }
      ]
    },
    "60": {
      "lookback_days": 60,
      "corr": 0.8926301146167244,
      "stats": {
        "mean": {
          "btc": 5.3505252014638464e-05,
          "eth": 0.00011285782748937587
        },
        "std": {
          "btc": 0.004611501834697299,
          "eth": 0.0063976142373278104
        },
        "min": {
          "btc": -0.03714671634653788,
          "eth": -0.05178573218862892
        },
        "max": {
          "btc": 0.026004133739085944,
          "eth": 0.04132265866066209
        }
      },
      "hedge_table": [
        {
          "target": "BTC",
          "hedge": "ETH",
          "hedge_ratio_units": 0.6434219473946322,
          "target_w": 0.6084864581401819,
          "hedge_w": -0.3915135418598182
        },
        {
          "target": "ETH",
          "hedge": "BTC",
          "hedge_ratio_units": 1.238360806228404,
          "target_w": 0.446755499478648,
          "hedge_w": -0.5532445005213519
        }
      ],
      "examples": [
        {
          "target": "BTC",
          "hedge": "ETH",
          "target_dollars": 60.848645814018184,
          "hedge_dollars": -39.151354185981816,
          "hedge_units_per_target_unit": -0.6434219473946322
        },
        {
          "target": "ETH",
          "hedge": "BTC",
          "target_dollars": 44.6755499478648,
          "hedge_dollars": -55.32445005213519,
          "hedge_units_per_target_unit": -1.238360806228404
        }
      ]
    },
    "120": {
      "lookback_days": 120,
      "corr": 0.8671356925140626,
      "stats": {
        "mean": {
          "btc": -5.8160700530134646e-05,
          "eth": -7.907297590423301e-05
        },
        "std": {
          "btc": 0.004572970635759835,
          "eth": 0.006927743390834029
        },
        "min": {
          "btc": -0.03714671634653788,
          "eth": -0.05178573218862892
        },
        "max": {
          "btc": 0.03468753462614105,
          "eth": 0.04368288914132212
        }
      },
      "hedge_table": [
        {
          "target": "BTC",
          "hedge": "ETH",
          "hedge_ratio_units": 0.5723921680373739,
          "target_w": 0.6359736586885818,
          "hedge_w": -0.3640263413114182
        },
        {
          "target": "ETH",
          "hedge": "BTC",
          "hedge_ratio_units": 1.3136523370158109,
          "target_w": 0.432217055259831,
          "hedge_w": -0.5677829447401689
        }
      ],
      "examples": [
        {
          "target": "BTC",
          "hedge": "ETH",
          "target_dollars": 63.597365868858176,
          "hedge_dollars": -36.402634131141824,
          "hedge_units_per_target_unit": -0.5723921680373739
        },
        {
          "target": "ETH",
          "hedge": "BTC",
          "target_dollars": 43.2217055259831,
          "hedge_dollars": -56.77829447401689,
          "hedge_units_per_target_unit": -1.3136523370158109
        }
      ]
    },
    "150": {
      "lookback_days": 150,
      "corr": 0.8542287309966645,
      "stats": {
        "mean": {
          "btc": -3.6843977206085954e-05,
          "eth": -4.3495619230557695e-05
        },
        "std": {
          "btc": 0.004358945138930527,
          "eth": 0.0068250185672247285
        },
        "min": {
          "btc": -0.03714671634653788,
          "eth": -0.05178573218862892
        },
        "max": {
          "btc": 0.03468753462614105,
          "eth": 0.0757825447476439
        }
      },
      "hedge_table": [
        {
          "target": "BTC",
          "hedge": "ETH",
          "hedge_ratio_units": 0.5455715816501893,
          "target_w": 0.6470098259262191,
          "hedge_w": -0.35299017407378097
        },
        {
          "target": "ETH",
          "hedge": "BTC",
          "hedge_ratio_units": 1.337508677876933,
          "target_w": 0.42780589841842237,
          "hedge_w": -0.5721941015815776
        }
      ],
      "examples": [
        {
          "target": "BTC",
          "hedge": "ETH",
          "target_dollars": 64.70098259262191,
          "hedge_dollars": -35.299017407378095,
          "hedge_units_per_target_unit": -0.5455715816501893
        },
        {
          "target": "ETH",
          "hedge": "BTC",
          "target_dollars": 42.780589841842236,
          "hedge_dollars": -57.21941015815776,
          "hedge_units_per_target_unit": -1.337508677876933
        }
      ]
    },
    "180": {
      "lookback_days": 180,
      "corr": 0.8344560128920255,
      "stats": {
        "mean": {
          "btc": -4.358041785138913e-05,
          "eth": -7.08256453745527e-07
        },
        "std": {
          "btc": 0.0041847962111314614,
          "eth": 0.006837021885112034
        },
        "min": {
          "btc": -0.03714671634653788,
          "eth": -0.05178573218862892
        },
        "max": {
          "btc": 0.03468753462614105,
          "eth": 0.0757825447476439
        }
      },
      "hedge_table": [
        {
          "target": "BTC",
          "hedge": "ETH",
          "hedge_ratio_units": 0.510752842361158,
          "target_w": 0.6619216406285878,
          "hedge_w": -0.33807835937141223
        },
        {
          "target": "ETH",
          "hedge": "BTC",
          "hedge_ratio_units": 1.3633146596554508,
          "target_w": 0.423134514024379,
          "hedge_w": -0.5768654859756209
        }
      ],
      "examples": [
        {
          "target": "BTC",
          "hedge": "ETH",
          "target_dollars": 66.19216406285878,
          "hedge_dollars": -33.80783593714122,
          "hedge_units_per_target_unit": -0.510752842361158
        },
        {
          "target": "ETH",
          "hedge": "BTC",
          "target_dollars": 42.3134514024379,
          "hedge_dollars": -57.686548597562094,
          "hedge_units_per_target_unit": -1.3633146596554508
        }
      ]
    }
  },
  "example_notional": 100.0,
  "provider": "cryptocompare"
}