{
  "generated_at": "2026-04-19T08:52:13.432136Z",
  "lookbacks": {
    "30": {
      "lookback_days": 30,
      "corr": 0.9185345590373268,
      "stats": {
        "mean": {
          "btc": 9.95320147459257e-05,
          "eth": 0.00012988399059586157
        },
        "std": {
          "btc": 0.00440883239443765,
          "eth": 0.00601974526220084
        },
        "min": {
          "btc": -0.019619547762256384,
          "eth": -0.030096491146448856
        },
        "max": {
          "btc": 0.022874680739771724,
          "eth": 0.041842617860856635
        }
      },
      "hedge_table": [
        {
          "target": "BTC",
          "hedge": "ETH",
          "hedge_ratio_units": 0.6727302805856101,
          "target_w": 0.5978250119618255,
          "hedge_w": -0.4021749880381746
        },
        {
          "target": "ETH",
          "hedge": "BTC",
          "hedge_ratio_units": 1.254151567863799,
          "target_w": 0.4436258920014301,
          "hedge_w": -0.55637410799857
        }
      ],
      "examples": [
        {
          "target": "BTC",
          "hedge": "ETH",
          "target_dollars": 59.782501196182544,
          "hedge_dollars": -40.217498803817456,
          "hedge_units_per_target_unit": -0.6727302805856101
        },
        {
          "target": "ETH",
          "hedge": "BTC",
          "target_dollars": 44.36258920014301,
          "hedge_dollars": -55.637410799857,
          "hedge_units_per_target_unit": -1.254151567863799
        }
      ]
    },
    "60": {
      "lookback_days": 60,
      "corr": 0.9159899586361547,
      "stats": {
        "mean": {
          "btc": 8.2251562631884e-05,
          "eth": 0.00011961705363567853
        },
        "std": {
          "btc": 0.005084100954281438,
          "eth": 0.006625362621675401
        },
        "min": {
          "btc": -0.03612262483146145,
          "eth": -0.04038541666666662
        },
        "max": {
          "btc": 0.029223763595974894,
          "eth": 0.041842617860856635
        }
      },
      "hedge_table": [
        {
          "target": "BTC",
          "hedge": "ETH",
          "hedge_ratio_units": 0.7029027222719237,
          "target_w": 0.5872326040244109,
          "hedge_w": -0.4127673959755891
        },
        {
          "target": "ETH",
          "hedge": "BTC",
          "hedge_ratio_units": 1.1936752807135607,
          "target_w": 0.4558559823287607,
          "hedge_w": -0.5441440176712393
        }
      ],
      "examples": [
        {
          "target": "BTC",
          "hedge": "ETH",
          "target_dollars": 58.72326040244109,
          "hedge_dollars": -41.27673959755891,
          "hedge_units_per_target_unit": -0.7029027222719237
        },
        {
          "target": "ETH",
          "hedge": "BTC",
          "target_dollars": 45.585598232876066,
          "hedge_dollars": -54.414401767123934,
          "hedge_units_per_target_unit": -1.1936752807135607
        }
      ]
    },
    "120": {
      "lookback_days": 120,
      "corr": 0.9009934817082613,
      "stats": {
        "mean": {
          "btc": -4.173070953784327e-05,
          "eth": -6.38665998685028e-05
        },
        "std": {
          "btc": 0.005151738400831665,
          "eth": 0.0068304033300698045
        },
        "min": {
          "btc": -0.03612262483146145,
          "eth": -0.04170398539552955
        },
        "max": {
          "btc": 0.0349913262434709,
          "eth": 0.04377388676562077
        }
      },
      "hedge_table": [
        {
          "target": "BTC",
          "hedge": "ETH",
          "hedge_ratio_units": 0.6795620250097348,
          "target_w": 0.5953933139171826,
          "hedge_w": -0.40460668608281736
        },
        {
          "target": "ETH",
          "hedge": "BTC",
          "hedge_ratio_units": 1.1945771308647595,
          "target_w": 0.4556686506643565,
          "hedge_w": -0.5443313493356434
        }
      ],
      "examples": [
        {
          "target": "BTC",
          "hedge": "ETH",
          "target_dollars": 59.539331391718264,
          "hedge_dollars": -40.460668608281736,
          "hedge_units_per_target_unit": -0.6795620250097348
        },
        {
          "target": "ETH",
          "hedge": "BTC",
          "target_dollars": 45.56686506643565,
          "hedge_dollars": -54.43313493356434,
          "hedge_units_per_target_unit": -1.1945771308647595
        }
      ]
    },
    "150": {
      "lookback_days": 150,
      "corr": 0.9011045900330098,
      "stats": {
        "mean": {
          "btc": -4.14494164069344e-05,
          "eth": -4.7308832673711206e-05
        },
        "std": {
          "btc": 0.0052372883540956474,
          "eth": 0.007053908378239815
        },
        "min": {
          "btc": -0.03714671634653788,
          "eth": -0.05178573218862892
        },
        "max": {
          "btc": 0.0349913262434709,
          "eth": 0.04377388676562077
        }
      },
      "hedge_table": [
        {
          "target": "BTC",
          "hedge": "ETH",
          "hedge_ratio_units": 0.6690396758994549,
          "target_w": 0.5991469312801653,
          "hedge_w": -0.4008530687198348
        },
        {
          "target": "ETH",
          "hedge": "BTC",
          "hedge_ratio_units": 1.213664168850558,
          "target_w": 0.45173970562989624,
          "hedge_w": -0.5482602943701038
        }
      ],
      "examples": [
        {
          "target": "BTC",
          "hedge": "ETH",
          "target_dollars": 59.91469312801653,
          "hedge_dollars": -40.08530687198348,
          "hedge_units_per_target_unit": -0.6690396758994549
        },
        {
          "target": "ETH",
          "hedge": "BTC",
          "target_dollars": 45.17397056298962,
          "hedge_dollars": -54.826029437010384,
          "hedge_units_per_target_unit": -1.213664168850558
        }
      ]
    },
    "180": {
      "lookback_days": 180,
      "corr": 0.8955531347370044,
      "stats": {
        "mean": {
          "btc": -6.954404977099148e-05,
          "eth": -9.240098537731114e-05
        },
        "std": {
          "btc": 0.005207617363158863,
          "eth": 0.007179900021651714
        },
        "min": {
          "btc": -0.03714671634653788,
          "eth": -0.05178573218862892
        },
        "max": {
          "btc": 0.0349913262434709,
          "eth": 0.04377388676562077
        }
      },
      "hedge_table": [
        {
          "target": "BTC",
          "hedge": "ETH",
          "hedge_ratio_units": 0.6495491636407081,
          "target_w": 0.606226247778458,
          "hedge_w": -0.3937737522215421
        },
        {
          "target": "ETH",
          "hedge": "BTC",
          "hedge_ratio_units": 1.234726271745155,
          "target_w": 0.44748209776004216,
          "hedge_w": -0.5525179022399579
        }
      ],
      "examples": [
        {
          "target": "BTC",
          "hedge": "ETH",
          "target_dollars": 60.6226247778458,
          "hedge_dollars": -39.37737522215421,
          "hedge_units_per_target_unit": -0.6495491636407081
        },
        {
          "target": "ETH",
          "hedge": "BTC",
          "target_dollars": 44.74820977600422,
          "hedge_dollars": -55.25179022399579,
          "hedge_units_per_target_unit": -1.234726271745155
        }
      ]
    }
  },
  "example_notional": 100.0,
  "provider": "cryptocompare"
}