{
  "generated_at": "2026-05-20T18:14:43.595688Z",
  "lookbacks": {
    "30": {
      "lookback_days": 30,
      "corr": 0.8819162504580599,
      "stats": {
        "mean": {
          "btc": 2.5903289875585333e-05,
          "eth": -0.00011330588466004251
        },
        "std": {
          "btc": 0.0033632299053711415,
          "eth": 0.004273065573886502
        },
        "min": {
          "btc": -0.020668693538518745,
          "eth": -0.025174966013795874
        },
        "max": {
          "btc": 0.018403612886388032,
          "eth": 0.02102707121219405
        }
      },
      "hedge_table": [
        {
          "target": "BTC",
          "hedge": "ETH",
          "hedge_ratio_units": 0.6941356401595243,
          "target_w": 0.590271508546882,
          "hedge_w": -0.40972849145311807
        },
        {
          "target": "ETH",
          "hedge": "BTC",
          "hedge_ratio_units": 1.1204960930161387,
          "target_w": 0.47158775877659165,
          "hedge_w": -0.5284122412234082
        }
      ],
      "examples": [
        {
          "target": "BTC",
          "hedge": "ETH",
          "target_dollars": 59.0271508546882,
          "hedge_dollars": -40.972849145311805,
          "hedge_units_per_target_unit": -0.6941356401595243
        },
        {
          "target": "ETH",
          "hedge": "BTC",
          "target_dollars": 47.15877587765917,
          "hedge_dollars": -52.841224122340826,
          "hedge_units_per_target_unit": -1.1204960930161387
        }
      ]
    },
    "60": {
      "lookback_days": 60,
      "corr": 0.9058785676698591,
      "stats": {
        "mean": {
          "btc": 7.433631737882243e-05,
          "eth": 8.735252781540203e-06
        },
        "std": {
          "btc": 0.003951821848541845,
          "eth": 0.005259427009400354
        },
        "min": {
          "btc": -0.020668693538518745,
          "eth": -0.030096491146448856
        },
        "max": {
          "btc": 0.022874680739771724,
          "eth": 0.041842617860856635
        }
      },
      "hedge_table": [
        {
          "target": "BTC",
          "hedge": "ETH",
          "hedge_ratio_units": 0.680657932783384,
          "target_w": 0.5950050753896555,
          "hedge_w": -0.40499492461034453
        },
        {
          "target": "ETH",
          "hedge": "BTC",
          "hedge_ratio_units": 1.20562170782009,
          "target_w": 0.45338690513177016,
          "hedge_w": -0.5466130948682298
        }
      ],
      "examples": [
        {
          "target": "BTC",
          "hedge": "ETH",
          "target_dollars": 59.50050753896555,
          "hedge_dollars": -40.49949246103445,
          "hedge_units_per_target_unit": -0.680657932783384
        },
        {
          "target": "ETH",
          "hedge": "BTC",
          "target_dollars": 45.33869051317701,
          "hedge_dollars": -54.66130948682299,
          "hedge_units_per_target_unit": -1.20562170782009
        }
      ]
    },
    "120": {
      "lookback_days": 120,
      "corr": 0.9033098401920433,
      "stats": {
        "mean": {
          "btc": -3.7328814569897285e-05,
          "eth": -9.384105530346694e-05
        },
        "std": {
          "btc": 0.005159782096573932,
          "eth": 0.0068154241598127885
        },
        "min": {
          "btc": -0.03612262483146145,
          "eth": -0.04170398539552955
        },
        "max": {
          "btc": 0.0349913262434709,
          "eth": 0.04377388676562077
        }
      },
      "hedge_table": [
        {
          "target": "BTC",
          "hedge": "ETH",
          "hedge_ratio_units": 0.6838726147911524,
          "target_w": 0.5938691509179441,
          "hedge_w": -0.40613084908205593
        },
        {
          "target": "ETH",
          "hedge": "BTC",
          "hedge_ratio_units": 1.193158856985322,
          "target_w": 0.4559633228641643,
          "hedge_w": -0.5440366771358356
        }
      ],
      "examples": [
        {
          "target": "BTC",
          "hedge": "ETH",
          "target_dollars": 59.386915091794414,
          "hedge_dollars": -40.61308490820559,
          "hedge_units_per_target_unit": -0.6838726147911524
        },
        {
          "target": "ETH",
          "hedge": "BTC",
          "target_dollars": 45.59633228641643,
          "hedge_dollars": -54.40366771358356,
          "hedge_units_per_target_unit": -1.193158856985322
        }
      ]
    },
    "150": {
      "lookback_days": 150,
      "corr": 0.8992075899580134,
      "stats": {
        "mean": {
          "btc": -2.5167027437102217e-05,
          "eth": -7.292912292366499e-05
        },
        "std": {
          "btc": 0.004858310547829408,
          "eth": 0.0064125246495603284
        },
        "min": {
          "btc": -0.03612262483146145,
          "eth": -0.04170398539552955
        },
        "max": {
          "btc": 0.0349913262434709,
          "eth": 0.04377388676562077
        }
      },
      "hedge_table": [
        {
          "target": "BTC",
          "hedge": "ETH",
          "hedge_ratio_units": 0.6812651736599267,
          "target_w": 0.5947901709181971,
          "hedge_w": -0.405209829081803
        },
        {
          "target": "ETH",
          "hedge": "BTC",
          "hedge_ratio_units": 1.1868716046267795,
          "target_w": 0.45727421668665547,
          "hedge_w": -0.5427257833133444
        }
      ],
      "examples": [
        {
          "target": "BTC",
          "hedge": "ETH",
          "target_dollars": 59.479017091819706,
          "hedge_dollars": -40.5209829081803,
          "hedge_units_per_target_unit": -0.6812651736599267
        },
        {
          "target": "ETH",
          "hedge": "BTC",
          "target_dollars": 45.72742166866555,
          "hedge_dollars": -54.272578331334444,
          "hedge_units_per_target_unit": -1.1868716046267795
        }
      ]
    },
    "180": {
      "lookback_days": 180,
      "corr": 0.8984603602593599,
      "stats": {
        "mean": {
          "btc": -7.2351051107835585e-06,
          "eth": -3.6794711610832665e-05
        },
        "std": {
          "btc": 0.0048960044412111395,
          "eth": 0.006584968964571438
        },
        "min": {
          "btc": -0.03714671634653788,
          "eth": -0.05178573218862892
        },
        "max": {
          "btc": 0.0349913262434709,
          "eth": 0.04377388676562077
        }
      },
      "hedge_table": [
        {
          "target": "BTC",
          "hedge": "ETH",
          "hedge_ratio_units": 0.668016195330432,
          "target_w": 0.5995145627479361,
          "hedge_w": -0.40048543725206387
        },
        {
          "target": "ETH",
          "hedge": "BTC",
          "hedge_ratio_units": 1.2084003720270353,
          "target_w": 0.4528164424651519,
          "hedge_w": -0.5471835575348482
        }
      ],
      "examples": [
        {
          "target": "BTC",
          "hedge": "ETH",
          "target_dollars": 59.951456274793614,
          "hedge_dollars": -40.048543725206386,
          "hedge_units_per_target_unit": -0.668016195330432
        },
        {
          "target": "ETH",
          "hedge": "BTC",
          "target_dollars": 45.28164424651519,
          "hedge_dollars": -54.718355753484815,
          "hedge_units_per_target_unit": -1.2084003720270353
        }
      ]
    }
  },
  "example_notional": 100.0,
  "provider": "cryptocompare"
}