{
  "generated_at": "2026-01-28T01:41:35.766497Z",
  "lookbacks": {
    "30": {
      "lookback_days": 30,
      "corr": 0.8806341590656389,
      "stats": {
        "mean": {
          "btc": 8.469016572539717e-06,
          "eth": 1.645936537334242e-05
        },
        "std": {
          "btc": 0.003685582614278997,
          "eth": 0.005216079800449227
        },
        "min": {
          "btc": -0.02980180309593028,
          "eth": -0.0369709977803403
        },
        "max": {
          "btc": 0.02131176803153334,
          "eth": 0.04377388676562077
        }
      },
      "hedge_table": [
        {
          "target": "BTC",
          "hedge": "ETH",
          "hedge_ratio_units": 0.6222393196348333,
          "target_w": 0.6164318592802327,
          "hedge_w": -0.3835681407197673
        },
        {
          "target": "ETH",
          "hedge": "BTC",
          "hedge_ratio_units": 1.2463315924303273,
          "target_w": 0.4451702515202088,
          "hedge_w": -0.5548297484797912
        }
      ],
      "examples": [
        {
          "target": "BTC",
          "hedge": "ETH",
          "target_dollars": 61.64318592802327,
          "hedge_dollars": -38.35681407197673,
          "hedge_units_per_target_unit": -0.6222393196348333
        },
        {
          "target": "ETH",
          "hedge": "BTC",
          "target_dollars": 44.51702515202088,
          "hedge_dollars": -55.482974847979115,
          "hedge_units_per_target_unit": -1.2463315924303273
        }
      ]
    },
    "60": {
      "lookback_days": 60,
      "corr": 0.8955104324287443,
      "stats": {
        "mean": {
          "btc": -3.40042656065123e-06,
          "eth": 1.3173896688035788e-05
        },
        "std": {
          "btc": 0.004279668714116152,
          "eth": 0.006115956145594444
        },
        "min": {
          "btc": -0.03714671634653788,
          "eth": -0.05178573218862892
        },
        "max": {
          "btc": 0.026004133739085944,
          "eth": 0.04377388676562077
        }
      },
      "hedge_table": [
        {
          "target": "BTC",
          "hedge": "ETH",
          "hedge_ratio_units": 0.6266375836573992,
          "target_w": 0.6147650896836889,
          "hedge_w": -0.38523491031631113
        },
        {
          "target": "ETH",
          "hedge": "BTC",
          "hedge_ratio_units": 1.2797491811904464,
          "target_w": 0.438644745768838,
          "hedge_w": -0.561355254231162
        }
      ],
      "examples": [
        {
          "target": "BTC",
          "hedge": "ETH",
          "target_dollars": 61.47650896836889,
          "hedge_dollars": -38.52349103163111,
          "hedge_units_per_target_unit": -0.6266375836573992
        },
        {
          "target": "ETH",
          "hedge": "BTC",
          "target_dollars": 43.8644745768838,
          "hedge_dollars": -56.13552542311619,
          "hedge_units_per_target_unit": -1.2797491811904464
        }
      ]
    },
    "120": {
      "lookback_days": 120,
      "corr": 0.8722111701814631,
      "stats": {
        "mean": {
          "btc": -7.600026607507722e-05,
          "eth": -9.158958805175407e-05
        },
        "std": {
          "btc": 0.004663052466140391,
          "eth": 0.007012394307532818
        },
        "min": {
          "btc": -0.03714671634653788,
          "eth": -0.05178573218862892
        },
        "max": {
          "btc": 0.03468753462614105,
          "eth": 0.04377388676562077
        }
      },
      "hedge_table": [
        {
          "target": "BTC",
          "hedge": "ETH",
          "hedge_ratio_units": 0.579996827009693,
          "target_w": 0.6329126634340165,
          "hedge_w": -0.36708733656598336
        },
        {
          "target": "ETH",
          "hedge": "BTC",
          "hedge_ratio_units": 1.311649115929738,
          "target_w": 0.4325916044562858,
          "hedge_w": -0.5674083955437143
        }
      ],
      "examples": [
        {
          "target": "BTC",
          "hedge": "ETH",
          "target_dollars": 63.29126634340165,
          "hedge_dollars": -36.70873365659833,
          "hedge_units_per_target_unit": -0.579996827009693
        },
        {
          "target": "ETH",
          "hedge": "BTC",
          "target_dollars": 43.25916044562858,
          "hedge_dollars": -56.740839554371426,
          "hedge_units_per_target_unit": -1.311649115929738
        }
      ]
    },
    "150": {
      "lookback_days": 150,
      "corr": 0.8644809674345072,
      "stats": {
        "mean": {
          "btc": -4.676410063251028e-05,
          "eth": -8.659354432194989e-05
        },
        "std": {
          "btc": 0.00437959543736232,
          "eth": 0.006674096411605012
        },
        "min": {
          "btc": -0.03714671634653788,
          "eth": -0.05178573218862892
        },
        "max": {
          "btc": 0.03468753462614105,
          "eth": 0.04377388676562077
        }
      },
      "hedge_table": [
        {
          "target": "BTC",
          "hedge": "ETH",
          "hedge_ratio_units": 0.5672793239964962,
          "target_w": 0.638048358508324,
          "hedge_w": -0.361951641491676
        },
        {
          "target": "ETH",
          "hedge": "BTC",
          "hedge_ratio_units": 1.3173886504298495,
          "target_w": 0.4315201939970281,
          "hedge_w": -0.5684798060029718
        }
      ],
      "examples": [
        {
          "target": "BTC",
          "hedge": "ETH",
          "target_dollars": 63.8048358508324,
          "hedge_dollars": -36.1951641491676,
          "hedge_units_per_target_unit": -0.5672793239964962
        },
        {
          "target": "ETH",
          "hedge": "BTC",
          "target_dollars": 43.15201939970281,
          "hedge_dollars": -56.84798060029718,
          "hedge_units_per_target_unit": -1.3173886504298495
        }
      ]
    },
    "180": {
      "lookback_days": 180,
      "corr": 0.8408286024316876,
      "stats": {
        "mean": {
          "btc": -5.177272315873011e-05,
          "eth": -2.555516140217427e-05
        },
        "std": {
          "btc": 0.004243708040462997,
          "eth": 0.006854002583354261
        },
        "min": {
          "btc": -0.03714671634653788,
          "eth": -0.05178573218862892
        },
        "max": {
          "btc": 0.03468753462614105,
          "eth": 0.0757825447476439
        }
      },
      "hedge_table": [
        {
          "target": "BTC",
          "hedge": "ETH",
          "hedge_ratio_units": 0.5206054502308592,
          "target_w": 0.6576327868929968,
          "hedge_w": -0.3423672131070033
        },
        {
          "target": "ETH",
          "hedge": "BTC",
          "hedge_ratio_units": 1.358020240383026,
          "target_w": 0.4240845701297138,
          "hedge_w": -0.5759154298702861
        }
      ],
      "examples": [
        {
          "target": "BTC",
          "hedge": "ETH",
          "target_dollars": 65.76327868929968,
          "hedge_dollars": -34.23672131070033,
          "hedge_units_per_target_unit": -0.5206054502308592
        },
        {
          "target": "ETH",
          "hedge": "BTC",
          "target_dollars": 42.40845701297138,
          "hedge_dollars": -57.59154298702861,
          "hedge_units_per_target_unit": -1.358020240383026
        }
      ]
    }
  },
  "example_notional": 100.0,
  "provider": "cryptocompare"
}