{
  "generated_at": "2026-03-30T02:22:20.970161Z",
  "lookbacks": {
    "30": {
      "lookback_days": 30,
      "corr": 0.9182985034266883,
      "stats": {
        "mean": {
          "btc": 3.328301052538871e-05,
          "eth": 8.651573844361158e-05
        },
        "std": {
          "btc": 0.005466417275671427,
          "eth": 0.0070095958329592705
        },
        "min": {
          "btc": -0.03612262483146145,
          "eth": -0.04038541666666662
        },
        "max": {
          "btc": 0.029223763595974894,
          "eth": 0.041842617860856635
        }
      },
      "hedge_table": [
        {
          "target": "BTC",
          "hedge": "ETH",
          "hedge_ratio_units": 0.7161329872617826,
          "target_w": 0.5827054240100438,
          "hedge_w": -0.41729457598995634
        },
        {
          "target": "ETH",
          "hedge": "BTC",
          "hedge_ratio_units": 1.1775356761878042,
          "target_w": 0.4592347261794088,
          "hedge_w": -0.5407652738205913
        }
      ],
      "examples": [
        {
          "target": "BTC",
          "hedge": "ETH",
          "target_dollars": 58.27054240100438,
          "hedge_dollars": -41.72945759899564,
          "hedge_units_per_target_unit": -0.7161329872617826
        },
        {
          "target": "ETH",
          "hedge": "BTC",
          "target_dollars": 45.92347261794088,
          "hedge_dollars": -54.076527382059126,
          "hedge_units_per_target_unit": -1.1775356761878042
        }
      ]
    },
    "60": {
      "lookback_days": 60,
      "corr": 0.9033476834727978,
      "stats": {
        "mean": {
          "btc": -0.00017318636057189253,
          "eth": -0.00023315123738911907
        },
        "std": {
          "btc": 0.006168964387516443,
          "eth": 0.008042131233249056
        },
        "min": {
          "btc": -0.03612262483146145,
          "eth": -0.04170398539552955
        },
        "max": {
          "btc": 0.0349913262434709,
          "eth": 0.04260060177264258
        }
      },
      "hedge_table": [
        {
          "target": "BTC",
          "hedge": "ETH",
          "hedge_ratio_units": 0.6929406555627373,
          "target_w": 0.5906881595135405,
          "hedge_w": -0.4093118404864595
        },
        {
          "target": "ETH",
          "hedge": "BTC",
          "hedge_ratio_units": 1.1776434687223918,
          "target_w": 0.4592119942327809,
          "hedge_w": -0.5407880057672191
        }
      ],
      "examples": [
        {
          "target": "BTC",
          "hedge": "ETH",
          "target_dollars": 59.06881595135405,
          "hedge_dollars": -40.93118404864595,
          "hedge_units_per_target_unit": -0.6929406555627373
        },
        {
          "target": "ETH",
          "hedge": "BTC",
          "target_dollars": 45.92119942327809,
          "hedge_dollars": -54.07880057672191,
          "hedge_units_per_target_unit": -1.1776434687223918
        }
      ]
    },
    "120": {
      "lookback_days": 120,
      "corr": 0.8995207269675201,
      "stats": {
        "mean": {
          "btc": -9.367883393600137e-05,
          "eth": -0.0001135283477456833
        },
        "std": {
          "btc": 0.005317307948159496,
          "eth": 0.007142665551903371
        },
        "min": {
          "btc": -0.03714671634653788,
          "eth": -0.05178573218862892
        },
        "max": {
          "btc": 0.0349913262434709,
          "eth": 0.04377388676562077
        }
      },
      "hedge_table": [
        {
          "target": "BTC",
          "hedge": "ETH",
          "hedge_ratio_units": 0.6696419811738245,
          "target_w": 0.5989307955092028,
          "hedge_w": -0.4010692044907973
        },
        {
          "target": "ETH",
          "hedge": "BTC",
          "hedge_ratio_units": 1.2083136377229928,
          "target_w": 0.4528342274021849,
          "hedge_w": -0.547165772597815
        }
      ],
      "examples": [
        {
          "target": "BTC",
          "hedge": "ETH",
          "target_dollars": 59.893079550920284,
          "hedge_dollars": -40.10692044907973,
          "hedge_units_per_target_unit": -0.6696419811738245
        },
        {
          "target": "ETH",
          "hedge": "BTC",
          "target_dollars": 45.28342274021849,
          "hedge_dollars": -54.716577259781495,
          "hedge_units_per_target_unit": -1.2083136377229928
        }
      ]
    },
    "150": {
      "lookback_days": 150,
      "corr": 0.8943000165381793,
      "stats": {
        "mean": {
          "btc": -0.00012292833444586747,
          "eth": -0.000151778473679053
        },
        "std": {
          "btc": 0.005332658749443904,
          "eth": 0.007347428789755292
        },
        "min": {
          "btc": -0.03714671634653788,
          "eth": -0.05178573218862892
        },
        "max": {
          "btc": 0.0349913262434709,
          "eth": 0.04377388676562077
        }
      },
      "hedge_table": [
        {
          "target": "BTC",
          "hedge": "ETH",
          "hedge_ratio_units": 0.6490701637652732,
          "target_w": 0.6064023362818776,
          "hedge_w": -0.3935976637181225
        },
        {
          "target": "ETH",
          "hedge": "BTC",
          "hedge_ratio_units": 1.2321819184241751,
          "target_w": 0.4479921603817834,
          "hedge_w": -0.5520078396182166
        }
      ],
      "examples": [
        {
          "target": "BTC",
          "hedge": "ETH",
          "target_dollars": 60.64023362818776,
          "hedge_dollars": -39.35976637181225,
          "hedge_units_per_target_unit": -0.6490701637652732
        },
        {
          "target": "ETH",
          "hedge": "BTC",
          "target_dollars": 44.79921603817834,
          "hedge_dollars": -55.200783961821664,
          "hedge_units_per_target_unit": -1.2321819184241751
        }
      ]
    },
    "180": {
      "lookback_days": 180,
      "corr": 0.883297333617595,
      "stats": {
        "mean": {
          "btc": -0.00011101144457100558,
          "eth": -0.0001393319300478931
        },
        "std": {
          "btc": 0.0052168967246785216,
          "eth": 0.007367957658368523
        },
        "min": {
          "btc": -0.03714671634653788,
          "eth": -0.05178573218862892
        },
        "max": {
          "btc": 0.0349913262434709,
          "eth": 0.04377388676562077
        }
      },
      "hedge_table": [
        {
          "target": "BTC",
          "hedge": "ETH",
          "hedge_ratio_units": 0.6254203919634442,
          "target_w": 0.6152254548695794,
          "hedge_w": -0.3847745451304206
        },
        {
          "target": "ETH",
          "hedge": "BTC",
          "hedge_ratio_units": 1.2475035825527676,
          "target_w": 0.44493811167329766,
          "hedge_w": -0.5550618883267022
        }
      ],
      "examples": [
        {
          "target": "BTC",
          "hedge": "ETH",
          "target_dollars": 61.52254548695794,
          "hedge_dollars": -38.47745451304206,
          "hedge_units_per_target_unit": -0.6254203919634442
        },
        {
          "target": "ETH",
          "hedge": "BTC",
          "target_dollars": 44.49381116732977,
          "hedge_dollars": -55.50618883267022,
          "hedge_units_per_target_unit": -1.2475035825527676
        }
      ]
    }
  },
  "example_notional": 100.0,
  "provider": "cryptocompare"
}