{
  "generated_at": "2026-03-18T08:46:40.853279Z",
  "lookbacks": {
    "30": {
      "lookback_days": 30,
      "corr": 0.9174939878255842,
      "stats": {
        "mean": {
          "btc": 0.00011542660144026344,
          "eth": 0.0002417516769276083
        },
        "std": {
          "btc": 0.005752534317175403,
          "eth": 0.007171185704751518
        },
        "min": {
          "btc": -0.03612262483146145,
          "eth": -0.04038541666666662
        },
        "max": {
          "btc": 0.029223763595974894,
          "eth": 0.035902309432658264
        }
      },
      "hedge_table": [
        {
          "target": "BTC",
          "hedge": "ETH",
          "hedge_ratio_units": 0.7359892586900544,
          "target_w": 0.5760404305465471,
          "hedge_w": -0.423959569453453
        },
        {
          "target": "ETH",
          "hedge": "BTC",
          "hedge_ratio_units": 1.143760194536476,
          "target_w": 0.46647008492301073,
          "hedge_w": -0.5335299150769892
        }
      ],
      "examples": [
        {
          "target": "BTC",
          "hedge": "ETH",
          "target_dollars": 57.60404305465471,
          "hedge_dollars": -42.3959569453453,
          "hedge_units_per_target_unit": -0.7359892586900544
        },
        {
          "target": "ETH",
          "hedge": "BTC",
          "target_dollars": 46.647008492301076,
          "hedge_dollars": -53.352991507698924,
          "hedge_units_per_target_unit": -1.143760194536476
        }
      ]
    },
    "60": {
      "lookback_days": 60,
      "corr": 0.9011344154223981,
      "stats": {
        "mean": {
          "btc": -0.00015610778928994325,
          "eth": -0.00021178188977553772
        },
        "std": {
          "btc": 0.006102981470449443,
          "eth": 0.008043160295452198
        },
        "min": {
          "btc": -0.03612262483146145,
          "eth": -0.04170398539552955
        },
        "max": {
          "btc": 0.0349913262434709,
          "eth": 0.04377388676562077
        }
      },
      "hedge_table": [
        {
          "target": "BTC",
          "hedge": "ETH",
          "hedge_ratio_units": 0.6837619092108359,
          "target_w": 0.5939081971920193,
          "hedge_w": -0.4060918028079807
        },
        {
          "target": "ETH",
          "hedge": "BTC",
          "hedge_ratio_units": 1.1876111022269245,
          "target_w": 0.45711964022400015,
          "hedge_w": -0.5428803597759999
        }
      ],
      "examples": [
        {
          "target": "BTC",
          "hedge": "ETH",
          "target_dollars": 59.39081971920193,
          "hedge_dollars": -40.60918028079807,
          "hedge_units_per_target_unit": -0.6837619092108359
        },
        {
          "target": "ETH",
          "hedge": "BTC",
          "target_dollars": 45.71196402240002,
          "hedge_dollars": -54.28803597759999,
          "hedge_units_per_target_unit": -1.1876111022269245
        }
      ]
    },
    "120": {
      "lookback_days": 120,
      "corr": 0.898114502040668,
      "stats": {
        "mean": {
          "btc": -5.8030491937380444e-05,
          "eth": -6.890822655381302e-05
        },
        "std": {
          "btc": 0.005446334876430018,
          "eth": 0.007326153459260183
        },
        "min": {
          "btc": -0.03714671634653788,
          "eth": -0.05178573218862892
        },
        "max": {
          "btc": 0.0349913262434709,
          "eth": 0.04377388676562077
        }
      },
      "hedge_table": [
        {
          "target": "BTC",
          "hedge": "ETH",
          "hedge_ratio_units": 0.6676671957108609,
          "target_w": 0.5996400256429697,
          "hedge_w": -0.4003599743570303
        },
        {
          "target": "ETH",
          "hedge": "BTC",
          "hedge_ratio_units": 1.2081013773890226,
          "target_w": 0.45287775744357067,
          "hedge_w": -0.5471222425564294
        }
      ],
      "examples": [
        {
          "target": "BTC",
          "hedge": "ETH",
          "target_dollars": 59.96400256429697,
          "hedge_dollars": -40.03599743570303,
          "hedge_units_per_target_unit": -0.6676671957108609
        },
        {
          "target": "ETH",
          "hedge": "BTC",
          "target_dollars": 45.28777574435707,
          "hedge_dollars": -54.71222425564294,
          "hedge_units_per_target_unit": -1.2081013773890226
        }
      ]
    },
    "150": {
      "lookback_days": 150,
      "corr": 0.8918680350426105,
      "stats": {
        "mean": {
          "btc": -8.909229878494302e-05,
          "eth": -0.00011796914342164665
        },
        "std": {
          "btc": 0.005343451477507748,
          "eth": 0.00737814193412862
        },
        "min": {
          "btc": -0.03714671634653788,
          "eth": -0.05178573218862892
        },
        "max": {
          "btc": 0.0349913262434709,
          "eth": 0.04377388676562077
        }
      },
      "hedge_table": [
        {
          "target": "BTC",
          "hedge": "ETH",
          "hedge_ratio_units": 0.6459151385454075,
          "target_w": 0.6075647380482563,
          "hedge_w": -0.39243526195174366
        },
        {
          "target": "ETH",
          "hedge": "BTC",
          "hedge_ratio_units": 1.2314753819241053,
          "target_w": 0.44813400501767714,
          "hedge_w": -0.5518659949823229
        }
      ],
      "examples": [
        {
          "target": "BTC",
          "hedge": "ETH",
          "target_dollars": 60.75647380482563,
          "hedge_dollars": -39.24352619517437,
          "hedge_units_per_target_unit": -0.6459151385454075
        },
        {
          "target": "ETH",
          "hedge": "BTC",
          "target_dollars": 44.81340050176772,
          "hedge_dollars": -55.18659949823229,
          "hedge_units_per_target_unit": -1.2314753819241053
        }
      ]
    },
    "180": {
      "lookback_days": 180,
      "corr": 0.8798674863207491,
      "stats": {
        "mean": {
          "btc": -9.180640522148088e-05,
          "eth": -0.00012776703662858462
        },
        "std": {
          "btc": 0.005133354821848531,
          "eth": 0.007318383647441574
        },
        "min": {
          "btc": -0.03714671634653788,
          "eth": -0.05178573218862892
        },
        "max": {
          "btc": 0.0349913262434709,
          "eth": 0.04377388676562077
        }
      },
      "hedge_table": [
        {
          "target": "BTC",
          "hedge": "ETH",
          "hedge_ratio_units": 0.6171679732957621,
          "target_w": 0.6183649543603169,
          "hedge_w": -0.3816350456396832
        },
        {
          "target": "ETH",
          "hedge": "BTC",
          "hedge_ratio_units": 1.2543858835549033,
          "target_w": 0.443579782545088,
          "hedge_w": -0.5564202174549121
        }
      ],
      "examples": [
        {
          "target": "BTC",
          "hedge": "ETH",
          "target_dollars": 61.83649543603169,
          "hedge_dollars": -38.16350456396832,
          "hedge_units_per_target_unit": -0.6171679732957621
        },
        {
          "target": "ETH",
          "hedge": "BTC",
          "target_dollars": 44.3579782545088,
          "hedge_dollars": -55.64202174549121,
          "hedge_units_per_target_unit": -1.2543858835549033
        }
      ]
    }
  },
  "example_notional": 100.0,
  "provider": "cryptocompare"
}