{
  "generated_at": "2026-04-10T09:06:48.056535Z",
  "lookbacks": {
    "30": {
      "lookback_days": 30,
      "corr": 0.9156128036886696,
      "stats": {
        "mean": {
          "btc": 5.102005154408555e-05,
          "eth": 0.0001243420535981026
        },
        "std": {
          "btc": 0.004513960228935435,
          "eth": 0.006133505177080238
        },
        "min": {
          "btc": -0.0193691951400623,
          "eth": -0.030096491146448856
        },
        "max": {
          "btc": 0.022874680739771724,
          "eth": 0.041842617860856635
        }
      },
      "hedge_table": [
        {
          "target": "BTC",
          "hedge": "ETH",
          "hedge_ratio_units": 0.6738463018502242,
          "target_w": 0.5974264177628659,
          "hedge_w": -0.40257358223713424
        },
        {
          "target": "ETH",
          "hedge": "BTC",
          "hedge_ratio_units": 1.2441216995281004,
          "target_w": 0.44560863174679105,
          "hedge_w": -0.5543913682532091
        }
      ],
      "examples": [
        {
          "target": "BTC",
          "hedge": "ETH",
          "target_dollars": 59.74264177628659,
          "hedge_dollars": -40.257358223713425,
          "hedge_units_per_target_unit": -0.6738463018502242
        },
        {
          "target": "ETH",
          "hedge": "BTC",
          "target_dollars": 44.560863174679106,
          "hedge_dollars": -55.439136825320915,
          "hedge_units_per_target_unit": -1.2441216995281004
        }
      ]
    },
    "60": {
      "lookback_days": 60,
      "corr": 0.9120371137708084,
      "stats": {
        "mean": {
          "btc": 4.376792486336045e-05,
          "eth": 7.83486795248215e-05
        },
        "std": {
          "btc": 0.005267861932837758,
          "eth": 0.006756597876534786
        },
        "min": {
          "btc": -0.03612262483146145,
          "eth": -0.04038541666666662
        },
        "max": {
          "btc": 0.029223763595974894,
          "eth": 0.041842617860856635
        }
      },
      "hedge_table": [
        {
          "target": "BTC",
          "hedge": "ETH",
          "hedge_ratio_units": 0.711080588302305,
          "target_w": 0.584426009409748,
          "hedge_w": -0.415573990590252
        },
        {
          "target": "ETH",
          "hedge": "BTC",
          "hedge_ratio_units": 1.1697854091071804,
          "target_w": 0.46087506893664587,
          "hedge_w": -0.5391249310633542
        }
      ],
      "examples": [
        {
          "target": "BTC",
          "hedge": "ETH",
          "target_dollars": 58.4426009409748,
          "hedge_dollars": -41.5573990590252,
          "hedge_units_per_target_unit": -0.711080588302305
        },
        {
          "target": "ETH",
          "hedge": "BTC",
          "target_dollars": 46.08750689366459,
          "hedge_dollars": -53.912493106335425,
          "hedge_units_per_target_unit": -1.1697854091071804
        }
      ]
    },
    "120": {
      "lookback_days": 120,
      "corr": 0.9021721947941093,
      "stats": {
        "mean": {
          "btc": -6.659922980013589e-05,
          "eth": -0.00010747487670216546
        },
        "std": {
          "btc": 0.005231351619870851,
          "eth": 0.006938031077881077
        },
        "min": {
          "btc": -0.03612262483146145,
          "eth": -0.04988725258205495
        },
        "max": {
          "btc": 0.0349913262434709,
          "eth": 0.04377388676562077
        }
      },
      "hedge_table": [
        {
          "target": "BTC",
          "hedge": "ETH",
          "hedge_ratio_units": 0.680247741709453,
          "target_w": 0.5951503312140259,
          "hedge_w": -0.4048496687859741
        },
        {
          "target": "ETH",
          "hedge": "BTC",
          "hedge_ratio_units": 1.1964974216809072,
          "target_w": 0.45527028173551554,
          "hedge_w": -0.5447297182644846
        }
      ],
      "examples": [
        {
          "target": "BTC",
          "hedge": "ETH",
          "target_dollars": 59.515033121402595,
          "hedge_dollars": -40.48496687859741,
          "hedge_units_per_target_unit": -0.680247741709453
        },
        {
          "target": "ETH",
          "hedge": "BTC",
          "target_dollars": 45.52702817355156,
          "hedge_dollars": -54.47297182644846,
          "hedge_units_per_target_unit": -1.1964974216809072
        }
      ]
    },
    "150": {
      "lookback_days": 150,
      "corr": 0.899411898140554,
      "stats": {
        "mean": {
          "btc": -9.229094228775971e-05,
          "eth": -0.00010901333191713368
        },
        "std": {
          "btc": 0.005318278649248876,
          "eth": 0.0072275982887919765
        },
        "min": {
          "btc": -0.03714671634653788,
          "eth": -0.05178573218862892
        },
        "max": {
          "btc": 0.0349913262434709,
          "eth": 0.04377388676562077
        }
      },
      "hedge_table": [
        {
          "target": "BTC",
          "hedge": "ETH",
          "hedge_ratio_units": 0.6618136348528024,
          "target_w": 0.6017521935235395,
          "hedge_w": -0.39824780647646063
        },
        {
          "target": "ETH",
          "hedge": "BTC",
          "hedge_ratio_units": 1.2223105114730906,
          "target_w": 0.4499821221369895,
          "hedge_w": -0.5500178778630104
        }
      ],
      "examples": [
        {
          "target": "BTC",
          "hedge": "ETH",
          "target_dollars": 60.17521935235395,
          "hedge_dollars": -39.824780647646065,
          "hedge_units_per_target_unit": -0.6618136348528024
        },
        {
          "target": "ETH",
          "hedge": "BTC",
          "target_dollars": 44.99821221369895,
          "hedge_dollars": -55.00178778630104,
          "hedge_units_per_target_unit": -1.2223105114730906
        }
      ]
    },
    "180": {
      "lookback_days": 180,
      "corr": 0.8914584583953725,
      "stats": {
        "mean": {
          "btc": -8.909595284207603e-05,
          "eth": -0.00010265991306432647
        },
        "std": {
          "btc": 0.005215697799618195,
          "eth": 0.007267123394101615
        },
        "min": {
          "btc": -0.03714671634653788,
          "eth": -0.05178573218862892
        },
        "max": {
          "btc": 0.0349913262434709,
          "eth": 0.04377388676562077
        }
      },
      "hedge_table": [
        {
          "target": "BTC",
          "hedge": "ETH",
          "hedge_ratio_units": 0.6398099588728076,
          "target_w": 0.6098267635155675,
          "hedge_w": -0.3901732364844326
        },
        {
          "target": "ETH",
          "hedge": "BTC",
          "hedge_ratio_units": 1.2420847347307982,
          "target_w": 0.44601347331329455,
          "hedge_w": -0.5539865266867054
        }
      ],
      "examples": [
        {
          "target": "BTC",
          "hedge": "ETH",
          "target_dollars": 60.982676351556755,
          "hedge_dollars": -39.01732364844326,
          "hedge_units_per_target_unit": -0.6398099588728076
        },
        {
          "target": "ETH",
          "hedge": "BTC",
          "target_dollars": 44.60134733132946,
          "hedge_dollars": -55.39865266867054,
          "hedge_units_per_target_unit": -1.2420847347307982
        }
      ]
    }
  },
  "example_notional": 100.0,
  "provider": "cryptocompare"
}