{
  "generated_at": "2026-02-21T16:26:24.338874Z",
  "lookbacks": {
    "30": {
      "lookback_days": 30,
      "corr": 0.8890612958207196,
      "stats": {
        "mean": {
          "btc": -0.0003579824479481428,
          "eth": -0.0005227447018346704
        },
        "std": {
          "btc": 0.0064512759775965,
          "eth": 0.00860605682179806
        },
        "min": {
          "btc": -0.031142278584685545,
          "eth": -0.04170398539552955
        },
        "max": {
          "btc": 0.0349913262434709,
          "eth": 0.04260060177264258
        }
      },
      "hedge_table": [
        {
          "target": "BTC",
          "hedge": "ETH",
          "hedge_ratio_units": 0.6664585069681996,
          "target_w": 0.6000749468519966,
          "hedge_w": -0.3999250531480034
        },
        {
          "target": "ETH",
          "hedge": "BTC",
          "hedge_ratio_units": 1.1860153024712352,
          "target_w": 0.4574533393565568,
          "hedge_w": -0.5425466606434433
        }
      ],
      "examples": [
        {
          "target": "BTC",
          "hedge": "ETH",
          "target_dollars": 60.00749468519966,
          "hedge_dollars": -39.99250531480034,
          "hedge_units_per_target_unit": -0.6664585069681996
        },
        {
          "target": "ETH",
          "hedge": "BTC",
          "target_dollars": 45.74533393565568,
          "hedge_dollars": -54.25466606434433,
          "hedge_units_per_target_unit": -1.1860153024712352
        }
      ]
    },
    "60": {
      "lookback_days": 60,
      "corr": 0.8878067186302759,
      "stats": {
        "mean": {
          "btc": -0.00015706451431629268,
          "eth": -0.0002432328375074038
        },
        "std": {
          "btc": 0.005250694689792953,
          "eth": 0.007036796494213861
        },
        "min": {
          "btc": -0.031142278584685545,
          "eth": -0.04170398539552955
        },
        "max": {
          "btc": 0.0349913262434709,
          "eth": 0.04377388676562077
        }
      },
      "hedge_table": [
        {
          "target": "BTC",
          "hedge": "ETH",
          "hedge_ratio_units": 0.6624608267281265,
          "target_w": 0.601517932887532,
          "hedge_w": -0.3984820671124681
        },
        {
          "target": "ETH",
          "hedge": "BTC",
          "hedge_ratio_units": 1.1898073634602022,
          "target_w": 0.45666117334625267,
          "hedge_w": -0.5433388266537472
        }
      ],
      "examples": [
        {
          "target": "BTC",
          "hedge": "ETH",
          "target_dollars": 60.1517932887532,
          "hedge_dollars": -39.84820671124681,
          "hedge_units_per_target_unit": -0.6624608267281265
        },
        {
          "target": "ETH",
          "hedge": "BTC",
          "target_dollars": 45.66611733462527,
          "hedge_dollars": -54.33388266537472,
          "hedge_units_per_target_unit": -1.1898073634602022
        }
      ]
    },
    "120": {
      "lookback_days": 120,
      "corr": 0.8875475438103688,
      "stats": {
        "mean": {
          "btc": -0.00015345122111906493,
          "eth": -0.00020749334284516732
        },
        "std": {
          "btc": 0.005222854440668858,
          "eth": 0.007374473586936281
        },
        "min": {
          "btc": -0.03714671634653788,
          "eth": -0.05178573218862892
        },
        "max": {
          "btc": 0.0349913262434709,
          "eth": 0.04377388676562077
        }
      },
      "hedge_table": [
        {
          "target": "BTC",
          "hedge": "ETH",
          "hedge_ratio_units": 0.6285915293949206,
          "target_w": 0.6140275090166627,
          "hedge_w": -0.38597249098333736
        },
        {
          "target": "ETH",
          "hedge": "BTC",
          "hedge_ratio_units": 1.2531836744317797,
          "target_w": 0.4438164590608378,
          "hedge_w": -0.5561835409391622
        }
      ],
      "examples": [
        {
          "target": "BTC",
          "hedge": "ETH",
          "target_dollars": 61.402750901666266,
          "hedge_dollars": -38.597249098333734,
          "hedge_units_per_target_unit": -0.6285915293949206
        },
        {
          "target": "ETH",
          "hedge": "BTC",
          "target_dollars": 44.381645906083776,
          "hedge_dollars": -55.618354093916224,
          "hedge_units_per_target_unit": -1.2531836744317797
        }
      ]
    },
    "150": {
      "lookback_days": 150,
      "corr": 0.8749092811516117,
      "stats": {
        "mean": {
          "btc": -0.00012969087215767124,
          "eth": -0.00018092746366800026
        },
        "std": {
          "btc": 0.005065531717454011,
          "eth": 0.00737543138367841
        },
        "min": {
          "btc": -0.03714671634653788,
          "eth": -0.05178573218862892
        },
        "max": {
          "btc": 0.0349913262434709,
          "eth": 0.04377388676562077
        }
      },
      "hedge_table": [
        {
          "target": "BTC",
          "hedge": "ETH",
          "hedge_ratio_units": 0.6008978299731709,
          "target_w": 0.624649481857789,
          "hedge_w": -0.375350518142211
        },
        {
          "target": "ETH",
          "hedge": "BTC",
          "hedge_ratio_units": 1.27387088463842,
          "target_w": 0.4397787080857123,
          "hedge_w": -0.5602212919142877
        }
      ],
      "examples": [
        {
          "target": "BTC",
          "hedge": "ETH",
          "target_dollars": 62.4649481857789,
          "hedge_dollars": -37.5350518142211,
          "hedge_units_per_target_unit": -0.6008978299731709
        },
        {
          "target": "ETH",
          "hedge": "BTC",
          "target_dollars": 43.977870808571225,
          "hedge_dollars": -56.022129191428775,
          "hedge_units_per_target_unit": -1.27387088463842
        }
      ]
    },
    "180": {
      "lookback_days": 180,
      "corr": 0.8680369156535719,
      "stats": {
        "mean": {
          "btc": -0.00010443819033833078,
          "eth": -0.0001695040592222422
        },
        "std": {
          "btc": 0.004796195040540388,
          "eth": 0.0070871403917902275
        },
        "min": {
          "btc": -0.03714671634653788,
          "eth": -0.05178573218862892
        },
        "max": {
          "btc": 0.0349913262434709,
          "eth": 0.04377388676562077
        }
      },
      "hedge_table": [
        {
          "target": "BTC",
          "hedge": "ETH",
          "hedge_ratio_units": 0.587440648796289,
          "target_w": 0.629944811327763,
          "hedge_w": -0.37005518867223697
        },
        {
          "target": "ETH",
          "hedge": "BTC",
          "hedge_ratio_units": 1.2826624927664119,
          "target_w": 0.4380849131962898,
          "hedge_w": -0.5619150868037102
        }
      ],
      "examples": [
        {
          "target": "BTC",
          "hedge": "ETH",
          "target_dollars": 62.9944811327763,
          "hedge_dollars": -37.0055188672237,
          "hedge_units_per_target_unit": -0.587440648796289
        },
        {
          "target": "ETH",
          "hedge": "BTC",
          "target_dollars": 43.80849131962898,
          "hedge_dollars": -56.191508680371015,
          "hedge_units_per_target_unit": -1.2826624927664119
        }
      ]
    }
  },
  "example_notional": 100.0,
  "provider": "cryptocompare"
}