{
  "generated_at": "2026-03-11T16:50:24.211002Z",
  "lookbacks": {
    "30": {
      "lookback_days": 30,
      "corr": 0.9123969057791357,
      "stats": {
        "mean": {
          "btc": 2.0337752959185038e-05,
          "eth": -1.1772780337618804e-05
        },
        "std": {
          "btc": 0.005930148383210849,
          "eth": 0.007299926852835462
        },
        "min": {
          "btc": -0.03612262483146145,
          "eth": -0.04038541666666662
        },
        "max": {
          "btc": 0.029223763595974894,
          "eth": 0.035902309432658264
        }
      },
      "hedge_table": [
        {
          "target": "BTC",
          "hedge": "ETH",
          "hedge_ratio_units": 0.741192226268829,
          "target_w": 0.5743191273848511,
          "hedge_w": -0.425680872615149
        },
        {
          "target": "ETH",
          "hedge": "BTC",
          "hedge_ratio_units": 1.1231473889924561,
          "target_w": 0.47099886008128333,
          "hedge_w": -0.5290011399187166
        }
      ],
      "examples": [
        {
          "target": "BTC",
          "hedge": "ETH",
          "target_dollars": 57.43191273848511,
          "hedge_dollars": -42.5680872615149,
          "hedge_units_per_target_unit": -0.741192226268829
        },
        {
          "target": "ETH",
          "hedge": "BTC",
          "target_dollars": 47.09988600812834,
          "hedge_dollars": -52.900113991871656,
          "hedge_units_per_target_unit": -1.1231473889924561
        }
      ]
    },
    "60": {
      "lookback_days": 60,
      "corr": 0.8997162648689278,
      "stats": {
        "mean": {
          "btc": -0.00015255843077334133,
          "eth": -0.00024715565598637946
        },
        "std": {
          "btc": 0.006047613260139683,
          "eth": 0.007942801736007785
        },
        "min": {
          "btc": -0.03612262483146145,
          "eth": -0.04170398539552955
        },
        "max": {
          "btc": 0.0349913262434709,
          "eth": 0.04377388676562077
        }
      },
      "hedge_table": [
        {
          "target": "BTC",
          "hedge": "ETH",
          "hedge_ratio_units": 0.6850398882698916,
          "target_w": 0.5934577614223401,
          "hedge_w": -0.40654223857765986
        },
        {
          "target": "ETH",
          "hedge": "BTC",
          "hedge_ratio_units": 1.1816674782458396,
          "target_w": 0.45836499373591333,
          "hedge_w": -0.5416350062640868
        }
      ],
      "examples": [
        {
          "target": "BTC",
          "hedge": "ETH",
          "target_dollars": 59.34577614223401,
          "hedge_dollars": -40.654223857765984,
          "hedge_units_per_target_unit": -0.6850398882698916
        },
        {
          "target": "ETH",
          "hedge": "BTC",
          "target_dollars": 45.83649937359133,
          "hedge_dollars": -54.16350062640868,
          "hedge_units_per_target_unit": -1.1816674782458396
        }
      ]
    },
    "120": {
      "lookback_days": 120,
      "corr": 0.8967849801185719,
      "stats": {
        "mean": {
          "btc": -0.0001164827201752941,
          "eth": -0.00015199266510014235
        },
        "std": {
          "btc": 0.005505744503596434,
          "eth": 0.007478906470432532
        },
        "min": {
          "btc": -0.03714671634653788,
          "eth": -0.05178573218862892
        },
        "max": {
          "btc": 0.0349913262434709,
          "eth": 0.04377388676562077
        }
      },
      "hedge_table": [
        {
          "target": "BTC",
          "hedge": "ETH",
          "hedge_ratio_units": 0.6601859502743738,
          "target_w": 0.6023421652464491,
          "hedge_w": -0.39765783475355093
        },
        {
          "target": "ETH",
          "hedge": "BTC",
          "hedge_ratio_units": 1.218176939742555,
          "target_w": 0.4508206636194052,
          "hedge_w": -0.5491793363805948
        }
      ],
      "examples": [
        {
          "target": "BTC",
          "hedge": "ETH",
          "target_dollars": 60.234216524644914,
          "hedge_dollars": -39.76578347535509,
          "hedge_units_per_target_unit": -0.6601859502743738
        },
        {
          "target": "ETH",
          "hedge": "BTC",
          "target_dollars": 45.08206636194052,
          "hedge_dollars": -54.91793363805948,
          "hedge_units_per_target_unit": -1.218176939742555
        }
      ]
    },
    "150": {
      "lookback_days": 150,
      "corr": 0.890226350043709,
      "stats": {
        "mean": {
          "btc": -0.00011812011469299414,
          "eth": -0.00016455341629687258
        },
        "std": {
          "btc": 0.005346878650146826,
          "eth": 0.007433629077105718
        },
        "min": {
          "btc": -0.03714671634653788,
          "eth": -0.05178573218862892
        },
        "max": {
          "btc": 0.0349913262434709,
          "eth": 0.04377388676562077
        }
      },
      "hedge_table": [
        {
          "target": "BTC",
          "hedge": "ETH",
          "hedge_ratio_units": 0.6403241560043135,
          "target_w": 0.6096355993658672,
          "hedge_w": -0.3903644006341327
        },
        {
          "target": "ETH",
          "hedge": "BTC",
          "hedge_ratio_units": 1.237658999556477,
          "target_w": 0.4468956173385705,
          "hedge_w": -0.5531043826614294
        }
      ],
      "examples": [
        {
          "target": "BTC",
          "hedge": "ETH",
          "target_dollars": 60.96355993658672,
          "hedge_dollars": -39.036440063413266,
          "hedge_units_per_target_unit": -0.6403241560043135
        },
        {
          "target": "ETH",
          "hedge": "BTC",
          "target_dollars": 44.689561733857055,
          "hedge_dollars": -55.31043826614294,
          "hedge_units_per_target_unit": -1.237658999556477
        }
      ]
    },
    "180": {
      "lookback_days": 180,
      "corr": 0.8777208311125502,
      "stats": {
        "mean": {
          "btc": -0.00010142312841366244,
          "eth": -0.00015942020607411867
        },
        "std": {
          "btc": 0.005082227240862718,
          "eth": 0.007265771902788163
        },
        "min": {
          "btc": -0.03714671634653788,
          "eth": -0.05178573218862892
        },
        "max": {
          "btc": 0.0349913262434709,
          "eth": 0.04377388676562077
        }
      },
      "hedge_table": [
        {
          "target": "BTC",
          "hedge": "ETH",
          "hedge_ratio_units": 0.6139439521960621,
          "target_w": 0.6196002027451569,
          "hedge_w": -0.380399797254843
        },
        {
          "target": "ETH",
          "hedge": "BTC",
          "hedge_ratio_units": 1.2548276672703205,
          "target_w": 0.44349287287688527,
          "hedge_w": -0.5565071271231147
        }
      ],
      "examples": [
        {
          "target": "BTC",
          "hedge": "ETH",
          "target_dollars": 61.96002027451569,
          "hedge_dollars": -38.0399797254843,
          "hedge_units_per_target_unit": -0.6139439521960621
        },
        {
          "target": "ETH",
          "hedge": "BTC",
          "target_dollars": 44.349287287688526,
          "hedge_dollars": -55.65071271231147,
          "hedge_units_per_target_unit": -1.2548276672703205
        }
      ]
    }
  },
  "example_notional": 100.0,
  "provider": "cryptocompare"
}