{
  "generated_at": "2026-01-04T08:25:52.216058Z",
  "lookbacks": {
    "30": {
      "lookback_days": 30,
      "corr": 0.9002663413982841,
      "stats": {
        "mean": {
          "btc": 9.849959704656533e-06,
          "eth": 2.285181003538321e-05
        },
        "std": {
          "btc": 0.004298531819825847,
          "eth": 0.006163791555888758
        },
        "min": {
          "btc": -0.027358625956130256,
          "eth": -0.04988725258205495
        },
        "max": {
          "btc": 0.026004133739085944,
          "eth": 0.04132265866066209
        }
      },
      "hedge_table": [
        {
          "target": "BTC",
          "hedge": "ETH",
          "hedge_ratio_units": 0.6278316649305856,
          "target_w": 0.6143141342828236,
          "hedge_w": -0.38568586571717645
        },
        {
          "target": "ETH",
          "hedge": "BTC",
          "hedge_ratio_units": 1.290918459081321,
          "target_w": 0.4365061515113938,
          "hedge_w": -0.5634938484886062
        }
      ],
      "examples": [
        {
          "target": "BTC",
          "hedge": "ETH",
          "target_dollars": 61.431413428282355,
          "hedge_dollars": -38.568586571717645,
          "hedge_units_per_target_unit": -0.6278316649305856
        },
        {
          "target": "ETH",
          "hedge": "BTC",
          "target_dollars": 43.650615151139384,
          "hedge_dollars": -56.349384848860616,
          "hedge_units_per_target_unit": -1.290918459081321
        }
      ]
    },
    "60": {
      "lookback_days": 60,
      "corr": 0.8904706391136158,
      "stats": {
        "mean": {
          "btc": -6.544530729141513e-05,
          "eth": -1.2214123159375144e-05
        },
        "std": {
          "btc": 0.004964893420504277,
          "eth": 0.007176379802218622
        },
        "min": {
          "btc": -0.03714671634653788,
          "eth": -0.05178573218862892
        },
        "max": {
          "btc": 0.026004133739085944,
          "eth": 0.04132265866066209
        }
      },
      "hedge_table": [
        {
          "target": "BTC",
          "hedge": "ETH",
          "hedge_ratio_units": 0.6160615713121289,
          "target_w": 0.6187883046981124,
          "hedge_w": -0.38121169530188753
        },
        {
          "target": "ETH",
          "hedge": "BTC",
          "hedge_ratio_units": 1.287108295741543,
          "target_w": 0.4372333403984146,
          "hedge_w": -0.5627666596015853
        }
      ],
      "examples": [
        {
          "target": "BTC",
          "hedge": "ETH",
          "target_dollars": 61.87883046981124,
          "hedge_dollars": -38.12116953018875,
          "hedge_units_per_target_unit": -0.6160615713121289
        },
        {
          "target": "ETH",
          "hedge": "BTC",
          "target_dollars": 43.72333403984146,
          "hedge_dollars": -56.27666596015853,
          "hedge_units_per_target_unit": -1.287108295741543
        }
      ]
    },
    "120": {
      "lookback_days": 120,
      "corr": 0.8633386609969793,
      "stats": {
        "mean": {
          "btc": -5.731779922599091e-05,
          "eth": -8.594995430141537e-05
        },
        "std": {
          "btc": 0.004482934989471038,
          "eth": 0.006870322339085243
        },
        "min": {
          "btc": -0.03714671634653788,
          "eth": -0.05178573218862892
        },
        "max": {
          "btc": 0.03468753462614105,
          "eth": 0.04368288914132212
        }
      },
      "hedge_table": [
        {
          "target": "BTC",
          "hedge": "ETH",
          "hedge_ratio_units": 0.5633347170813746,
          "target_w": 0.6396582824354614,
          "hedge_w": -0.36034171756453864
        },
        {
          "target": "ETH",
          "hedge": "BTC",
          "hedge_ratio_units": 1.3231097267246703,
          "target_w": 0.4304574977652434,
          "hedge_w": -0.5695425022347566
        }
      ],
      "examples": [
        {
          "target": "BTC",
          "hedge": "ETH",
          "target_dollars": 63.96582824354614,
          "hedge_dollars": -36.034171756453865,
          "hedge_units_per_target_unit": -0.5633347170813746
        },
        {
          "target": "ETH",
          "hedge": "BTC",
          "target_dollars": 43.04574977652434,
          "hedge_dollars": -56.954250223475654,
          "hedge_units_per_target_unit": -1.3231097267246703
        }
      ]
    },
    "150": {
      "lookback_days": 150,
      "corr": 0.8364879475233177,
      "stats": {
        "mean": {
          "btc": -5.521188169707597e-05,
          "eth": -2.3880906774173657e-05
        },
        "std": {
          "btc": 0.004345904442129978,
          "eth": 0.0070623167906648235
        },
        "min": {
          "btc": -0.03714671634653788,
          "eth": -0.05178573218862892
        },
        "max": {
          "btc": 0.03468753462614105,
          "eth": 0.0757825447476439
        }
      },
      "hedge_table": [
        {
          "target": "BTC",
          "hedge": "ETH",
          "hedge_ratio_units": 0.5147456273463994,
          "target_w": 0.6601768521041026,
          "hedge_w": -0.33982314789589746
        },
        {
          "target": "ETH",
          "hedge": "BTC",
          "hedge_ratio_units": 1.3593356585832632,
          "target_w": 0.4238481270615311,
          "hedge_w": -0.5761518729384689
        }
      ],
      "examples": [
        {
          "target": "BTC",
          "hedge": "ETH",
          "target_dollars": 66.01768521041026,
          "hedge_dollars": -33.98231478958974,
          "hedge_units_per_target_unit": -0.5147456273463994
        },
        {
          "target": "ETH",
          "hedge": "BTC",
          "target_dollars": 42.384812706153106,
          "hedge_dollars": -57.615187293846894,
          "hedge_units_per_target_unit": -1.3593356585832632
        }
      ]
    },
    "180": {
      "lookback_days": 180,
      "corr": 0.8253490482547208,
      "stats": {
        "mean": {
          "btc": -3.131608979264135e-05,
          "eth": 7.198762681569462e-05
        },
        "std": {
          "btc": 0.004207624575105922,
          "eth": 0.007018062885890197
        },
        "min": {
          "btc": -0.03714671634653788,
          "eth": -0.05178573218862892
        },
        "max": {
          "btc": 0.03468753462614105,
          "eth": 0.0757825447476439
        }
      },
      "hedge_table": [
        {
          "target": "BTC",
          "hedge": "ETH",
          "hedge_ratio_units": 0.4948315503782137,
          "target_w": 0.6689716976785683,
          "hedge_w": -0.33102830232143166
        },
        {
          "target": "ETH",
          "hedge": "BTC",
          "hedge_ratio_units": 1.3766322113743803,
          "target_w": 0.42076346319555735,
          "hedge_w": -0.5792365368044428
        }
      ],
      "examples": [
        {
          "target": "BTC",
          "hedge": "ETH",
          "target_dollars": 66.89716976785684,
          "hedge_dollars": -33.10283023214316,
          "hedge_units_per_target_unit": -0.4948315503782137
        },
        {
          "target": "ETH",
          "hedge": "BTC",
          "target_dollars": 42.07634631955573,
          "hedge_dollars": -57.923653680444275,
          "hedge_units_per_target_unit": -1.3766322113743803
        }
      ]
    }
  },
  "example_notional": 100.0,
  "provider": "cryptocompare"
}