{
  "generated_at": "2026-01-22T16:33:42.701352Z",
  "lookbacks": {
    "30": {
      "lookback_days": 30,
      "corr": 0.8832943593250114,
      "stats": {
        "mean": {
          "btc": 3.446587844847296e-05,
          "eth": 2.4303352011296845e-05
        },
        "std": {
          "btc": 0.0036704283342994717,
          "eth": 0.004991344992550501
        },
        "min": {
          "btc": -0.02980180309593028,
          "eth": -0.0369709977803403
        },
        "max": {
          "btc": 0.02131176803153334,
          "eth": 0.04377388676562077
        }
      },
      "hedge_table": [
        {
          "target": "BTC",
          "hedge": "ETH",
          "hedge_ratio_units": 0.649538080183228,
          "target_w": 0.6062303210902058,
          "hedge_w": -0.3937696789097942
        },
        {
          "target": "ETH",
          "hedge": "BTC",
          "hedge_ratio_units": 1.2011750334873261,
          "target_w": 0.4543028086302151,
          "hedge_w": -0.545697191369785
        }
      ],
      "examples": [
        {
          "target": "BTC",
          "hedge": "ETH",
          "target_dollars": 60.62303210902058,
          "hedge_dollars": -39.37696789097942,
          "hedge_units_per_target_unit": -0.649538080183228
        },
        {
          "target": "ETH",
          "hedge": "BTC",
          "target_dollars": 45.43028086302151,
          "hedge_dollars": -54.5697191369785,
          "hedge_units_per_target_unit": -1.2011750334873261
        }
      ]
    },
    "60": {
      "lookback_days": 60,
      "corr": 0.8919326275893892,
      "stats": {
        "mean": {
          "btc": 2.6828880217002572e-05,
          "eth": 5.42480337414653e-05
        },
        "std": {
          "btc": 0.0044053497363093705,
          "eth": 0.006251211608386978
        },
        "min": {
          "btc": -0.03714671634653788,
          "eth": -0.05178573218862892
        },
        "max": {
          "btc": 0.026004133739085944,
          "eth": 0.04377388676562077
        }
      },
      "hedge_table": [
        {
          "target": "BTC",
          "hedge": "ETH",
          "hedge_ratio_units": 0.6285621751285626,
          "target_w": 0.6140385766487899,
          "hedge_w": -0.38596142335121003
        },
        {
          "target": "ETH",
          "hedge": "BTC",
          "hedge_ratio_units": 1.2656565151980326,
          "target_w": 0.44137317077500327,
          "hedge_w": -0.5586268292249967
        }
      ],
      "examples": [
        {
          "target": "BTC",
          "hedge": "ETH",
          "target_dollars": 61.40385766487899,
          "hedge_dollars": -38.596142335121,
          "hedge_units_per_target_unit": -0.6285621751285626
        },
        {
          "target": "ETH",
          "hedge": "BTC",
          "target_dollars": 44.13731707750033,
          "hedge_dollars": -55.86268292249967,
          "hedge_units_per_target_unit": -1.2656565151980326
        }
      ]
    },
    "120": {
      "lookback_days": 120,
      "corr": 0.8708357475929487,
      "stats": {
        "mean": {
          "btc": -7.50123814483715e-05,
          "eth": -9.853135757966531e-05
        },
        "std": {
          "btc": 0.004654891053238187,
          "eth": 0.00703433187136915
        },
        "min": {
          "btc": -0.03714671634653788,
          "eth": -0.05178573218862892
        },
        "max": {
          "btc": 0.03468753462614105,
          "eth": 0.04377388676562077
        }
      },
      "hedge_table": [
        {
          "target": "BTC",
          "hedge": "ETH",
          "hedge_ratio_units": 0.5762658919760932,
          "target_w": 0.6344107330434875,
          "hedge_w": -0.3655892669565125
        },
        {
          "target": "ETH",
          "hedge": "BTC",
          "hedge_ratio_units": 1.315980886332295,
          "target_w": 0.4317824926369106,
          "hedge_w": -0.5682175073630893
        }
      ],
      "examples": [
        {
          "target": "BTC",
          "hedge": "ETH",
          "target_dollars": 63.44107330434875,
          "hedge_dollars": -36.55892669565125,
          "hedge_units_per_target_unit": -0.5762658919760932
        },
        {
          "target": "ETH",
          "hedge": "BTC",
          "target_dollars": 43.17824926369106,
          "hedge_dollars": -56.82175073630893,
          "hedge_units_per_target_unit": -1.315980886332295
        }
      ]
    },
    "150": {
      "lookback_days": 150,
      "corr": 0.8624022876632907,
      "stats": {
        "mean": {
          "btc": -5.5646496628411615e-05,
          "eth": -0.0001013064374858537
        },
        "std": {
          "btc": 0.0043905356601739755,
          "eth": 0.006742467888809992
        },
        "min": {
          "btc": -0.03714671634653788,
          "eth": -0.05178573218862892
        },
        "max": {
          "btc": 0.03468753462614105,
          "eth": 0.04377388676562077
        }
      },
      "hedge_table": [
        {
          "target": "BTC",
          "hedge": "ETH",
          "hedge_ratio_units": 0.5615759777937293,
          "target_w": 0.6403787034511434,
          "hedge_w": -0.3596212965488565
        },
        {
          "target": "ETH",
          "hedge": "BTC",
          "hedge_ratio_units": 1.3243759262794843,
          "target_w": 0.4302230068268912,
          "hedge_w": -0.5697769931731089
        }
      ],
      "examples": [
        {
          "target": "BTC",
          "hedge": "ETH",
          "target_dollars": 64.03787034511434,
          "hedge_dollars": -35.96212965488565,
          "hedge_units_per_target_unit": -0.5615759777937293
        },
        {
          "target": "ETH",
          "hedge": "BTC",
          "target_dollars": 43.02230068268912,
          "hedge_dollars": -56.97769931731089,
          "hedge_units_per_target_unit": -1.3243759262794843
        }
      ]
    },
    "180": {
      "lookback_days": 180,
      "corr": 0.8388608080760463,
      "stats": {
        "mean": {
          "btc": -5.6783931036237494e-05,
          "eth": -3.176266147156199e-05
        },
        "std": {
          "btc": 0.004228629262453042,
          "eth": 0.006853043094169062
        },
        "min": {
          "btc": -0.03714671634653788,
          "eth": -0.05178573218862892
        },
        "max": {
          "btc": 0.03468753462614105,
          "eth": 0.0757825447476439
        }
      },
      "hedge_table": [
        {
          "target": "BTC",
          "hedge": "ETH",
          "hedge_ratio_units": 0.517614045528701,
          "target_w": 0.6589290623306162,
          "hedge_w": -0.34107093766938384
        },
        {
          "target": "ETH",
          "hedge": "BTC",
          "hedge_ratio_units": 1.3594829224682987,
          "target_w": 0.42382167316298325,
          "hedge_w": -0.5761783268370166
        }
      ],
      "examples": [
        {
          "target": "BTC",
          "hedge": "ETH",
          "target_dollars": 65.89290623306162,
          "hedge_dollars": -34.107093766938384,
          "hedge_units_per_target_unit": -0.517614045528701
        },
        {
          "target": "ETH",
          "hedge": "BTC",
          "target_dollars": 42.38216731629832,
          "hedge_dollars": -57.617832683701664,
          "hedge_units_per_target_unit": -1.3594829224682987
        }
      ]
    }
  },
  "example_notional": 100.0,
  "provider": "cryptocompare"
}