{
  "generated_at": "2026-02-03T16:51:18.383382Z",
  "lookbacks": {
    "30": {
      "lookback_days": 30,
      "corr": 0.8839902573705511,
      "stats": {
        "mean": {
          "btc": -0.00023488062156479735,
          "eth": -0.00044846129856050584
        },
        "std": {
          "btc": 0.004516482727773973,
          "eth": 0.006723776747945742
        },
        "min": {
          "btc": -0.02980180309593028,
          "eth": -0.0369709977803403
        },
        "max": {
          "btc": 0.02131176803153334,
          "eth": 0.04377388676562077
        }
      },
      "hedge_table": [
        {
          "target": "BTC",
          "hedge": "ETH",
          "hedge_ratio_units": 0.5937922805295945,
          "target_w": 0.627434335211935,
          "hedge_w": -0.37256566478806497
        },
        {
          "target": "ETH",
          "hedge": "BTC",
          "hedge_ratio_units": 1.3160136983072592,
          "target_w": 0.43177637538624475,
          "hedge_w": -0.5682236246137554
        }
      ],
      "examples": [
        {
          "target": "BTC",
          "hedge": "ETH",
          "target_dollars": 62.7434335211935,
          "hedge_dollars": -37.2565664788065,
          "hedge_units_per_target_unit": -0.5937922805295945
        },
        {
          "target": "ETH",
          "hedge": "BTC",
          "target_dollars": 43.177637538624474,
          "hedge_dollars": -56.82236246137554,
          "hedge_units_per_target_unit": -1.3160136983072592
        }
      ]
    },
    "60": {
      "lookback_days": 60,
      "corr": 0.8909280599072507,
      "stats": {
        "mean": {
          "btc": -9.795628003864967e-05,
          "eth": -0.00019185787569292776
        },
        "std": {
          "btc": 0.004373427155532875,
          "eth": 0.006415162396031675
        },
        "min": {
          "btc": -0.02980180309593028,
          "eth": -0.04988725258205495
        },
        "max": {
          "btc": 0.026004133739085944,
          "eth": 0.04377388676562077
        }
      },
      "hedge_table": [
        {
          "target": "BTC",
          "hedge": "ETH",
          "hedge_ratio_units": 0.6073749548779702,
          "target_w": 0.622132376123727,
          "hedge_w": -0.3778676238762731
        },
        {
          "target": "ETH",
          "hedge": "BTC",
          "hedge_ratio_units": 1.3068579821332496,
          "target_w": 0.433490057795087,
          "hedge_w": -0.5665099422049131
        }
      ],
      "examples": [
        {
          "target": "BTC",
          "hedge": "ETH",
          "target_dollars": 62.213237612372694,
          "hedge_dollars": -37.78676238762731,
          "hedge_units_per_target_unit": -0.6073749548779702
        },
        {
          "target": "ETH",
          "hedge": "BTC",
          "target_dollars": 43.3490057795087,
          "hedge_dollars": -56.65099422049131,
          "hedge_units_per_target_unit": -1.3068579821332496
        }
      ]
    },
    "120": {
      "lookback_days": 120,
      "corr": 0.8749901458169709,
      "stats": {
        "mean": {
          "btc": -0.00015969604890423488,
          "eth": -0.00023167225624497238
        },
        "std": {
          "btc": 0.004820385891395486,
          "eth": 0.0072592760530863
        },
        "min": {
          "btc": -0.03714671634653788,
          "eth": -0.05178573218862892
        },
        "max": {
          "btc": 0.03468753462614105,
          "eth": 0.04377388676562077
        }
      },
      "hedge_table": [
        {
          "target": "BTC",
          "hedge": "ETH",
          "hedge_ratio_units": 0.5810207688978849,
          "target_w": 0.6325027600346393,
          "hedge_w": -0.36749723996536054
        },
        {
          "target": "ETH",
          "hedge": "BTC",
          "hedge_ratio_units": 1.3176942998596328,
          "target_w": 0.43146328662091604,
          "hedge_w": -0.5685367133790841
        }
      ],
      "examples": [
        {
          "target": "BTC",
          "hedge": "ETH",
          "target_dollars": 63.25027600346394,
          "hedge_dollars": -36.749723996536055,
          "hedge_units_per_target_unit": -0.5810207688978849
        },
        {
          "target": "ETH",
          "hedge": "BTC",
          "target_dollars": 43.146328662091605,
          "hedge_dollars": -56.85367133790841,
          "hedge_units_per_target_unit": -1.3176942998596328
        }
      ]
    },
    "150": {
      "lookback_days": 150,
      "corr": 0.8674727041640338,
      "stats": {
        "mean": {
          "btc": -9.112124199988066e-05,
          "eth": -0.0001566973037994447
        },
        "std": {
          "btc": 0.004488774763925333,
          "eth": 0.00683955508501221
        },
        "min": {
          "btc": -0.03714671634653788,
          "eth": -0.05178573218862892
        },
        "max": {
          "btc": 0.03468753462614105,
          "eth": 0.04377388676562077
        }
      },
      "hedge_table": [
        {
          "target": "BTC",
          "hedge": "ETH",
          "hedge_ratio_units": 0.5693191347165865,
          "target_w": 0.6372190193045703,
          "hedge_w": -0.36278098069542974
        },
        {
          "target": "ETH",
          "hedge": "BTC",
          "hedge_ratio_units": 1.3217698942163056,
          "target_w": 0.43070590349675536,
          "hedge_w": -0.5692940965032447
        }
      ],
      "examples": [
        {
          "target": "BTC",
          "hedge": "ETH",
          "target_dollars": 63.72190193045702,
          "hedge_dollars": -36.27809806954298,
          "hedge_units_per_target_unit": -0.5693191347165865
        },
        {
          "target": "ETH",
          "hedge": "BTC",
          "target_dollars": 43.070590349675534,
          "hedge_dollars": -56.92940965032447,
          "hedge_units_per_target_unit": -1.3217698942163056
        }
      ]
    },
    "180": {
      "lookback_days": 180,
      "corr": 0.843744737205171,
      "stats": {
        "mean": {
          "btc": -8.774602789129451e-05,
          "eth": -0.00010029090360929616
        },
        "std": {
          "btc": 0.004369998267095662,
          "eth": 0.0069944574905633815
        },
        "min": {
          "btc": -0.03714671634653788,
          "eth": -0.05178573218862892
        },
        "max": {
          "btc": 0.03468753462614105,
          "eth": 0.0757825447476439
        }
      },
      "hedge_table": [
        {
          "target": "BTC",
          "hedge": "ETH",
          "hedge_ratio_units": 0.527154971551724,
          "target_w": 0.6548123920808849,
          "hedge_w": -0.3451876079191152
        },
        {
          "target": "ETH",
          "hedge": "BTC",
          "hedge_ratio_units": 1.350466598969695,
          "target_w": 0.425447441132897,
          "hedge_w": -0.5745525588671029
        }
      ],
      "examples": [
        {
          "target": "BTC",
          "hedge": "ETH",
          "target_dollars": 65.4812392080885,
          "hedge_dollars": -34.51876079191152,
          "hedge_units_per_target_unit": -0.527154971551724
        },
        {
          "target": "ETH",
          "hedge": "BTC",
          "target_dollars": 42.5447441132897,
          "hedge_dollars": -57.45525588671029,
          "hedge_units_per_target_unit": -1.350466598969695
        }
      ]
    }
  },
  "example_notional": 100.0,
  "provider": "cryptocompare"
}