{
  "generated_at": "2026-03-20T08:38:03.425408Z",
  "lookbacks": {
    "30": {
      "lookback_days": 30,
      "corr": 0.9153918408970715,
      "stats": {
        "mean": {
          "btc": 7.627687769153782e-05,
          "eth": 0.00012446302506283213
        },
        "std": {
          "btc": 0.005681726397785296,
          "eth": 0.00717699340572119
        },
        "min": {
          "btc": -0.03612262483146145,
          "eth": -0.04038541666666662
        },
        "max": {
          "btc": 0.029223763595974894,
          "eth": 0.035902309432658264
        }
      },
      "hedge_table": [
        {
          "target": "BTC",
          "hedge": "ETH",
          "hedge_ratio_units": 0.7246775484837635,
          "target_w": 0.5798185294863623,
          "hedge_w": -0.42018147051363774
        },
        {
          "target": "ETH",
          "hedge": "BTC",
          "hedge_ratio_units": 1.1562966510196826,
          "target_w": 0.46375808241742333,
          "hedge_w": -0.5362419175825766
        }
      ],
      "examples": [
        {
          "target": "BTC",
          "hedge": "ETH",
          "target_dollars": 57.981852948636224,
          "hedge_dollars": -42.018147051363776,
          "hedge_units_per_target_unit": -0.7246775484837635
        },
        {
          "target": "ETH",
          "hedge": "BTC",
          "target_dollars": 46.375808241742334,
          "hedge_dollars": -53.62419175825765,
          "hedge_units_per_target_unit": -1.1562966510196826
        }
      ]
    },
    "60": {
      "lookback_days": 60,
      "corr": 0.9014692805570379,
      "stats": {
        "mean": {
          "btc": -0.00016735027607586277,
          "eth": -0.00024069256834744832
        },
        "std": {
          "btc": 0.006134682501759063,
          "eth": 0.00809676827754453
        },
        "min": {
          "btc": -0.03612262483146145,
          "eth": -0.04170398539552955
        },
        "max": {
          "btc": 0.0349913262434709,
          "eth": 0.04377388676562077
        }
      },
      "hedge_table": [
        {
          "target": "BTC",
          "hedge": "ETH",
          "hedge_ratio_units": 0.6830166841558319,
          "target_w": 0.5941711745428004,
          "hedge_w": -0.4058288254571996
        },
        {
          "target": "ETH",
          "hedge": "BTC",
          "hedge_ratio_units": 1.1897906488073666,
          "target_w": 0.45666465903698766,
          "hedge_w": -0.5433353409630124
        }
      ],
      "examples": [
        {
          "target": "BTC",
          "hedge": "ETH",
          "target_dollars": 59.417117454280046,
          "hedge_dollars": -40.58288254571996,
          "hedge_units_per_target_unit": -0.6830166841558319
        },
        {
          "target": "ETH",
          "hedge": "BTC",
          "target_dollars": 45.666465903698764,
          "hedge_dollars": -54.333534096301236,
          "hedge_units_per_target_unit": -1.1897906488073666
        }
      ]
    },
    "120": {
      "lookback_days": 120,
      "corr": 0.8981615293572344,
      "stats": {
        "mean": {
          "btc": -7.387751761570764e-05,
          "eth": -8.78445689316609e-05
        },
        "std": {
          "btc": 0.005424447436414739,
          "eth": 0.007288035984216764
        },
        "min": {
          "btc": -0.03714671634653788,
          "eth": -0.05178573218862892
        },
        "max": {
          "btc": 0.0349913262434709,
          "eth": 0.04377388676562077
        }
      },
      "hedge_table": [
        {
          "target": "BTC",
          "hedge": "ETH",
          "hedge_ratio_units": 0.6684969744879466,
          "target_w": 0.5993418119963299,
          "hedge_w": -0.4006581880036702
        },
        {
          "target": "ETH",
          "hedge": "BTC",
          "hedge_ratio_units": 1.2067281732056234,
          "target_w": 0.4531595744968177,
          "hedge_w": -0.5468404255031825
        }
      ],
      "examples": [
        {
          "target": "BTC",
          "hedge": "ETH",
          "target_dollars": 59.93418119963299,
          "hedge_dollars": -40.06581880036702,
          "hedge_units_per_target_unit": -0.6684969744879466
        },
        {
          "target": "ETH",
          "hedge": "BTC",
          "target_dollars": 45.31595744968177,
          "hedge_dollars": -54.684042550318246,
          "hedge_units_per_target_unit": -1.2067281732056234
        }
      ]
    },
    "150": {
      "lookback_days": 150,
      "corr": 0.8924360661385947,
      "stats": {
        "mean": {
          "btc": -0.00010110521659571481,
          "eth": -0.00013384825812897246
        },
        "std": {
          "btc": 0.005352720974563429,
          "eth": 0.007388639864199567
        },
        "min": {
          "btc": -0.03714671634653788,
          "eth": -0.05178573218862892
        },
        "max": {
          "btc": 0.0349913262434709,
          "eth": 0.04377388676562077
        }
      },
      "hedge_table": [
        {
          "target": "BTC",
          "hedge": "ETH",
          "hedge_ratio_units": 0.646527823452718,
          "target_w": 0.6073386588166065,
          "hedge_w": -0.3926613411833935
        },
        {
          "target": "ETH",
          "hedge": "BTC",
          "hedge_ratio_units": 1.2318760357313159,
          "target_w": 0.4480535585267536,
          "hedge_w": -0.5519464414732463
        }
      ],
      "examples": [
        {
          "target": "BTC",
          "hedge": "ETH",
          "target_dollars": 60.733865881660655,
          "hedge_dollars": -39.26613411833935,
          "hedge_units_per_target_unit": -0.646527823452718
        },
        {
          "target": "ETH",
          "hedge": "BTC",
          "target_dollars": 44.80535585267536,
          "hedge_dollars": -55.19464414732463,
          "hedge_units_per_target_unit": -1.2318760357313159
        }
      ]
    },
    "180": {
      "lookback_days": 180,
      "corr": 0.8803865236360144,
      "stats": {
        "mean": {
          "btc": -9.938477745698269e-05,
          "eth": -0.0001408255566086674
        },
        "std": {
          "btc": 0.005156438847108405,
          "eth": 0.007351395970369508
        },
        "min": {
          "btc": -0.03714671634653788,
          "eth": -0.05178573218862892
        },
        "max": {
          "btc": 0.0349913262434709,
          "eth": 0.04377388676562077
        }
      },
      "hedge_table": [
        {
          "target": "BTC",
          "hedge": "ETH",
          "hedge_ratio_units": 0.617523432181451,
          "target_w": 0.6182290655606538,
          "hedge_w": -0.38177093443934623
        },
        {
          "target": "ETH",
          "hedge": "BTC",
          "hedge_ratio_units": 1.2551433526366325,
          "target_w": 0.44343079069933006,
          "hedge_w": -0.55656920930067
        }
      ],
      "examples": [
        {
          "target": "BTC",
          "hedge": "ETH",
          "target_dollars": 61.822906556065384,
          "hedge_dollars": -38.17709344393462,
          "hedge_units_per_target_unit": -0.617523432181451
        },
        {
          "target": "ETH",
          "hedge": "BTC",
          "target_dollars": 44.343079069933005,
          "hedge_dollars": -55.656920930067,
          "hedge_units_per_target_unit": -1.2551433526366325
        }
      ]
    }
  },
  "example_notional": 100.0,
  "provider": "cryptocompare"
}