{
  "generated_at": "2026-04-02T16:54:34.708106Z",
  "lookbacks": {
    "30": {
      "lookback_days": 30,
      "corr": 0.9134640857284034,
      "stats": {
        "mean": {
          "btc": -1.1004891549782673e-05,
          "eth": 8.057854511291206e-05
        },
        "std": {
          "btc": 0.004984773173993565,
          "eth": 0.006527212223869051
        },
        "min": {
          "btc": -0.0193691951400623,
          "eth": -0.030096491146448856
        },
        "max": {
          "btc": 0.02490195224471292,
          "eth": 0.041842617860856635
        }
      },
      "hedge_table": [
        {
          "target": "BTC",
          "hedge": "ETH",
          "hedge_ratio_units": 0.69760429319187,
          "target_w": 0.5890654282687868,
          "hedge_w": -0.4109345717312132
        },
        {
          "target": "ETH",
          "hedge": "BTC",
          "hedge_ratio_units": 1.1961174036039495,
          "target_w": 0.4553490621033944,
          "hedge_w": -0.5446509378966056
        }
      ],
      "examples": [
        {
          "target": "BTC",
          "hedge": "ETH",
          "target_dollars": 58.906542826878685,
          "hedge_dollars": -41.09345717312132,
          "hedge_units_per_target_unit": -0.69760429319187
        },
        {
          "target": "ETH",
          "hedge": "BTC",
          "target_dollars": 45.534906210339436,
          "hedge_dollars": -54.46509378966056,
          "hedge_units_per_target_unit": -1.1961174036039495
        }
      ]
    },
    "60": {
      "lookback_days": 60,
      "corr": 0.9085928902491714,
      "stats": {
        "mean": {
          "btc": -8.230918395746547e-05,
          "eth": -4.706964889918842e-05
        },
        "std": {
          "btc": 0.006119128383873624,
          "eth": 0.00787431026507521
        },
        "min": {
          "btc": -0.03612262483146145,
          "eth": -0.04170398539552955
        },
        "max": {
          "btc": 0.0349913262434709,
          "eth": 0.04260060177264258
        }
      },
      "hedge_table": [
        {
          "target": "BTC",
          "hedge": "ETH",
          "hedge_ratio_units": 0.7060677515805727,
          "target_w": 0.5861431933600281,
          "hedge_w": -0.4138568066399719
        },
        {
          "target": "ETH",
          "hedge": "BTC",
          "hedge_ratio_units": 1.1692093830419565,
          "target_w": 0.4609974527206155,
          "hedge_w": -0.5390025472793843
        }
      ],
      "examples": [
        {
          "target": "BTC",
          "hedge": "ETH",
          "target_dollars": 58.61431933600281,
          "hedge_dollars": -41.385680663997185,
          "hedge_units_per_target_unit": -0.7060677515805727
        },
        {
          "target": "ETH",
          "hedge": "BTC",
          "target_dollars": 46.09974527206155,
          "hedge_dollars": -53.90025472793843,
          "hedge_units_per_target_unit": -1.1692093830419565
        }
      ]
    },
    "120": {
      "lookback_days": 120,
      "corr": 0.8997980960642462,
      "stats": {
        "mean": {
          "btc": -9.901095808330231e-05,
          "eth": -0.00011897908701607185
        },
        "std": {
          "btc": 0.005271056429452008,
          "eth": 0.007074493442303687
        },
        "min": {
          "btc": -0.03612262483146145,
          "eth": -0.04988725258205495
        },
        "max": {
          "btc": 0.0349913262434709,
          "eth": 0.04377388676562077
        }
      },
      "hedge_table": [
        {
          "target": "BTC",
          "hedge": "ETH",
          "hedge_ratio_units": 0.6704206567083454,
          "target_w": 0.5986516007114964,
          "hedge_w": -0.4013483992885036
        },
        {
          "target": "ETH",
          "hedge": "BTC",
          "hedge_ratio_units": 1.207654635309157,
          "target_w": 0.4529694020097312,
          "hedge_w": -0.5470305979902689
        }
      ],
      "examples": [
        {
          "target": "BTC",
          "hedge": "ETH",
          "target_dollars": 59.86516007114964,
          "hedge_dollars": -40.134839928850354,
          "hedge_units_per_target_unit": -0.6704206567083454
        },
        {
          "target": "ETH",
          "hedge": "BTC",
          "target_dollars": 45.29694020097312,
          "hedge_dollars": -54.70305979902689,
          "hedge_units_per_target_unit": -1.207654635309157
        }
      ]
    },
    "150": {
      "lookback_days": 150,
      "corr": 0.8949148348663841,
      "stats": {
        "mean": {
          "btc": -0.00011618802264602772,
          "eth": -0.00013216576621825777
        },
        "std": {
          "btc": 0.005352803033849048,
          "eth": 0.00735378169974658
        },
        "min": {
          "btc": -0.03714671634653788,
          "eth": -0.05178573218862892
        },
        "max": {
          "btc": 0.0349913262434709,
          "eth": 0.04377388676562077
        }
      },
      "hedge_table": [
        {
          "target": "BTC",
          "hedge": "ETH",
          "hedge_ratio_units": 0.6514067236010528,
          "target_w": 0.605544343321676,
          "hedge_w": -0.394455656678324
        },
        {
          "target": "ETH",
          "hedge": "BTC",
          "hedge_ratio_units": 1.2294508678642584,
          "target_w": 0.448540945402384,
          "hedge_w": -0.5514590545976159
        }
      ],
      "examples": [
        {
          "target": "BTC",
          "hedge": "ETH",
          "target_dollars": 60.554434332167595,
          "hedge_dollars": -39.4455656678324,
          "hedge_units_per_target_unit": -0.6514067236010528
        },
        {
          "target": "ETH",
          "hedge": "BTC",
          "target_dollars": 44.8540945402384,
          "hedge_dollars": -55.14590545976159,
          "hedge_units_per_target_unit": -1.2294508678642584
        }
      ]
    },
    "180": {
      "lookback_days": 180,
      "corr": 0.8849376934818176,
      "stats": {
        "mean": {
          "btc": -0.00012401917336343158,
          "eth": -0.00015109487931526966
        },
        "std": {
          "btc": 0.005247419890998338,
          "eth": 0.0073838114032681815
        },
        "min": {
          "btc": -0.03714671634653788,
          "eth": -0.05178573218862892
        },
        "max": {
          "btc": 0.0349913262434709,
          "eth": 0.04377388676562077
        }
      },
      "hedge_table": [
        {
          "target": "BTC",
          "hedge": "ETH",
          "hedge_ratio_units": 0.6288946726097768,
          "target_w": 0.6139132362670346,
          "hedge_w": -0.38608676373296535
        },
        {
          "target": "ETH",
          "hedge": "BTC",
          "hedge_ratio_units": 1.2452239706454544,
          "target_w": 0.44538986447419815,
          "hedge_w": -0.5546101355258019
        }
      ],
      "examples": [
        {
          "target": "BTC",
          "hedge": "ETH",
          "target_dollars": 61.39132362670347,
          "hedge_dollars": -38.60867637329653,
          "hedge_units_per_target_unit": -0.6288946726097768
        },
        {
          "target": "ETH",
          "hedge": "BTC",
          "target_dollars": 44.538986447419816,
          "hedge_dollars": -55.461013552580184,
          "hedge_units_per_target_unit": -1.2452239706454544
        }
      ]
    }
  },
  "example_notional": 100.0,
  "provider": "cryptocompare"
}