{
  "generated_at": "2026-06-07T17:14:35.332024Z",
  "lookbacks": {
    "30": {
      "lookback_days": 30,
      "corr": 0.8865513563032815,
      "stats": {
        "mean": {
          "btc": -0.0003395500082407185,
          "eth": -0.00046585959157248826
        },
        "std": {
          "btc": 0.004568021022120053,
          "eth": 0.005983433615724598
        },
        "min": {
          "btc": -0.022992854112727557,
          "eth": -0.03439786519755539
        },
        "max": {
          "btc": 0.02212668221855041,
          "eth": 0.0384557017519207
        }
      },
      "hedge_table": [
        {
          "target": "BTC",
          "hedge": "ETH",
          "hedge_ratio_units": 0.6768329846828265,
          "target_w": 0.5963623146339468,
          "hedge_w": -0.4036376853660531
        },
        {
          "target": "ETH",
          "hedge": "BTC",
          "hedge_ratio_units": 1.1612514832318732,
          "target_w": 0.46269488199708664,
          "hedge_w": -0.5373051180029134
        }
      ],
      "examples": [
        {
          "target": "BTC",
          "hedge": "ETH",
          "target_dollars": 59.63623146339469,
          "hedge_dollars": -40.36376853660531,
          "hedge_units_per_target_unit": -0.6768329846828265
        },
        {
          "target": "ETH",
          "hedge": "BTC",
          "target_dollars": 46.26948819970866,
          "hedge_dollars": -53.73051180029134,
          "hedge_units_per_target_unit": -1.1612514832318732
        }
      ]
    },
    "60": {
      "lookback_days": 60,
      "corr": 0.889078634970665,
      "stats": {
        "mean": {
          "btc": -8.362548466964574e-05,
          "eth": -0.00019226549285334375
        },
        "std": {
          "btc": 0.004174714828755672,
          "eth": 0.005476054285449899
        },
        "min": {
          "btc": -0.022992854112727557,
          "eth": -0.03439786519755539
        },
        "max": {
          "btc": 0.02212668221855041,
          "eth": 0.0410922552310693
        }
      },
      "hedge_table": [
        {
          "target": "BTC",
          "hedge": "ETH",
          "hedge_ratio_units": 0.677796378170299,
          "target_w": 0.5960198823951082,
          "hedge_w": -0.4039801176048919
        },
        {
          "target": "ETH",
          "hedge": "BTC",
          "hedge_ratio_units": 1.1662216627582724,
          "target_w": 0.4616332747437719,
          "hedge_w": -0.5383667252562281
        }
      ],
      "examples": [
        {
          "target": "BTC",
          "hedge": "ETH",
          "target_dollars": 59.60198823951082,
          "hedge_dollars": -40.39801176048919,
          "hedge_units_per_target_unit": -0.677796378170299
        },
        {
          "target": "ETH",
          "hedge": "BTC",
          "target_dollars": 46.16332747437719,
          "hedge_dollars": -53.83667252562281,
          "hedge_units_per_target_unit": -1.1662216627582724
        }
      ]
    },
    "120": {
      "lookback_days": 120,
      "corr": 0.9024462277904416,
      "stats": {
        "mean": {
          "btc": -2.667764666757798e-05,
          "eth": -6.745857224371063e-05
        },
        "std": {
          "btc": 0.004776332569351264,
          "eth": 0.0061761525433771045
        },
        "min": {
          "btc": -0.03612262483146145,
          "eth": -0.04038541666666662
        },
        "max": {
          "btc": 0.029223763595974894,
          "eth": 0.041842617860856635
        }
      },
      "hedge_table": [
        {
          "target": "BTC",
          "hedge": "ETH",
          "hedge_ratio_units": 0.6979075208409231,
          "target_w": 0.5889602276481641,
          "hedge_w": -0.4110397723518359
        },
        {
          "target": "ETH",
          "hedge": "BTC",
          "hedge_ratio_units": 1.1669299581008945,
          "target_w": 0.4614823826038216,
          "hedge_w": -0.5385176173961785
        }
      ],
      "examples": [
        {
          "target": "BTC",
          "hedge": "ETH",
          "target_dollars": 58.896022764816415,
          "hedge_dollars": -41.10397723518359,
          "hedge_units_per_target_unit": -0.6979075208409231
        },
        {
          "target": "ETH",
          "hedge": "BTC",
          "target_dollars": 46.14823826038216,
          "hedge_dollars": -53.85176173961786,
          "hedge_units_per_target_unit": -1.1669299581008945
        }
      ]
    },
    "150": {
      "lookback_days": 150,
      "corr": 0.8991527208760145,
      "stats": {
        "mean": {
          "btc": -9.284700894090912e-05,
          "eth": -0.00015726671437688017
        },
        "std": {
          "btc": 0.005051847375703708,
          "eth": 0.006672416269151929
        },
        "min": {
          "btc": -0.03612262483146145,
          "eth": -0.04170398539552955
        },
        "max": {
          "btc": 0.0349913262434709,
          "eth": 0.04377388676562077
        }
      },
      "hedge_table": [
        {
          "target": "BTC",
          "hedge": "ETH",
          "hedge_ratio_units": 0.6807702232720088,
          "target_w": 0.594965323727159,
          "hedge_w": -0.405034676272841
        },
        {
          "target": "ETH",
          "hedge": "BTC",
          "hedge_ratio_units": 1.1875895681408282,
          "target_w": 0.45712413999572704,
          "hedge_w": -0.5428758600042729
        }
      ],
      "examples": [
        {
          "target": "BTC",
          "hedge": "ETH",
          "target_dollars": 59.496532372715905,
          "hedge_dollars": -40.5034676272841,
          "hedge_units_per_target_unit": -0.6807702232720088
        },
        {
          "target": "ETH",
          "hedge": "BTC",
          "target_dollars": 45.7124139995727,
          "hedge_dollars": -54.28758600042729,
          "hedge_units_per_target_unit": -1.1875895681408282
        }
      ]
    },
    "180": {
      "lookback_days": 180,
      "corr": 0.8987438636550222,
      "stats": {
        "mean": {
          "btc": -8.32370373876603e-05,
          "eth": -0.00014698390633234118
        },
        "std": {
          "btc": 0.004901129408828293,
          "eth": 0.006492260291696623
        },
        "min": {
          "btc": -0.03612262483146145,
          "eth": -0.04988725258205495
        },
        "max": {
          "btc": 0.0349913262434709,
          "eth": 0.04377388676562077
        }
      },
      "hedge_table": [
        {
          "target": "BTC",
          "hedge": "ETH",
          "hedge_ratio_units": 0.6784786473822159,
          "target_w": 0.5957776118031749,
          "hedge_w": -0.404222388196825
        },
        {
          "target": "ETH",
          "hedge": "BTC",
          "hedge_ratio_units": 1.1905172485148565,
          "target_w": 0.45651318229883264,
          "hedge_w": -0.5434868177011674
        }
      ],
      "examples": [
        {
          "target": "BTC",
          "hedge": "ETH",
          "target_dollars": 59.57776118031749,
          "hedge_dollars": -40.4222388196825,
          "hedge_units_per_target_unit": -0.6784786473822159
        },
        {
          "target": "ETH",
          "hedge": "BTC",
          "target_dollars": 45.651318229883266,
          "hedge_dollars": -54.348681770116734,
          "hedge_units_per_target_unit": -1.1905172485148565
        }
      ]
    }
  },
  "example_notional": 100.0,
  "provider": "cryptocompare"
}