{
  "generated_at": "2026-04-15T09:16:54.709312Z",
  "lookbacks": {
    "30": {
      "lookback_days": 30,
      "corr": 0.9126749714274193,
      "stats": {
        "mean": {
          "btc": 1.5376815967832892e-05,
          "eth": 4.780834164523881e-05
        },
        "std": {
          "btc": 0.004494079431928699,
          "eth": 0.006154916590296405
        },
        "min": {
          "btc": -0.019619547762256384,
          "eth": -0.030096491146448856
        },
        "max": {
          "btc": 0.022874680739771724,
          "eth": 0.041842617860856635
        }
      },
      "hedge_table": [
        {
          "target": "BTC",
          "hedge": "ETH",
          "hedge_ratio_units": 0.666399577793556,
          "target_w": 0.6000961674054662,
          "hedge_w": -0.3999038325945338
        },
        {
          "target": "ETH",
          "hedge": "BTC",
          "hedge_ratio_units": 1.2499641824924568,
          "target_w": 0.4444515196202918,
          "hedge_w": -0.5555484803797082
        }
      ],
      "examples": [
        {
          "target": "BTC",
          "hedge": "ETH",
          "target_dollars": 60.009616740546626,
          "hedge_dollars": -39.99038325945338,
          "hedge_units_per_target_unit": -0.666399577793556
        },
        {
          "target": "ETH",
          "hedge": "BTC",
          "target_dollars": 44.44515196202918,
          "hedge_dollars": -55.554848037970814,
          "hedge_units_per_target_unit": -1.2499641824924568
        }
      ]
    },
    "60": {
      "lookback_days": 60,
      "corr": 0.9152493154401049,
      "stats": {
        "mean": {
          "btc": 5.628410422038982e-05,
          "eth": 0.00010148564546126219
        },
        "std": {
          "btc": 0.005170923048729685,
          "eth": 0.0067226414632884585
        },
        "min": {
          "btc": -0.03612262483146145,
          "eth": -0.04038541666666662
        },
        "max": {
          "btc": 0.029223763595974894,
          "eth": 0.041842617860856635
        }
      },
      "hedge_table": [
        {
          "target": "BTC",
          "hedge": "ETH",
          "hedge_ratio_units": 0.7039916982614535,
          "target_w": 0.5868573192112841,
          "hedge_w": -0.41314268078871585
        },
        {
          "target": "ETH",
          "hedge": "BTC",
          "hedge_ratio_units": 1.1899022552144878,
          "target_w": 0.4566413855316369,
          "hedge_w": -0.5433586144683631
        }
      ],
      "examples": [
        {
          "target": "BTC",
          "hedge": "ETH",
          "target_dollars": 58.685731921128415,
          "hedge_dollars": -41.314268078871585,
          "hedge_units_per_target_unit": -0.7039916982614535
        },
        {
          "target": "ETH",
          "hedge": "BTC",
          "target_dollars": 45.66413855316369,
          "hedge_dollars": -54.33586144683631,
          "hedge_units_per_target_unit": -1.1899022552144878
        }
      ]
    },
    "120": {
      "lookback_days": 120,
      "corr": 0.9018363224507289,
      "stats": {
        "mean": {
          "btc": -4.2043083662269214e-05,
          "eth": -5.822639246620736e-05
        },
        "std": {
          "btc": 0.005233305776566626,
          "eth": 0.0069336613972663394
        },
        "min": {
          "btc": -0.03612262483146145,
          "eth": -0.04170398539552955
        },
        "max": {
          "btc": 0.0349913262434709,
          "eth": 0.04377388676562077
        }
      },
      "hedge_table": [
        {
          "target": "BTC",
          "hedge": "ETH",
          "hedge_ratio_units": 0.6806772014652664,
          "target_w": 0.594998253756384,
          "hedge_w": -0.40500174624361596
        },
        {
          "target": "ETH",
          "hedge": "BTC",
          "hedge_ratio_units": 1.1948523481331208,
          "target_w": 0.45561151338976025,
          "hedge_w": -0.5443884866102399
        }
      ],
      "examples": [
        {
          "target": "BTC",
          "hedge": "ETH",
          "target_dollars": 59.4998253756384,
          "hedge_dollars": -40.5001746243616,
          "hedge_units_per_target_unit": -0.6806772014652664
        },
        {
          "target": "ETH",
          "hedge": "BTC",
          "target_dollars": 45.561151338976025,
          "hedge_dollars": -54.43884866102399,
          "hedge_units_per_target_unit": -1.1948523481331208
        }
      ]
    },
    "150": {
      "lookback_days": 150,
      "corr": 0.9006001475346622,
      "stats": {
        "mean": {
          "btc": -5.915150315004317e-05,
          "eth": -6.588989087877733e-05
        },
        "std": {
          "btc": 0.005292295564895332,
          "eth": 0.007163761475770735
        },
        "min": {
          "btc": -0.03714671634653788,
          "eth": -0.05178573218862892
        },
        "max": {
          "btc": 0.0349913262434709,
          "eth": 0.04377388676562077
        }
      },
      "hedge_table": [
        {
          "target": "BTC",
          "hedge": "ETH",
          "hedge_ratio_units": 0.6653267536422245,
          "target_w": 0.6004827568000736,
          "hedge_w": -0.3995172431999264
        },
        {
          "target": "ETH",
          "hedge": "BTC",
          "hedge_ratio_units": 1.2190711125012255,
          "target_w": 0.4506390058283667,
          "hedge_w": -0.5493609941716332
        }
      ],
      "examples": [
        {
          "target": "BTC",
          "hedge": "ETH",
          "target_dollars": 60.04827568000736,
          "hedge_dollars": -39.951724319992636,
          "hedge_units_per_target_unit": -0.6653267536422245
        },
        {
          "target": "ETH",
          "hedge": "BTC",
          "target_dollars": 45.063900582836666,
          "hedge_dollars": -54.93609941716332,
          "hedge_units_per_target_unit": -1.2190711125012255
        }
      ]
    },
    "180": {
      "lookback_days": 180,
      "corr": 0.895009082752642,
      "stats": {
        "mean": {
          "btc": -6.66534688700937e-05,
          "eth": -8.315654497257082e-05
        },
        "std": {
          "btc": 0.0052107181833942195,
          "eth": 0.007191355526109384
        },
        "min": {
          "btc": -0.03714671634653788,
          "eth": -0.05178573218862892
        },
        "max": {
          "btc": 0.0349913262434709,
          "eth": 0.04377388676562077
        }
      },
      "hedge_table": [
        {
          "target": "BTC",
          "hedge": "ETH",
          "hedge_ratio_units": 0.648506402564867,
          "target_w": 0.6066097155850452,
          "hedge_w": -0.3933902844149548
        },
        {
          "target": "ETH",
          "hedge": "BTC",
          "hedge_ratio_units": 1.2352094829620457,
          "target_w": 0.44738536035326054,
          "hedge_w": -0.5526146396467394
        }
      ],
      "examples": [
        {
          "target": "BTC",
          "hedge": "ETH",
          "target_dollars": 60.660971558504514,
          "hedge_dollars": -39.339028441495486,
          "hedge_units_per_target_unit": -0.648506402564867
        },
        {
          "target": "ETH",
          "hedge": "BTC",
          "target_dollars": 44.73853603532606,
          "hedge_dollars": -55.26146396467394,
          "hedge_units_per_target_unit": -1.2352094829620457
        }
      ]
    }
  },
  "example_notional": 100.0,
  "provider": "cryptocompare"
}