{
  "generated_at": "2026-07-23T10:19:55.855697Z",
  "lookbacks": {
    "30": {
      "lookback_days": 30,
      "corr": 0.9010322242769276,
      "stats": {
        "mean": {
          "btc": 0.001968004689770201,
          "eth": 0.005413643398055053
        },
        "std": {
          "btc": 0.01685302124384196,
          "eth": 0.023428117453354845
        },
        "min": {
          "btc": -0.026694179925385697,
          "eth": -0.03371209129891051
        },
        "max": {
          "btc": 0.043426478660731904,
          "eth": 0.06550874330930889
        }
      },
      "hedge_table": [
        {
          "target": "BTC",
          "hedge": "ETH",
          "hedge_ratio_units": 0.6481577210528611,
          "target_w": 0.6067380489296795,
          "hedge_w": -0.3932619510703204
        },
        {
          "target": "ETH",
          "hedge": "BTC",
          "hedge_ratio_units": 1.2525640639853086,
          "target_w": 0.4439385391910976,
          "hedge_w": -0.5560614608089024
        }
      ],
      "examples": [
        {
          "target": "BTC",
          "hedge": "ETH",
          "target_dollars": 60.67380489296795,
          "hedge_dollars": -39.32619510703204,
          "hedge_units_per_target_unit": -0.6481577210528611
        },
        {
          "target": "ETH",
          "hedge": "BTC",
          "target_dollars": 44.39385391910976,
          "hedge_dollars": -55.60614608089024,
          "hedge_units_per_target_unit": -1.2525640639853086
        }
      ]
    },
    "60": {
      "lookback_days": 60,
      "corr": 0.8875105987786729,
      "stats": {
        "mean": {
          "btc": -0.0023949358033418452,
          "eth": -0.0009677931676581202
        },
        "std": {
          "btc": 0.020004878131612832,
          "eth": 0.028839618656836537
        },
        "min": {
          "btc": -0.06440002855166493,
          "eth": -0.10546611480588552
        },
        "max": {
          "btc": 0.043426478660731904,
          "eth": 0.07597353072906099
        }
      },
      "hedge_table": [
        {
          "target": "BTC",
          "hedge": "ETH",
          "hedge_ratio_units": 0.6156302404807736,
          "target_w": 0.6189535049198036,
          "hedge_w": -0.3810464950801964
        },
        {
          "target": "ETH",
          "hedge": "BTC",
          "hedge_ratio_units": 1.2794612921050583,
          "target_w": 0.43870014527709333,
          "hedge_w": -0.5612998547229067
        }
      ],
      "examples": [
        {
          "target": "BTC",
          "hedge": "ETH",
          "target_dollars": 61.89535049198036,
          "hedge_dollars": -38.10464950801964,
          "hedge_units_per_target_unit": -0.6156302404807736
        },
        {
          "target": "ETH",
          "hedge": "BTC",
          "target_dollars": 43.87001452770933,
          "hedge_dollars": -56.12998547229067,
          "hedge_units_per_target_unit": -1.2794612921050583
        }
      ]
    },
    "120": {
      "lookback_days": 120,
      "corr": 0.8598089694013081,
      "stats": {
        "mean": {
          "btc": -0.00045809102596669737,
          "eth": -0.0006040680739501048
        },
        "std": {
          "btc": 0.019106528060366883,
          "eth": 0.027502848269454067
        },
        "min": {
          "btc": -0.06440002855166493,
          "eth": -0.10546611480588552
        },
        "max": {
          "btc": 0.05407539243617032,
          "eth": 0.08441117821364075
        }
      },
      "hedge_table": [
        {
          "target": "BTC",
          "hedge": "ETH",
          "hedge_ratio_units": 0.5973186500347631,
          "target_w": 0.6260491605593139,
          "hedge_w": -0.3739508394406861
        },
        {
          "target": "ETH",
          "hedge": "BTC",
          "hedge_ratio_units": 1.2376500613532073,
          "target_w": 0.44689740244515946,
          "hedge_w": -0.5531025975548406
        }
      ],
      "examples": [
        {
          "target": "BTC",
          "hedge": "ETH",
          "target_dollars": 62.60491605593139,
          "hedge_dollars": -37.39508394406861,
          "hedge_units_per_target_unit": -0.5973186500347631
        },
        {
          "target": "ETH",
          "hedge": "BTC",
          "target_dollars": 44.689740244515946,
          "hedge_dollars": -55.31025975548406,
          "hedge_units_per_target_unit": -1.2376500613532073
        }
      ]
    },
    "150": {
      "lookback_days": 150,
      "corr": 0.8846178754148023,
      "stats": {
        "mean": {
          "btc": 0.0003547106441796601,
          "eth": 0.0006974048951590366
        },
        "std": {
          "btc": 0.0209521660035267,
          "eth": 0.029707720708549316
        },
        "min": {
          "btc": -0.06440002855166493,
          "eth": -0.10546611480588552
        },
        "max": {
          "btc": 0.0653829902921168,
          "eth": 0.10853490993962267
        }
      },
      "hedge_table": [
        {
          "target": "BTC",
          "hedge": "ETH",
          "hedge_ratio_units": 0.6239004586455573,
          "target_w": 0.6158012916838926,
          "hedge_w": -0.38419870831610725
        },
        {
          "target": "ETH",
          "hedge": "BTC",
          "hedge_ratio_units": 1.2542846774023142,
          "target_w": 0.4435996970676892,
          "hedge_w": -0.5564003029323109
        }
      ],
      "examples": [
        {
          "target": "BTC",
          "hedge": "ETH",
          "target_dollars": 61.58012916838926,
          "hedge_dollars": -38.41987083161072,
          "hedge_units_per_target_unit": -0.6239004586455573
        },
        {
          "target": "ETH",
          "hedge": "BTC",
          "target_dollars": 44.35996970676892,
          "hedge_dollars": -55.64003029323109,
          "hedge_units_per_target_unit": -1.2542846774023142
        }
      ]
    },
    "180": {
      "lookback_days": 180,
      "corr": 0.9038434262350132,
      "stats": {
        "mean": {
          "btc": -0.001342567978272174,
          "eth": -0.001764286454778985
        },
        "std": {
          "btc": 0.025620250451528846,
          "eth": 0.03450247227191038
        },
        "min": {
          "btc": -0.1407210198564942,
          "eth": -0.14906408401127258
        },
        "max": {
          "btc": 0.11937746810242245,
          "eth": 0.12718958751547138
        }
      },
      "hedge_table": [
        {
          "target": "BTC",
          "hedge": "ETH",
          "hedge_ratio_units": 0.6711604538542479,
          "target_w": 0.5983865868137734,
          "hedge_w": -0.4016134131862265
        },
        {
          "target": "ETH",
          "hedge": "BTC",
          "hedge_ratio_units": 1.2171946878825737,
          "target_w": 0.45102038421127666,
          "hedge_w": -0.5489796157887233
        }
      ],
      "examples": [
        {
          "target": "BTC",
          "hedge": "ETH",
          "target_dollars": 59.838658681377346,
          "hedge_dollars": -40.161341318622654,
          "hedge_units_per_target_unit": -0.6711604538542479
        },
        {
          "target": "ETH",
          "hedge": "BTC",
          "target_dollars": 45.102038421127666,
          "hedge_dollars": -54.897961578872334,
          "hedge_units_per_target_unit": -1.2171946878825737
        }
      ]
    }
  },
  "example_notional": 100.0,
  "provider": "coingecko"
}