{
  "generated_at": "2026-05-05T17:21:32.950575Z",
  "lookbacks": {
    "30": {
      "lookback_days": 30,
      "corr": 0.9066831285692665,
      "stats": {
        "mean": {
          "btc": 0.00027134097944109465,
          "eth": 0.00020611036262942566
        },
        "std": {
          "btc": 0.003993717005601438,
          "eth": 0.005327452321323151
        },
        "min": {
          "btc": -0.019619547762256384,
          "eth": -0.02913186092280784
        },
        "max": {
          "btc": 0.022681960554355562,
          "eth": 0.0410922552310693
        }
      },
      "hedge_table": [
        {
          "target": "BTC",
          "hedge": "ETH",
          "hedge_ratio_units": 0.6796937092737146,
          "target_w": 0.595346636400985,
          "hedge_w": -0.404653363599015
        },
        {
          "target": "ETH",
          "hedge": "BTC",
          "hedge_ratio_units": 1.2094775696991205,
          "target_w": 0.452595678595722,
          "hedge_w": -0.5474043214042781
        }
      ],
      "examples": [
        {
          "target": "BTC",
          "hedge": "ETH",
          "target_dollars": 59.53466364009849,
          "hedge_dollars": -40.4653363599015,
          "hedge_units_per_target_unit": -0.6796937092737146
        },
        {
          "target": "ETH",
          "hedge": "BTC",
          "target_dollars": 45.2595678595722,
          "hedge_dollars": -54.74043214042781,
          "hedge_units_per_target_unit": -1.2094775696991205
        }
      ]
    },
    "60": {
      "lookback_days": 60,
      "corr": 0.9060776365567592,
      "stats": {
        "mean": {
          "btc": 0.00013282628552539055,
          "eth": 0.00014232170007713398
        },
        "std": {
          "btc": 0.004298465341775867,
          "eth": 0.005678707972291711
        },
        "min": {
          "btc": -0.019619547762256384,
          "eth": -0.030096491146448856
        },
        "max": {
          "btc": 0.022874680739771724,
          "eth": 0.041842617860856635
        }
      },
      "hedge_table": [
        {
          "target": "BTC",
          "hedge": "ETH",
          "hedge_ratio_units": 0.6858502562028469,
          "target_w": 0.5931724934172783,
          "hedge_w": -0.4068275065827218
        },
        {
          "target": "ETH",
          "hedge": "BTC",
          "hedge_ratio_units": 1.1970203058806919,
          "target_w": 0.45516192878296713,
          "hedge_w": -0.544838071217033
        }
      ],
      "examples": [
        {
          "target": "BTC",
          "hedge": "ETH",
          "target_dollars": 59.31724934172783,
          "hedge_dollars": -40.682750658272184,
          "hedge_units_per_target_unit": -0.6858502562028469
        },
        {
          "target": "ETH",
          "hedge": "BTC",
          "target_dollars": 45.516192878296714,
          "hedge_dollars": -54.4838071217033,
          "hedge_units_per_target_unit": -1.1970203058806919
        }
      ]
    },
    "120": {
      "lookback_days": 120,
      "corr": 0.9020147777443127,
      "stats": {
        "mean": {
          "btc": -3.800417456213752e-05,
          "eth": -8.40865649279647e-05
        },
        "std": {
          "btc": 0.005184964224855278,
          "eth": 0.006863940475927994
        },
        "min": {
          "btc": -0.03612262483146145,
          "eth": -0.04170398539552955
        },
        "max": {
          "btc": 0.0349913262434709,
          "eth": 0.04377388676562077
        }
      },
      "hedge_table": [
        {
          "target": "BTC",
          "hedge": "ETH",
          "hedge_ratio_units": 0.6813745499829287,
          "target_w": 0.5947514787886811,
          "hedge_w": -0.40524852121131894
        },
        {
          "target": "ETH",
          "hedge": "BTC",
          "hedge_ratio_units": 1.1941019213140653,
          "target_w": 0.45576734165616695,
          "hedge_w": -0.544232658343833
        }
      ],
      "examples": [
        {
          "target": "BTC",
          "hedge": "ETH",
          "target_dollars": 59.47514787886811,
          "hedge_dollars": -40.52485212113189,
          "hedge_units_per_target_unit": -0.6813745499829287
        },
        {
          "target": "ETH",
          "hedge": "BTC",
          "target_dollars": 45.57673416561669,
          "hedge_dollars": -54.42326583438331,
          "hedge_units_per_target_unit": -1.1941019213140653
        }
      ]
    },
    "150": {
      "lookback_days": 150,
      "corr": 0.9010717086786658,
      "stats": {
        "mean": {
          "btc": -1.4195146036845882e-05,
          "eth": -4.720920517262589e-05
        },
        "std": {
          "btc": 0.005012200559801127,
          "eth": 0.006717089412777938
        },
        "min": {
          "btc": -0.03612262483146145,
          "eth": -0.04988725258205495
        },
        "max": {
          "btc": 0.0349913262434709,
          "eth": 0.04377388676562077
        }
      },
      "hedge_table": [
        {
          "target": "BTC",
          "hedge": "ETH",
          "hedge_ratio_units": 0.6723674265923418,
          "target_w": 0.5979547222093564,
          "hedge_w": -0.4020452777906436
        },
        {
          "target": "ETH",
          "hedge": "BTC",
          "hedge_ratio_units": 1.2075692427517994,
          "target_w": 0.4529869236416208,
          "hedge_w": -0.5470130763583793
        }
      ],
      "examples": [
        {
          "target": "BTC",
          "hedge": "ETH",
          "target_dollars": 59.79547222093564,
          "hedge_dollars": -40.20452777906436,
          "hedge_units_per_target_unit": -0.6723674265923418
        },
        {
          "target": "ETH",
          "hedge": "BTC",
          "target_dollars": 45.29869236416208,
          "hedge_dollars": -54.70130763583793,
          "hedge_units_per_target_unit": -1.2075692427517994
        }
      ]
    },
    "180": {
      "lookback_days": 180,
      "corr": 0.8976940556939822,
      "stats": {
        "mean": {
          "btc": -3.8382579696653405e-05,
          "eth": -5.477094395970999e-05
        },
        "std": {
          "btc": 0.005101962863309302,
          "eth": 0.00693715524515243
        },
        "min": {
          "btc": -0.03714671634653788,
          "eth": -0.05178573218862892
        },
        "max": {
          "btc": 0.0349913262434709,
          "eth": 0.04377388676562077
        }
      },
      "hedge_table": [
        {
          "target": "BTC",
          "hedge": "ETH",
          "hedge_ratio_units": 0.6602132391320837,
          "target_w": 0.6023322645726967,
          "hedge_w": -0.3976677354273033
        },
        {
          "target": "ETH",
          "hedge": "BTC",
          "hedge_ratio_units": 1.2205974825462254,
          "target_w": 0.4503292505102547,
          "hedge_w": -0.5496707494897454
        }
      ],
      "examples": [
        {
          "target": "BTC",
          "hedge": "ETH",
          "target_dollars": 60.23322645726967,
          "hedge_dollars": -39.766773542730334,
          "hedge_units_per_target_unit": -0.6602132391320837
        },
        {
          "target": "ETH",
          "hedge": "BTC",
          "target_dollars": 45.032925051025465,
          "hedge_dollars": -54.967074948974535,
          "hedge_units_per_target_unit": -1.2205974825462254
        }
      ]
    }
  },
  "example_notional": 100.0,
  "provider": "cryptocompare"
}