{
  "generated_at": "2026-04-15T02:23:35.970219Z",
  "lookbacks": {
    "30": {
      "lookback_days": 30,
      "corr": 0.9120135028851118,
      "stats": {
        "mean": {
          "btc": 2.8047425950251254e-05,
          "eth": 7.773424581239793e-05
        },
        "std": {
          "btc": 0.004509502188894813,
          "eth": 0.006193248147728613
        },
        "min": {
          "btc": -0.019619547762256384,
          "eth": -0.030096491146448856
        },
        "max": {
          "btc": 0.022874680739771724,
          "eth": 0.041842617860856635
        }
      },
      "hedge_table": [
        {
          "target": "BTC",
          "hedge": "ETH",
          "hedge_ratio_units": 0.6640662200933106,
          "target_w": 0.6009376237106274,
          "hedge_w": -0.3990623762893726
        },
        {
          "target": "ETH",
          "hedge": "BTC",
          "hedge_ratio_units": 1.2525386840605996,
          "target_w": 0.4439435411592235,
          "hedge_w": -0.5560564588407765
        }
      ],
      "examples": [
        {
          "target": "BTC",
          "hedge": "ETH",
          "target_dollars": 60.093762371062745,
          "hedge_dollars": -39.906237628937255,
          "hedge_units_per_target_unit": -0.6640662200933106
        },
        {
          "target": "ETH",
          "hedge": "BTC",
          "target_dollars": 44.394354115922354,
          "hedge_dollars": -55.605645884077646,
          "hedge_units_per_target_unit": -1.2525386840605996
        }
      ]
    },
    "60": {
      "lookback_days": 60,
      "corr": 0.9151811465171976,
      "stats": {
        "mean": {
          "btc": 6.751766234515794e-05,
          "eth": 0.00011102471391847845
        },
        "std": {
          "btc": 0.005172298104416701,
          "eth": 0.006726085135891537
        },
        "min": {
          "btc": -0.03612262483146145,
          "eth": -0.04038541666666662
        },
        "max": {
          "btc": 0.029223763595974894,
          "eth": 0.041842617860856635
        }
      },
      "hedge_table": [
        {
          "target": "BTC",
          "hedge": "ETH",
          "hedge_ratio_units": 0.7037659520646806,
          "target_w": 0.586935076844426,
          "hedge_w": -0.41306492315557397
        },
        {
          "target": "ETH",
          "hedge": "BTC",
          "hedge_ratio_units": 1.1901066377015574,
          "target_w": 0.45659877139565497,
          "hedge_w": -0.543401228604345
        }
      ],
      "examples": [
        {
          "target": "BTC",
          "hedge": "ETH",
          "target_dollars": 58.6935076844426,
          "hedge_dollars": -41.3064923155574,
          "hedge_units_per_target_unit": -0.7037659520646806
        },
        {
          "target": "ETH",
          "hedge": "BTC",
          "target_dollars": 45.659877139565495,
          "hedge_dollars": -54.340122860434505,
          "hedge_units_per_target_unit": -1.1901066377015574
        }
      ]
    },
    "120": {
      "lookback_days": 120,
      "corr": 0.9017991462807037,
      "stats": {
        "mean": {
          "btc": -3.54321918934927e-05,
          "eth": -5.597175908285172e-05
        },
        "std": {
          "btc": 0.005235620121400866,
          "eth": 0.006936997459846879
        },
        "min": {
          "btc": -0.03612262483146145,
          "eth": -0.04170398539552955
        },
        "max": {
          "btc": 0.0349913262434709,
          "eth": 0.04377388676562077
        }
      },
      "hedge_table": [
        {
          "target": "BTC",
          "hedge": "ETH",
          "hedge_ratio_units": 0.6806226732903535,
          "target_w": 0.5950175586065264,
          "hedge_w": -0.4049824413934736
        },
        {
          "target": "ETH",
          "hedge": "BTC",
          "hedge_ratio_units": 1.1948495578337532,
          "target_w": 0.45561209260600455,
          "hedge_w": -0.5443879073939956
        }
      ],
      "examples": [
        {
          "target": "BTC",
          "hedge": "ETH",
          "target_dollars": 59.501755860652636,
          "hedge_dollars": -40.498244139347364,
          "hedge_units_per_target_unit": -0.6806226732903535
        },
        {
          "target": "ETH",
          "hedge": "BTC",
          "target_dollars": 45.56120926060046,
          "hedge_dollars": -54.43879073939956,
          "hedge_units_per_target_unit": -1.1948495578337532
        }
      ]
    },
    "150": {
      "lookback_days": 150,
      "corr": 0.9005956293291555,
      "stats": {
        "mean": {
          "btc": -5.566015915012545e-05,
          "eth": -6.231134189621079e-05
        },
        "std": {
          "btc": 0.005291687365752717,
          "eth": 0.007164918775927231
        },
        "min": {
          "btc": -0.03714671634653788,
          "eth": -0.05178573218862892
        },
        "max": {
          "btc": 0.0349913262434709,
          "eth": 0.04377388676562077
        }
      },
      "hedge_table": [
        {
          "target": "BTC",
          "hedge": "ETH",
          "hedge_ratio_units": 0.6651395029605861,
          "target_w": 0.6005502831576689,
          "hedge_w": -0.39944971684233116
        },
        {
          "target": "ETH",
          "hedge": "BTC",
          "hedge_ratio_units": 1.2194020712296185,
          "target_w": 0.45057180623696935,
          "hedge_w": -0.5494281937630308
        }
      ],
      "examples": [
        {
          "target": "BTC",
          "hedge": "ETH",
          "target_dollars": 60.05502831576689,
          "hedge_dollars": -39.94497168423312,
          "hedge_units_per_target_unit": -0.6651395029605861
        },
        {
          "target": "ETH",
          "hedge": "BTC",
          "target_dollars": 45.05718062369694,
          "hedge_dollars": -54.94281937630308,
          "hedge_units_per_target_unit": -1.2194020712296185
        }
      ]
    },
    "180": {
      "lookback_days": 180,
      "corr": 0.8951752576952181,
      "stats": {
        "mean": {
          "btc": -7.484449960034963e-05,
          "eth": -9.511600050770072e-05
        },
        "std": {
          "btc": 0.005218813845545615,
          "eth": 0.007204024504635232
        },
        "min": {
          "btc": -0.03714671634653788,
          "eth": -0.05178573218862892
        },
        "max": {
          "btc": 0.0349913262434709,
          "eth": 0.04377388676562077
        }
      },
      "hedge_table": [
        {
          "target": "BTC",
          "hedge": "ETH",
          "hedge_ratio_units": 0.6484921068832785,
          "target_w": 0.6066149760890575,
          "hedge_w": -0.3933850239109425
        },
        {
          "target": "ETH",
          "hedge": "BTC",
          "hedge_ratio_units": 1.2356954440679604,
          "target_w": 0.4472881146013563,
          "hedge_w": -0.5527118853986437
        }
      ],
      "examples": [
        {
          "target": "BTC",
          "hedge": "ETH",
          "target_dollars": 60.66149760890575,
          "hedge_dollars": -39.33850239109425,
          "hedge_units_per_target_unit": -0.6484921068832785
        },
        {
          "target": "ETH",
          "hedge": "BTC",
          "target_dollars": 44.72881146013563,
          "hedge_dollars": -55.27118853986437,
          "hedge_units_per_target_unit": -1.2356954440679604
        }
      ]
    }
  },
  "example_notional": 100.0,
  "provider": "cryptocompare"
}