{
  "generated_at": "2026-03-27T16:53:28.917858Z",
  "lookbacks": {
    "30": {
      "lookback_days": 30,
      "corr": 0.9125017440898452,
      "stats": {
        "mean": {
          "btc": -4.3544244045336e-05,
          "eth": -3.601942690928325e-05
        },
        "std": {
          "btc": 0.005560400642568388,
          "eth": 0.0071760463215921316
        },
        "min": {
          "btc": -0.03612262483146145,
          "eth": -0.04038541666666662
        },
        "max": {
          "btc": 0.029223763595974894,
          "eth": 0.041842617860856635
        }
      },
      "hedge_table": [
        {
          "target": "BTC",
          "hedge": "ETH",
          "hedge_ratio_units": 0.7070572090532746,
          "target_w": 0.5858034485877571,
          "hedge_w": -0.414196551412243
        },
        {
          "target": "ETH",
          "hedge": "BTC",
          "hedge_ratio_units": 1.17764082213646,
          "target_w": 0.45921255233400277,
          "hedge_w": -0.5407874476659972
        }
      ],
      "examples": [
        {
          "target": "BTC",
          "hedge": "ETH",
          "target_dollars": 58.58034485877571,
          "hedge_dollars": -41.4196551412243,
          "hedge_units_per_target_unit": -0.7070572090532746
        },
        {
          "target": "ETH",
          "hedge": "BTC",
          "target_dollars": 45.921255233400274,
          "hedge_dollars": -54.07874476659972,
          "hedge_units_per_target_unit": -1.17764082213646
        }
      ]
    },
    "60": {
      "lookback_days": 60,
      "corr": 0.9026702137412619,
      "stats": {
        "mean": {
          "btc": -0.0001793032328419147,
          "eth": -0.00023260616633324164
        },
        "std": {
          "btc": 0.006197280082477452,
          "eth": 0.008089203619047318
        },
        "min": {
          "btc": -0.03612262483146145,
          "eth": -0.04170398539552955
        },
        "max": {
          "btc": 0.0349913262434709,
          "eth": 0.04260060177264258
        }
      },
      "hedge_table": [
        {
          "target": "BTC",
          "hedge": "ETH",
          "hedge_ratio_units": 0.6915514060608126,
          "target_w": 0.5911732841325481,
          "hedge_w": -0.4088267158674519
        },
        {
          "target": "ETH",
          "hedge": "BTC",
          "hedge_ratio_units": 1.178239979898246,
          "target_w": 0.45908623899498624,
          "hedge_w": -0.5409137610050139
        }
      ],
      "examples": [
        {
          "target": "BTC",
          "hedge": "ETH",
          "target_dollars": 59.11732841325481,
          "hedge_dollars": -40.88267158674519,
          "hedge_units_per_target_unit": -0.6915514060608126
        },
        {
          "target": "ETH",
          "hedge": "BTC",
          "target_dollars": 45.90862389949862,
          "hedge_dollars": -54.091376100501385,
          "hedge_units_per_target_unit": -1.178239979898246
        }
      ]
    },
    "120": {
      "lookback_days": 120,
      "corr": 0.8992075270766977,
      "stats": {
        "mean": {
          "btc": -9.998310680655577e-05,
          "eth": -0.00012023259406930771
        },
        "std": {
          "btc": 0.005322433008363269,
          "eth": 0.0071596439242174615
        },
        "min": {
          "btc": -0.03714671634653788,
          "eth": -0.05178573218862892
        },
        "max": {
          "btc": 0.0349913262434709,
          "eth": 0.04377388676562077
        }
      },
      "hedge_table": [
        {
          "target": "BTC",
          "hedge": "ETH",
          "hedge_ratio_units": 0.6684650625282071,
          "target_w": 0.5993532753300275,
          "hedge_w": -0.40064672466997253
        },
        {
          "target": "ETH",
          "hedge": "BTC",
          "hedge_ratio_units": 1.2095982603687245,
          "target_w": 0.45257095732557556,
          "hedge_w": -0.5474290426744245
        }
      ],
      "examples": [
        {
          "target": "BTC",
          "hedge": "ETH",
          "target_dollars": 59.93532753300275,
          "hedge_dollars": -40.06467246699725,
          "hedge_units_per_target_unit": -0.6684650625282071
        },
        {
          "target": "ETH",
          "hedge": "BTC",
          "target_dollars": 45.25709573255756,
          "hedge_dollars": -54.74290426744245,
          "hedge_units_per_target_unit": -1.2095982603687245
        }
      ]
    },
    "150": {
      "lookback_days": 150,
      "corr": 0.8942048913914507,
      "stats": {
        "mean": {
          "btc": -0.000141245088379703,
          "eth": -0.00017699949502000194
        },
        "std": {
          "btc": 0.005372813606531969,
          "eth": 0.0073997501795139186
        },
        "min": {
          "btc": -0.03714671634653788,
          "eth": -0.05178573218862892
        },
        "max": {
          "btc": 0.0349913262434709,
          "eth": 0.04377388676562077
        }
      },
      "hedge_table": [
        {
          "target": "BTC",
          "hedge": "ETH",
          "hedge_ratio_units": 0.6492646496088904,
          "target_w": 0.6063308276431814,
          "hedge_w": -0.3936691723568187
        },
        {
          "target": "ETH",
          "hedge": "BTC",
          "hedge_ratio_units": 1.231550783290092,
          "target_w": 0.44811886311887905,
          "hedge_w": -0.5518811368811211
        }
      ],
      "examples": [
        {
          "target": "BTC",
          "hedge": "ETH",
          "target_dollars": 60.63308276431813,
          "hedge_dollars": -39.36691723568187,
          "hedge_units_per_target_unit": -0.6492646496088904
        },
        {
          "target": "ETH",
          "hedge": "BTC",
          "target_dollars": 44.8118863118879,
          "hedge_dollars": -55.188113688112104,
          "hedge_units_per_target_unit": -1.231550783290092
        }
      ]
    },
    "180": {
      "lookback_days": 180,
      "corr": 0.8828448556832482,
      "stats": {
        "mean": {
          "btc": -0.00010575871390166001,
          "eth": -0.00013745007393641136
        },
        "std": {
          "btc": 0.005217357425813517,
          "eth": 0.007378364398155018
        },
        "min": {
          "btc": -0.03714671634653788,
          "eth": -0.05178573218862892
        },
        "max": {
          "btc": 0.0349913262434709,
          "eth": 0.04377388676562077
        }
      },
      "hedge_table": [
        {
          "target": "BTC",
          "hedge": "ETH",
          "hedge_ratio_units": 0.624273472423242,
          "target_w": 0.6156598731543077,
          "hedge_w": -0.3843401268456924
        },
        {
          "target": "ETH",
          "hedge": "BTC",
          "hedge_ratio_units": 1.24851539211,
          "target_w": 0.4447378939494842,
          "hedge_w": -0.5552621060505158
        }
      ],
      "examples": [
        {
          "target": "BTC",
          "hedge": "ETH",
          "target_dollars": 61.56598731543077,
          "hedge_dollars": -38.43401268456924,
          "hedge_units_per_target_unit": -0.624273472423242
        },
        {
          "target": "ETH",
          "hedge": "BTC",
          "target_dollars": 44.47378939494842,
          "hedge_dollars": -55.52621060505159,
          "hedge_units_per_target_unit": -1.24851539211
        }
      ]
    }
  },
  "example_notional": 100.0,
  "provider": "cryptocompare"
}