{
  "generated_at": "2026-02-06T08:39:11.955038Z",
  "lookbacks": {
    "30": {
      "lookback_days": 30,
      "corr": 0.896803872260791,
      "stats": {
        "mean": {
          "btc": -0.00046697590333203917,
          "eth": -0.0007064040075900893
        },
        "std": {
          "btc": 0.005697532749978883,
          "eth": 0.00807398276203539
        },
        "min": {
          "btc": -0.031142278584685545,
          "eth": -0.04170398539552955
        },
        "max": {
          "btc": 0.0349913262434709,
          "eth": 0.04377388676562077
        }
      },
      "hedge_table": [
        {
          "target": "BTC",
          "hedge": "ETH",
          "hedge_ratio_units": 0.6328437381040001,
          "target_w": 0.6124284747303281,
          "hedge_w": -0.387571525269672
        },
        {
          "target": "ETH",
          "hedge": "BTC",
          "hedge_ratio_units": 1.2708622000614305,
          "target_w": 0.4403613746236774,
          "hedge_w": -0.5596386253763225
        }
      ],
      "examples": [
        {
          "target": "BTC",
          "hedge": "ETH",
          "target_dollars": 61.24284747303281,
          "hedge_dollars": -38.7571525269672,
          "hedge_units_per_target_unit": -0.6328437381040001
        },
        {
          "target": "ETH",
          "hedge": "BTC",
          "target_dollars": 44.03613746236774,
          "hedge_dollars": -55.963862537632245,
          "hedge_units_per_target_unit": -1.2708622000614305
        }
      ]
    },
    "60": {
      "lookback_days": 60,
      "corr": 0.8974470762546369,
      "stats": {
        "mean": {
          "btc": -0.00023105017818540342,
          "eth": -0.0003358291445234371
        },
        "std": {
          "btc": 0.00501796127788541,
          "eth": 0.0070677846734073825
        },
        "min": {
          "btc": -0.031142278584685545,
          "eth": -0.04988725258205495
        },
        "max": {
          "btc": 0.0349913262434709,
          "eth": 0.04377388676562077
        }
      },
      "hedge_table": [
        {
          "target": "BTC",
          "hedge": "ETH",
          "hedge_ratio_units": 0.6371663662223842,
          "target_w": 0.6108114731842501,
          "hedge_w": -0.38918852681574995
        },
        {
          "target": "ETH",
          "hedge": "BTC",
          "hedge_ratio_units": 1.2640517412321965,
          "target_w": 0.4416860188255927,
          "hedge_w": -0.5583139811744072
        }
      ],
      "examples": [
        {
          "target": "BTC",
          "hedge": "ETH",
          "target_dollars": 61.08114731842501,
          "hedge_dollars": -38.918852681575,
          "hedge_units_per_target_unit": -0.6371663662223842
        },
        {
          "target": "ETH",
          "hedge": "BTC",
          "target_dollars": 44.16860188255927,
          "hedge_dollars": -55.83139811744072,
          "hedge_units_per_target_unit": -1.2640517412321965
        }
      ]
    },
    "120": {
      "lookback_days": 120,
      "corr": 0.8805534649261512,
      "stats": {
        "mean": {
          "btc": -0.00020646829888748108,
          "eth": -0.0002616267104298859
        },
        "std": {
          "btc": 0.0051315191774726245,
          "eth": 0.007577341005952559
        },
        "min": {
          "btc": -0.03714671634653788,
          "eth": -0.05178573218862892
        },
        "max": {
          "btc": 0.0349913262434709,
          "eth": 0.04377388676562077
        }
      },
      "hedge_table": [
        {
          "target": "BTC",
          "hedge": "ETH",
          "hedge_ratio_units": 0.5963275228749554,
          "target_w": 0.6264378616983431,
          "hedge_w": -0.37356213830165685
        },
        {
          "target": "ETH",
          "hedge": "BTC",
          "hedge_ratio_units": 1.3002492336011793,
          "target_w": 0.4347354996981955,
          "hedge_w": -0.5652645003018044
        }
      ],
      "examples": [
        {
          "target": "BTC",
          "hedge": "ETH",
          "target_dollars": 62.643786169834314,
          "hedge_dollars": -37.356213830165686,
          "hedge_units_per_target_unit": -0.5963275228749554
        },
        {
          "target": "ETH",
          "hedge": "BTC",
          "target_dollars": 43.47354996981955,
          "hedge_dollars": -56.52645003018044,
          "hedge_units_per_target_unit": -1.3002492336011793
        }
      ]
    },
    "150": {
      "lookback_days": 150,
      "corr": 0.8724887632657758,
      "stats": {
        "mean": {
          "btc": -0.00014327038049525735,
          "eth": -0.00020800069962406836
        },
        "std": {
          "btc": 0.004775889592763908,
          "eth": 0.007151790925311117
        },
        "min": {
          "btc": -0.03714671634653788,
          "eth": -0.05178573218862892
        },
        "max": {
          "btc": 0.0349913262434709,
          "eth": 0.04377388676562077
        }
      },
      "hedge_table": [
        {
          "target": "BTC",
          "hedge": "ETH",
          "hedge_ratio_units": 0.5826386771930421,
          "target_w": 0.6318561617447601,
          "hedge_w": -0.3681438382552399
        },
        {
          "target": "ETH",
          "hedge": "BTC",
          "hedge_ratio_units": 1.3065329711587739,
          "target_w": 0.4335511403930256,
          "hedge_w": -0.5664488596069744
        }
      ],
      "examples": [
        {
          "target": "BTC",
          "hedge": "ETH",
          "target_dollars": 63.18561617447601,
          "hedge_dollars": -36.81438382552399,
          "hedge_units_per_target_unit": -0.5826386771930421
        },
        {
          "target": "ETH",
          "hedge": "BTC",
          "target_dollars": 43.35511403930256,
          "hedge_dollars": -56.644885960697444,
          "hedge_units_per_target_unit": -1.3065329711587739
        }
      ]
    },
    "180": {
      "lookback_days": 180,
      "corr": 0.8536434681504055,
      "stats": {
        "mean": {
          "btc": -0.00012890911497299726,
          "eth": -0.00016160546710455027
        },
        "std": {
          "btc": 0.004612718993824708,
          "eth": 0.007207935489283739
        },
        "min": {
          "btc": -0.03714671634653788,
          "eth": -0.05178573218862892
        },
        "max": {
          "btc": 0.0349913262434709,
          "eth": 0.0757825447476439
        }
      },
      "hedge_table": [
        {
          "target": "BTC",
          "hedge": "ETH",
          "hedge_ratio_units": 0.5462892176748739,
          "target_w": 0.646709547327557,
          "hedge_w": -0.35329045267244297
        },
        {
          "target": "ETH",
          "hedge": "BTC",
          "hedge_ratio_units": 1.3339219357420034,
          "target_w": 0.4284633451898548,
          "hedge_w": -0.5715366548101453
        }
      ],
      "examples": [
        {
          "target": "BTC",
          "hedge": "ETH",
          "target_dollars": 64.6709547327557,
          "hedge_dollars": -35.3290452672443,
          "hedge_units_per_target_unit": -0.5462892176748739
        },
        {
          "target": "ETH",
          "hedge": "BTC",
          "target_dollars": 42.84633451898548,
          "hedge_dollars": -57.15366548101453,
          "hedge_units_per_target_unit": -1.3339219357420034
        }
      ]
    }
  },
  "example_notional": 100.0,
  "provider": "cryptocompare"
}