{
  "generated_at": "2026-02-19T16:50:44.788976Z",
  "lookbacks": {
    "30": {
      "lookback_days": 30,
      "corr": 0.8941532650415411,
      "stats": {
        "mean": {
          "btc": -0.00039873153275070975,
          "eth": -0.0005783061895449643
        },
        "std": {
          "btc": 0.006593473060727167,
          "eth": 0.008926550657001315
        },
        "min": {
          "btc": -0.031142278584685545,
          "eth": -0.04170398539552955
        },
        "max": {
          "btc": 0.0349913262434709,
          "eth": 0.04377388676562077
        }
      },
      "hedge_table": [
        {
          "target": "BTC",
          "hedge": "ETH",
          "hedge_ratio_units": 0.6604539302746906,
          "target_w": 0.602244953483635,
          "hedge_w": -0.39775504651636495
        },
        {
          "target": "ETH",
          "hedge": "BTC",
          "hedge_ratio_units": 1.2105462996516998,
          "target_w": 0.4523768627499741,
          "hedge_w": -0.547623137250026
        }
      ],
      "examples": [
        {
          "target": "BTC",
          "hedge": "ETH",
          "target_dollars": 60.224495348363504,
          "hedge_dollars": -39.775504651636496,
          "hedge_units_per_target_unit": -0.6604539302746906
        },
        {
          "target": "ETH",
          "hedge": "BTC",
          "target_dollars": 45.23768627499741,
          "hedge_dollars": -54.7623137250026,
          "hedge_units_per_target_unit": -1.2105462996516998
        }
      ]
    },
    "60": {
      "lookback_days": 60,
      "corr": 0.8875140980412616,
      "stats": {
        "mean": {
          "btc": -0.00018562557510587414,
          "eth": -0.00028084419649398876
        },
        "std": {
          "btc": 0.005245378667636458,
          "eth": 0.007056126563925056
        },
        "min": {
          "btc": -0.031142278584685545,
          "eth": -0.04170398539552955
        },
        "max": {
          "btc": 0.0349913262434709,
          "eth": 0.04377388676562077
        }
      },
      "hedge_table": [
        {
          "target": "BTC",
          "hedge": "ETH",
          "hedge_ratio_units": 0.6597596393597922,
          "target_w": 0.6024968774308328,
          "hedge_w": -0.3975031225691672
        },
        {
          "target": "ETH",
          "hedge": "BTC",
          "hedge_ratio_units": 1.1938912707457106,
          "target_w": 0.455811103008809,
          "hedge_w": -0.544188896991191
        }
      ],
      "examples": [
        {
          "target": "BTC",
          "hedge": "ETH",
          "target_dollars": 60.24968774308328,
          "hedge_dollars": -39.75031225691672,
          "hedge_units_per_target_unit": -0.6597596393597922
        },
        {
          "target": "ETH",
          "hedge": "BTC",
          "target_dollars": 45.5811103008809,
          "hedge_dollars": -54.4188896991191,
          "hedge_units_per_target_unit": -1.1938912707457106
        }
      ]
    },
    "120": {
      "lookback_days": 120,
      "corr": 0.8866328439919183,
      "stats": {
        "mean": {
          "btc": -0.00015525757786457158,
          "eth": -0.0002102592754772931
        },
        "std": {
          "btc": 0.0052210541953573225,
          "eth": 0.007396773659834766
        },
        "min": {
          "btc": -0.03714671634653788,
          "eth": -0.05178573218862892
        },
        "max": {
          "btc": 0.0349913262434709,
          "eth": 0.04377388676562077
        }
      },
      "hedge_table": [
        {
          "target": "BTC",
          "hedge": "ETH",
          "hedge_ratio_units": 0.6258347683399317,
          "target_w": 0.6150686524074375,
          "hedge_w": -0.3849313475925626
        },
        {
          "target": "ETH",
          "hedge": "BTC",
          "hedge_ratio_units": 1.2561107816531625,
          "target_w": 0.44324064586369794,
          "hedge_w": -0.5567593541363022
        }
      ],
      "examples": [
        {
          "target": "BTC",
          "hedge": "ETH",
          "target_dollars": 61.50686524074375,
          "hedge_dollars": -38.49313475925626,
          "hedge_units_per_target_unit": -0.6258347683399317
        },
        {
          "target": "ETH",
          "hedge": "BTC",
          "target_dollars": 44.32406458636979,
          "hedge_dollars": -55.67593541363022,
          "hedge_units_per_target_unit": -1.2561107816531625
        }
      ]
    },
    "150": {
      "lookback_days": 150,
      "corr": 0.8751022719346025,
      "stats": {
        "mean": {
          "btc": -0.00013412452113931395,
          "eth": -0.00018789655471728055
        },
        "std": {
          "btc": 0.0050556560013324285,
          "eth": 0.007378811048318972
        },
        "min": {
          "btc": -0.03714671634653788,
          "eth": -0.05178573218862892
        },
        "max": {
          "btc": 0.0349913262434709,
          "eth": 0.04377388676562077
        }
      },
      "hedge_table": [
        {
          "target": "BTC",
          "hedge": "ETH",
          "hedge_ratio_units": 0.5995838657358943,
          "target_w": 0.6251625947351916,
          "hedge_w": -0.3748374052648084
        },
        {
          "target": "ETH",
          "hedge": "BTC",
          "hedge_ratio_units": 1.2772258062768247,
          "target_w": 0.4391308043513529,
          "hedge_w": -0.5608691956486472
        }
      ],
      "examples": [
        {
          "target": "BTC",
          "hedge": "ETH",
          "target_dollars": 62.51625947351916,
          "hedge_dollars": -37.483740526480844,
          "hedge_units_per_target_unit": -0.5995838657358943
        },
        {
          "target": "ETH",
          "hedge": "BTC",
          "target_dollars": 43.913080435135285,
          "hedge_dollars": -56.08691956486472,
          "hedge_units_per_target_unit": -1.2772258062768247
        }
      ]
    },
    "180": {
      "lookback_days": 180,
      "corr": 0.8667905058116762,
      "stats": {
        "mean": {
          "btc": -0.00011620366239055015,
          "eth": -0.00018411598282541239
        },
        "std": {
          "btc": 0.004794436485973289,
          "eth": 0.00711749806263585
        },
        "min": {
          "btc": -0.03714671634653788,
          "eth": -0.05178573218862892
        },
        "max": {
          "btc": 0.0349913262434709,
          "eth": 0.04377388676562077
        }
      },
      "hedge_table": [
        {
          "target": "BTC",
          "hedge": "ETH",
          "hedge_ratio_units": 0.5838810197328975,
          "target_w": 0.6313605552067528,
          "hedge_w": -0.36863944479324723
        },
        {
          "target": "ETH",
          "hedge": "BTC",
          "hedge_ratio_units": 1.2867789079853345,
          "target_w": 0.43729631951214987,
          "hedge_w": -0.5627036804878501
        }
      ],
      "examples": [
        {
          "target": "BTC",
          "hedge": "ETH",
          "target_dollars": 63.136055520675285,
          "hedge_dollars": -36.86394447932472,
          "hedge_units_per_target_unit": -0.5838810197328975
        },
        {
          "target": "ETH",
          "hedge": "BTC",
          "target_dollars": 43.729631951214984,
          "hedge_dollars": -56.270368048785016,
          "hedge_units_per_target_unit": -1.2867789079853345
        }
      ]
    }
  },
  "example_notional": 100.0,
  "provider": "cryptocompare"
}