{
  "generated_at": "2026-01-02T21:32:18.898900+00:00Z",
  "lookbacks": {
    "30": {
      "lookback_days": 30,
      "corr": 0.8969997443614033,
      "stats": {
        "mean": {
          "btc": -4.8893817087534874e-05,
          "eth": -8.826249391082143e-06
        },
        "std": {
          "btc": 0.004375722902995443,
          "eth": 0.0062919829287847034
        },
        "min": {
          "btc": -0.027358625956130256,
          "eth": -0.04988725258205495
        },
        "max": {
          "btc": 0.026004133739085944,
          "eth": 0.04132265866066209
        }
      },
      "hedge_table": [
        {
          "target": "BTC",
          "hedge": "ETH",
          "hedge_ratio_units": 0.6238132508953529,
          "target_w": 0.6158343636182368,
          "hedge_w": -0.38416563638176315
        },
        {
          "target": "ETH",
          "hedge": "BTC",
          "hedge_ratio_units": 1.2898227798617234,
          "target_w": 0.4367150195179678,
          "hedge_w": -0.5632849804820321
        }
      ],
      "examples": [
        {
          "target": "BTC",
          "hedge": "ETH",
          "target_dollars": 61.583436361823686,
          "hedge_dollars": -38.416563638176314,
          "hedge_units_per_target_unit": -0.6238132508953529
        },
        {
          "target": "ETH",
          "hedge": "BTC",
          "target_dollars": 43.671501951796785,
          "hedge_dollars": -56.328498048203215,
          "hedge_units_per_target_unit": -1.2898227798617234
        }
      ]
    },
    "60": {
      "lookback_days": 60,
      "corr": 0.8878066413785759,
      "stats": {
        "mean": {
          "btc": -0.0001044121337405255,
          "eth": -6.894362036096095e-05
        },
        "std": {
          "btc": 0.0050672649264165434,
          "eth": 0.0074067765059662805
        },
        "min": {
          "btc": -0.03714671634653788,
          "eth": -0.05178573218862892
        },
        "max": {
          "btc": 0.026004133739085944,
          "eth": 0.04132265866066209
        }
      },
      "hedge_table": [
        {
          "target": "BTC",
          "hedge": "ETH",
          "hedge_ratio_units": 0.6073831783196793,
          "target_w": 0.6221291932676417,
          "hedge_w": -0.37787080673235823
        },
        {
          "target": "ETH",
          "hedge": "BTC",
          "hedge_ratio_units": 1.2976991471124673,
          "target_w": 0.4352179880715481,
          "hedge_w": -0.5647820119284519
        }
      ],
      "examples": [
        {
          "target": "BTC",
          "hedge": "ETH",
          "target_dollars": 62.21291932676417,
          "hedge_dollars": -37.78708067323582,
          "hedge_units_per_target_unit": -0.6073831783196793
        },
        {
          "target": "ETH",
          "hedge": "BTC",
          "target_dollars": 43.52179880715481,
          "hedge_dollars": -56.47820119284519,
          "hedge_units_per_target_unit": -1.2976991471124673
        }
      ]
    },
    "120": {
      "lookback_days": 120,
      "corr": 0.8647791999356748,
      "stats": {
        "mean": {
          "btc": -6.439116751614921e-05,
          "eth": -9.025938899152534e-05
        },
        "std": {
          "btc": 0.004512534515907228,
          "eth": 0.006925943153922233
        },
        "min": {
          "btc": -0.03714671634653788,
          "eth": -0.05178573218862892
        },
        "max": {
          "btc": 0.03468753462614105,
          "eth": 0.04368288914132212
        }
      },
      "hedge_table": [
        {
          "target": "BTC",
          "hedge": "ETH",
          "hedge_ratio_units": 0.5634389283340322,
          "target_w": 0.6396156459181805,
          "hedge_w": -0.36038435408181946
        },
        {
          "target": "ETH",
          "hedge": "BTC",
          "hedge_ratio_units": 1.327283272479232,
          "target_w": 0.4296855530331337,
          "hedge_w": -0.5703144469668663
        }
      ],
      "examples": [
        {
          "target": "BTC",
          "hedge": "ETH",
          "target_dollars": 63.96156459181805,
          "hedge_dollars": -36.03843540818195,
          "hedge_units_per_target_unit": -0.5634389283340322
        },
        {
          "target": "ETH",
          "hedge": "BTC",
          "target_dollars": 42.96855530331337,
          "hedge_dollars": -57.03144469668663,
          "hedge_units_per_target_unit": -1.327283272479232
        }
      ]
    },
    "150": {
      "lookback_days": 150,
      "corr": 0.8363438540956253,
      "stats": {
        "mean": {
          "btc": -5.627297282001816e-05,
          "eth": -1.4070033529650159e-05
        },
        "std": {
          "btc": 0.004346798160141941,
          "eth": 0.007078523252093842
        },
        "min": {
          "btc": -0.03714671634653788,
          "eth": -0.05178573218862892
        },
        "max": {
          "btc": 0.03468753462614105,
          "eth": 0.0757825447476439
        }
      },
      "hedge_table": [
        {
          "target": "BTC",
          "hedge": "ETH",
          "hedge_ratio_units": 0.5135842317327304,
          "target_w": 0.6606834155871284,
          "hedge_w": -0.3393165844128716
        },
        {
          "target": "ETH",
          "hedge": "BTC",
          "hedge_ratio_units": 1.3619402603612836,
          "target_w": 0.4233807335360123,
          "hedge_w": -0.5766192664639878
        }
      ],
      "examples": [
        {
          "target": "BTC",
          "hedge": "ETH",
          "target_dollars": 66.06834155871285,
          "hedge_dollars": -33.93165844128716,
          "hedge_units_per_target_unit": -0.5135842317327304
        },
        {
          "target": "ETH",
          "hedge": "BTC",
          "target_dollars": 42.33807335360123,
          "hedge_dollars": -57.661926646398776,
          "hedge_units_per_target_unit": -1.3619402603612836
        }
      ]
    },
    "180": {
      "lookback_days": 180,
      "corr": 0.8251315261331874,
      "stats": {
        "mean": {
          "btc": -3.618860293296884e-05,
          "eth": 6.874207233264142e-05
        },
        "std": {
          "btc": 0.004207127631469011,
          "eth": 0.007023881553076257
        },
        "min": {
          "btc": -0.03714671634653788,
          "eth": -0.05178573218862892
        },
        "max": {
          "btc": 0.03468753462614105,
          "eth": 0.0757825447476439
        }
      },
      "hedge_table": [
        {
          "target": "BTC",
          "hedge": "ETH",
          "hedge_ratio_units": 0.49423294185118205,
          "target_w": 0.6692396961621763,
          "hedge_w": -0.3307603038378236
        },
        {
          "target": "ETH",
          "hedge": "BTC",
          "hedge_ratio_units": 1.3775731598722343,
          "target_w": 0.4205969418218608,
          "hedge_w": -0.5794030581781391
        }
      ],
      "examples": [
        {
          "target": "BTC",
          "hedge": "ETH",
          "target_dollars": 66.92396961621763,
          "hedge_dollars": -33.07603038378236,
          "hedge_units_per_target_unit": -0.49423294185118205
        },
        {
          "target": "ETH",
          "hedge": "BTC",
          "target_dollars": 42.05969418218608,
          "hedge_dollars": -57.94030581781391,
          "hedge_units_per_target_unit": -1.3775731598722343
        }
      ]
    }
  },
  "example_notional": 100.0,
  "provider": "cryptocompare"
}