{
  "generated_at": "2026-06-07T10:27:16.859479Z",
  "lookbacks": {
    "30": {
      "lookback_days": 30,
      "corr": 0.8869410754918774,
      "stats": {
        "mean": {
          "btc": -0.00033674695204649504,
          "eth": -0.00045568245462101906
        },
        "std": {
          "btc": 0.004553763577808984,
          "eth": 0.005984090115374622
        },
        "min": {
          "btc": -0.022992854112727557,
          "eth": -0.03439786519755539
        },
        "max": {
          "btc": 0.02212668221855041,
          "eth": 0.0384557017519207
        }
      },
      "hedge_table": [
        {
          "target": "BTC",
          "hedge": "ETH",
          "hedge_ratio_units": 0.6749430385181944,
          "target_w": 0.5970352286634716,
          "hedge_w": -0.40296477133652847
        },
        {
          "target": "ETH",
          "hedge": "BTC",
          "hedge_ratio_units": 1.1655272022980974,
          "target_w": 0.4617813153945984,
          "hedge_w": -0.5382186846054016
        }
      ],
      "examples": [
        {
          "target": "BTC",
          "hedge": "ETH",
          "target_dollars": 59.70352286634716,
          "hedge_dollars": -40.29647713365285,
          "hedge_units_per_target_unit": -0.6749430385181944
        },
        {
          "target": "ETH",
          "hedge": "BTC",
          "target_dollars": 46.17813153945984,
          "hedge_dollars": -53.82186846054016,
          "hedge_units_per_target_unit": -1.1655272022980974
        }
      ]
    },
    "60": {
      "lookback_days": 60,
      "corr": 0.8908808790712096,
      "stats": {
        "mean": {
          "btc": -8.646496591817146e-05,
          "eth": -0.00020681865329957817
        },
        "std": {
          "btc": 0.004188451104710753,
          "eth": 0.005514275231492911
        },
        "min": {
          "btc": -0.022992854112727557,
          "eth": -0.03439786519755539
        },
        "max": {
          "btc": 0.02212668221855041,
          "eth": 0.0410922552310693
        }
      },
      "hedge_table": [
        {
          "target": "BTC",
          "hedge": "ETH",
          "hedge_ratio_units": 0.6766820380674522,
          "target_w": 0.5964160033303645,
          "hedge_w": -0.4035839966696354
        },
        {
          "target": "ETH",
          "hedge": "BTC",
          "hedge_ratio_units": 1.172882825383312,
          "target_w": 0.46021809750536957,
          "hedge_w": -0.5397819024946304
        }
      ],
      "examples": [
        {
          "target": "BTC",
          "hedge": "ETH",
          "target_dollars": 59.64160033303645,
          "hedge_dollars": -40.35839966696354,
          "hedge_units_per_target_unit": -0.6766820380674522
        },
        {
          "target": "ETH",
          "hedge": "BTC",
          "target_dollars": 46.02180975053696,
          "hedge_dollars": -53.97819024946304,
          "hedge_units_per_target_unit": -1.172882825383312
        }
      ]
    },
    "120": {
      "lookback_days": 120,
      "corr": 0.9022215399408962,
      "stats": {
        "mean": {
          "btc": -1.7489769870957127e-05,
          "eth": -5.429101626958765e-05
        },
        "std": {
          "btc": 0.004782605399506418,
          "eth": 0.006195845110270217
        },
        "min": {
          "btc": -0.03612262483146145,
          "eth": -0.04038541666666662
        },
        "max": {
          "btc": 0.029223763595974894,
          "eth": 0.041842617860856635
        }
      },
      "hedge_table": [
        {
          "target": "BTC",
          "hedge": "ETH",
          "hedge_ratio_units": 0.6964295478142026,
          "target_w": 0.5894733449369998,
          "hedge_w": -0.41052665506300023
        },
        {
          "target": "ETH",
          "hedge": "BTC",
          "hedge_ratio_units": 1.1688241972043474,
          "target_w": 0.46107932643365823,
          "hedge_w": -0.5389206735663418
        }
      ],
      "examples": [
        {
          "target": "BTC",
          "hedge": "ETH",
          "target_dollars": 58.94733449369998,
          "hedge_dollars": -41.05266550630002,
          "hedge_units_per_target_unit": -0.6964295478142026
        },
        {
          "target": "ETH",
          "hedge": "BTC",
          "target_dollars": 46.10793264336582,
          "hedge_dollars": -53.89206735663418,
          "hedge_units_per_target_unit": -1.1688241972043474
        }
      ]
    },
    "150": {
      "lookback_days": 150,
      "corr": 0.8991836010587231,
      "stats": {
        "mean": {
          "btc": -8.887425938058575e-05,
          "eth": -0.00015744561805175383
        },
        "std": {
          "btc": 0.005049809263553399,
          "eth": 0.006675236901152137
        },
        "min": {
          "btc": -0.03612262483146145,
          "eth": -0.04170398539552955
        },
        "max": {
          "btc": 0.0349913262434709,
          "eth": 0.04377388676562077
        }
      },
      "hedge_table": [
        {
          "target": "BTC",
          "hedge": "ETH",
          "hedge_ratio_units": 0.6802313903612806,
          "target_w": 0.5951561229819552,
          "hedge_w": -0.4048438770180447
        },
        {
          "target": "ETH",
          "hedge": "BTC",
          "hedge_ratio_units": 1.1886119339237056,
          "target_w": 0.4569106037026936,
          "hedge_w": -0.5430893962973065
        }
      ],
      "examples": [
        {
          "target": "BTC",
          "hedge": "ETH",
          "target_dollars": 59.51561229819552,
          "hedge_dollars": -40.48438770180447,
          "hedge_units_per_target_unit": -0.6802313903612806
        },
        {
          "target": "ETH",
          "hedge": "BTC",
          "target_dollars": 45.69106037026936,
          "hedge_dollars": -54.308939629730645,
          "hedge_units_per_target_unit": -1.1886119339237056
        }
      ]
    },
    "180": {
      "lookback_days": 180,
      "corr": 0.8992842796598052,
      "stats": {
        "mean": {
          "btc": -7.33347433656709e-05,
          "eth": -0.00012839955743946526
        },
        "std": {
          "btc": 0.004919148584209695,
          "eth": 0.006546594250316044
        },
        "min": {
          "btc": -0.03612262483146145,
          "eth": -0.04988725258205495
        },
        "max": {
          "btc": 0.0349913262434709,
          "eth": 0.04377388676562077
        }
      },
      "hedge_table": [
        {
          "target": "BTC",
          "hedge": "ETH",
          "hedge_ratio_units": 0.6757273815888325,
          "target_w": 0.5967557796017243,
          "hedge_w": -0.4032442203982756
        },
        {
          "target": "ETH",
          "hedge": "BTC",
          "hedge_ratio_units": 1.1968024941385917,
          "target_w": 0.45520705783435444,
          "hedge_w": -0.5447929421656456
        }
      ],
      "examples": [
        {
          "target": "BTC",
          "hedge": "ETH",
          "target_dollars": 59.67557796017243,
          "hedge_dollars": -40.32442203982756,
          "hedge_units_per_target_unit": -0.6757273815888325
        },
        {
          "target": "ETH",
          "hedge": "BTC",
          "target_dollars": 45.520705783435446,
          "hedge_dollars": -54.479294216564554,
          "hedge_units_per_target_unit": -1.1968024941385917
        }
      ]
    }
  },
  "example_notional": 100.0,
  "provider": "cryptocompare"
}