{
  "generated_at": "2026-03-04T08:36:41.818022Z",
  "lookbacks": {
    "30": {
      "lookback_days": 30,
      "corr": 0.9098812653427855,
      "stats": {
        "mean": {
          "btc": -0.00012908897499980262,
          "eth": -0.0001395449733259791
        },
        "std": {
          "btc": 0.007032528192640707,
          "eth": 0.008874291093602063
        },
        "min": {
          "btc": -0.03612262483146145,
          "eth": -0.04170398539552955
        },
        "max": {
          "btc": 0.0349913262434709,
          "eth": 0.04260060177264258
        }
      },
      "hedge_table": [
        {
          "target": "BTC",
          "hedge": "ETH",
          "hedge_ratio_units": 0.7210452736998835,
          "target_w": 0.5810422394352308,
          "hedge_w": -0.41895776056476924
        },
        {
          "target": "ETH",
          "hedge": "BTC",
          "hedge_ratio_units": 1.1481718932483753,
          "target_w": 0.4655120957233278,
          "hedge_w": -0.5344879042766723
        }
      ],
      "examples": [
        {
          "target": "BTC",
          "hedge": "ETH",
          "target_dollars": 58.10422394352308,
          "hedge_dollars": -41.895776056476926,
          "hedge_units_per_target_unit": -0.7210452736998835
        },
        {
          "target": "ETH",
          "hedge": "BTC",
          "target_dollars": 46.55120957233278,
          "hedge_dollars": -53.44879042766723,
          "hedge_units_per_target_unit": -1.1481718932483753
        }
      ]
    },
    "60": {
      "lookback_days": 60,
      "corr": 0.8969601896615723,
      "stats": {
        "mean": {
          "btc": -0.00016063665465728422,
          "eth": -0.00027037390308739883
        },
        "std": {
          "btc": 0.00581789769305147,
          "eth": 0.007696230225712295
        },
        "min": {
          "btc": -0.03612262483146145,
          "eth": -0.04170398539552955
        },
        "max": {
          "btc": 0.0349913262434709,
          "eth": 0.04377388676562077
        }
      },
      "hedge_table": [
        {
          "target": "BTC",
          "hedge": "ETH",
          "hedge_ratio_units": 0.6780491831906055,
          "target_w": 0.5959300895451838,
          "hedge_w": -0.4040699104548162
        },
        {
          "target": "ETH",
          "hedge": "BTC",
          "hedge_ratio_units": 1.1865475274992865,
          "target_w": 0.4573419911634307,
          "hedge_w": -0.5426580088365692
        }
      ],
      "examples": [
        {
          "target": "BTC",
          "hedge": "ETH",
          "target_dollars": 59.59300895451838,
          "hedge_dollars": -40.40699104548162,
          "hedge_units_per_target_unit": -0.6780491831906055
        },
        {
          "target": "ETH",
          "hedge": "BTC",
          "target_dollars": 45.73419911634307,
          "hedge_dollars": -54.26580088365692,
          "hedge_units_per_target_unit": -1.1865475274992865
        }
      ]
    },
    "120": {
      "lookback_days": 120,
      "corr": 0.8910376790935803,
      "stats": {
        "mean": {
          "btc": -0.00012452553689207749,
          "eth": -0.0001628959007632328
        },
        "std": {
          "btc": 0.005431915913664591,
          "eth": 0.007516656750020987
        },
        "min": {
          "btc": -0.03714671634653788,
          "eth": -0.05178573218862892
        },
        "max": {
          "btc": 0.0349913262434709,
          "eth": 0.04377388676562077
        }
      },
      "hedge_table": [
        {
          "target": "BTC",
          "hedge": "ETH",
          "hedge_ratio_units": 0.6439088426819102,
          "target_w": 0.6083062357451507,
          "hedge_w": -0.39169376425484925
        },
        {
          "target": "ETH",
          "hedge": "BTC",
          "hedge_ratio_units": 1.233013266687942,
          "target_w": 0.44782537341716,
          "hedge_w": -0.55217462658284
        }
      ],
      "examples": [
        {
          "target": "BTC",
          "hedge": "ETH",
          "target_dollars": 60.83062357451507,
          "hedge_dollars": -39.16937642548493,
          "hedge_units_per_target_unit": -0.6439088426819102
        },
        {
          "target": "ETH",
          "hedge": "BTC",
          "target_dollars": 44.782537341716,
          "hedge_dollars": -55.217462658284,
          "hedge_units_per_target_unit": -1.233013266687942
        }
      ]
    },
    "150": {
      "lookback_days": 150,
      "corr": 0.8812720231383083,
      "stats": {
        "mean": {
          "btc": -0.00014458128700508017,
          "eth": -0.00019807371283042321
        },
        "std": {
          "btc": 0.005298116702022135,
          "eth": 0.007543057826126494
        },
        "min": {
          "btc": -0.03714671634653788,
          "eth": -0.05178573218862892
        },
        "max": {
          "btc": 0.0349913262434709,
          "eth": 0.04377388676562077
        }
      },
      "hedge_table": [
        {
          "target": "BTC",
          "hedge": "ETH",
          "hedge_ratio_units": 0.6189906179218001,
          "target_w": 0.6176688048283067,
          "hedge_w": -0.3823311951716933
        },
        {
          "target": "ETH",
          "hedge": "BTC",
          "hedge_ratio_units": 1.2546884496792219,
          "target_w": 0.443520256708758,
          "hedge_w": -0.5564797432912421
        }
      ],
      "examples": [
        {
          "target": "BTC",
          "hedge": "ETH",
          "target_dollars": 61.766880482830665,
          "hedge_dollars": -38.23311951716933,
          "hedge_units_per_target_unit": -0.6189906179218001
        },
        {
          "target": "ETH",
          "hedge": "BTC",
          "target_dollars": 44.3520256708758,
          "hedge_dollars": -55.6479743291242,
          "hedge_units_per_target_unit": -1.2546884496792219
        }
      ]
    },
    "180": {
      "lookback_days": 180,
      "corr": 0.8758365060883477,
      "stats": {
        "mean": {
          "btc": -9.861734835903204e-05,
          "eth": -0.0001550780691485263
        },
        "std": {
          "btc": 0.004980649193150674,
          "eth": 0.0071829861915333245
        },
        "min": {
          "btc": -0.03714671634653788,
          "eth": -0.05178573218862892
        },
        "max": {
          "btc": 0.0349913262434709,
          "eth": 0.04377388676562077
        }
      },
      "hedge_table": [
        {
          "target": "BTC",
          "hedge": "ETH",
          "hedge_ratio_units": 0.6073009568809494,
          "target_w": 0.6221610182703752,
          "hedge_w": -0.3778389817296247
        },
        {
          "target": "ETH",
          "hedge": "BTC",
          "hedge_ratio_units": 1.2631127560489235,
          "target_w": 0.44186927819975674,
          "hedge_w": -0.5581307218002433
        }
      ],
      "examples": [
        {
          "target": "BTC",
          "hedge": "ETH",
          "target_dollars": 62.21610182703752,
          "hedge_dollars": -37.78389817296247,
          "hedge_units_per_target_unit": -0.6073009568809494
        },
        {
          "target": "ETH",
          "hedge": "BTC",
          "target_dollars": 44.18692781997567,
          "hedge_dollars": -55.81307218002433,
          "hedge_units_per_target_unit": -1.2631127560489235
        }
      ]
    }
  },
  "example_notional": 100.0,
  "provider": "cryptocompare"
}