{
  "generated_at": "2026-01-11T01:46:28.471845Z",
  "lookbacks": {
    "30": {
      "lookback_days": 30,
      "corr": 0.8982477338508965,
      "stats": {
        "mean": {
          "btc": -2.4633417113947297e-05,
          "eth": -6.0624341199884224e-05
        },
        "std": {
          "btc": 0.003947848609616106,
          "eth": 0.005312667689095504
        },
        "min": {
          "btc": -0.027358625956130256,
          "eth": -0.04988725258205495
        },
        "max": {
          "btc": 0.023396335129270085,
          "eth": 0.03218906547200184
        }
      },
      "hedge_table": [
        {
          "target": "BTC",
          "hedge": "ETH",
          "hedge_ratio_units": 0.6674887786512055,
          "target_w": 0.5997041856011036,
          "hedge_w": -0.4002958143988965
        },
        {
          "target": "ETH",
          "hedge": "BTC",
          "hedge_ratio_units": 1.2087828547450201,
          "target_w": 0.45273803074473756,
          "hedge_w": -0.5472619692552625
        }
      ],
      "examples": [
        {
          "target": "BTC",
          "hedge": "ETH",
          "target_dollars": 59.97041856011036,
          "hedge_dollars": -40.02958143988965,
          "hedge_units_per_target_unit": -0.6674887786512055
        },
        {
          "target": "ETH",
          "hedge": "BTC",
          "target_dollars": 45.273803074473754,
          "hedge_dollars": -54.72619692552625,
          "hedge_units_per_target_unit": -1.2087828547450201
        }
      ]
    },
    "60": {
      "lookback_days": 60,
      "corr": 0.894744190402157,
      "stats": {
        "mean": {
          "btc": -7.893498106413674e-05,
          "eth": -4.7648501625069304e-05
        },
        "std": {
          "btc": 0.004905284169854389,
          "eth": 0.006978516961242828
        },
        "min": {
          "btc": -0.03714671634653788,
          "eth": -0.05178573218862892
        },
        "max": {
          "btc": 0.026004133739085944,
          "eth": 0.04132265866066209
        }
      },
      "hedge_table": [
        {
          "target": "BTC",
          "hedge": "ETH",
          "hedge_ratio_units": 0.6289265380630721,
          "target_w": 0.6139012267484342,
          "hedge_w": -0.3860987732515657
        },
        {
          "target": "ETH",
          "hedge": "BTC",
          "hedge_ratio_units": 1.2729104558442506,
          "target_w": 0.4399645386067616,
          "hedge_w": -0.5600354613932383
        }
      ],
      "examples": [
        {
          "target": "BTC",
          "hedge": "ETH",
          "target_dollars": 61.39012267484342,
          "hedge_dollars": -38.609877325156575,
          "hedge_units_per_target_unit": -0.6289265380630721
        },
        {
          "target": "ETH",
          "hedge": "BTC",
          "target_dollars": 43.99645386067616,
          "hedge_dollars": -56.00354613932383,
          "hedge_units_per_target_unit": -1.2729104558442506
        }
      ]
    },
    "120": {
      "lookback_days": 120,
      "corr": 0.8658370980174768,
      "stats": {
        "mean": {
          "btc": -7.594218260707701e-05,
          "eth": -0.00012230329706224545
        },
        "std": {
          "btc": 0.004522042359354264,
          "eth": 0.006900012397475376
        },
        "min": {
          "btc": -0.03714671634653788,
          "eth": -0.05178573218862892
        },
        "max": {
          "btc": 0.03468753462614105,
          "eth": 0.04368288914132212
        }
      },
      "hedge_table": [
        {
          "target": "BTC",
          "hedge": "ETH",
          "hedge_ratio_units": 0.5674413041588121,
          "target_w": 0.6379824222742829,
          "hedge_w": -0.36201757772571713
        },
        {
          "target": "ETH",
          "hedge": "BTC",
          "hedge_ratio_units": 1.3211478875593294,
          "target_w": 0.43082132136418627,
          "hedge_w": -0.5691786786358137
        }
      ],
      "examples": [
        {
          "target": "BTC",
          "hedge": "ETH",
          "target_dollars": 63.79824222742829,
          "hedge_dollars": -36.20175777257171,
          "hedge_units_per_target_unit": -0.5674413041588121
        },
        {
          "target": "ETH",
          "hedge": "BTC",
          "target_dollars": 43.08213213641863,
          "hedge_dollars": -56.91786786358137,
          "hedge_units_per_target_unit": -1.3211478875593294
        }
      ]
    },
    "150": {
      "lookback_days": 150,
      "corr": 0.8512042419234368,
      "stats": {
        "mean": {
          "btc": -7.746290720115911e-05,
          "eth": -9.549658268155244e-05
        },
        "std": {
          "btc": 0.004351086848486473,
          "eth": 0.006957095007788693
        },
        "min": {
          "btc": -0.03714671634653788,
          "eth": -0.05178573218862892
        },
        "max": {
          "btc": 0.03468753462614105,
          "eth": 0.0757825447476439
        }
      },
      "hedge_table": [
        {
          "target": "BTC",
          "hedge": "ETH",
          "hedge_ratio_units": 0.5323577697677827,
          "target_w": 0.65258911445435,
          "hedge_w": -0.3474108855456501
        },
        {
          "target": "ETH",
          "hedge": "BTC",
          "hedge_ratio_units": 1.36101828998289,
          "target_w": 0.42354606240989645,
          "hedge_w": -0.5764539375901037
        }
      ],
      "examples": [
        {
          "target": "BTC",
          "hedge": "ETH",
          "target_dollars": 65.258911445435,
          "hedge_dollars": -34.74108855456501,
          "hedge_units_per_target_unit": -0.5323577697677827
        },
        {
          "target": "ETH",
          "hedge": "BTC",
          "target_dollars": 42.354606240989646,
          "hedge_dollars": -57.64539375901037,
          "hedge_units_per_target_unit": -1.36101828998289
        }
      ]
    },
    "180": {
      "lookback_days": 180,
      "corr": 0.8261108349779791,
      "stats": {
        "mean": {
          "btc": -5.318647482991765e-05,
          "eth": 3.2814950507151694e-05
        },
        "std": {
          "btc": 0.004189427776412057,
          "eth": 0.006945844463019104
        },
        "min": {
          "btc": -0.03714671634653788,
          "eth": -0.05178573218862892
        },
        "max": {
          "btc": 0.03468753462614105,
          "eth": 0.0757825447476439
        }
      },
      "hedge_table": [
        {
          "target": "BTC",
          "hedge": "ETH",
          "hedge_ratio_units": 0.4982737083846768,
          "target_w": 0.6674347913894336,
          "hedge_w": -0.33256520861056627
        },
        {
          "target": "ETH",
          "hedge": "BTC",
          "hedge_ratio_units": 1.3696470437511874,
          "target_w": 0.4220037758943985,
          "hedge_w": -0.5779962241056016
        }
      ],
      "examples": [
        {
          "target": "BTC",
          "hedge": "ETH",
          "target_dollars": 66.74347913894336,
          "hedge_dollars": -33.25652086105663,
          "hedge_units_per_target_unit": -0.4982737083846768
        },
        {
          "target": "ETH",
          "hedge": "BTC",
          "target_dollars": 42.20037758943985,
          "hedge_dollars": -57.79962241056016,
          "hedge_units_per_target_unit": -1.3696470437511874
        }
      ]
    }
  },
  "example_notional": 100.0,
  "provider": "cryptocompare"
}