{
  "generated_at": "2026-02-23T16:54:57.973379Z",
  "lookbacks": {
    "30": {
      "lookback_days": 30,
      "corr": 0.8924531380983204,
      "stats": {
        "mean": {
          "btc": -0.0004109251863433832,
          "eth": -0.000588189822280716
        },
        "std": {
          "btc": 0.006611551844879196,
          "eth": 0.008734483092557742
        },
        "min": {
          "btc": -0.03450018927739806,
          "eth": -0.04170398539552955
        },
        "max": {
          "btc": 0.0349913262434709,
          "eth": 0.04260060177264258
        }
      },
      "hedge_table": [
        {
          "target": "BTC",
          "hedge": "ETH",
          "hedge_ratio_units": 0.6755408567554189,
          "target_w": 0.5968222117462645,
          "hedge_w": -0.4031777882537355
        },
        {
          "target": "ETH",
          "hedge": "BTC",
          "hedge_ratio_units": 1.17901470464266,
          "target_w": 0.45892301592521445,
          "hedge_w": -0.5410769840747854
        }
      ],
      "examples": [
        {
          "target": "BTC",
          "hedge": "ETH",
          "target_dollars": 59.68222117462645,
          "hedge_dollars": -40.31777882537355,
          "hedge_units_per_target_unit": -0.6755408567554189
        },
        {
          "target": "ETH",
          "hedge": "BTC",
          "target_dollars": 45.89230159252145,
          "hedge_dollars": -54.107698407478544,
          "hedge_units_per_target_unit": -1.17901470464266
        }
      ]
    },
    "60": {
      "lookback_days": 60,
      "corr": 0.8902176536733176,
      "stats": {
        "mean": {
          "btc": -0.00019257316164592812,
          "eth": -0.0002855864553491339
        },
        "std": {
          "btc": 0.005353168128565622,
          "eth": 0.007124705307445611
        },
        "min": {
          "btc": -0.03450018927739806,
          "eth": -0.04170398539552955
        },
        "max": {
          "btc": 0.0349913262434709,
          "eth": 0.04377388676562077
        }
      },
      "hedge_table": [
        {
          "target": "BTC",
          "hedge": "ETH",
          "hedge_ratio_units": 0.6688676324830368,
          "target_w": 0.5992086972842434,
          "hedge_w": -0.40079130271575664
        },
        {
          "target": "ETH",
          "hedge": "BTC",
          "hedge_ratio_units": 1.1848195852588594,
          "target_w": 0.4577036963358781,
          "hedge_w": -0.5422963036641221
        }
      ],
      "examples": [
        {
          "target": "BTC",
          "hedge": "ETH",
          "target_dollars": 59.92086972842434,
          "hedge_dollars": -40.079130271575664,
          "hedge_units_per_target_unit": -0.6688676324830368
        },
        {
          "target": "ETH",
          "hedge": "BTC",
          "target_dollars": 45.77036963358781,
          "hedge_dollars": -54.22963036641221,
          "hedge_units_per_target_unit": -1.1848195852588594
        }
      ]
    },
    "120": {
      "lookback_days": 120,
      "corr": 0.8886083225616067,
      "stats": {
        "mean": {
          "btc": -0.00017741146795470766,
          "eth": -0.00023874860856405898
        },
        "std": {
          "btc": 0.005278366843871397,
          "eth": 0.007417423811188486
        },
        "min": {
          "btc": -0.03714671634653788,
          "eth": -0.05178573218862892
        },
        "max": {
          "btc": 0.0349913262434709,
          "eth": 0.04377388676562077
        }
      },
      "hedge_table": [
        {
          "target": "BTC",
          "hedge": "ETH",
          "hedge_ratio_units": 0.632349023918835,
          "target_w": 0.6126140827402625,
          "hedge_w": -0.3873859172597374
        },
        {
          "target": "ETH",
          "hedge": "BTC",
          "hedge_ratio_units": 1.248716643906933,
          "target_w": 0.44469809155794493,
          "hedge_w": -0.5553019084420551
        }
      ],
      "examples": [
        {
          "target": "BTC",
          "hedge": "ETH",
          "target_dollars": 61.26140827402625,
          "hedge_dollars": -38.73859172597374,
          "hedge_units_per_target_unit": -0.632349023918835
        },
        {
          "target": "ETH",
          "hedge": "BTC",
          "target_dollars": 44.46980915579449,
          "hedge_dollars": -55.53019084420551,
          "hedge_units_per_target_unit": -1.248716643906933
        }
      ]
    },
    "150": {
      "lookback_days": 150,
      "corr": 0.8760925037984151,
      "stats": {
        "mean": {
          "btc": -0.00013143496297209526,
          "eth": -0.00018507226878874066
        },
        "std": {
          "btc": 0.005094560935405742,
          "eth": 0.007361733022751876
        },
        "min": {
          "btc": -0.03714671634653788,
          "eth": -0.05178573218862892
        },
        "max": {
          "btc": 0.0349913262434709,
          "eth": 0.04377388676562077
        }
      },
      "hedge_table": [
        {
          "target": "BTC",
          "hedge": "ETH",
          "hedge_ratio_units": 0.6062847745033807,
          "target_w": 0.6225546153913915,
          "hedge_w": -0.37744538460860866
        },
        {
          "target": "ETH",
          "hedge": "BTC",
          "hedge_ratio_units": 1.2659695698947426,
          "target_w": 0.44131219292872115,
          "hedge_w": -0.5586878070712789
        }
      ],
      "examples": [
        {
          "target": "BTC",
          "hedge": "ETH",
          "target_dollars": 62.25546153913915,
          "hedge_dollars": -37.744538460860866,
          "hedge_units_per_target_unit": -0.6062847745033807
        },
        {
          "target": "ETH",
          "hedge": "BTC",
          "target_dollars": 44.13121929287212,
          "hedge_dollars": -55.86878070712788,
          "hedge_units_per_target_unit": -1.2659695698947426
        }
      ]
    },
    "180": {
      "lookback_days": 180,
      "corr": 0.8697817931166559,
      "stats": {
        "mean": {
          "btc": -0.0001136807641157428,
          "eth": -0.00018298785377683874
        },
        "std": {
          "btc": 0.004823822157156262,
          "eth": 0.007072073498044697
        },
        "min": {
          "btc": -0.03714671634653788,
          "eth": -0.05178573218862892
        },
        "max": {
          "btc": 0.0349913262434709,
          "eth": 0.04377388676562077
        }
      },
      "hedge_table": [
        {
          "target": "BTC",
          "hedge": "ETH",
          "hedge_ratio_units": 0.5932733429152367,
          "target_w": 0.6276386939169425,
          "hedge_w": -0.3723613060830575
        },
        {
          "target": "ETH",
          "hedge": "BTC",
          "hedge_ratio_units": 1.2751632559788084,
          "target_w": 0.43952889858437233,
          "hedge_w": -0.5604711014156277
        }
      ],
      "examples": [
        {
          "target": "BTC",
          "hedge": "ETH",
          "target_dollars": 62.76386939169425,
          "hedge_dollars": -37.23613060830575,
          "hedge_units_per_target_unit": -0.5932733429152367
        },
        {
          "target": "ETH",
          "hedge": "BTC",
          "target_dollars": 43.95288985843723,
          "hedge_dollars": -56.047110141562776,
          "hedge_units_per_target_unit": -1.2751632559788084
        }
      ]
    }
  },
  "example_notional": 100.0,
  "provider": "cryptocompare"
}