{
  "generated_at": "2026-04-08T16:59:11.357697Z",
  "lookbacks": {
    "30": {
      "lookback_days": 30,
      "corr": 0.9137173127904226,
      "stats": {
        "mean": {
          "btc": 7.04930178996338e-05,
          "eth": 0.00015393958818930232
        },
        "std": {
          "btc": 0.00468242040077208,
          "eth": 0.006231611020136987
        },
        "min": {
          "btc": -0.0193691951400623,
          "eth": -0.030096491146448856
        },
        "max": {
          "btc": 0.022874680739771724,
          "eth": 0.041842617860856635
        }
      },
      "hedge_table": [
        {
          "target": "BTC",
          "hedge": "ETH",
          "hedge_ratio_units": 0.6865654117567929,
          "target_w": 0.5929209700549715,
          "hedge_w": -0.40707902994502854
        },
        {
          "target": "ETH",
          "hedge": "BTC",
          "hedge_ratio_units": 1.2160229941625669,
          "target_w": 0.45125885545149724,
          "hedge_w": -0.5487411445485026
        }
      ],
      "examples": [
        {
          "target": "BTC",
          "hedge": "ETH",
          "target_dollars": 59.29209700549715,
          "hedge_dollars": -40.70790299450285,
          "hedge_units_per_target_unit": -0.6865654117567929
        },
        {
          "target": "ETH",
          "hedge": "BTC",
          "target_dollars": 45.12588554514972,
          "hedge_dollars": -54.874114454850265,
          "hedge_units_per_target_unit": -1.2160229941625669
        }
      ]
    },
    "60": {
      "lookback_days": 60,
      "corr": 0.9099894574437977,
      "stats": {
        "mean": {
          "btc": 3.851432794895152e-05,
          "eth": 7.569006832756942e-05
        },
        "std": {
          "btc": 0.005304834334577407,
          "eth": 0.006810621854761933
        },
        "min": {
          "btc": -0.03612262483146145,
          "eth": -0.04038541666666662
        },
        "max": {
          "btc": 0.029223763595974894,
          "eth": 0.041842617860856635
        }
      },
      "hedge_table": [
        {
          "target": "BTC",
          "hedge": "ETH",
          "hedge_ratio_units": 0.7087962627929613,
          "target_w": 0.5852072723787087,
          "hedge_w": -0.4147927276212913
        },
        {
          "target": "ETH",
          "hedge": "BTC",
          "hedge_ratio_units": 1.168291730822428,
          "target_w": 0.46119255346728744,
          "hedge_w": -0.5388074465327125
        }
      ],
      "examples": [
        {
          "target": "BTC",
          "hedge": "ETH",
          "target_dollars": 58.52072723787087,
          "hedge_dollars": -41.479272762129135,
          "hedge_units_per_target_unit": -0.7087962627929613
        },
        {
          "target": "ETH",
          "hedge": "BTC",
          "target_dollars": 46.11925534672874,
          "hedge_dollars": -53.88074465327125,
          "hedge_units_per_target_unit": -1.168291730822428
        }
      ]
    },
    "120": {
      "lookback_days": 120,
      "corr": 0.9016605759054233,
      "stats": {
        "mean": {
          "btc": -8.055042160281422e-05,
          "eth": -0.00012116023050777546
        },
        "std": {
          "btc": 0.005223357558653287,
          "eth": 0.006941242465861452
        },
        "min": {
          "btc": -0.03612262483146145,
          "eth": -0.04988725258205495
        },
        "max": {
          "btc": 0.0349913262434709,
          "eth": 0.04377388676562077
        }
      },
      "hedge_table": [
        {
          "target": "BTC",
          "hedge": "ETH",
          "hedge_ratio_units": 0.6785090144392133,
          "target_w": 0.5957668331820655,
          "hedge_w": -0.4042331668179345
        },
        {
          "target": "ETH",
          "hedge": "BTC",
          "hedge_ratio_units": 1.1982033795292109,
          "target_w": 0.45491696051080127,
          "hedge_w": -0.5450830394891987
        }
      ],
      "examples": [
        {
          "target": "BTC",
          "hedge": "ETH",
          "target_dollars": 59.57668331820655,
          "hedge_dollars": -40.423316681793445,
          "hedge_units_per_target_unit": -0.6785090144392133
        },
        {
          "target": "ETH",
          "hedge": "BTC",
          "target_dollars": 45.491696051080126,
          "hedge_dollars": -54.50830394891987,
          "hedge_units_per_target_unit": -1.1982033795292109
        }
      ]
    },
    "150": {
      "lookback_days": 150,
      "corr": 0.8991788764753724,
      "stats": {
        "mean": {
          "btc": -8.846294747802927e-05,
          "eth": -0.00010123552611537066
        },
        "std": {
          "btc": 0.00532335145931374,
          "eth": 0.007238445078546331
        },
        "min": {
          "btc": -0.03714671634653788,
          "eth": -0.05178573218862892
        },
        "max": {
          "btc": 0.0349913262434709,
          "eth": 0.04377388676562077
        }
      },
      "hedge_table": [
        {
          "target": "BTC",
          "hedge": "ETH",
          "hedge_ratio_units": 0.6612808596774691,
          "target_w": 0.6019451763226514,
          "hedge_w": -0.3980548236773486
        },
        {
          "target": "ETH",
          "hedge": "BTC",
          "hedge_ratio_units": 1.222661506177359,
          "target_w": 0.4499110625800365,
          "hedge_w": -0.5500889374199635
        }
      ],
      "examples": [
        {
          "target": "BTC",
          "hedge": "ETH",
          "target_dollars": 60.194517632265146,
          "hedge_dollars": -39.80548236773486,
          "hedge_units_per_target_unit": -0.6612808596774691
        },
        {
          "target": "ETH",
          "hedge": "BTC",
          "target_dollars": 44.99110625800365,
          "hedge_dollars": -55.008893741996346,
          "hedge_units_per_target_unit": -1.222661506177359
        }
      ]
    },
    "180": {
      "lookback_days": 180,
      "corr": 0.888556864452038,
      "stats": {
        "mean": {
          "btc": -0.0001012082414988064,
          "eth": -0.00011459888285243943
        },
        "std": {
          "btc": 0.0052410305027995215,
          "eth": 0.007344791394961482
        },
        "min": {
          "btc": -0.03714671634653788,
          "eth": -0.05178573218862892
        },
        "max": {
          "btc": 0.0349913262434709,
          "eth": 0.04377388676562077
        }
      },
      "hedge_table": [
        {
          "target": "BTC",
          "hedge": "ETH",
          "hedge_ratio_units": 0.6340484541548308,
          "target_w": 0.6119769566547059,
          "hedge_w": -0.38802304334529414
        },
        {
          "target": "ETH",
          "hedge": "BTC",
          "hedge_ratio_units": 1.245225496870367,
          "target_w": 0.4453895617139151,
          "hedge_w": -0.5546104382860849
        }
      ],
      "examples": [
        {
          "target": "BTC",
          "hedge": "ETH",
          "target_dollars": 61.19769566547058,
          "hedge_dollars": -38.80230433452942,
          "hedge_units_per_target_unit": -0.6340484541548308
        },
        {
          "target": "ETH",
          "hedge": "BTC",
          "target_dollars": 44.53895617139151,
          "hedge_dollars": -55.46104382860849,
          "hedge_units_per_target_unit": -1.245225496870367
        }
      ]
    }
  },
  "example_notional": 100.0,
  "provider": "cryptocompare"
}