{
  "generated_at": "2026-06-03T19:46:23.139431Z",
  "lookbacks": {
    "30": {
      "lookback_days": 30,
      "corr": 0.88434625125349,
      "stats": {
        "mean": {
          "btc": -0.00026621461299432633,
          "eth": -0.0003455865756387764
        },
        "std": {
          "btc": 0.00347067092647065,
          "eth": 0.004583686564809091
        },
        "min": {
          "btc": -0.020668693538518745,
          "eth": -0.02232136709767152
        },
        "max": {
          "btc": 0.01695338129708679,
          "eth": 0.032926153475484776
        }
      },
      "hedge_table": [
        {
          "target": "BTC",
          "hedge": "ETH",
          "hedge_ratio_units": 0.6696083555806199,
          "target_w": 0.5989428578609634,
          "hedge_w": -0.40105714213903665
        },
        {
          "target": "ETH",
          "hedge": "BTC",
          "hedge_ratio_units": 1.1679488249933296,
          "target_w": 0.461265500583519,
          "hedge_w": -0.538734499416481
        }
      ],
      "examples": [
        {
          "target": "BTC",
          "hedge": "ETH",
          "target_dollars": 59.89428578609633,
          "hedge_dollars": -40.10571421390367,
          "hedge_units_per_target_unit": -0.6696083555806199
        },
        {
          "target": "ETH",
          "hedge": "BTC",
          "target_dollars": 46.1265500583519,
          "hedge_dollars": -53.8734499416481,
          "hedge_units_per_target_unit": -1.1679488249933296
        }
      ]
    },
    "60": {
      "lookback_days": 60,
      "corr": 0.8976580324144133,
      "stats": {
        "mean": {
          "btc": -9.085066484390749e-06,
          "eth": -7.497705982388984e-05
        },
        "std": {
          "btc": 0.0037435720593357127,
          "eth": 0.004972975433227646
        },
        "min": {
          "btc": -0.020668693538518745,
          "eth": -0.02913186092280784
        },
        "max": {
          "btc": 0.022681960554355562,
          "eth": 0.0410922552310693
        }
      },
      "hedge_table": [
        {
          "target": "BTC",
          "hedge": "ETH",
          "hedge_ratio_units": 0.6757418318481042,
          "target_w": 0.5967506336564641,
          "hedge_w": -0.403249366343536
        },
        {
          "target": "ETH",
          "hedge": "BTC",
          "hedge_ratio_units": 1.1924523615096312,
          "target_w": 0.45611025240769276,
          "hedge_w": -0.5438897475923071
        }
      ],
      "examples": [
        {
          "target": "BTC",
          "hedge": "ETH",
          "target_dollars": 59.67506336564641,
          "hedge_dollars": -40.3249366343536,
          "hedge_units_per_target_unit": -0.6757418318481042
        },
        {
          "target": "ETH",
          "hedge": "BTC",
          "target_dollars": 45.61102524076928,
          "hedge_dollars": -54.38897475923071,
          "hedge_units_per_target_unit": -1.1924523615096312
        }
      ]
    },
    "120": {
      "lookback_days": 120,
      "corr": 0.9041011716468341,
      "stats": {
        "mean": {
          "btc": -4.018560868328168e-05,
          "eth": -6.135104507527193e-05
        },
        "std": {
          "btc": 0.0049151568222231545,
          "eth": 0.006282261449731761
        },
        "min": {
          "btc": -0.03612262483146145,
          "eth": -0.04170398539552955
        },
        "max": {
          "btc": 0.0349913262434709,
          "eth": 0.041842617860856635
        }
      },
      "hedge_table": [
        {
          "target": "BTC",
          "hedge": "ETH",
          "hedge_ratio_units": 0.7073565908323705,
          "target_w": 0.5857007290506783,
          "hedge_w": -0.41429927094932173
        },
        {
          "target": "ETH",
          "hedge": "BTC",
          "hedge_ratio_units": 1.1555684066099068,
          "target_w": 0.4639147599925693,
          "hedge_w": -0.5360852400074306
        }
      ],
      "examples": [
        {
          "target": "BTC",
          "hedge": "ETH",
          "target_dollars": 58.570072905067825,
          "hedge_dollars": -41.429927094932175,
          "hedge_units_per_target_unit": -0.7073565908323705
        },
        {
          "target": "ETH",
          "hedge": "BTC",
          "target_dollars": 46.39147599925693,
          "hedge_dollars": -53.60852400074306,
          "hedge_units_per_target_unit": -1.1555684066099068
        }
      ]
    },
    "150": {
      "lookback_days": 150,
      "corr": 0.9001963011183688,
      "stats": {
        "mean": {
          "btc": -7.926120810438943e-05,
          "eth": -0.00013076307597460895
        },
        "std": {
          "btc": 0.00489640037862297,
          "eth": 0.006478344701314041
        },
        "min": {
          "btc": -0.03612262483146145,
          "eth": -0.04170398539552955
        },
        "max": {
          "btc": 0.0349913262434709,
          "eth": 0.04377388676562077
        }
      },
      "hedge_table": [
        {
          "target": "BTC",
          "hedge": "ETH",
          "hedge_ratio_units": 0.6803777373465376,
          "target_w": 0.5951042898122936,
          "hedge_w": -0.4048957101877065
        },
        {
          "target": "ETH",
          "hedge": "BTC",
          "hedge_ratio_units": 1.191034532828129,
          "target_w": 0.4564054034827221,
          "hedge_w": -0.5435945965172777
        }
      ],
      "examples": [
        {
          "target": "BTC",
          "hedge": "ETH",
          "target_dollars": 59.51042898122936,
          "hedge_dollars": -40.48957101877065,
          "hedge_units_per_target_unit": -0.6803777373465376
        },
        {
          "target": "ETH",
          "hedge": "BTC",
          "target_dollars": 45.64054034827221,
          "hedge_dollars": -54.35945965172777,
          "hedge_units_per_target_unit": -1.191034532828129
        }
      ]
    },
    "180": {
      "lookback_days": 180,
      "corr": 0.8995858831912192,
      "stats": {
        "mean": {
          "btc": -5.957468009957144e-05,
          "eth": -9.705667946222794e-05
        },
        "std": {
          "btc": 0.004788552156432086,
          "eth": 0.006410616957371726
        },
        "min": {
          "btc": -0.03612262483146145,
          "eth": -0.04988725258205495
        },
        "max": {
          "btc": 0.0349913262434709,
          "eth": 0.04377388676562077
        }
      },
      "hedge_table": [
        {
          "target": "BTC",
          "hedge": "ETH",
          "hedge_ratio_units": 0.6719655767137404,
          "target_w": 0.5980984381063076,
          "hedge_w": -0.4019015618936923
        },
        {
          "target": "ETH",
          "hedge": "BTC",
          "hedge_ratio_units": 1.2043098475290965,
          "target_w": 0.4536567312081566,
          "hedge_w": -0.5463432687918434
        }
      ],
      "examples": [
        {
          "target": "BTC",
          "hedge": "ETH",
          "target_dollars": 59.80984381063076,
          "hedge_dollars": -40.19015618936923,
          "hedge_units_per_target_unit": -0.6719655767137404
        },
        {
          "target": "ETH",
          "hedge": "BTC",
          "target_dollars": 45.36567312081566,
          "hedge_dollars": -54.634326879184336,
          "hedge_units_per_target_unit": -1.2043098475290965
        }
      ]
    }
  },
  "example_notional": 100.0,
  "provider": "cryptocompare"
}