{
  "generated_at": "2026-05-10T02:46:04.470156Z",
  "lookbacks": {
    "30": {
      "lookback_days": 30,
      "corr": 0.8899705557921322,
      "stats": {
        "mean": {
          "btc": 0.00016779601270572512,
          "eth": 9.725608077924983e-05
        },
        "std": {
          "btc": 0.00363103909822006,
          "eth": 0.004798018887861304
        },
        "min": {
          "btc": -0.019619547762256384,
          "eth": -0.02913186092280784
        },
        "max": {
          "btc": 0.019739125410830338,
          "eth": 0.0410922552310693
        }
      },
      "hedge_table": [
        {
          "target": "BTC",
          "hedge": "ETH",
          "hedge_ratio_units": 0.6735108718561765,
          "target_w": 0.5975461628706654,
          "hedge_w": -0.4024538371293347
        },
        {
          "target": "ETH",
          "hedge": "BTC",
          "hedge_ratio_units": 1.1759982255284112,
          "target_w": 0.4595591982880243,
          "hedge_w": -0.5404408017119758
        }
      ],
      "examples": [
        {
          "target": "BTC",
          "hedge": "ETH",
          "target_dollars": 59.75461628706654,
          "hedge_dollars": -40.24538371293347,
          "hedge_units_per_target_unit": -0.6735108718561765
        },
        {
          "target": "ETH",
          "hedge": "BTC",
          "target_dollars": 45.95591982880243,
          "hedge_dollars": -54.044080171197585,
          "hedge_units_per_target_unit": -1.1759982255284112
        }
      ]
    },
    "60": {
      "lookback_days": 60,
      "corr": 0.9055943965223905,
      "stats": {
        "mean": {
          "btc": 0.00011179325931590195,
          "eth": 0.00011265215936544198
        },
        "std": {
          "btc": 0.004107790082269027,
          "eth": 0.005520952705763999
        },
        "min": {
          "btc": -0.019619547762256384,
          "eth": -0.030096491146448856
        },
        "max": {
          "btc": 0.022874680739771724,
          "eth": 0.041842617860856635
        }
      },
      "hedge_table": [
        {
          "target": "BTC",
          "hedge": "ETH",
          "hedge_ratio_units": 0.6737952449238199,
          "target_w": 0.5974446414713727,
          "hedge_w": -0.4025553585286273
        },
        {
          "target": "ETH",
          "hedge": "BTC",
          "hedge_ratio_units": 1.2171371305914667,
          "target_w": 0.45103209278409834,
          "hedge_w": -0.5489679072159016
        }
      ],
      "examples": [
        {
          "target": "BTC",
          "hedge": "ETH",
          "target_dollars": 59.744464147137265,
          "hedge_dollars": -40.25553585286273,
          "hedge_units_per_target_unit": -0.6737952449238199
        },
        {
          "target": "ETH",
          "hedge": "BTC",
          "target_dollars": 45.103209278409835,
          "hedge_dollars": -54.89679072159016,
          "hedge_units_per_target_unit": -1.2171371305914667
        }
      ]
    },
    "120": {
      "lookback_days": 120,
      "corr": 0.9012679699102509,
      "stats": {
        "mean": {
          "btc": -2.6518479702001594e-05,
          "eth": -7.462390004432223e-05
        },
        "std": {
          "btc": 0.005152874891674603,
          "eth": 0.006821928847519583
        },
        "min": {
          "btc": -0.03612262483146145,
          "eth": -0.04170398539552955
        },
        "max": {
          "btc": 0.0349913262434709,
          "eth": 0.04377388676562077
        }
      },
      "hedge_table": [
        {
          "target": "BTC",
          "hedge": "ETH",
          "hedge_ratio_units": 0.6807636368868977,
          "target_w": 0.5949676552095066,
          "hedge_w": -0.40503234479049344
        },
        {
          "target": "ETH",
          "hedge": "BTC",
          "hedge_ratio_units": 1.1931952730329192,
          "target_w": 0.455955752000652,
          "hedge_w": -0.544044247999348
        }
      ],
      "examples": [
        {
          "target": "BTC",
          "hedge": "ETH",
          "target_dollars": 59.49676552095065,
          "hedge_dollars": -40.50323447904935,
          "hedge_units_per_target_unit": -0.6807636368868977
        },
        {
          "target": "ETH",
          "hedge": "BTC",
          "target_dollars": 45.595575200065205,
          "hedge_dollars": -54.4044247999348,
          "hedge_units_per_target_unit": -1.1931952730329192
        }
      ]
    },
    "150": {
      "lookback_days": 150,
      "corr": 0.9008346382173623,
      "stats": {
        "mean": {
          "btc": -1.7677300222969623e-05,
          "eth": -6.647248194636484e-05
        },
        "std": {
          "btc": 0.004952458440672872,
          "eth": 0.006565465064003278
        },
        "min": {
          "btc": -0.03612262483146145,
          "eth": -0.04988725258205495
        },
        "max": {
          "btc": 0.0349913262434709,
          "eth": 0.04377388676562077
        }
      },
      "hedge_table": [
        {
          "target": "BTC",
          "hedge": "ETH",
          "hedge_ratio_units": 0.6795171498437268,
          "target_w": 0.5954092222833488,
          "hedge_w": -0.40459077771665114
        },
        {
          "target": "ETH",
          "hedge": "BTC",
          "hedge_ratio_units": 1.1942348263010476,
          "target_w": 0.45573973579015675,
          "hedge_w": -0.5442602642098432
        }
      ],
      "examples": [
        {
          "target": "BTC",
          "hedge": "ETH",
          "target_dollars": 59.54092222833488,
          "hedge_dollars": -40.459077771665115,
          "hedge_units_per_target_unit": -0.6795171498437268
        },
        {
          "target": "ETH",
          "hedge": "BTC",
          "target_dollars": 45.57397357901568,
          "hedge_dollars": -54.42602642098432,
          "hedge_units_per_target_unit": -1.1942348263010476
        }
      ]
    },
    "180": {
      "lookback_days": 180,
      "corr": 0.8986347777772861,
      "stats": {
        "mean": {
          "btc": -5.1182937600896085e-05,
          "eth": -7.779936744095057e-05
        },
        "std": {
          "btc": 0.005077519490310897,
          "eth": 0.006883901222791509
        },
        "min": {
          "btc": -0.03714671634653788,
          "eth": -0.05178573218862892
        },
        "max": {
          "btc": 0.0349913262434709,
          "eth": 0.04377388676562077
        }
      },
      "hedge_table": [
        {
          "target": "BTC",
          "hedge": "ETH",
          "hedge_ratio_units": 0.6628270004410499,
          "target_w": 0.601385471690536,
          "hedge_w": -0.398614528309464
        },
        {
          "target": "ETH",
          "hedge": "BTC",
          "hedge_ratio_units": 1.2183336878152011,
          "target_w": 0.45078880850647984,
          "hedge_w": -0.5492111914935202
        }
      ],
      "examples": [
        {
          "target": "BTC",
          "hedge": "ETH",
          "target_dollars": 60.1385471690536,
          "hedge_dollars": -39.8614528309464,
          "hedge_units_per_target_unit": -0.6628270004410499
        },
        {
          "target": "ETH",
          "hedge": "BTC",
          "target_dollars": 45.078880850647984,
          "hedge_dollars": -54.921119149352016,
          "hedge_units_per_target_unit": -1.2183336878152011
        }
      ]
    }
  },
  "example_notional": 100.0,
  "provider": "cryptocompare"
}