{
  "generated_at": "2026-02-07T01:52:03.290680Z",
  "lookbacks": {
    "30": {
      "lookback_days": 30,
      "corr": 0.8962205913978821,
      "stats": {
        "mean": {
          "btc": -0.0003338569266399511,
          "eth": -0.0005575966300009963
        },
        "std": {
          "btc": 0.005948991839785533,
          "eth": 0.008298597020554882
        },
        "min": {
          "btc": -0.031142278584685545,
          "eth": -0.04170398539552955
        },
        "max": {
          "btc": 0.0349913262434709,
          "eth": 0.04377388676562077
        }
      },
      "hedge_table": [
        {
          "target": "BTC",
          "hedge": "ETH",
          "hedge_ratio_units": 0.6424711275493733,
          "target_w": 0.6088387084721766,
          "hedge_w": -0.3911612915278235
        },
        {
          "target": "ETH",
          "hedge": "BTC",
          "hedge_ratio_units": 1.2501905751147449,
          "target_w": 0.44440680316555253,
          "hedge_w": -0.5555931968344473
        }
      ],
      "examples": [
        {
          "target": "BTC",
          "hedge": "ETH",
          "target_dollars": 60.88387084721766,
          "hedge_dollars": -39.11612915278235,
          "hedge_units_per_target_unit": -0.6424711275493733
        },
        {
          "target": "ETH",
          "hedge": "BTC",
          "target_dollars": 44.44068031655525,
          "hedge_dollars": -55.55931968344473,
          "hedge_units_per_target_unit": -1.2501905751147449
        }
      ]
    },
    "60": {
      "lookback_days": 60,
      "corr": 0.8976318533191452,
      "stats": {
        "mean": {
          "btc": -0.00015646368391554016,
          "eth": -0.0002572303829211764
        },
        "std": {
          "btc": 0.005144483916867383,
          "eth": 0.007183099747277523
        },
        "min": {
          "btc": -0.031142278584685545,
          "eth": -0.04988725258205495
        },
        "max": {
          "btc": 0.0349913262434709,
          "eth": 0.04377388676562077
        }
      },
      "hedge_table": [
        {
          "target": "BTC",
          "hedge": "ETH",
          "hedge_ratio_units": 0.6428774199353731,
          "target_w": 0.6086881393983354,
          "hedge_w": -0.39131186060166456
        },
        {
          "target": "ETH",
          "hedge": "BTC",
          "hedge_ratio_units": 1.2533383800821047,
          "target_w": 0.44378598830929383,
          "hedge_w": -0.5562140116907062
        }
      ],
      "examples": [
        {
          "target": "BTC",
          "hedge": "ETH",
          "target_dollars": 60.868813939833544,
          "hedge_dollars": -39.131186060166456,
          "hedge_units_per_target_unit": -0.6428774199353731
        },
        {
          "target": "ETH",
          "hedge": "BTC",
          "target_dollars": 44.378598830929384,
          "hedge_dollars": -55.621401169070616,
          "hedge_units_per_target_unit": -1.2533383800821047
        }
      ]
    },
    "120": {
      "lookback_days": 120,
      "corr": 0.8804966386984883,
      "stats": {
        "mean": {
          "btc": -0.00017420359530313692,
          "eth": -0.00023108621158879982
        },
        "std": {
          "btc": 0.005188046680109131,
          "eth": 0.007624837145878745
        },
        "min": {
          "btc": -0.03714671634653788,
          "eth": -0.05178573218862892
        },
        "max": {
          "btc": 0.0349913262434709,
          "eth": 0.04377388676562077
        }
      },
      "hedge_table": [
        {
          "target": "BTC",
          "hedge": "ETH",
          "hedge_ratio_units": 0.5991023251842166,
          "target_w": 0.6253508510687706,
          "hedge_w": -0.37464914893122925
        },
        {
          "target": "ETH",
          "hedge": "BTC",
          "hedge_ratio_units": 1.294059959658726,
          "target_w": 0.4359083971583569,
          "hedge_w": -0.5640916028416432
        }
      ],
      "examples": [
        {
          "target": "BTC",
          "hedge": "ETH",
          "target_dollars": 62.53508510687706,
          "hedge_dollars": -37.46491489312292,
          "hedge_units_per_target_unit": -0.5991023251842166
        },
        {
          "target": "ETH",
          "hedge": "BTC",
          "target_dollars": 43.59083971583569,
          "hedge_dollars": -56.409160284164315,
          "hedge_units_per_target_unit": -1.294059959658726
        }
      ]
    },
    "150": {
      "lookback_days": 150,
      "corr": 0.8724853651890546,
      "stats": {
        "mean": {
          "btc": -0.00011521660140104477,
          "eth": -0.00017934680508416176
        },
        "std": {
          "btc": 0.004832547023854457,
          "eth": 0.0072017356523816954
        },
        "min": {
          "btc": -0.03714671634653788,
          "eth": -0.05178573218862892
        },
        "max": {
          "btc": 0.0349913262434709,
          "eth": 0.04377388676562077
        }
      },
      "hedge_table": [
        {
          "target": "BTC",
          "hedge": "ETH",
          "hedge_ratio_units": 0.5854597778115541,
          "target_w": 0.6307318633969526,
          "hedge_w": -0.3692681366030474
        },
        {
          "target": "ETH",
          "hedge": "BTC",
          "hedge_ratio_units": 1.3002271741272386,
          "target_w": 0.43473966886745613,
          "hedge_w": -0.5652603311325439
        }
      ],
      "examples": [
        {
          "target": "BTC",
          "hedge": "ETH",
          "target_dollars": 63.07318633969526,
          "hedge_dollars": -36.92681366030474,
          "hedge_units_per_target_unit": -0.5854597778115541
        },
        {
          "target": "ETH",
          "hedge": "BTC",
          "target_dollars": 43.473966886745615,
          "hedge_dollars": -56.52603311325439,
          "hedge_units_per_target_unit": -1.3002271741272386
        }
      ]
    },
    "180": {
      "lookback_days": 180,
      "corr": 0.8551116787167579,
      "stats": {
        "mean": {
          "btc": -0.00011566132657189434,
          "eth": -0.00014448881074913012
        },
        "std": {
          "btc": 0.004657753910346543,
          "eth": 0.007243512357380451
        },
        "min": {
          "btc": -0.03714671634653788,
          "eth": -0.05178573218862892
        },
        "max": {
          "btc": 0.0349913262434709,
          "eth": 0.0757825447476439
        }
      },
      "hedge_table": [
        {
          "target": "BTC",
          "hedge": "ETH",
          "hedge_ratio_units": 0.5498575233695541,
          "target_w": 0.6452205992625014,
          "hedge_w": -0.35477940073749853
        },
        {
          "target": "ETH",
          "hedge": "BTC",
          "hedge_ratio_units": 1.3298280954616462,
          "target_w": 0.42921621640151697,
          "hedge_w": -0.570783783598483
        }
      ],
      "examples": [
        {
          "target": "BTC",
          "hedge": "ETH",
          "target_dollars": 64.52205992625014,
          "hedge_dollars": -35.477940073749856,
          "hedge_units_per_target_unit": -0.5498575233695541
        },
        {
          "target": "ETH",
          "hedge": "BTC",
          "target_dollars": 42.9216216401517,
          "hedge_dollars": -57.0783783598483,
          "hedge_units_per_target_unit": -1.3298280954616462
        }
      ]
    }
  },
  "example_notional": 100.0,
  "provider": "cryptocompare"
}