{
  "generated_at": "2026-01-01T16:47:15.088872Z",
  "lookback_days": 180,
  "example_notional": 100.0,
  "provider": "cryptocompare",
  "corr": 0.8249288343902446,
  "stats": {
    "mean": {
      "btc": -3.9298194041010374e-05,
      "eth": 6.478269907435704e-05
    },
    "std": {
      "btc": 0.004201233500182067,
      "eth": 0.0070257186358448935
    },
    "min": {
      "btc": -0.03714671634653788,
      "eth": -0.05178573218862892
    },
    "max": {
      "btc": 0.03468753462614105,
      "eth": 0.0757825447476439
    }
  },
  "hedge_table": [
    {
      "target": "BTC",
      "hedge": "ETH",
      "hedge_ratio_units": 0.493290271634919,
      "target_w": 0.6696621674935018,
      "hedge_w": -0.3303378325064982
    },
    {
      "target": "ETH",
      "hedge": "BTC",
      "hedge_ratio_units": 1.3795276755672305,
      "target_w": 0.42025146850272316,
      "hedge_w": -0.5797485314972769
    }
  ],
  "examples": [
    {
      "target": "BTC",
      "hedge": "ETH",
      "target_dollars": 66.96621674935018,
      "hedge_dollars": -33.03378325064982,
      "hedge_units_per_target_unit": -0.493290271634919
    },
    {
      "target": "ETH",
      "hedge": "BTC",
      "target_dollars": 42.025146850272314,
      "hedge_dollars": -57.97485314972769,
      "hedge_units_per_target_unit": -1.3795276755672305
    }
  ]
}