{
  "generated_at": "2026-05-17T09:44:49.681894Z",
  "lookbacks": {
    "30": {
      "lookback_days": 30,
      "corr": 0.8897526445555314,
      "stats": {
        "mean": {
          "btc": 5.6656414382662096e-05,
          "eth": -8.762334626268963e-05
        },
        "std": {
          "btc": 0.003440627806843206,
          "eth": 0.004278687553378586
        },
        "min": {
          "btc": -0.020668693538518745,
          "eth": -0.025174966013795874
        },
        "max": {
          "btc": 0.018403612886388032,
          "eth": 0.027605242088407644
        }
      },
      "hedge_table": [
        {
          "target": "BTC",
          "hedge": "ETH",
          "hedge_ratio_units": 0.7154782049118628,
          "target_w": 0.582927837343977,
          "hedge_w": -0.41707216265602304
        },
        {
          "target": "ETH",
          "hedge": "BTC",
          "hedge_ratio_units": 1.1064764280151391,
          "target_w": 0.47472641359783263,
          "hedge_w": -0.5252735864021674
        }
      ],
      "examples": [
        {
          "target": "BTC",
          "hedge": "ETH",
          "target_dollars": 58.2927837343977,
          "hedge_dollars": -41.707216265602305,
          "hedge_units_per_target_unit": -0.7154782049118628
        },
        {
          "target": "ETH",
          "hedge": "BTC",
          "target_dollars": 47.47264135978326,
          "hedge_dollars": -52.52735864021674,
          "hedge_units_per_target_unit": -1.1064764280151391
        }
      ]
    },
    "60": {
      "lookback_days": 60,
      "corr": 0.9082982660053244,
      "stats": {
        "mean": {
          "btc": 4.590482480290991e-05,
          "eth": -2.496947491472399e-05
        },
        "std": {
          "btc": 0.004004372899364089,
          "eth": 0.005291540139703226
        },
        "min": {
          "btc": -0.020668693538518745,
          "eth": -0.030096491146448856
        },
        "max": {
          "btc": 0.022874680739771724,
          "eth": 0.041842617860856635
        }
      },
      "hedge_table": [
        {
          "target": "BTC",
          "hedge": "ETH",
          "hedge_ratio_units": 0.6873546954016122,
          "target_w": 0.5926436230184472,
          "hedge_w": -0.4073563769815527
        },
        {
          "target": "ETH",
          "hedge": "BTC",
          "hedge_ratio_units": 1.2002620270837594,
          "target_w": 0.45449132316545315,
          "hedge_w": -0.5455086768345467
        }
      ],
      "examples": [
        {
          "target": "BTC",
          "hedge": "ETH",
          "target_dollars": 59.26436230184472,
          "hedge_dollars": -40.73563769815527,
          "hedge_units_per_target_unit": -0.6873546954016122
        },
        {
          "target": "ETH",
          "hedge": "BTC",
          "target_dollars": 45.44913231654532,
          "hedge_dollars": -54.550867683454676,
          "hedge_units_per_target_unit": -1.2002620270837594
        }
      ]
    },
    "120": {
      "lookback_days": 120,
      "corr": 0.9033199194004218,
      "stats": {
        "mean": {
          "btc": -5.50109420566874e-05,
          "eth": -0.00011921599812895244
        },
        "std": {
          "btc": 0.005161054089818935,
          "eth": 0.006807671087966631
        },
        "min": {
          "btc": -0.03612262483146145,
          "eth": -0.04170398539552955
        },
        "max": {
          "btc": 0.0349913262434709,
          "eth": 0.04377388676562077
        }
      },
      "hedge_table": [
        {
          "target": "BTC",
          "hedge": "ETH",
          "hedge_ratio_units": 0.6848278808118747,
          "target_w": 0.5935324381729283,
          "hedge_w": -0.4064675618270716
        },
        {
          "target": "ETH",
          "hedge": "BTC",
          "hedge_ratio_units": 1.1915211101192589,
          "target_w": 0.456304069069899,
          "hedge_w": -0.543695930930101
        }
      ],
      "examples": [
        {
          "target": "BTC",
          "hedge": "ETH",
          "target_dollars": 59.353243817292835,
          "hedge_dollars": -40.64675618270716,
          "hedge_units_per_target_unit": -0.6848278808118747
        },
        {
          "target": "ETH",
          "hedge": "BTC",
          "target_dollars": 45.630406906989904,
          "hedge_dollars": -54.3695930930101,
          "hedge_units_per_target_unit": -1.1915211101192589
        }
      ]
    },
    "150": {
      "lookback_days": 150,
      "corr": 0.9003437486563398,
      "stats": {
        "mean": {
          "btc": -1.9030524430440564e-05,
          "eth": -5.350452267140902e-05
        },
        "std": {
          "btc": 0.004891738760156541,
          "eth": 0.006458904454912971
        },
        "min": {
          "btc": -0.03612262483146145,
          "eth": -0.04170398539552955
        },
        "max": {
          "btc": 0.0349913262434709,
          "eth": 0.04377388676562077
        }
      },
      "hedge_table": [
        {
          "target": "BTC",
          "hedge": "ETH",
          "hedge_ratio_units": 0.6818875311612269,
          "target_w": 0.5945700776493474,
          "hedge_w": -0.4054299223506525
        },
        {
          "target": "ETH",
          "hedge": "BTC",
          "hedge_ratio_units": 1.1887867554405918,
          "target_w": 0.4568741096017392,
          "hedge_w": -0.5431258903982609
        }
      ],
      "examples": [
        {
          "target": "BTC",
          "hedge": "ETH",
          "target_dollars": 59.457007764934744,
          "hedge_dollars": -40.54299223506525,
          "hedge_units_per_target_unit": -0.6818875311612269
        },
        {
          "target": "ETH",
          "hedge": "BTC",
          "target_dollars": 45.68741096017392,
          "hedge_dollars": -54.312589039826086,
          "hedge_units_per_target_unit": -1.1887867554405918
        }
      ]
    },
    "180": {
      "lookback_days": 180,
      "corr": 0.9002169439150749,
      "stats": {
        "mean": {
          "btc": -2.4153414664142315e-05,
          "eth": -5.541511927775862e-05
        },
        "std": {
          "btc": 0.005011519761058184,
          "eth": 0.006716572072207337
        },
        "min": {
          "btc": -0.03714671634653788,
          "eth": -0.05178573218862892
        },
        "max": {
          "btc": 0.0349913262434709,
          "eth": 0.04377388676562077
        }
      },
      "hedge_table": [
        {
          "target": "BTC",
          "hedge": "ETH",
          "hedge_ratio_units": 0.6716901054836978,
          "target_w": 0.5981969963928533,
          "hedge_w": -0.40180300360714677
        },
        {
          "target": "ETH",
          "hedge": "BTC",
          "hedge_ratio_units": 1.2064946907744283,
          "target_w": 0.4532075260280927,
          "hedge_w": -0.5467924739719073
        }
      ],
      "examples": [
        {
          "target": "BTC",
          "hedge": "ETH",
          "target_dollars": 59.81969963928533,
          "hedge_dollars": -40.180300360714675,
          "hedge_units_per_target_unit": -0.6716901054836978
        },
        {
          "target": "ETH",
          "hedge": "BTC",
          "target_dollars": 45.32075260280927,
          "hedge_dollars": -54.679247397190736,
          "hedge_units_per_target_unit": -1.2064946907744283
        }
      ]
    }
  },
  "example_notional": 100.0,
  "provider": "cryptocompare"
}