{
  "generated_at": "2026-03-02T01:57:56.556466Z",
  "lookbacks": {
    "30": {
      "lookback_days": 30,
      "corr": 0.900953195532821,
      "stats": {
        "mean": {
          "btc": -0.00030015581890565284,
          "eth": -0.00040014631330145427
        },
        "std": {
          "btc": 0.006921234873873085,
          "eth": 0.00910765463691674
        },
        "min": {
          "btc": -0.03612262483146145,
          "eth": -0.04170398539552955
        },
        "max": {
          "btc": 0.0349913262434709,
          "eth": 0.04260060177264258
        }
      },
      "hedge_table": [
        {
          "target": "BTC",
          "hedge": "ETH",
          "hedge_ratio_units": 0.684666791313484,
          "target_w": 0.5935891923294399,
          "hedge_w": -0.4064108076705601
        },
        {
          "target": "ETH",
          "hedge": "BTC",
          "hedge_ratio_units": 1.1855645269191188,
          "target_w": 0.45754768970818266,
          "hedge_w": -0.5424523102918174
        }
      ],
      "examples": [
        {
          "target": "BTC",
          "hedge": "ETH",
          "target_dollars": 59.35891923294398,
          "hedge_dollars": -40.64108076705601,
          "hedge_units_per_target_unit": -0.684666791313484
        },
        {
          "target": "ETH",
          "hedge": "BTC",
          "target_dollars": 45.75476897081827,
          "hedge_dollars": -54.24523102918174,
          "hedge_units_per_target_unit": -1.1855645269191188
        }
      ]
    },
    "60": {
      "lookback_days": 60,
      "corr": 0.8940285427027227,
      "stats": {
        "mean": {
          "btc": -0.00017659623557598326,
          "eth": -0.00026092274485479304
        },
        "std": {
          "btc": 0.005636701073528921,
          "eth": 0.007534603187238987
        },
        "min": {
          "btc": -0.03612262483146145,
          "eth": -0.04170398539552955
        },
        "max": {
          "btc": 0.0349913262434709,
          "eth": 0.04377388676562077
        }
      },
      "hedge_table": [
        {
          "target": "BTC",
          "hedge": "ETH",
          "hedge_ratio_units": 0.6688303977245791,
          "target_w": 0.5992220667621362,
          "hedge_w": -0.4007779332378638
        },
        {
          "target": "ETH",
          "hedge": "BTC",
          "hedge_ratio_units": 1.1950518963946615,
          "target_w": 0.45557009455789377,
          "hedge_w": -0.5444299054421062
        }
      ],
      "examples": [
        {
          "target": "BTC",
          "hedge": "ETH",
          "target_dollars": 59.92220667621362,
          "hedge_dollars": -40.07779332378638,
          "hedge_units_per_target_unit": -0.6688303977245791
        },
        {
          "target": "ETH",
          "hedge": "BTC",
          "target_dollars": 45.55700945578938,
          "hedge_dollars": -54.44299054421062,
          "hedge_units_per_target_unit": -1.1950518963946615
        }
      ]
    },
    "120": {
      "lookback_days": 120,
      "corr": 0.8909470971363843,
      "stats": {
        "mean": {
          "btc": -0.0001601715434007123,
          "eth": -0.00020810022049599645
        },
        "std": {
          "btc": 0.005381862646966211,
          "eth": 0.007527533941519543
        },
        "min": {
          "btc": -0.03714671634653788,
          "eth": -0.05178573218862892
        },
        "max": {
          "btc": 0.0349913262434709,
          "eth": 0.04377388676562077
        }
      },
      "hedge_table": [
        {
          "target": "BTC",
          "hedge": "ETH",
          "hedge_ratio_units": 0.6369888119738389,
          "target_w": 0.6108777242003418,
          "hedge_w": -0.3891222757996582
        },
        {
          "target": "ETH",
          "hedge": "BTC",
          "hedge_ratio_units": 1.2461549009566444,
          "target_w": 0.4452052703818855,
          "hedge_w": -0.5547947296181146
        }
      ],
      "examples": [
        {
          "target": "BTC",
          "hedge": "ETH",
          "target_dollars": 61.087772420034185,
          "hedge_dollars": -38.912227579965815,
          "hedge_units_per_target_unit": -0.6369888119738389
        },
        {
          "target": "ETH",
          "hedge": "BTC",
          "target_dollars": 44.520527038188554,
          "hedge_dollars": -55.47947296181146,
          "hedge_units_per_target_unit": -1.2461549009566444
        }
      ]
    },
    "150": {
      "lookback_days": 150,
      "corr": 0.8792645496273379,
      "stats": {
        "mean": {
          "btc": -0.00015077320610835373,
          "eth": -0.00020319679860929658
        },
        "std": {
          "btc": 0.00523010868583736,
          "eth": 0.007485650096268695
        },
        "min": {
          "btc": -0.03714671634653788,
          "eth": -0.05178573218862892
        },
        "max": {
          "btc": 0.0349913262434709,
          "eth": 0.04377388676562077
        }
      },
      "hedge_table": [
        {
          "target": "BTC",
          "hedge": "ETH",
          "hedge_ratio_units": 0.6143286286447001,
          "target_w": 0.6194525589498738,
          "hedge_w": -0.3805474410501262
        },
        {
          "target": "ETH",
          "hedge": "BTC",
          "hedge_ratio_units": 1.2584569759298896,
          "target_w": 0.4427801860552439,
          "hedge_w": -0.5572198139447561
        }
      ],
      "examples": [
        {
          "target": "BTC",
          "hedge": "ETH",
          "target_dollars": 61.94525589498738,
          "hedge_dollars": -38.054744105012624,
          "hedge_units_per_target_unit": -0.6143286286447001
        },
        {
          "target": "ETH",
          "hedge": "BTC",
          "target_dollars": 44.27801860552439,
          "hedge_dollars": -55.721981394475605,
          "hedge_units_per_target_unit": -1.2584569759298896
        }
      ]
    },
    "180": {
      "lookback_days": 180,
      "corr": 0.8739991060900962,
      "stats": {
        "mean": {
          "btc": -0.00010718899599786475,
          "eth": -0.0001579977842378055
        },
        "std": {
          "btc": 0.0049168290637609455,
          "eth": 0.007141336422730495
        },
        "min": {
          "btc": -0.03714671634653788,
          "eth": -0.05178573218862892
        },
        "max": {
          "btc": 0.0349913262434709,
          "eth": 0.04377388676562077
        }
      },
      "hedge_table": [
        {
          "target": "BTC",
          "hedge": "ETH",
          "hedge_ratio_units": 0.6017507021300356,
          "target_w": 0.6243168794433384,
          "hedge_w": -0.37568312055666164
        },
        {
          "target": "ETH",
          "hedge": "BTC",
          "hedge_ratio_units": 1.2694201016174596,
          "target_w": 0.4406412013744307,
          "hedge_w": -0.5593587986255693
        }
      ],
      "examples": [
        {
          "target": "BTC",
          "hedge": "ETH",
          "target_dollars": 62.43168794433384,
          "hedge_dollars": -37.56831205566616,
          "hedge_units_per_target_unit": -0.6017507021300356
        },
        {
          "target": "ETH",
          "hedge": "BTC",
          "target_dollars": 44.06412013744307,
          "hedge_dollars": -55.935879862556924,
          "hedge_units_per_target_unit": -1.2694201016174596
        }
      ]
    }
  },
  "example_notional": 100.0,
  "provider": "cryptocompare"
}