{
  "generated_at": "2026-01-20T08:29:50.514670Z",
  "lookbacks": {
    "30": {
      "lookback_days": 30,
      "corr": 0.8649509630511,
      "stats": {
        "mean": {
          "btc": 4.064177296748299e-05,
          "eth": 5.8344029424532434e-05
        },
        "std": {
          "btc": 0.003407663841354909,
          "eth": 0.004439247801628206
        },
        "min": {
          "btc": -0.019039367237945193,
          "eth": -0.022667238766945097
        },
        "max": {
          "btc": 0.019859354511182037,
          "eth": 0.03730338759129537
        }
      },
      "hedge_table": [
        {
          "target": "BTC",
          "hedge": "ETH",
          "hedge_ratio_units": 0.6639553034758013,
          "target_w": 0.6009776812580968,
          "hedge_w": -0.3990223187419031
        },
        {
          "target": "ETH",
          "hedge": "BTC",
          "hedge_ratio_units": 1.126792970199224,
          "target_w": 0.4701915108861426,
          "hedge_w": -0.5298084891138574
        }
      ],
      "examples": [
        {
          "target": "BTC",
          "hedge": "ETH",
          "target_dollars": 60.09776812580968,
          "hedge_dollars": -39.902231874190306,
          "hedge_units_per_target_unit": -0.6639553034758013
        },
        {
          "target": "ETH",
          "hedge": "BTC",
          "target_dollars": 47.01915108861426,
          "hedge_dollars": -52.980848911385735,
          "hedge_units_per_target_unit": -1.126792970199224
        }
      ]
    },
    "60": {
      "lookback_days": 60,
      "corr": 0.8884429407225884,
      "stats": {
        "mean": {
          "btc": 8.211204169808605e-05,
          "eth": 0.00012251896257482468
        },
        "std": {
          "btc": 0.004432466323237415,
          "eth": 0.0061667829923117545
        },
        "min": {
          "btc": -0.03714671634653788,
          "eth": -0.05178573218862892
        },
        "max": {
          "btc": 0.026004133739085944,
          "eth": 0.04132265866066209
        }
      },
      "hedge_table": [
        {
          "target": "BTC",
          "hedge": "ETH",
          "hedge_ratio_units": 0.6385814807786262,
          "target_w": 0.6102839631293874,
          "hedge_w": -0.3897160368706127
        },
        {
          "target": "ETH",
          "hedge": "BTC",
          "hedge_ratio_units": 1.236069135542993,
          "target_w": 0.44721336389143723,
          "hedge_w": -0.5527866361085627
        }
      ],
      "examples": [
        {
          "target": "BTC",
          "hedge": "ETH",
          "target_dollars": 61.02839631293874,
          "hedge_dollars": -38.97160368706127,
          "hedge_units_per_target_unit": -0.6385814807786262
        },
        {
          "target": "ETH",
          "hedge": "BTC",
          "target_dollars": 44.72133638914372,
          "hedge_dollars": -55.27866361085627,
          "hedge_units_per_target_unit": -1.236069135542993
        }
      ]
    },
    "120": {
      "lookback_days": 120,
      "corr": 0.8679200701197635,
      "stats": {
        "mean": {
          "btc": -6.243844378490822e-05,
          "eth": -7.659907301918638e-05
        },
        "std": {
          "btc": 0.0045899322262758615,
          "eth": 0.006932819799228677
        },
        "min": {
          "btc": -0.03714671634653788,
          "eth": -0.05178573218862892
        },
        "max": {
          "btc": 0.03468753462614105,
          "eth": 0.04368288914132212
        }
      },
      "hedge_table": [
        {
          "target": "BTC",
          "hedge": "ETH",
          "hedge_ratio_units": 0.5746138533872639,
          "target_w": 0.635076338144002,
          "hedge_w": -0.364923661855998
        },
        {
          "target": "ETH",
          "hedge": "BTC",
          "hedge_ratio_units": 1.3109416761816473,
          "target_w": 0.43272403207176263,
          "hedge_w": -0.5672759679282374
        }
      ],
      "examples": [
        {
          "target": "BTC",
          "hedge": "ETH",
          "target_dollars": 63.5076338144002,
          "hedge_dollars": -36.4923661855998,
          "hedge_units_per_target_unit": -0.5746138533872639
        },
        {
          "target": "ETH",
          "hedge": "BTC",
          "target_dollars": 43.27240320717626,
          "hedge_dollars": -56.72759679282374,
          "hedge_units_per_target_unit": -1.3109416761816473
        }
      ]
    },
    "150": {
      "lookback_days": 150,
      "corr": 0.8575826796023766,
      "stats": {
        "mean": {
          "btc": -5.6954939045118286e-05,
          "eth": -9.46004783677331e-05
        },
        "std": {
          "btc": 0.004344228123578134,
          "eth": 0.006691909546656361
        },
        "min": {
          "btc": -0.03714671634653788,
          "eth": -0.05178573218862892
        },
        "max": {
          "btc": 0.03468753462614105,
          "eth": 0.04368288914132212
        }
      },
      "hedge_table": [
        {
          "target": "BTC",
          "hedge": "ETH",
          "hedge_ratio_units": 0.5567222283934813,
          "target_w": 0.6423753587895948,
          "hedge_w": -0.35762464121040527
        },
        {
          "target": "ETH",
          "hedge": "BTC",
          "hedge_ratio_units": 1.3210323117082203,
          "target_w": 0.430842774120635,
          "hedge_w": -0.569157225879365
        }
      ],
      "examples": [
        {
          "target": "BTC",
          "hedge": "ETH",
          "target_dollars": 64.23753587895948,
          "hedge_dollars": -35.76246412104053,
          "hedge_units_per_target_unit": -0.5567222283934813
        },
        {
          "target": "ETH",
          "hedge": "BTC",
          "target_dollars": 43.0842774120635,
          "hedge_dollars": -56.9157225879365,
          "hedge_units_per_target_unit": -1.3210323117082203
        }
      ]
    },
    "180": {
      "lookback_days": 180,
      "corr": 0.8348797622602179,
      "stats": {
        "mean": {
          "btc": -5.214853878274265e-05,
          "eth": -1.3143305518815082e-05
        },
        "std": {
          "btc": 0.004189687666577926,
          "eth": 0.006823612031873035
        },
        "min": {
          "btc": -0.03714671634653788,
          "eth": -0.05178573218862892
        },
        "max": {
          "btc": 0.03468753462614105,
          "eth": 0.0757825447476439
        }
      },
      "hedge_table": [
        {
          "target": "BTC",
          "hedge": "ETH",
          "hedge_ratio_units": 0.5126149357083246,
          "target_w": 0.6611067869244076,
          "hedge_w": -0.3388932130755923
        },
        {
          "target": "ETH",
          "hedge": "BTC",
          "hedge_ratio_units": 1.3597423111921996,
          "target_w": 0.42377508563414934,
          "hedge_w": -0.5762249143658505
        }
      ],
      "examples": [
        {
          "target": "BTC",
          "hedge": "ETH",
          "target_dollars": 66.11067869244076,
          "hedge_dollars": -33.88932130755923,
          "hedge_units_per_target_unit": -0.5126149357083246
        },
        {
          "target": "ETH",
          "hedge": "BTC",
          "target_dollars": 42.377508563414935,
          "hedge_dollars": -57.62249143658506,
          "hedge_units_per_target_unit": -1.3597423111921996
        }
      ]
    }
  },
  "example_notional": 100.0,
  "provider": "cryptocompare"
}