{
  "generated_at": "2026-04-23T09:26:01.719604Z",
  "lookbacks": {
    "30": {
      "lookback_days": 30,
      "corr": 0.9101026515898992,
      "stats": {
        "mean": {
          "btc": 0.00012715720754185062,
          "eth": 0.00011591728933023485
        },
        "std": {
          "btc": 0.004240746386971942,
          "eth": 0.005692606701818159
        },
        "min": {
          "btc": -0.019619547762256384,
          "eth": -0.02913186092280784
        },
        "max": {
          "btc": 0.022681960554355562,
          "eth": 0.0410922552310693
        }
      },
      "hedge_table": [
        {
          "target": "BTC",
          "hedge": "ETH",
          "hedge_ratio_units": 0.6779872093167372,
          "target_w": 0.5959520993054481,
          "hedge_w": -0.4040479006945518
        },
        {
          "target": "ETH",
          "hedge": "BTC",
          "hedge_ratio_units": 1.2216850481083523,
          "target_w": 0.4501088040590845,
          "hedge_w": -0.5498911959409155
        }
      ],
      "examples": [
        {
          "target": "BTC",
          "hedge": "ETH",
          "target_dollars": 59.59520993054481,
          "hedge_dollars": -40.40479006945518,
          "hedge_units_per_target_unit": -0.6779872093167372
        },
        {
          "target": "ETH",
          "hedge": "BTC",
          "target_dollars": 45.01088040590845,
          "hedge_dollars": -54.98911959409155,
          "hedge_units_per_target_unit": -1.2216850481083523
        }
      ]
    },
    "60": {
      "lookback_days": 60,
      "corr": 0.915486956088553,
      "stats": {
        "mean": {
          "btc": 0.00010335724374440517,
          "eth": 0.00013380366024349637
        },
        "std": {
          "btc": 0.005103674924465104,
          "eth": 0.00665810927336381
        },
        "min": {
          "btc": -0.03612262483146145,
          "eth": -0.04038541666666662
        },
        "max": {
          "btc": 0.029223763595974894,
          "eth": 0.041842617860856635
        }
      },
      "hedge_table": [
        {
          "target": "BTC",
          "hedge": "ETH",
          "hedge_ratio_units": 0.7017529496183036,
          "target_w": 0.5876293619613212,
          "hedge_w": -0.4123706380386789
        },
        {
          "target": "ETH",
          "hedge": "BTC",
          "hedge_ratio_units": 1.1943182671681694,
          "target_w": 0.45572240588897284,
          "hedge_w": -0.5442775941110272
        }
      ],
      "examples": [
        {
          "target": "BTC",
          "hedge": "ETH",
          "target_dollars": 58.762936196132124,
          "hedge_dollars": -41.23706380386789,
          "hedge_units_per_target_unit": -0.7017529496183036
        },
        {
          "target": "ETH",
          "hedge": "BTC",
          "target_dollars": 45.57224058889729,
          "hedge_dollars": -54.42775941110271,
          "hedge_units_per_target_unit": -1.1943182671681694
        }
      ]
    },
    "120": {
      "lookback_days": 120,
      "corr": 0.9011960633341961,
      "stats": {
        "mean": {
          "btc": -2.6587062091124046e-05,
          "eth": -5.6988841264005266e-05
        },
        "std": {
          "btc": 0.005174358201073338,
          "eth": 0.006841918616304332
        },
        "min": {
          "btc": -0.03612262483146145,
          "eth": -0.04170398539552955
        },
        "max": {
          "btc": 0.0349913262434709,
          "eth": 0.04377388676562077
        }
      },
      "hedge_table": [
        {
          "target": "BTC",
          "hedge": "ETH",
          "hedge_ratio_units": 0.6815502350431477,
          "target_w": 0.5946893403243112,
          "hedge_w": -0.4053106596756888
        },
        {
          "target": "ETH",
          "hedge": "BTC",
          "hedge_ratio_units": 1.1916280015920417,
          "target_w": 0.45628181391804645,
          "hedge_w": -0.5437181860819535
        }
      ],
      "examples": [
        {
          "target": "BTC",
          "hedge": "ETH",
          "target_dollars": 59.46893403243112,
          "hedge_dollars": -40.53106596756888,
          "hedge_units_per_target_unit": -0.6815502350431477
        },
        {
          "target": "ETH",
          "hedge": "BTC",
          "target_dollars": 45.628181391804645,
          "hedge_dollars": -54.371818608195355,
          "hedge_units_per_target_unit": -1.1916280015920417
        }
      ]
    },
    "150": {
      "lookback_days": 150,
      "corr": 0.899440012469225,
      "stats": {
        "mean": {
          "btc": -1.553302077690671e-05,
          "eth": -2.7902552163513346e-05
        },
        "std": {
          "btc": 0.0051346055348178675,
          "eth": 0.0069198509224770955
        },
        "min": {
          "btc": -0.03714671634653788,
          "eth": -0.05178573218862892
        },
        "max": {
          "btc": 0.0349913262434709,
          "eth": 0.04377388676562077
        }
      },
      "hedge_table": [
        {
          "target": "BTC",
          "hedge": "ETH",
          "hedge_ratio_units": 0.6673943872490153,
          "target_w": 0.5997381349291157,
          "hedge_w": -0.4002618650708844
        },
        {
          "target": "ETH",
          "hedge": "BTC",
          "hedge_ratio_units": 1.2121653275588484,
          "target_w": 0.4520457795546015,
          "hedge_w": -0.5479542204453985
        }
      ],
      "examples": [
        {
          "target": "BTC",
          "hedge": "ETH",
          "target_dollars": 59.97381349291157,
          "hedge_dollars": -40.02618650708844,
          "hedge_units_per_target_unit": -0.6673943872490153
        },
        {
          "target": "ETH",
          "hedge": "BTC",
          "target_dollars": 45.20457795546015,
          "hedge_dollars": -54.795422044539855,
          "hedge_units_per_target_unit": -1.2121653275588484
        }
      ]
    },
    "180": {
      "lookback_days": 180,
      "corr": 0.8955684943608511,
      "stats": {
        "mean": {
          "btc": -7.074835759024608e-05,
          "eth": -9.7121526992157e-05
        },
        "std": {
          "btc": 0.005184202115684304,
          "eth": 0.007142721831956972
        },
        "min": {
          "btc": -0.03714671634653788,
          "eth": -0.05178573218862892
        },
        "max": {
          "btc": 0.0349913262434709,
          "eth": 0.04377388676562077
        }
      },
      "hedge_table": [
        {
          "target": "BTC",
          "hedge": "ETH",
          "hedge_ratio_units": 0.6500054450438661,
          "target_w": 0.6060586060510937,
          "hedge_w": -0.3939413939489063
        },
        {
          "target": "ETH",
          "hedge": "BTC",
          "hedge_ratio_units": 1.2339018606800058,
          "target_w": 0.44764723894164143,
          "hedge_w": -0.5523527610583585
        }
      ],
      "examples": [
        {
          "target": "BTC",
          "hedge": "ETH",
          "target_dollars": 60.60586060510937,
          "hedge_dollars": -39.39413939489063,
          "hedge_units_per_target_unit": -0.6500054450438661
        },
        {
          "target": "ETH",
          "hedge": "BTC",
          "target_dollars": 44.76472389416414,
          "hedge_dollars": -55.23527610583585,
          "hedge_units_per_target_unit": -1.2339018606800058
        }
      ]
    }
  },
  "example_notional": 100.0,
  "provider": "cryptocompare"
}