{
  "generated_at": "2026-01-04T16:22:30.377930Z",
  "lookbacks": {
    "30": {
      "lookback_days": 30,
      "corr": 0.8991911933762221,
      "stats": {
        "mean": {
          "btc": 3.91276503855034e-05,
          "eth": 6.368799335248453e-05
        },
        "std": {
          "btc": 0.004227401347025066,
          "eth": 0.006089340431353612
        },
        "min": {
          "btc": -0.027358625956130256,
          "eth": -0.04988725258205495
        },
        "max": {
          "btc": 0.026004133739085944,
          "eth": 0.04132265866066209
        }
      },
      "hedge_table": [
        {
          "target": "BTC",
          "hedge": "ETH",
          "hedge_ratio_units": 0.6242452864910251,
          "target_w": 0.6156705568531293,
          "hedge_w": -0.3843294431468707
        },
        {
          "target": "ETH",
          "hedge": "BTC",
          "hedge_ratio_units": 1.2952357346425538,
          "target_w": 0.43568509539423583,
          "hedge_w": -0.5643149046057642
        }
      ],
      "examples": [
        {
          "target": "BTC",
          "hedge": "ETH",
          "target_dollars": 61.56705568531293,
          "hedge_dollars": -38.43294431468707,
          "hedge_units_per_target_unit": -0.6242452864910251
        },
        {
          "target": "ETH",
          "hedge": "BTC",
          "target_dollars": 43.56850953942358,
          "hedge_dollars": -56.43149046057642,
          "hedge_units_per_target_unit": -1.2952357346425538
        }
      ]
    },
    "60": {
      "lookback_days": 60,
      "corr": 0.8909843835526864,
      "stats": {
        "mean": {
          "btc": -7.748346824211803e-05,
          "eth": -3.822278944095898e-05
        },
        "std": {
          "btc": 0.004954624345134278,
          "eth": 0.007141564469333122
        },
        "min": {
          "btc": -0.03714671634653788,
          "eth": -0.05178573218862892
        },
        "max": {
          "btc": 0.026004133739085944,
          "eth": 0.04132265866066209
        }
      },
      "hedge_table": [
        {
          "target": "BTC",
          "hedge": "ETH",
          "hedge_ratio_units": 0.6181408761120967,
          "target_w": 0.6179931641073785,
          "hedge_w": -0.38200683589262163
        },
        {
          "target": "ETH",
          "hedge": "BTC",
          "hedge_ratio_units": 1.2842593046553346,
          "target_w": 0.4377786698567864,
          "hedge_w": -0.5622213301432137
        }
      ],
      "examples": [
        {
          "target": "BTC",
          "hedge": "ETH",
          "target_dollars": 61.799316410737845,
          "hedge_dollars": -38.20068358926216,
          "hedge_units_per_target_unit": -0.6181408761120967
        },
        {
          "target": "ETH",
          "hedge": "BTC",
          "target_dollars": 43.777866985678635,
          "hedge_dollars": -56.22213301432137,
          "hedge_units_per_target_unit": -1.2842593046553346
        }
      ]
    },
    "120": {
      "lookback_days": 120,
      "corr": 0.8634465675923756,
      "stats": {
        "mean": {
          "btc": -5.5176617698776204e-05,
          "eth": -8.40842118901153e-05
        },
        "std": {
          "btc": 0.004482680694043476,
          "eth": 0.006868522166198947
        },
        "min": {
          "btc": -0.03714671634653788,
          "eth": -0.05178573218862892
        },
        "max": {
          "btc": 0.03468753462614105,
          "eth": 0.04368288914132212
        }
      },
      "hedge_table": [
        {
          "target": "BTC",
          "hedge": "ETH",
          "hedge_ratio_units": 0.5635208222712077,
          "target_w": 0.6395821441938817,
          "hedge_w": -0.36041785580611835
        },
        {
          "target": "ETH",
          "hedge": "BTC",
          "hedge_ratio_units": 1.3230034199663454,
          "target_w": 0.43047719663472883,
          "hedge_w": -0.5695228033652713
        }
      ],
      "examples": [
        {
          "target": "BTC",
          "hedge": "ETH",
          "target_dollars": 63.95821441938817,
          "hedge_dollars": -36.04178558061184,
          "hedge_units_per_target_unit": -0.5635208222712077
        },
        {
          "target": "ETH",
          "hedge": "BTC",
          "target_dollars": 43.04771966347288,
          "hedge_dollars": -56.952280336527124,
          "hedge_units_per_target_unit": -1.3230034199663454
        }
      ]
    },
    "150": {
      "lookback_days": 150,
      "corr": 0.8362651035236572,
      "stats": {
        "mean": {
          "btc": -5.8317095543125085e-05,
          "eth": -3.092005066573789e-05
        },
        "std": {
          "btc": 0.004340802241566199,
          "eth": 0.007047062819507965
        },
        "min": {
          "btc": -0.03714671634653788,
          "eth": -0.05178573218862892
        },
        "max": {
          "btc": 0.03468753462614105,
          "eth": 0.0757825447476439
        }
      },
      "hedge_table": [
        {
          "target": "BTC",
          "hedge": "ETH",
          "hedge_ratio_units": 0.5151169400491504,
          "target_w": 0.6600150612582815,
          "hedge_w": -0.33998493874171853
        },
        {
          "target": "ETH",
          "hedge": "BTC",
          "hedge_ratio_units": 1.3576321588350502,
          "target_w": 0.4241543772011146,
          "hedge_w": -0.5758456227988854
        }
      ],
      "examples": [
        {
          "target": "BTC",
          "hedge": "ETH",
          "target_dollars": 66.00150612582814,
          "hedge_dollars": -33.99849387417186,
          "hedge_units_per_target_unit": -0.5151169400491504
        },
        {
          "target": "ETH",
          "hedge": "BTC",
          "target_dollars": 42.41543772011146,
          "hedge_dollars": -57.58456227988854,
          "hedge_units_per_target_unit": -1.3576321588350502
        }
      ]
    },
    "180": {
      "lookback_days": 180,
      "corr": 0.8252339737498428,
      "stats": {
        "mean": {
          "btc": -3.213413762870727e-05,
          "eth": 6.633897936870494e-05
        },
        "std": {
          "btc": 0.00420565313138278,
          "eth": 0.007011433083142917
        },
        "min": {
          "btc": -0.03714671634653788,
          "eth": -0.05178573218862892
        },
        "max": {
          "btc": 0.03468753462614105,
          "eth": 0.0757825447476439
        }
      },
      "hedge_table": [
        {
          "target": "BTC",
          "hedge": "ETH",
          "hedge_ratio_units": 0.49499835549578436,
          "target_w": 0.6688970568588828,
          "hedge_w": -0.33110294314111716
        },
        {
          "target": "ETH",
          "hedge": "BTC",
          "hedge_ratio_units": 1.3757845937667081,
          "target_w": 0.4209135805593138,
          "hedge_w": -0.5790864194406862
        }
      ],
      "examples": [
        {
          "target": "BTC",
          "hedge": "ETH",
          "target_dollars": 66.88970568588827,
          "hedge_dollars": -33.11029431411171,
          "hedge_units_per_target_unit": -0.49499835549578436
        },
        {
          "target": "ETH",
          "hedge": "BTC",
          "target_dollars": 42.09135805593138,
          "hedge_dollars": -57.90864194406862,
          "hedge_units_per_target_unit": -1.3757845937667081
        }
      ]
    }
  },
  "example_notional": 100.0,
  "provider": "cryptocompare"
}