{
  "generated_at": "2026-01-21T01:41:56.287503Z",
  "lookbacks": {
    "30": {
      "lookback_days": 30,
      "corr": 0.8649883880742665,
      "stats": {
        "mean": {
          "btc": 1.4349951038342618e-05,
          "eth": -9.34651989779459e-06
        },
        "std": {
          "btc": 0.0034271105329739416,
          "eth": 0.0044827100871991
        },
        "min": {
          "btc": -0.019039367237945193,
          "eth": -0.022667238766945097
        },
        "max": {
          "btc": 0.019859354511182037,
          "eth": 0.03730338759129537
        }
      },
      "hedge_table": [
        {
          "target": "BTC",
          "hedge": "ETH",
          "hedge_ratio_units": 0.6612988031803996,
          "target_w": 0.6019386747799942,
          "hedge_w": -0.3980613252200059
        },
        {
          "target": "ETH",
          "hedge": "BTC",
          "hedge_ratio_units": 1.1314173077358656,
          "target_w": 0.4691713801753196,
          "hedge_w": -0.5308286198246803
        }
      ],
      "examples": [
        {
          "target": "BTC",
          "hedge": "ETH",
          "target_dollars": 60.19386747799942,
          "hedge_dollars": -39.806132522000595,
          "hedge_units_per_target_unit": -0.6612988031803996
        },
        {
          "target": "ETH",
          "hedge": "BTC",
          "target_dollars": 46.91713801753196,
          "hedge_dollars": -53.08286198246803,
          "hedge_units_per_target_unit": -1.1314173077358656
        }
      ]
    },
    "60": {
      "lookback_days": 60,
      "corr": 0.8876065380678945,
      "stats": {
        "mean": {
          "btc": 4.545190882154693e-05,
          "eth": 7.106667938254935e-05
        },
        "std": {
          "btc": 0.004305222108441664,
          "eth": 0.0060767386499177905
        },
        "min": {
          "btc": -0.03714671634653788,
          "eth": -0.05178573218862892
        },
        "max": {
          "btc": 0.026004133739085944,
          "eth": 0.04132265866066209
        }
      },
      "hedge_table": [
        {
          "target": "BTC",
          "hedge": "ETH",
          "hedge_ratio_units": 0.6288477276110869,
          "target_w": 0.6139309298522506,
          "hedge_w": -0.3860690701477494
        },
        {
          "target": "ETH",
          "hedge": "BTC",
          "hedge_ratio_units": 1.252839649136998,
          "target_w": 0.44388423312021913,
          "hedge_w": -0.5561157668797808
        }
      ],
      "examples": [
        {
          "target": "BTC",
          "hedge": "ETH",
          "target_dollars": 61.39309298522506,
          "hedge_dollars": -38.60690701477494,
          "hedge_units_per_target_unit": -0.6288477276110869
        },
        {
          "target": "ETH",
          "hedge": "BTC",
          "target_dollars": 44.388423312021914,
          "hedge_dollars": -55.61157668797808,
          "hedge_units_per_target_unit": -1.252839649136998
        }
      ]
    },
    "120": {
      "lookback_days": 120,
      "corr": 0.8680113197975551,
      "stats": {
        "mean": {
          "btc": -6.903576821914374e-05,
          "eth": -9.212704490758367e-05
        },
        "std": {
          "btc": 0.004595957691354267,
          "eth": 0.006939938561947205
        },
        "min": {
          "btc": -0.03714671634653788,
          "eth": -0.05178573218862892
        },
        "max": {
          "btc": 0.03468753462614105,
          "eth": 0.04368288914132212
        }
      },
      "hedge_table": [
        {
          "target": "BTC",
          "hedge": "ETH",
          "hedge_ratio_units": 0.5748384176310075,
          "target_w": 0.6349857793692109,
          "hedge_w": -0.3650142206307892
        },
        {
          "target": "ETH",
          "hedge": "BTC",
          "hedge_ratio_units": 1.3107051097971911,
          "target_w": 0.4327683336831194,
          "hedge_w": -0.5672316663168805
        }
      ],
      "examples": [
        {
          "target": "BTC",
          "hedge": "ETH",
          "target_dollars": 63.49857793692109,
          "hedge_dollars": -36.50142206307892,
          "hedge_units_per_target_unit": -0.5748384176310075
        },
        {
          "target": "ETH",
          "hedge": "BTC",
          "target_dollars": 43.27683336831194,
          "hedge_dollars": -56.72316663168805,
          "hedge_units_per_target_unit": -1.3107051097971911
        }
      ]
    },
    "150": {
      "lookback_days": 150,
      "corr": 0.8582637627888509,
      "stats": {
        "mean": {
          "btc": -6.171879522026782e-05,
          "eth": -0.00010960330816784743
        },
        "std": {
          "btc": 0.004351089108308778,
          "eth": 0.006702164878594429
        },
        "min": {
          "btc": -0.03714671634653788,
          "eth": -0.05178573218862892
        },
        "max": {
          "btc": 0.03468753462614105,
          "eth": 0.04368288914132212
        }
      },
      "hedge_table": [
        {
          "target": "BTC",
          "hedge": "ETH",
          "hedge_ratio_units": 0.557190426969897,
          "target_w": 0.6421822165615789,
          "hedge_w": -0.357817783438421
        },
        {
          "target": "ETH",
          "hedge": "BTC",
          "hedge_ratio_units": 1.3220196379222318,
          "target_w": 0.43065957913035174,
          "hedge_w": -0.5693404208696483
        }
      ],
      "examples": [
        {
          "target": "BTC",
          "hedge": "ETH",
          "target_dollars": 64.2182216561579,
          "hedge_dollars": -35.7817783438421,
          "hedge_units_per_target_unit": -0.557190426969897
        },
        {
          "target": "ETH",
          "hedge": "BTC",
          "target_dollars": 43.06595791303518,
          "hedge_dollars": -56.93404208696483,
          "hedge_units_per_target_unit": -1.3220196379222318
        }
      ]
    },
    "180": {
      "lookback_days": 180,
      "corr": 0.8355498088802589,
      "stats": {
        "mean": {
          "btc": -5.339827069139512e-05,
          "eth": -2.263025839764371e-05
        },
        "std": {
          "btc": 0.004190834036175855,
          "eth": 0.006803694203524319
        },
        "min": {
          "btc": -0.03714671634653788,
          "eth": -0.05178573218862892
        },
        "max": {
          "btc": 0.03468753462614105,
          "eth": 0.0757825447476439
        }
      },
      "hedge_table": [
        {
          "target": "BTC",
          "hedge": "ETH",
          "hedge_ratio_units": 0.5146690126316615,
          "target_w": 0.6602102450505343,
          "hedge_w": -0.3397897549494658
        },
        {
          "target": "ETH",
          "hedge": "BTC",
          "hedge_ratio_units": 1.3564902218418282,
          "target_w": 0.42435991914212223,
          "hedge_w": -0.5756400808578777
        }
      ],
      "examples": [
        {
          "target": "BTC",
          "hedge": "ETH",
          "target_dollars": 66.02102450505343,
          "hedge_dollars": -33.97897549494658,
          "hedge_units_per_target_unit": -0.5146690126316615
        },
        {
          "target": "ETH",
          "hedge": "BTC",
          "target_dollars": 42.435991914212224,
          "hedge_dollars": -57.56400808578776,
          "hedge_units_per_target_unit": -1.3564902218418282
        }
      ]
    }
  },
  "example_notional": 100.0,
  "provider": "cryptocompare"
}