{
  "generated_at": "2026-01-12T16:28:40.156905Z",
  "lookbacks": {
    "30": {
      "lookback_days": 30,
      "corr": 0.8936317217394347,
      "stats": {
        "mean": {
          "btc": 3.622015388631433e-05,
          "eth": 2.7311866222338138e-05
        },
        "std": {
          "btc": 0.0038724334910866893,
          "eth": 0.005009071688640974
        },
        "min": {
          "btc": -0.027310019462305046,
          "eth": -0.033430869773559135
        },
        "max": {
          "btc": 0.023396335129270085,
          "eth": 0.03218906547200184
        }
      },
      "hedge_table": [
        {
          "target": "BTC",
          "hedge": "ETH",
          "hedge_ratio_units": 0.6908524419422184,
          "target_w": 0.5914176631825647,
          "hedge_w": -0.4085823368174353
        },
        {
          "target": "ETH",
          "hedge": "BTC",
          "hedge_ratio_units": 1.1559308552980088,
          "target_w": 0.46383676802184476,
          "hedge_w": -0.5361632319781551
        }
      ],
      "examples": [
        {
          "target": "BTC",
          "hedge": "ETH",
          "target_dollars": 59.14176631825647,
          "hedge_dollars": -40.85823368174353,
          "hedge_units_per_target_unit": -0.6908524419422184
        },
        {
          "target": "ETH",
          "hedge": "BTC",
          "target_dollars": 46.383676802184475,
          "hedge_dollars": -53.616323197815504,
          "hedge_units_per_target_unit": -1.1559308552980088
        }
      ]
    },
    "60": {
      "lookback_days": 60,
      "corr": 0.8944042219781381,
      "stats": {
        "mean": {
          "btc": -4.3876527535149554e-05,
          "eth": -2.6140651650871354e-06
        },
        "std": {
          "btc": 0.004840400373098217,
          "eth": 0.006828046720247004
        },
        "min": {
          "btc": -0.03714671634653788,
          "eth": -0.05178573218862892
        },
        "max": {
          "btc": 0.026004133739085944,
          "eth": 0.04132265866066209
        }
      },
      "hedge_table": [
        {
          "target": "BTC",
          "hedge": "ETH",
          "hedge_ratio_units": 0.6340428979383124,
          "target_w": 0.6119790375526307,
          "hedge_w": -0.3880209624473693
        },
        {
          "target": "ETH",
          "hedge": "BTC",
          "hedge_ratio_units": 1.2616794776717908,
          "target_w": 0.44214930093870597,
          "hedge_w": -0.5578506990612939
        }
      ],
      "examples": [
        {
          "target": "BTC",
          "hedge": "ETH",
          "target_dollars": 61.19790375526307,
          "hedge_dollars": -38.80209624473693,
          "hedge_units_per_target_unit": -0.6340428979383124
        },
        {
          "target": "ETH",
          "hedge": "BTC",
          "target_dollars": 44.2149300938706,
          "hedge_dollars": -55.785069906129394,
          "hedge_units_per_target_unit": -1.2616794776717908
        }
      ]
    },
    "120": {
      "lookback_days": 120,
      "corr": 0.8664187394179014,
      "stats": {
        "mean": {
          "btc": -6.926230746215086e-05,
          "eth": -0.00011107055133971561
        },
        "std": {
          "btc": 0.004534547457874411,
          "eth": 0.006897206367441599
        },
        "min": {
          "btc": -0.03714671634653788,
          "eth": -0.05178573218862892
        },
        "max": {
          "btc": 0.03468753462614105,
          "eth": 0.04368288914132212
        }
      },
      "hedge_table": [
        {
          "target": "BTC",
          "hedge": "ETH",
          "hedge_ratio_units": 0.5696243787670694,
          "target_w": 0.6370950996476584,
          "hedge_w": -0.3629049003523416
        },
        {
          "target": "ETH",
          "hedge": "BTC",
          "hedge_ratio_units": 1.3178534135763764,
          "target_w": 0.43143366795445054,
          "hedge_w": -0.5685663320455495
        }
      ],
      "examples": [
        {
          "target": "BTC",
          "hedge": "ETH",
          "target_dollars": 63.70950996476584,
          "hedge_dollars": -36.29049003523416,
          "hedge_units_per_target_unit": -0.5696243787670694
        },
        {
          "target": "ETH",
          "hedge": "BTC",
          "target_dollars": 43.143366795445054,
          "hedge_dollars": -56.85663320455495,
          "hedge_units_per_target_unit": -1.3178534135763764
        }
      ]
    },
    "150": {
      "lookback_days": 150,
      "corr": 0.8531507752557828,
      "stats": {
        "mean": {
          "btc": -5.9037372248966146e-05,
          "eth": -7.30503781912406e-05
        },
        "std": {
          "btc": 0.004344713173519693,
          "eth": 0.006900949728756062
        },
        "min": {
          "btc": -0.03714671634653788,
          "eth": -0.05178573218862892
        },
        "max": {
          "btc": 0.03468753462614105,
          "eth": 0.0757825447476439
        }
      },
      "hedge_table": [
        {
          "target": "BTC",
          "hedge": "ETH",
          "hedge_ratio_units": 0.5371283023272352,
          "target_w": 0.6505637808411862,
          "hedge_w": -0.3494362191588138
        },
        {
          "target": "ETH",
          "hedge": "BTC",
          "hedge_ratio_units": 1.355106856529233,
          "target_w": 0.42460918375216294,
          "hedge_w": -0.5753908162478371
        }
      ],
      "examples": [
        {
          "target": "BTC",
          "hedge": "ETH",
          "target_dollars": 65.05637808411862,
          "hedge_dollars": -34.94362191588138,
          "hedge_units_per_target_unit": -0.5371283023272352
        },
        {
          "target": "ETH",
          "hedge": "BTC",
          "target_dollars": 42.460918375216295,
          "hedge_dollars": -57.539081624783705,
          "hedge_units_per_target_unit": -1.355106856529233
        }
      ]
    },
    "180": {
      "lookback_days": 180,
      "corr": 0.8277263900514304,
      "stats": {
        "mean": {
          "btc": -5.12339902786811e-05,
          "eth": 1.0560166737471116e-05
        },
        "std": {
          "btc": 0.00417797986053331,
          "eth": 0.00689989935363741
        },
        "min": {
          "btc": -0.03714671634653788,
          "eth": -0.05178573218862892
        },
        "max": {
          "btc": 0.03468753462614105,
          "eth": 0.0757825447476439
        }
      },
      "hedge_table": [
        {
          "target": "BTC",
          "hedge": "ETH",
          "hedge_ratio_units": 0.5011992219631071,
          "target_w": 0.6661341049006856,
          "hedge_w": -0.33386589509931436
        },
        {
          "target": "ETH",
          "hedge": "BTC",
          "hedge_ratio_units": 1.3669833207322992,
          "target_w": 0.4224786846789521,
          "hedge_w": -0.5775213153210479
        }
      ],
      "examples": [
        {
          "target": "BTC",
          "hedge": "ETH",
          "target_dollars": 66.61341049006856,
          "hedge_dollars": -33.38658950993143,
          "hedge_units_per_target_unit": -0.5011992219631071
        },
        {
          "target": "ETH",
          "hedge": "BTC",
          "target_dollars": 42.24786846789521,
          "hedge_dollars": -57.75213153210479,
          "hedge_units_per_target_unit": -1.3669833207322992
        }
      ]
    }
  },
  "example_notional": 100.0,
  "provider": "cryptocompare"
}