{
  "generated_at": "2026-02-11T02:09:04.511145Z",
  "lookbacks": {
    "30": {
      "lookback_days": 30,
      "corr": 0.8896141114339943,
      "stats": {
        "mean": {
          "btc": -0.0003752231985039431,
          "eth": -0.0005755995796391019
        },
        "std": {
          "btc": 0.006264501770838905,
          "eth": 0.008650321858816833
        },
        "min": {
          "btc": -0.031142278584685545,
          "eth": -0.04170398539552955
        },
        "max": {
          "btc": 0.0349913262434709,
          "eth": 0.04377388676562077
        }
      },
      "hedge_table": [
        {
          "target": "BTC",
          "hedge": "ETH",
          "hedge_ratio_units": 0.6442522333156045,
          "target_w": 0.6081791952220849,
          "hedge_w": -0.3918208047779152
        },
        {
          "target": "ETH",
          "hedge": "BTC",
          "hedge_ratio_units": 1.2284214572133267,
          "target_w": 0.4487481471527897,
          "hedge_w": -0.5512518528472103
        }
      ],
      "examples": [
        {
          "target": "BTC",
          "hedge": "ETH",
          "target_dollars": 60.817919522208484,
          "hedge_dollars": -39.18208047779152,
          "hedge_units_per_target_unit": -0.6442522333156045
        },
        {
          "target": "ETH",
          "hedge": "BTC",
          "target_dollars": 44.87481471527897,
          "hedge_dollars": -55.125185284721034,
          "hedge_units_per_target_unit": -1.2284214572133267
        }
      ]
    },
    "60": {
      "lookback_days": 60,
      "corr": 0.8904161120316761,
      "stats": {
        "mean": {
          "btc": -0.00017355309115222242,
          "eth": -0.00026844036950676964
        },
        "std": {
          "btc": 0.005194680877727228,
          "eth": 0.007064692051687627
        },
        "min": {
          "btc": -0.031142278584685545,
          "eth": -0.04170398539552955
        },
        "max": {
          "btc": 0.0349913262434709,
          "eth": 0.04377388676562077
        }
      },
      "hedge_table": [
        {
          "target": "BTC",
          "hedge": "ETH",
          "hedge_ratio_units": 0.6547245819846091,
          "target_w": 0.6043301772918854,
          "hedge_w": -0.39566982270811446
        },
        {
          "target": "ETH",
          "hedge": "BTC",
          "hedge_ratio_units": 1.2109532380200807,
          "target_w": 0.4522936002461566,
          "hedge_w": -0.5477063997538433
        }
      ],
      "examples": [
        {
          "target": "BTC",
          "hedge": "ETH",
          "target_dollars": 60.43301772918854,
          "hedge_dollars": -39.566982270811444,
          "hedge_units_per_target_unit": -0.6547245819846091
        },
        {
          "target": "ETH",
          "hedge": "BTC",
          "target_dollars": 45.22936002461566,
          "hedge_dollars": -54.77063997538433,
          "hedge_units_per_target_unit": -1.2109532380200807
        }
      ]
    },
    "120": {
      "lookback_days": 120,
      "corr": 0.8870062677830234,
      "stats": {
        "mean": {
          "btc": -0.00015941349611287212,
          "eth": -0.00022180721675399556
        },
        "std": {
          "btc": 0.005210721894672914,
          "eth": 0.007455639699387585
        },
        "min": {
          "btc": -0.03714671634653788,
          "eth": -0.05178573218862892
        },
        "max": {
          "btc": 0.0349913262434709,
          "eth": 0.04377388676562077
        }
      },
      "hedge_table": [
        {
          "target": "BTC",
          "hedge": "ETH",
          "hedge_ratio_units": 0.619925743008847,
          "target_w": 0.6173122467592879,
          "hedge_w": -0.3826877532407122
        },
        {
          "target": "ETH",
          "hedge": "BTC",
          "hedge_ratio_units": 1.2691521975965763,
          "target_w": 0.44069322501116165,
          "hedge_w": -0.5593067749888383
        }
      ],
      "examples": [
        {
          "target": "BTC",
          "hedge": "ETH",
          "target_dollars": 61.731224675928786,
          "hedge_dollars": -38.26877532407122,
          "hedge_units_per_target_unit": -0.619925743008847
        },
        {
          "target": "ETH",
          "hedge": "BTC",
          "target_dollars": 44.06932250111616,
          "hedge_dollars": -55.93067749888383,
          "hedge_units_per_target_unit": -1.2691521975965763
        }
      ]
    },
    "150": {
      "lookback_days": 150,
      "corr": 0.872631803739901,
      "stats": {
        "mean": {
          "btc": -0.00013148169316560534,
          "eth": -0.00020525256584051884
        },
        "std": {
          "btc": 0.004923580815828693,
          "eth": 0.007280633512959324
        },
        "min": {
          "btc": -0.03714671634653788,
          "eth": -0.05178573218862892
        },
        "max": {
          "btc": 0.0349913262434709,
          "eth": 0.04377388676562077
        }
      },
      "hedge_table": [
        {
          "target": "BTC",
          "hedge": "ETH",
          "hedge_ratio_units": 0.590123538086097,
          "target_w": 0.6288819554256891,
          "hedge_w": -0.3711180445743108
        },
        {
          "target": "ETH",
          "hedge": "BTC",
          "hedge_ratio_units": 1.290384497063147,
          "target_w": 0.43660791508249086,
          "hedge_w": -0.5633920849175091
        }
      ],
      "examples": [
        {
          "target": "BTC",
          "hedge": "ETH",
          "target_dollars": 62.888195542568916,
          "hedge_dollars": -37.11180445743108,
          "hedge_units_per_target_unit": -0.590123538086097
        },
        {
          "target": "ETH",
          "hedge": "BTC",
          "target_dollars": 43.66079150824908,
          "hedge_dollars": -56.33920849175092,
          "hedge_units_per_target_unit": -1.290384497063147
        }
      ]
    },
    "180": {
      "lookback_days": 180,
      "corr": 0.8609468302337894,
      "stats": {
        "mean": {
          "btc": -0.00011515130900693715,
          "eth": -0.00016566764268511271
        },
        "std": {
          "btc": 0.0047158488700175865,
          "eth": 0.007231694383623727
        },
        "min": {
          "btc": -0.03714671634653788,
          "eth": -0.05178573218862892
        },
        "max": {
          "btc": 0.0349913262434709,
          "eth": 0.0757825447476439
        }
      },
      "hedge_table": [
        {
          "target": "BTC",
          "hedge": "ETH",
          "hedge_ratio_units": 0.5614306856906703,
          "target_w": 0.6404382910904997,
          "hedge_w": -0.35956170890950034
        },
        {
          "target": "ETH",
          "hedge": "BTC",
          "hedge_ratio_units": 1.3202510361145494,
          "target_w": 0.4309878476229805,
          "hedge_w": -0.5690121523770195
        }
      ],
      "examples": [
        {
          "target": "BTC",
          "hedge": "ETH",
          "target_dollars": 64.04382910904997,
          "hedge_dollars": -35.956170890950034,
          "hedge_units_per_target_unit": -0.5614306856906703
        },
        {
          "target": "ETH",
          "hedge": "BTC",
          "target_dollars": 43.098784762298045,
          "hedge_dollars": -56.901215237701955,
          "hedge_units_per_target_unit": -1.3202510361145494
        }
      ]
    }
  },
  "example_notional": 100.0,
  "provider": "cryptocompare"
}