{
  "generated_at": "2026-04-20T17:01:42.440481Z",
  "lookbacks": {
    "30": {
      "lookback_days": 30,
      "corr": 0.9191387098827221,
      "stats": {
        "mean": {
          "btc": 0.00010547712389837125,
          "eth": 0.00011207589727739664
        },
        "std": {
          "btc": 0.004451799599204292,
          "eth": 0.006079616542677868
        },
        "min": {
          "btc": -0.019619547762256384,
          "eth": -0.030096491146448856
        },
        "max": {
          "btc": 0.022874680739771724,
          "eth": 0.041842617860856635
        }
      },
      "hedge_table": [
        {
          "target": "BTC",
          "hedge": "ETH",
          "hedge_ratio_units": 0.6730393786425783,
          "target_w": 0.5977145623502005,
          "hedge_w": -0.40228543764979957
        },
        {
          "target": "ETH",
          "hedge": "BTC",
          "hedge_ratio_units": 1.2552251693039782,
          "target_w": 0.44341470360080554,
          "hedge_w": -0.5565852963991944
        }
      ],
      "examples": [
        {
          "target": "BTC",
          "hedge": "ETH",
          "target_dollars": 59.77145623502005,
          "hedge_dollars": -40.22854376497996,
          "hedge_units_per_target_unit": -0.6730393786425783
        },
        {
          "target": "ETH",
          "hedge": "BTC",
          "target_dollars": 44.34147036008056,
          "hedge_dollars": -55.65852963991944,
          "hedge_units_per_target_unit": -1.2552251693039782
        }
      ]
    },
    "60": {
      "lookback_days": 60,
      "corr": 0.9158538684571023,
      "stats": {
        "mean": {
          "btc": 9.464468275422398e-05,
          "eth": 0.0001407084880037258
        },
        "std": {
          "btc": 0.00507055492517138,
          "eth": 0.006614020812063554
        },
        "min": {
          "btc": -0.03612262483146145,
          "eth": -0.04038541666666662
        },
        "max": {
          "btc": 0.029223763595974894,
          "eth": 0.041842617860856635
        }
      },
      "hedge_table": [
        {
          "target": "BTC",
          "hedge": "ETH",
          "hedge_ratio_units": 0.7021277185841728,
          "target_w": 0.5874999796324323,
          "hedge_w": -0.41250002036756767
        },
        {
          "target": "ETH",
          "hedge": "BTC",
          "hedge_ratio_units": 1.1946377933337256,
          "target_w": 0.45565605542633425,
          "hedge_w": -0.5443439445736658
        }
      ],
      "examples": [
        {
          "target": "BTC",
          "hedge": "ETH",
          "target_dollars": 58.74999796324323,
          "hedge_dollars": -41.25000203675677,
          "hedge_units_per_target_unit": -0.7021277185841728
        },
        {
          "target": "ETH",
          "hedge": "BTC",
          "target_dollars": 45.56560554263343,
          "hedge_dollars": -54.43439445736657,
          "hedge_units_per_target_unit": -1.1946377933337256
        }
      ]
    },
    "120": {
      "lookback_days": 120,
      "corr": 0.9009995759348479,
      "stats": {
        "mean": {
          "btc": -4.208866732765547e-05,
          "eth": -6.740198052389945e-05
        },
        "std": {
          "btc": 0.005162217736114374,
          "eth": 0.006842011571463291
        },
        "min": {
          "btc": -0.03612262483146145,
          "eth": -0.04170398539552955
        },
        "max": {
          "btc": 0.0349913262434709,
          "eth": 0.04377388676562077
        }
      },
      "hedge_table": [
        {
          "target": "BTC",
          "hedge": "ETH",
          "hedge_ratio_units": 0.679793645851386,
          "target_w": 0.5953112172258279,
          "hedge_w": -0.40468878277417203
        },
        {
          "target": "ETH",
          "hedge": "BTC",
          "hedge_ratio_units": 1.1941862663603782,
          "target_w": 0.45574982185024654,
          "hedge_w": -0.5442501781497534
        }
      ],
      "examples": [
        {
          "target": "BTC",
          "hedge": "ETH",
          "target_dollars": 59.53112172258279,
          "hedge_dollars": -40.468878277417204,
          "hedge_units_per_target_unit": -0.679793645851386
        },
        {
          "target": "ETH",
          "hedge": "BTC",
          "target_dollars": 45.57498218502465,
          "hedge_dollars": -54.42501781497534,
          "hedge_units_per_target_unit": -1.1941862663603782
        }
      ]
    },
    "150": {
      "lookback_days": 150,
      "corr": 0.8998887210856124,
      "stats": {
        "mean": {
          "btc": -1.856350902156518e-05,
          "eth": -2.8106410012101007e-05
        },
        "std": {
          "btc": 0.005146476793046478,
          "eth": 0.00695625326880177
        },
        "min": {
          "btc": -0.03714671634653788,
          "eth": -0.05178573218862892
        },
        "max": {
          "btc": 0.0349913262434709,
          "eth": 0.04377388676562077
        }
      },
      "hedge_table": [
        {
          "target": "BTC",
          "hedge": "ETH",
          "hedge_ratio_units": 0.665768804043146,
          "target_w": 0.6003234047682997,
          "hedge_w": -0.3996765952317003
        },
        {
          "target": "ETH",
          "hedge": "BTC",
          "hedge_ratio_units": 1.2163377217725855,
          "target_w": 0.451194775135722,
          "hedge_w": -0.5488052248642781
        }
      ],
      "examples": [
        {
          "target": "BTC",
          "hedge": "ETH",
          "target_dollars": 60.03234047682997,
          "hedge_dollars": -39.96765952317003,
          "hedge_units_per_target_unit": -0.665768804043146
        },
        {
          "target": "ETH",
          "hedge": "BTC",
          "target_dollars": 45.1194775135722,
          "hedge_dollars": -54.88052248642781,
          "hedge_units_per_target_unit": -1.2163377217725855
        }
      ]
    },
    "180": {
      "lookback_days": 180,
      "corr": 0.8949511688352031,
      "stats": {
        "mean": {
          "btc": -6.988834716010026e-05,
          "eth": -9.081465179531816e-05
        },
        "std": {
          "btc": 0.00517374834109472,
          "eth": 0.007147392460491229
        },
        "min": {
          "btc": -0.03714671634653788,
          "eth": -0.05178573218862892
        },
        "max": {
          "btc": 0.0349913262434709,
          "eth": 0.04377388676562077
        }
      },
      "hedge_table": [
        {
          "target": "BTC",
          "hedge": "ETH",
          "hedge_ratio_units": 0.6478239652735792,
          "target_w": 0.6068609396841582,
          "hedge_w": -0.3931390603158418
        },
        {
          "target": "ETH",
          "hedge": "BTC",
          "hedge_ratio_units": 1.2363506716847936,
          "target_w": 0.44715706380995807,
          "hedge_w": -0.5528429361900418
        }
      ],
      "examples": [
        {
          "target": "BTC",
          "hedge": "ETH",
          "target_dollars": 60.68609396841582,
          "hedge_dollars": -39.31390603158418,
          "hedge_units_per_target_unit": -0.6478239652735792
        },
        {
          "target": "ETH",
          "hedge": "BTC",
          "target_dollars": 44.715706380995805,
          "hedge_dollars": -55.284293619004174,
          "hedge_units_per_target_unit": -1.2363506716847936
        }
      ]
    }
  },
  "example_notional": 100.0,
  "provider": "cryptocompare"
}